Entity,Code,Year,emissions_total
Afghanistan,AFG,1949,14656
Afghanistan,AFG,1950,84272
Afghanistan,AFG,1951,91600
Afghanistan,AFG,1952,91600
Afghanistan,AFG,1953,106256
Afghanistan,AFG,1954,106256
Afghanistan,AFG,1955,153888
Afghanistan,AFG,1956,183200
Afghanistan,AFG,1957,293120
Afghanistan,AFG,1958,329760
Afghanistan,AFG,1959,384571
Afghanistan,AFG,1960,413885
Afghanistan,AFG,1961,490798
Afghanistan,AFG,1962,688594
Afghanistan,AFG,1963,706736
Afghanistan,AFG,1964,838551
Afghanistan,AFG,1965,1006917
Afghanistan,AFG,1966,1091159
Afghanistan,AFG,1967,1281865
Afghanistan,AFG,1968,1223391
Afghanistan,AFG,1969,941232
Afghanistan,AFG,1970,1670397
Afghanistan,AFG,1971,1893554
Afghanistan,AFG,1972,1530347
Afghanistan,AFG,1973,1635454
Afghanistan,AFG,1974,1913152
Afghanistan,AFG,1975,2121383
Afghanistan,AFG,1976,1980859
Afghanistan,AFG,1977,2384175
Afghanistan,AFG,1978,2153300
Afghanistan,AFG,1979,2232754
Afghanistan,AFG,1980,1756302
Afghanistan,AFG,1981,1978463
Afghanistan,AFG,1982,2094580.9
Afghanistan,AFG,1983,2519954
Afghanistan,AFG,1984,2821540
Afghanistan,AFG,1985,3501422
Afghanistan,AFG,1986,3133645
Afghanistan,AFG,1987,3113826
Afghanistan,AFG,1988,2856896
Afghanistan,AFG,1989,2764855
Afghanistan,AFG,1990,2024326.1
Afghanistan,AFG,1991,1914301
Afghanistan,AFG,1992,1482054
Afghanistan,AFG,1993,1486943
Afghanistan,AFG,1994,1453829
Afghanistan,AFG,1995,1417327
Afghanistan,AFG,1996,1370104
Afghanistan,AFG,1997,1304152
Afghanistan,AFG,1998,1278504
Afghanistan,AFG,1999,1091640
Afghanistan,AFG,2000,1047127.94
Afghanistan,AFG,2001,1069098
Afghanistan,AFG,2002,1341065
Afghanistan,AFG,2003,1559679
Afghanistan,AFG,2004,1237247
Afghanistan,AFG,2005,1889507
Afghanistan,AFG,2006,2159318
Afghanistan,AFG,2007,2799909
Afghanistan,AFG,2008,4254490
Afghanistan,AFG,2009,6388232
Afghanistan,AFG,2010,8364803.5
Afghanistan,AFG,2011,11409623
Afghanistan,AFG,2012,9731202
Afghanistan,AFG,2013,8891447
Afghanistan,AFG,2014,8697668
Afghanistan,AFG,2015,9384400
Afghanistan,AFG,2016,8605932
Afghanistan,AFG,2017,9311054
Afghanistan,AFG,2018,10191504
Afghanistan,AFG,2019,10400110
Afghanistan,AFG,2020,11118626
Afghanistan,AFG,2021,9868841
Afghanistan,AFG,2022,10169889
Afghanistan,AFG,2023,10516319
Afghanistan,AFG,2024,10825998
Africa,,1884,21984
Africa,,1885,36640
Africa,,1886,47632
Africa,,1887,47632
Africa,,1888,80608
Africa,,1889,131904
Africa,,1890,296784
Africa,,1891,296784
Africa,,1892,479984
Africa,,1893,1799024
Africa,,1894,2432896
Africa,,1895,3337904
Africa,,1896,4257568
Africa,,1897,4777856
Africa,,1898,6049264
Africa,,1899,5517984
Africa,,1900,2330304
Africa,,1901,3909488
Africa,,1902,5825760
Africa,,1903,7895920
Africa,,1904,8910848
Africa,,1905,10262864
Africa,,1906,11717472
Africa,,1907,12930256
Africa,,1908,13402912
Africa,,1909,15385136
Africa,,1910,17411328
Africa,,1911,16865392
Africa,,1912,17953600
Africa,,1913,19606064
Africa,,1914,19551104
Africa,,1915,19606064
Africa,,1916,23255408
Africa,,1917,25343888
Africa,,1918,24724672
Africa,,1919,25442816
Africa,,1920,28051584
Africa,,1921,27985632
Africa,,1922,23969888
Africa,,1923,29044528
Africa,,1924,30631040
Africa,,1925,32184576
Africa,,1926,34437936
Africa,,1927,33840704
Africa,,1928,34770320
Africa,,1929,35801616
Africa,,1930,33695670
Africa,,1931,29463712
Africa,,1932,26622752
Africa,,1933,28491132
Africa,,1934,32539280
Africa,,1935,35909544
Africa,,1936,39015950
Africa,,1937,41844264
Africa,,1938,44013164
Africa,,1939,46852930
Africa,,1940,49649184
Africa,,1941,54023456
Africa,,1942,58822884
Africa,,1943,60119628
Africa,,1944,66632910
Africa,,1945,67527180
Africa,,1946,68159370
Africa,,1947,67934744
Africa,,1948,71733140
Africa,,1949,77323530
Africa,,1950,94750750
Africa,,1951,101051990
Africa,,1952,110273920
Africa,,1953,111985016
Africa,,1954,117517816
Africa,,1955,129395110
Africa,,1956,135095330
Africa,,1957,141585740
Africa,,1958,148670930
Africa,,1959,147841250
Africa,,1960,156570800
Africa,,1961,161994340
Africa,,1962,166334960
Africa,,1963,176334930
Africa,,1964,193639340
Africa,,1965,213634400
Africa,,1966,221082160
Africa,,1967,237045200
Africa,,1968,257271490
Africa,,1969,277716580
Africa,,1970,302409570
Africa,,1971,331582370
Africa,,1972,351615070
Africa,,1973,377703900
Africa,,1974,388046270
Africa,,1975,386832580
Africa,,1976,419684800
Africa,,1977,432652320
Africa,,1978,462045800
Africa,,1979,498671400
Africa,,1980,535707100
Africa,,1981,548510700
Africa,,1982,571422500
Africa,,1983,594289100
Africa,,1984,648848960
Africa,,1985,665459650
Africa,,1986,689134660
Africa,,1987,689027000
Africa,,1988,723893200
Africa,,1989,696667700
Africa,,1990,655809400
Africa,,1991,684248900
Africa,,1992,663712800
Africa,,1993,704589630
Africa,,1994,788761800
Africa,,1995,842296450
Africa,,1996,870784600
Africa,,1997,892642940
Africa,,1998,911158850
Africa,,1999,897515200
Africa,,2000,927859800
Africa,,2001,917321900
Africa,,2002,896956300
Africa,,2003,988110850
Africa,,2004,1043504300
Africa,,2005,1055712800
Africa,,2006,1084852900
Africa,,2007,1113891800
Africa,,2008,1166199400
Africa,,2009,1160895700
Africa,,2010,1216281000
Africa,,2011,1264906200
Africa,,2012,1263515800
Africa,,2013,1280567000
Africa,,2014,1360819000
Africa,,2015,1335945700
Africa,,2016,1367232300
Africa,,2017,1377317600
Africa,,2018,1391186800
Africa,,2019,1456083200
Africa,,2020,1369248800
Africa,,2021,1475349400
Africa,,2022,1459113900
Africa,,2023,1481814400
Africa,,2024,1502098700
Africa (GCP),,1850,0
Africa (GCP),,1851,0
Africa (GCP),,1852,0
Africa (GCP),,1853,0
Africa (GCP),,1854,0
Africa (GCP),,1855,0
Africa (GCP),,1856,0
Africa (GCP),,1857,0
Africa (GCP),,1858,0
Africa (GCP),,1859,0
Africa (GCP),,1860,0
Africa (GCP),,1861,0
Africa (GCP),,1862,0
Africa (GCP),,1863,0
Africa (GCP),,1864,0
Africa (GCP),,1865,0
Africa (GCP),,1866,0
Africa (GCP),,1867,0
Africa (GCP),,1868,0
Africa (GCP),,1869,0
Africa (GCP),,1870,0
Africa (GCP),,1871,0
Africa (GCP),,1872,0
Africa (GCP),,1873,0
Africa (GCP),,1874,0
Africa (GCP),,1875,0
Africa (GCP),,1876,0
Africa (GCP),,1877,0
Africa (GCP),,1878,0
Africa (GCP),,1879,0
Africa (GCP),,1880,0
Africa (GCP),,1881,0
Africa (GCP),,1882,0
Africa (GCP),,1883,0
Africa (GCP),,1884,21984
Africa (GCP),,1885,36640
Africa (GCP),,1886,47632
Africa (GCP),,1887,47632
Africa (GCP),,1888,80608
Africa (GCP),,1889,131904
Africa (GCP),,1890,296784
Africa (GCP),,1891,296784
Africa (GCP),,1892,479984
Africa (GCP),,1893,1799024
Africa (GCP),,1894,2432896
Africa (GCP),,1895,3337904
Africa (GCP),,1896,4257568
Africa (GCP),,1897,4777856
Africa (GCP),,1898,6049264
Africa (GCP),,1899,5517984
Africa (GCP),,1900,2330304
Africa (GCP),,1901,3909488
Africa (GCP),,1902,5825760
Africa (GCP),,1903,7895920
Africa (GCP),,1904,8910848
Africa (GCP),,1905,10262864
Africa (GCP),,1906,11717472
Africa (GCP),,1907,12930256
Africa (GCP),,1908,13402912
Africa (GCP),,1909,15385136
Africa (GCP),,1910,17411328
Africa (GCP),,1911,16865392
Africa (GCP),,1912,17953600
Africa (GCP),,1913,19606064
Africa (GCP),,1914,19551104
Africa (GCP),,1915,19606064
Africa (GCP),,1916,23255408
Africa (GCP),,1917,25343888
Africa (GCP),,1918,24724672
Africa (GCP),,1919,25442816
Africa (GCP),,1920,28051584
Africa (GCP),,1921,27985632
Africa (GCP),,1922,23969888
Africa (GCP),,1923,29044528
Africa (GCP),,1924,30631038
Africa (GCP),,1925,32184578
Africa (GCP),,1926,34437936
Africa (GCP),,1927,33840704
Africa (GCP),,1928,34770316
Africa (GCP),,1929,35801620
Africa (GCP),,1930,33695670
Africa (GCP),,1931,29463714
Africa (GCP),,1932,26622752
Africa (GCP),,1933,28491130
Africa (GCP),,1934,32539280
Africa (GCP),,1935,35909540
Africa (GCP),,1936,39015956
Africa (GCP),,1937,41844264
Africa (GCP),,1938,44013164
Africa (GCP),,1939,46852930
Africa (GCP),,1940,49649188
Africa (GCP),,1941,54023460
Africa (GCP),,1942,58822890
Africa (GCP),,1943,60119628
Africa (GCP),,1944,66632910
Africa (GCP),,1945,67527180
Africa (GCP),,1946,68159360
Africa (GCP),,1947,67934744
Africa (GCP),,1948,71733140
Africa (GCP),,1949,77323530
Africa (GCP),,1950,94750750
Africa (GCP),,1951,101051990
Africa (GCP),,1952,110273920
Africa (GCP),,1953,111985020
Africa (GCP),,1954,117517816
Africa (GCP),,1955,129395120
Africa (GCP),,1956,135095310
Africa (GCP),,1957,141585740
Africa (GCP),,1958,148670930
Africa (GCP),,1959,147841250
Africa (GCP),,1960,156570820
Africa (GCP),,1961,161994350
Africa (GCP),,1962,166334960
Africa (GCP),,1963,176334930
Africa (GCP),,1964,193639330
Africa (GCP),,1965,213634380
Africa (GCP),,1966,221082180
Africa (GCP),,1967,237045180
Africa (GCP),,1968,257267820
Africa (GCP),,1969,277716580
Africa (GCP),,1970,302409570
Africa (GCP),,1971,331582370
Africa (GCP),,1972,351615070
Africa (GCP),,1973,377703870
Africa (GCP),,1974,388046270
Africa (GCP),,1975,386832580
Africa (GCP),,1976,419684800
Africa (GCP),,1977,432652320
Africa (GCP),,1978,462045800
Africa (GCP),,1979,498671360
Africa (GCP),,1980,535707100
Africa (GCP),,1981,548503360
Africa (GCP),,1982,571418800
Africa (GCP),,1983,594285440
Africa (GCP),,1984,648845300
Africa (GCP),,1985,665456000
Africa (GCP),,1986,689131000
Africa (GCP),,1987,689023360
Africa (GCP),,1988,723885800
Africa (GCP),,1989,696660400
Africa (GCP),,1990,655802050
Africa (GCP),,1991,684241540
Africa (GCP),,1992,663705400
Africa (GCP),,1993,704578700
Africa (GCP),,1994,788750850
Africa (GCP),,1995,842285500
Africa (GCP),,1996,870773600
Africa (GCP),,1997,892631940
Africa (GCP),,1998,911147900
Africa (GCP),,1999,897504260
Africa (GCP),,2000,927848770
Africa (GCP),,2001,917310900
Africa (GCP),,2002,896945300
Africa (GCP),,2003,988099900
Africa (GCP),,2004,1043496960
Africa (GCP),,2005,1055701760
Africa (GCP),,2006,1084842000
Africa (GCP),,2007,1113880800
Africa (GCP),,2008,1166188400
Africa (GCP),,2009,1160884700
Africa (GCP),,2010,1216269800
Africa (GCP),,2011,1264895100
Africa (GCP),,2012,1263504800
Africa (GCP),,2013,1280556000
Africa (GCP),,2014,1360808000
Africa (GCP),,2015,1335934700
Africa (GCP),,2016,1367217500
Africa (GCP),,2017,1377306600
Africa (GCP),,2018,1391176000
Africa (GCP),,2019,1456068500
Africa (GCP),,2020,1369237900
Africa (GCP),,2021,1475342100
Africa (GCP),,2022,1459102800
Africa (GCP),,2023,1481803400
Africa (GCP),,2024,1502087400
Albania,ALB,1933,7328
Albania,ALB,1934,7328
Albania,ALB,1935,18320
Albania,ALB,1936,128209.99
Albania,ALB,1937,296725
Albania,ALB,1938,348080
Albania,ALB,1939,432352
Albania,ALB,1940,692496
Albania,ALB,1941,626485
Albania,ALB,1942,743792
Albania,ALB,1943,461664
Albania,ALB,1944,153888
Albania,ALB,1945,120912
Albania,ALB,1946,483648
Albania,ALB,1947,926992
Albania,ALB,1948,703488
Albania,ALB,1949,1014928
Albania,ALB,1950,296725
Albania,ALB,1951,402981
Albania,ALB,1952,373669
Albania,ALB,1953,413973
Albania,ALB,1954,501909.03
Albania,ALB,1955,663006
Albania,ALB,1956,838789
Albania,ALB,1957,1505607
Albania,ALB,1958,1201465
Albania,ALB,1959,1443319
Albania,ALB,1960,2022231.1
Albania,ALB,1961,2278533
Albania,ALB,1962,2461733
Albania,ALB,1963,2080617
Albania,ALB,1964,2014694.9
Albania,ALB,1965,2172159
Albania,ALB,1966,2549579
Albania,ALB,1967,2677493
Albania,ALB,1968,3069214
Albania,ALB,1969,3241303
Albania,ALB,1970,3739486
Albania,ALB,1971,4348023
Albania,ALB,1972,5637977
Albania,ALB,1973,5286406
Albania,ALB,1974,4341512
Albania,ALB,1975,4591172
Albania,ALB,1976,4947198
Albania,ALB,1977,5717343
Albania,ALB,1978,6491245
Albania,ALB,1979,7583971
Albania,ALB,1980,5170837
Albania,ALB,1981,7343090
Albania,ALB,1982,7307607
Albania,ALB,1983,7630809
Albania,ALB,1984,7825903
Albania,ALB,1985,7881540
Albania,ALB,1986,8058077
Albania,ALB,1987,7447292
Albania,ALB,1988,7329222
Albania,ALB,1989,8986169
Albania,ALB,1990,5520602
Albania,ALB,1991,4290226
Albania,ALB,1992,2517116
Albania,ALB,1993,2337999
Albania,ALB,1994,1923806
Albania,ALB,1995,2089065.1
Albania,ALB,1996,2017508
Albania,ALB,1997,1543009
Albania,ALB,1998,1754709
Albania,ALB,1999,2986196
Albania,ALB,2000,3024926
Albania,ALB,2001,3220656
Albania,ALB,2002,3748272
Albania,ALB,2003,4303499
Albania,ALB,2004,4176684
Albania,ALB,2005,4261413
Albania,ALB,2006,3910715
Albania,ALB,2007,4003596.8
Albania,ALB,2008,4448339
Albania,ALB,2009,4369912
Albania,ALB,2010,4816841
Albania,ALB,2011,5175444
Albania,ALB,2012,4930006
Albania,ALB,2013,5346089
Albania,ALB,2014,6072489
Albania,ALB,2015,4712144
Albania,ALB,2016,4555035
Albania,ALB,2017,5343792
Albania,ALB,2018,5194860
Albania,ALB,2019,4940528
Albania,ALB,2020,4865033
Albania,ALB,2021,5137011
Albania,ALB,2022,4498282
Albania,ALB,2023,4417333
Albania,ALB,2024,4444448
Algeria,DZA,1916,3664
Algeria,DZA,1917,7328
Algeria,DZA,1918,18320
Algeria,DZA,1919,18320
Algeria,DZA,1920,21984
Algeria,DZA,1921,25648
Algeria,DZA,1922,25648
Algeria,DZA,1923,14656
Algeria,DZA,1924,29312
Algeria,DZA,1925,32976
Algeria,DZA,1926,40304
Algeria,DZA,1927,58624
Algeria,DZA,1928,73072
Algeria,DZA,1929,80381
Algeria,DZA,1930,84005
Algeria,DZA,1931,98619
Algeria,DZA,1932,113227
Algeria,DZA,1933,120615
Algeria,DZA,1934,138846
Algeria,DZA,1935,131644
Algeria,DZA,1936,51029
Algeria,DZA,1937,69349
Algeria,DZA,1938,32976
Algeria,DZA,1939,161216
Algeria,DZA,1940,238160
Algeria,DZA,1941,311440
Algeria,DZA,1942,498304
Algeria,DZA,1943,468665
Algeria,DZA,1944,497921
Algeria,DZA,1945,615136
Algeria,DZA,1946,761639
Algeria,DZA,1947,743287
Algeria,DZA,1948,801884
Algeria,DZA,1949,908165
Algeria,DZA,1950,3783605
Algeria,DZA,1951,4131178.8
Algeria,DZA,1952,3889207
Algeria,DZA,1953,3999006
Algeria,DZA,1954,4152301.8
Algeria,DZA,1955,4606578
Algeria,DZA,1956,4995053
Algeria,DZA,1957,5537086
Algeria,DZA,1958,5214119
Algeria,DZA,1959,5657017
Algeria,DZA,1960,6151241
Algeria,DZA,1961,6055920
Algeria,DZA,1962,5661010
Algeria,DZA,1963,5419154
Algeria,DZA,1964,5643044
Algeria,DZA,1965,6588533
Algeria,DZA,1966,8420862
Algeria,DZA,1967,8431587
Algeria,DZA,1968,9050236
Algeria,DZA,1969,11262968
Algeria,DZA,1970,15058960
Algeria,DZA,1971,18642006
Algeria,DZA,1972,28308164
Algeria,DZA,1973,38253790
Algeria,DZA,1974,31847248
Algeria,DZA,1975,31964160
Algeria,DZA,1976,39067724
Algeria,DZA,1977,41753030
Algeria,DZA,1978,62298964
Algeria,DZA,1979,45303360
Algeria,DZA,1980,66123612
Algeria,DZA,1981,45999270
Algeria,DZA,1982,38807784
Algeria,DZA,1983,52074204
Algeria,DZA,1984,70417010
Algeria,DZA,1985,71987780
Algeria,DZA,1986,75381800
Algeria,DZA,1987,83019730
Algeria,DZA,1988,82838620
Algeria,DZA,1989,78942136
Algeria,DZA,1990,75892110
Algeria,DZA,1991,77975864
Algeria,DZA,1992,79284180
Algeria,DZA,1993,81305970
Algeria,DZA,1994,87848480
Algeria,DZA,1995,95905704
Algeria,DZA,1996,99559530
Algeria,DZA,1997,87516910
Algeria,DZA,1998,105740130
Algeria,DZA,1999,90612900
Algeria,DZA,2000,84552456
Algeria,DZA,2001,86019190
Algeria,DZA,2002,89658400
Algeria,DZA,2003,94077930
Algeria,DZA,2004,90852530
Algeria,DZA,2005,109564424
Algeria,DZA,2006,103797760
Algeria,DZA,2007,107548696
Algeria,DZA,2008,108596090
Algeria,DZA,2009,116327976
Algeria,DZA,2010,117847360
Algeria,DZA,2011,124715240
Algeria,DZA,2012,135593460
Algeria,DZA,2013,141534270
Algeria,DZA,2014,152434660
Algeria,DZA,2015,160321620
Algeria,DZA,2016,158308320
Algeria,DZA,2017,165251630
Algeria,DZA,2018,174461180
Algeria,DZA,2019,182425000
Algeria,DZA,2020,171138530
Algeria,DZA,2021,182035800
Algeria,DZA,2022,192778560
Algeria,DZA,2023,202846660
Algeria,DZA,2024,198203180
Andorra,AND,1990,403040
Andorra,AND,1991,403040
Andorra,AND,1992,403040
Andorra,AND,1993,406704
Andorra,AND,1994,403040
Andorra,AND,1995,425024
Andorra,AND,1996,454336
Andorra,AND,1997,465328
Andorra,AND,1998,490976
Andorra,AND,1999,512960.03
Andorra,AND,2000,523952
Andorra,AND,2001,523952
Andorra,AND,2002,531280
Andorra,AND,2003,534944
Andorra,AND,2004,564256
Andorra,AND,2005,578912
Andorra,AND,2006,545936
Andorra,AND,2007,538608
Andorra,AND,2008,538608
Andorra,AND,2009,516623.97
Andorra,AND,2010,516623.97
Andorra,AND,2011,490976
Andorra,AND,2012,487312
Andorra,AND,2013,476320
Andorra,AND,2014,461664
Andorra,AND,2015,465328
Andorra,AND,2016,472656
Andorra,AND,2017,472656
Andorra,AND,2018,498304
Andorra,AND,2019,490976
Andorra,AND,2020,377392
Andorra,AND,2021,414032
Andorra,AND,2022,423408
Andorra,AND,2023,418098
Andorra,AND,2024,424663
Angola,AGO,1950,186864
Angola,AGO,1951,249152
Angola,AGO,1952,311440
Angola,AGO,1953,274681
Angola,AGO,1954,347904
Angola,AGO,1955,413735
Angola,AGO,1956,501611
Angola,AGO,1957,618681
Angola,AGO,1958,592885
Angola,AGO,1959,618592
Angola,AGO,1960,548951
Angola,AGO,1961,453707
Angola,AGO,1962,1179127
Angola,AGO,1963,1149723
Angola,AGO,1964,1222914
Angola,AGO,1965,1186155
Angola,AGO,1966,1552466
Angola,AGO,1967,991815
Angola,AGO,1968,1669539
Angola,AGO,1969,2783093
Angola,AGO,1970,3577917
Angola,AGO,1971,3405383
Angola,AGO,1972,4500532
Angola,AGO,1973,4873664
Angola,AGO,1974,4866398
Angola,AGO,1975,4408811
Angola,AGO,1976,3280042
Angola,AGO,1977,3527511
Angola,AGO,1978,5399808
Angola,AGO,1979,5489191
Angola,AGO,1980,5334352
Angola,AGO,1981,5266774
Angola,AGO,1982,4635179
Angola,AGO,1983,5100535
Angola,AGO,1984,4985847
Angola,AGO,1985,4676114
Angola,AGO,1986,4633840
Angola,AGO,1987,5786029
Angola,AGO,1988,5049306
Angola,AGO,1989,4922750
Angola,AGO,1990,5089864
Angola,AGO,1991,5064054
Angola,AGO,1992,5164449
Angola,AGO,1993,5748389
Angola,AGO,1994,11353248
Angola,AGO,1995,12616650
Angola,AGO,1996,15248957
Angola,AGO,1997,15884249
Angola,AGO,1998,16513294
Angola,AGO,1999,17261278
Angola,AGO,2000,15995108
Angola,AGO,2001,15908461
Angola,AGO,2002,16080002
Angola,AGO,2003,17484428
Angola,AGO,2004,17015688
Angola,AGO,2005,15386819
Angola,AGO,2006,17144838
Angola,AGO,2007,17587936
Angola,AGO,2008,18750156
Angola,AGO,2009,20668332
Angola,AGO,2010,22983320
Angola,AGO,2011,23397032
Angola,AGO,2012,25940960
Angola,AGO,2013,25709742
Angola,AGO,2014,26092148
Angola,AGO,2015,27505228
Angola,AGO,2016,25465634
Angola,AGO,2017,23600984
Angola,AGO,2018,23278050
Angola,AGO,2019,22210076
Angola,AGO,2020,16549341
Angola,AGO,2021,19218562
Angola,AGO,2022,21089004
Angola,AGO,2023,21674816
Angola,AGO,2024,22333584
Anguilla,AIA,1990,43968
Anguilla,AIA,1991,43968
Anguilla,AIA,1992,47632
Anguilla,AIA,1993,54960
Anguilla,AIA,1994,54960
Anguilla,AIA,1995,54960
Anguilla,AIA,1996,58624
Anguilla,AIA,1997,58624
Anguilla,AIA,1998,65952
Anguilla,AIA,1999,69616
Anguilla,AIA,2000,80608
Anguilla,AIA,2001,84272
Anguilla,AIA,2002,84272
Anguilla,AIA,2003,87936
Anguilla,AIA,2004,98928
Anguilla,AIA,2005,109920
Anguilla,AIA,2006,120912
Anguilla,AIA,2007,124576
Anguilla,AIA,2008,124576
Anguilla,AIA,2009,124576
Anguilla,AIA,2010,128240.01
Anguilla,AIA,2011,124576
Anguilla,AIA,2012,120912
Anguilla,AIA,2013,113584
Anguilla,AIA,2014,120912
Anguilla,AIA,2015,135568
Anguilla,AIA,2016,139232
Anguilla,AIA,2017,128240.01
Anguilla,AIA,2018,131904
Anguilla,AIA,2019,142896
Anguilla,AIA,2020,135568
Anguilla,AIA,2021,139232
Anguilla,AIA,2022,142896
Anguilla,AIA,2023,142607
Anguilla,AIA,2024,148085
Antarctica,ATA,1987,3664
Antarctica,ATA,1988,7328
Antarctica,ATA,1989,7328
Antarctica,ATA,1990,10992
Antarctica,ATA,1991,14656
Antarctica,ATA,1992,14656
Antarctica,ATA,1993,14656
Antarctica,ATA,1994,14656
Antarctica,ATA,1995,3664
Antarctica,ATA,1996,3664
Antarctica,ATA,1997,3664
Antarctica,ATA,1998,3664
Antarctica,ATA,1999,3664
Antarctica,ATA,2000,3664
Antarctica,ATA,2001,3664
Antarctica,ATA,2002,3664
Antarctica,ATA,2003,3664
Antarctica,ATA,2004,7328
Antarctica,ATA,2005,7328
Antarctica,ATA,2006,7328
Antarctica,ATA,2007,10992
Antarctica,ATA,2008,0
Antarctica,ATA,2009,0
Antarctica,ATA,2010,0
Antarctica,ATA,2011,0
Antarctica,ATA,2012,0
Antarctica,ATA,2013,0
Antarctica,ATA,2014,0
Antarctica,ATA,2015,0
Antarctica,ATA,2016,0
Antarctica,ATA,2017,0
Antarctica,ATA,2018,0
Antarctica,ATA,2019,0
Antarctica,ATA,2020,0
Antarctica,ATA,2021,0
Antarctica,ATA,2022,0
Antarctica,ATA,2023,0
Antarctica,ATA,2024,0
Antigua and Barbuda,ATG,1950,12213
Antigua and Barbuda,ATG,1951,19541
Antigua and Barbuda,ATG,1952,14656
Antigua and Barbuda,ATG,1953,17099
Antigua and Barbuda,ATG,1954,12213
Antigua and Barbuda,ATG,1955,21984
Antigua and Barbuda,ATG,1956,21984
Antigua and Barbuda,ATG,1957,21984
Antigua and Barbuda,ATG,1958,29312
Antigua and Barbuda,ATG,1959,29312
Antigua and Barbuda,ATG,1960,36640
Antigua and Barbuda,ATG,1961,47632
Antigua and Barbuda,ATG,1962,102592
Antigua and Barbuda,ATG,1963,84272
Antigua and Barbuda,ATG,1964,91600
Antigua and Barbuda,ATG,1965,150224
Antigua and Barbuda,ATG,1966,348080
Antigua and Barbuda,ATG,1967,564256
Antigua and Barbuda,ATG,1968,989280
Antigua and Barbuda,ATG,1969,1256752
Antigua and Barbuda,ATG,1970,461664
Antigua and Barbuda,ATG,1971,425024
Antigua and Barbuda,ATG,1972,373728
Antigua and Barbuda,ATG,1973,329760
Antigua and Barbuda,ATG,1974,428688
Antigua and Barbuda,ATG,1975,707152
Antigua and Barbuda,ATG,1976,403040
Antigua and Barbuda,ATG,1977,465328
Antigua and Barbuda,ATG,1978,490976
Antigua and Barbuda,ATG,1979,406704
Antigua and Barbuda,ATG,1980,142896
Antigua and Barbuda,ATG,1981,106256
Antigua and Barbuda,ATG,1982,293120
Antigua and Barbuda,ATG,1983,84272
Antigua and Barbuda,ATG,1984,146560
Antigua and Barbuda,ATG,1985,249152
Antigua and Barbuda,ATG,1986,249152
Antigua and Barbuda,ATG,1987,274800
Antigua and Barbuda,ATG,1988,285792
Antigua and Barbuda,ATG,1989,285792
Antigua and Barbuda,ATG,1990,241824
Antigua and Barbuda,ATG,1991,249152
Antigua and Barbuda,ATG,1992,249152
Antigua and Barbuda,ATG,1993,256480.02
Antigua and Barbuda,ATG,1994,267472
Antigua and Barbuda,ATG,1995,271136
Antigua and Barbuda,ATG,1996,285792
Antigua and Barbuda,ATG,1997,307776
Antigua and Barbuda,ATG,1998,322432
Antigua and Barbuda,ATG,1999,344416
Antigua and Barbuda,ATG,2000,355408
Antigua and Barbuda,ATG,2001,373728
Antigua and Barbuda,ATG,2002,403040
Antigua and Barbuda,ATG,2003,432352
Antigua and Barbuda,ATG,2004,450672
Antigua and Barbuda,ATG,2005,479984
Antigua and Barbuda,ATG,2006,516623.97
Antigua and Barbuda,ATG,2007,534944
Antigua and Barbuda,ATG,2008,538608
Antigua and Barbuda,ATG,2009,556928
Antigua and Barbuda,ATG,2010,549600
Antigua and Barbuda,ATG,2011,545936
Antigua and Barbuda,ATG,2012,556928
Antigua and Barbuda,ATG,2013,556928
Antigua and Barbuda,ATG,2014,567920
Antigua and Barbuda,ATG,2015,578912
Antigua and Barbuda,ATG,2016,593568
Antigua and Barbuda,ATG,2017,600896
Antigua and Barbuda,ATG,2018,615552
Antigua and Barbuda,ATG,2019,637536
Antigua and Barbuda,ATG,2020,615552
Antigua and Barbuda,ATG,2021,633872
Antigua and Barbuda,ATG,2022,641832
Antigua and Barbuda,ATG,2023,640533
Antigua and Barbuda,ATG,2024,665140
Argentina,ARG,1856,16651
Argentina,ARG,1857,40757
Argentina,ARG,1858,52768
Argentina,ARG,1859,33825
Argentina,ARG,1860,41522
Argentina,ARG,1861,50365
Argentina,ARG,1862,41491
Argentina,ARG,1863,61083
Argentina,ARG,1864,51953
Argentina,ARG,1865,89168
Argentina,ARG,1866,141423
Argentina,ARG,1867,101799
Argentina,ARG,1868,150623
Argentina,ARG,1869,174755
Argentina,ARG,1870,160446
Argentina,ARG,1871,173509
Argentina,ARG,1872,169208
Argentina,ARG,1873,187797
Argentina,ARG,1874,222817
Argentina,ARG,1875,129876
Argentina,ARG,1876,127019
Argentina,ARG,1877,100473
Argentina,ARG,1878,80873
Argentina,ARG,1879,191650
Argentina,ARG,1880,194096
Argentina,ARG,1881,308238
Argentina,ARG,1882,344096
Argentina,ARG,1883,481405
Argentina,ARG,1884,657415
Argentina,ARG,1885,761540
Argentina,ARG,1886,784439
Argentina,ARG,1887,1207669
Argentina,ARG,1888,1198649
Argentina,ARG,1889,1967535
Argentina,ARG,1890,1452580
Argentina,ARG,1891,1083523
Argentina,ARG,1892,1684981
Argentina,ARG,1893,1670885
Argentina,ARG,1894,1947204
Argentina,ARG,1895,2339746
Argentina,ARG,1896,2283952
Argentina,ARG,1897,2237196
Argentina,ARG,1898,2226631
Argentina,ARG,1899,2642508
Argentina,ARG,1900,2025777.1
Argentina,ARG,1901,2407750
Argentina,ARG,1902,2554854
Argentina,ARG,1903,2922669
Argentina,ARG,1904,3738865
Argentina,ARG,1905,4654740
Argentina,ARG,1906,6213628
Argentina,ARG,1907,5458138
Argentina,ARG,1908,5894652
Argentina,ARG,1909,5465079
Argentina,ARG,1910,6925234
Argentina,ARG,1911,8444686
Argentina,ARG,1912,8567421
Argentina,ARG,1913,9346873
Argentina,ARG,1914,8294103.5
Argentina,ARG,1915,5521730
Argentina,ARG,1916,4215235
Argentina,ARG,1917,2411352
Argentina,ARG,1918,1569276
Argentina,ARG,1919,3410035
Argentina,ARG,1920,5608900
Argentina,ARG,1921,4760872
Argentina,ARG,1922,6055772
Argentina,ARG,1923,7343099
Argentina,ARG,1924,9863518
Argentina,ARG,1925,10156537
Argentina,ARG,1926,10323330
Argentina,ARG,1927,12499041
Argentina,ARG,1928,12190790
Argentina,ARG,1929,12606970
Argentina,ARG,1930,12338452
Argentina,ARG,1931,12465657
Argentina,ARG,1932,12897623
Argentina,ARG,1933,13524040
Argentina,ARG,1934,14660483
Argentina,ARG,1935,14432186
Argentina,ARG,1936,15316796
Argentina,ARG,1937,16408022
Argentina,ARG,1938,16175169
Argentina,ARG,1939,16484650
Argentina,ARG,1940,15647855
Argentina,ARG,1941,13940459
Argentina,ARG,1942,13479180
Argentina,ARG,1943,14076890
Argentina,ARG,1944,13951808
Argentina,ARG,1945,13665986
Argentina,ARG,1946,13702418
Argentina,ARG,1947,14514933
Argentina,ARG,1948,17391620
Argentina,ARG,1949,15364626
Argentina,ARG,1950,29921192
Argentina,ARG,1951,34962916
Argentina,ARG,1952,36098704
Argentina,ARG,1953,35134740
Argentina,ARG,1954,36750356
Argentina,ARG,1955,39559988
Argentina,ARG,1956,44296736
Argentina,ARG,1957,47607776
Argentina,ARG,1958,44192510
Argentina,ARG,1959,48948800
Argentina,ARG,1960,48764500
Argentina,ARG,1961,51126708
Argentina,ARG,1962,53640124
Argentina,ARG,1963,50032660
Argentina,ARG,1964,55670040
Argentina,ARG,1965,58804852
Argentina,ARG,1966,63072668
Argentina,ARG,1967,65475984
Argentina,ARG,1968,69009220
Argentina,ARG,1969,77248870
Argentina,ARG,1970,82648000
Argentina,ARG,1971,88850160
Argentina,ARG,1972,90072616
Argentina,ARG,1973,93984430
Argentina,ARG,1974,95492190
Argentina,ARG,1975,94860450
Argentina,ARG,1976,99718050
Argentina,ARG,1977,100728890
Argentina,ARG,1978,102583410
Argentina,ARG,1979,110649040
Argentina,ARG,1980,108695224
Argentina,ARG,1981,102008616
Argentina,ARG,1982,103388130
Argentina,ARG,1983,105182110
Argentina,ARG,1984,106491760
Argentina,ARG,1985,100569300
Argentina,ARG,1986,104198744
Argentina,ARG,1987,114935944
Argentina,ARG,1988,121464450
Argentina,ARG,1989,117066980
Argentina,ARG,1990,112188296
Argentina,ARG,1991,117726930
Argentina,ARG,1992,121514170
Argentina,ARG,1993,118020980
Argentina,ARG,1994,118506770
Argentina,ARG,1995,125415496
Argentina,ARG,1996,131445544
Argentina,ARG,1997,136617010
Argentina,ARG,1998,139505300
Argentina,ARG,1999,148344580
Argentina,ARG,2000,143354820
Argentina,ARG,2001,135003970
Argentina,ARG,2002,124930110
Argentina,ARG,2003,134421000
Argentina,ARG,2004,157235150
Argentina,ARG,2005,161727950
Argentina,ARG,2006,174341660
Argentina,ARG,2007,173763580
Argentina,ARG,2008,187595540
Argentina,ARG,2009,178378450
Argentina,ARG,2010,186121300
Argentina,ARG,2011,189883820
Argentina,ARG,2012,191714580
Argentina,ARG,2013,189524850
Argentina,ARG,2014,188539180
Argentina,ARG,2015,191808800
Argentina,ARG,2016,190020500
Argentina,ARG,2017,187068020
Argentina,ARG,2018,182483460
Argentina,ARG,2019,180427660
Argentina,ARG,2020,164612720
Argentina,ARG,2021,190196930
Argentina,ARG,2022,183768140
Argentina,ARG,2023,178406990
Argentina,ARG,2024,171059260
Armenia,ARM,1830,41
Armenia,ARM,1831,49
Armenia,ARM,1832,32
Armenia,ARM,1833,41
Armenia,ARM,1850,250.99998
Armenia,ARM,1855,762
Armenia,ARM,1858,1070
Armenia,ARM,1859,1134
Armenia,ARM,1860,1499
Armenia,ARM,1861,1904
Armenia,ARM,1862,1718
Armenia,ARM,1863,1799
Armenia,ARM,1864,2018
Armenia,ARM,1865,1929
Armenia,ARM,1866,6094
Armenia,ARM,1867,6993
Armenia,ARM,1868,5818
Armenia,ARM,1869,7893
Armenia,ARM,1870,8565
Armenia,ARM,1871,11563
Armenia,ARM,1872,11871
Armenia,ARM,1873,11142
Armenia,ARM,1874,13524
Armenia,ARM,1875,15567
Armenia,ARM,1876,19326
Armenia,ARM,1877,19724
Armenia,ARM,1878,25777
Armenia,ARM,1879,26449
Armenia,ARM,1880,31028
Armenia,ARM,1881,32681
Armenia,ARM,1882,34423
Armenia,ARM,1883,39180
Armenia,ARM,1884,39779
Armenia,ARM,1885,43329
Armenia,ARM,1886,44439
Armenia,ARM,1887,47024
Armenia,ARM,1888,49050
Armenia,ARM,1889,52972
Armenia,ARM,1890,59989
Armenia,ARM,1891,66050
Armenia,ARM,1892,69916
Armenia,ARM,1893,81949
Armenia,ARM,1894,83464
Armenia,ARM,1895,95903
Armenia,ARM,1896,97629
Armenia,ARM,1897,112880
Armenia,ARM,1898,126598
Armenia,ARM,1899,146865
Armenia,ARM,1900,166370
Armenia,ARM,1901,170802
Armenia,ARM,1902,164968
Armenia,ARM,1903,161370
Armenia,ARM,1904,179538
Armenia,ARM,1905,160260
Armenia,ARM,1906,182795
Armenia,ARM,1907,204747
Armenia,ARM,1908,206003
Armenia,ARM,1909,217461
Armenia,ARM,1910,213264
Armenia,ARM,1911,221108
Armenia,ARM,1912,250465.98
Armenia,ARM,1913,272086
Armenia,ARM,1914,245564
Armenia,ARM,1915,225394
Armenia,ARM,1916,240232
Armenia,ARM,1917,221091
Armenia,ARM,1918,88172
Armenia,ARM,1919,75312
Armenia,ARM,1920,68676
Armenia,ARM,1921,74478
Armenia,ARM,1922,90830
Armenia,ARM,1923,100336
Armenia,ARM,1924,119540
Armenia,ARM,1925,117985
Armenia,ARM,1926,170948
Armenia,ARM,1927,212534
Armenia,ARM,1928,233329
Armenia,ARM,1929,251329.98
Armenia,ARM,1930,343219
Armenia,ARM,1931,412689
Armenia,ARM,1932,464280
Armenia,ARM,1933,519633
Armenia,ARM,1934,627919
Armenia,ARM,1935,709677
Armenia,ARM,1936,812362
Armenia,ARM,1937,831618
Armenia,ARM,1938,877843
Armenia,ARM,1939,888652
Armenia,ARM,1940,1065485
Armenia,ARM,1941,936020
Armenia,ARM,1942,513580.97
Armenia,ARM,1943,536003
Armenia,ARM,1944,777305
Armenia,ARM,1945,819320
Armenia,ARM,1946,918206
Armenia,ARM,1947,1104409
Armenia,ARM,1948,1172923
Armenia,ARM,1949,1332696
Armenia,ARM,1950,1483024
Armenia,ARM,1951,1605536
Armenia,ARM,1952,1718954
Armenia,ARM,1953,1818004
Armenia,ARM,1954,1983702
Armenia,ARM,1955,2249097
Armenia,ARM,1956,2468464
Armenia,ARM,1957,2702102
Armenia,ARM,1958,2885781
Armenia,ARM,1959,3034020
Armenia,ARM,1960,3159567
Armenia,ARM,1961,3262113
Armenia,ARM,1962,3428950
Armenia,ARM,1963,3682205
Armenia,ARM,1964,3920262
Armenia,ARM,1965,4160606.8
Armenia,ARM,1966,4395587
Armenia,ARM,1967,4601464
Armenia,ARM,1968,4736134
Armenia,ARM,1969,4936462
Armenia,ARM,1970,5190815
Armenia,ARM,1971,5518527
Armenia,ARM,1972,5813298
Armenia,ARM,1973,6067397
Armenia,ARM,1974,6307709
Armenia,ARM,1975,6637796
Armenia,ARM,1976,6895225
Armenia,ARM,1977,7132641
Armenia,ARM,1978,7382617
Armenia,ARM,1979,7443525
Armenia,ARM,1980,7734904
Armenia,ARM,1981,7600476
Armenia,ARM,1982,7745151
Armenia,ARM,1983,7861092
Armenia,ARM,1984,7935474
Armenia,ARM,1985,8551112
Armenia,ARM,1986,8142524.5
Armenia,ARM,1987,8169481.5
Armenia,ARM,1988,9298551
Armenia,ARM,1989,9418273
Armenia,ARM,1990,9003210
Armenia,ARM,1991,7382952
Armenia,ARM,1992,5723698
Armenia,ARM,1993,2510247
Armenia,ARM,1994,2684702
Armenia,ARM,1995,3362694
Armenia,ARM,1996,2500312
Armenia,ARM,1997,3252761
Armenia,ARM,1998,3419094
Armenia,ARM,1999,3040204
Armenia,ARM,2000,3491407
Armenia,ARM,2001,3532701
Armenia,ARM,2002,3076793
Armenia,ARM,2003,3455560
Armenia,ARM,2004,3691197
Armenia,ARM,2005,4376169
Armenia,ARM,2006,4401590
Armenia,ARM,2007,5100210
Armenia,ARM,2008,5574790
Armenia,ARM,2009,4363500
Armenia,ARM,2010,4256414
Armenia,ARM,2011,4968878
Armenia,ARM,2012,5748252
Armenia,ARM,2013,5535127
Armenia,ARM,2014,5604113
Armenia,ARM,2015,5469204
Armenia,ARM,2016,5206677
Armenia,ARM,2017,5536589
Armenia,ARM,2018,5822122
Armenia,ARM,2019,6284110
Armenia,ARM,2020,6795190
Armenia,ARM,2021,7350704
Armenia,ARM,2022,7698773
Armenia,ARM,2023,7430228
Armenia,ARM,2024,7430715
Aruba,ABW,1926,0
Aruba,ABW,1927,0
Aruba,ABW,1928,0
Aruba,ABW,1929,0
Aruba,ABW,1930,0
Aruba,ABW,1931,0
Aruba,ABW,1932,0
Aruba,ABW,1933,0
Aruba,ABW,1934,0
Aruba,ABW,1935,0
Aruba,ABW,1936,0
Aruba,ABW,1937,0
Aruba,ABW,1938,0
Aruba,ABW,1939,0
Aruba,ABW,1940,0
Aruba,ABW,1941,0
Aruba,ABW,1942,0
Aruba,ABW,1943,0
Aruba,ABW,1944,0
Aruba,ABW,1945,0
Aruba,ABW,1946,0
Aruba,ABW,1947,0
Aruba,ABW,1948,0
Aruba,ABW,1949,0
Aruba,ABW,1950,409579
Aruba,ABW,1951,645962
Aruba,ABW,1952,372977
Aruba,ABW,1953,431663
Aruba,ABW,1954,873142
Aruba,ABW,1955,722234
Aruba,ABW,1956,934078
Aruba,ABW,1957,637987
Aruba,ABW,1958,558852
Aruba,ABW,1959,719371
Aruba,ABW,1960,618561
Aruba,ABW,1961,645553
Aruba,ABW,1962,708942
Aruba,ABW,1963,679088
Aruba,ABW,1964,660275
Aruba,ABW,1965,592387
Aruba,ABW,1966,553944
Aruba,ABW,1967,682359
Aruba,ABW,1968,634510
Aruba,ABW,1969,830405
Aruba,ABW,1970,928761
Aruba,ABW,1971,808321
Aruba,ABW,1972,783783
Aruba,ABW,1973,869461
Aruba,ABW,1974,788077
Aruba,ABW,1975,570712
Aruba,ABW,1976,1219127
Aruba,ABW,1977,636760
Aruba,ABW,1978,542289
Aruba,ABW,1979,568871
Aruba,ABW,1980,585435
Aruba,ABW,1981,557625
Aruba,ABW,1982,623468
Aruba,ABW,1983,320425
Aruba,ABW,1984,800142
Aruba,ABW,1985,936532
Aruba,ABW,1986,179536
Aruba,ABW,1987,447008
Aruba,ABW,1988,611888
Aruba,ABW,1989,648528
Aruba,ABW,1990,487312
Aruba,ABW,1991,531280
Aruba,ABW,1992,538608
Aruba,ABW,1993,648528
Aruba,ABW,1994,659520
Aruba,ABW,1995,710816
Aruba,ABW,1996,721808
Aruba,ABW,1997,758448
Aruba,ABW,1998,806080
Aruba,ABW,1999,809744
Aruba,ABW,2000,2377936
Aruba,ABW,2001,2407248
Aruba,ABW,2002,2436560
Aruba,ABW,2003,2561136
Aruba,ABW,2004,2616096
Aruba,ABW,2005,2715024
Aruba,ABW,2006,2711360
Aruba,ABW,2007,2821280
Aruba,ABW,2008,2656400
Aruba,ABW,2009,2627088
Aruba,ABW,2010,2506176
Aruba,ABW,2011,2495184
Aruba,ABW,2012,1344688
Aruba,ABW,2013,861040
Aruba,ABW,2014,872032
Aruba,ABW,2015,897680
Aruba,ABW,2016,883024
Aruba,ABW,2017,890352
Aruba,ABW,2018,868368
Aruba,ABW,2019,831728
Aruba,ABW,2020,820736
Aruba,ABW,2021,861040
Aruba,ABW,2022,888381
Aruba,ABW,2023,886584
Aruba,ABW,2024,920644
Asia,,1750,0
Asia,,1751,0
Asia,,1752,0
Asia,,1753,0
Asia,,1754,0
Asia,,1755,0
Asia,,1756,0
Asia,,1757,0
Asia,,1758,0
Asia,,1759,0
Asia,,1760,0
Asia,,1761,0
Asia,,1762,0
Asia,,1763,0
Asia,,1764,0
Asia,,1765,0
Asia,,1766,0
Asia,,1767,0
Asia,,1768,0
Asia,,1769,0
Asia,,1770,0
Asia,,1771,0
Asia,,1772,0
Asia,,1773,0
Asia,,1774,0
Asia,,1775,0
Asia,,1776,0
Asia,,1777,0
Asia,,1778,0
Asia,,1779,0
Asia,,1780,0
Asia,,1781,0
Asia,,1782,0
Asia,,1783,0
Asia,,1784,0
Asia,,1785,0
Asia,,1786,0
Asia,,1787,0
Asia,,1788,0
Asia,,1789,0
Asia,,1790,0
Asia,,1791,0
Asia,,1792,0
Asia,,1793,0
Asia,,1794,0
Asia,,1795,0
Asia,,1796,0
Asia,,1797,0
Asia,,1798,0
Asia,,1799,0
Asia,,1800,0
Asia,,1801,0
Asia,,1802,0
Asia,,1803,0
Asia,,1804,0
Asia,,1805,0
Asia,,1806,0
Asia,,1807,0
Asia,,1808,0
Asia,,1809,0
Asia,,1810,0
Asia,,1811,0
Asia,,1812,0
Asia,,1813,0
Asia,,1814,0
Asia,,1815,0
Asia,,1816,0
Asia,,1817,0
Asia,,1818,0
Asia,,1819,0
Asia,,1820,0
Asia,,1821,0
Asia,,1822,0
Asia,,1823,0
Asia,,1824,0
Asia,,1825,0
Asia,,1826,0
Asia,,1827,0
Asia,,1828,0
Asia,,1829,0
Asia,,1830,2365
Asia,,1831,2837
Asia,,1832,1890
Asia,,1833,2365
Asia,,1834,0
Asia,,1835,0
Asia,,1836,0
Asia,,1837,0
Asia,,1838,0
Asia,,1839,0
Asia,,1840,0
Asia,,1841,0
Asia,,1842,0
Asia,,1843,0
Asia,,1844,0
Asia,,1845,0
Asia,,1846,0
Asia,,1847,0
Asia,,1848,0
Asia,,1849,0
Asia,,1850,14657
Asia,,1851,0
Asia,,1852,0
Asia,,1853,0
Asia,,1854,0
Asia,,1855,44449
Asia,,1856,0
Asia,,1857,0
Asia,,1858,456899
Asia,,1859,702674
Asia,,1860,730582
Asia,,1861,608367
Asia,,1862,650531
Asia,,1863,714928
Asia,,1864,694547
Asia,,1865,829624
Asia,,1866,1204224
Asia,,1867,635242
Asia,,1868,526373
Asia,,1869,746355
Asia,,1870,675679
Asia,,1871,898267
Asia,,1872,971197
Asia,,1873,928640
Asia,,1874,1631914
Asia,,1875,2700050
Asia,,1876,2805871
Asia,,1877,2887666
Asia,,1878,5454773
Asia,,1879,5667977
Asia,,1880,6185161
Asia,,1881,6344105
Asia,,1882,6872338
Asia,,1883,7599698
Asia,,1884,8183936
Asia,,1885,8530808
Asia,,1886,9106100
Asia,,1887,10529181
Asia,,1888,11709071
Asia,,1889,13773977
Asia,,1890,15076951
Asia,,1891,17193024
Asia,,1892,18263734
Asia,,1893,20401096
Asia,,1894,22735778
Asia,,1895,26290228
Asia,,1896,28015830
Asia,,1897,30470748
Asia,,1898,36470270
Asia,,1899,38626130
Asia,,1900,43976980
Asia,,1901,50336864
Asia,,1902,52380036
Asia,,1903,55036240
Asia,,1904,61878316
Asia,,1905,62977084
Asia,,1906,70252320
Asia,,1907,97163880
Asia,,1908,105951950
Asia,,1909,109169750
Asia,,1910,110742090
Asia,,1911,117721900
Asia,,1912,119731290
Asia,,1913,137316080
Asia,,1914,142830460
Asia,,1915,136618350
Asia,,1916,149857740
Asia,,1917,161955360
Asia,,1918,166861710
Asia,,1919,183546660
Asia,,1920,175417630
Asia,,1921,171785010
Asia,,1922,181263780
Asia,,1923,199193870
Asia,,1924,213260960
Asia,,1925,215426100
Asia,,1926,218787340
Asia,,1927,236764620
Asia,,1928,248363710
Asia,,1929,258312340
Asia,,1930,257875000
Asia,,1931,248619630
Asia,,1932,248699660
Asia,,1933,272989340
Asia,,1934,309518500
Asia,,1935,337160500
Asia,,1936,364027000
Asia,,1937,385361440
Asia,,1938,394587070
Asia,,1939,418703650
Asia,,1940,471628930
Asia,,1941,478236000
Asia,,1942,447314620
Asia,,1943,440021800
Asia,,1944,440440580
Asia,,1945,327970050
Asia,,1946,315475170
Asia,,1947,380219940
Asia,,1948,383794720
Asia,,1949,382433600
Asia,,1950,400210270
Asia,,1951,454438940
Asia,,1952,504144770
Asia,,1953,539902000
Asia,,1954,591670100
Asia,,1955,674382340
Asia,,1956,748929860
Asia,,1957,843197950
Asia,,1958,1137608000
Asia,,1959,1373323900
Asia,,1960,1538123400
Asia,,1961,1392969500
Asia,,1962,1342039900
Asia,,1963,1422530600
Asia,,1964,1506772200
Asia,,1965,1649181200
Asia,,1966,1796336000
Asia,,1967,1824343700
Asia,,1968,2015223600
Asia,,1969,2288606700
Asia,,1970,2696906000
Asia,,1971,2952501200
Asia,,1972,3128200700
Asia,,1973,3350604300
Asia,,1974,3410210600
Asia,,1975,3576883000
Asia,,1976,3802953500
Asia,,1977,4047529700
Asia,,1978,4229859300
Asia,,1979,4404124000
Asia,,1980,4398616000
Asia,,1981,4372236300
Asia,,1982,4516320000
Asia,,1983,4697412000
Asia,,1984,4971183000
Asia,,1985,5260702700
Asia,,1986,5486270500
Asia,,1987,5722182000
Asia,,1988,6182026000
Asia,,1989,6396979000
Asia,,1990,6582485000
Asia,,1991,7373495300
Asia,,1992,7206709000
Asia,,1993,7533513000
Asia,,1994,7885157000
Asia,,1995,8256111600
Asia,,1996,8596898000
Asia,,1997,8721443000
Asia,,1998,8473977000
Asia,,1999,8965377000
Asia,,2000,9330988000
Asia,,2001,9518093000
Asia,,2002,10033991000
Asia,,2003,11036212000
Asia,,2004,11688358000
Asia,,2005,12547687000
Asia,,2006,13390618000
Asia,,2007,14118133000
Asia,,2008,14843059000
Asia,,2009,15377569000
Asia,,2010,16536467000
Asia,,2011,17768819000
Asia,,2012,18438480000
Asia,,2013,18685477000
Asia,,2014,18961437000
Asia,,2015,19070407000
Asia,,2016,19202404000
Asia,,2017,19775838000
Asia,,2018,20366350000
Asia,,2019,20926585000
Asia,,2020,20691950000
Asia,,2021,21520503000
Asia,,2022,22237813000
Asia,,2023,22997092000
Asia,,2024,23392487000
Asia (GCP),,1850,14658.506
Asia (GCP),,1851,0
Asia (GCP),,1852,0
Asia (GCP),,1853,0
Asia (GCP),,1854,0
Asia (GCP),,1855,44448.37
Asia (GCP),,1856,0
Asia (GCP),,1857,0
Asia (GCP),,1858,456898.16
Asia (GCP),,1859,702673.75
Asia (GCP),,1860,730582.1
Asia (GCP),,1861,608366.25
Asia (GCP),,1862,650530.1
Asia (GCP),,1863,714928.06
Asia (GCP),,1864,694545.5
Asia (GCP),,1865,679399.2
Asia (GCP),,1866,995375.9
Asia (GCP),,1867,408073.88
Asia (GCP),,1868,350501.9
Asia (GCP),,1869,478880.78
Asia (GCP),,1870,518127.75
Asia (GCP),,1871,700412.06
Asia (GCP),,1872,725708.56
Asia (GCP),,1873,690479.6
Asia (GCP),,1874,1375435
Asia (GCP),,1875,2348306.2
Asia (GCP),,1876,2531071.2
Asia (GCP),,1877,2440657
Asia (GCP),,1878,5128678.5
Asia (GCP),,1879,5543401.5
Asia (GCP),,1880,6045929
Asia (GCP),,1881,6160904
Asia (GCP),,1882,6718451.5
Asia (GCP),,1883,7438481.5
Asia (GCP),,1884,8008064
Asia (GCP),,1885,8336614.5
Asia (GCP),,1886,8970533
Asia (GCP),,1887,10283691
Asia (GCP),,1888,11441597
Asia (GCP),,1889,13370935
Asia (GCP),,1890,14710551
Asia (GCP),,1891,16789984
Asia (GCP),,1892,17853366
Asia (GCP),,1893,19976072
Asia (GCP),,1894,22343730
Asia (GCP),,1895,25916500
Asia (GCP),,1896,27572486
Asia (GCP),,1897,30155644
Asia (GCP),,1898,35946320
Asia (GCP),,1899,37955616
Asia (GCP),,1900,42940064
Asia (GCP),,1901,49387890
Asia (GCP),,1902,51332132
Asia (GCP),,1903,53830788
Asia (GCP),,1904,60511644
Asia (GCP),,1905,61445532
Asia (GCP),,1906,68669470
Asia (GCP),,1907,95284250
Asia (GCP),,1908,104229870
Asia (GCP),,1909,107213176
Asia (GCP),,1910,108858790
Asia (GCP),,1911,115358630
Asia (GCP),,1912,117481600
Asia (GCP),,1913,134425180
Asia (GCP),,1914,139994530
Asia (GCP),,1915,134178136
Asia (GCP),,1916,147336910
Asia (GCP),,1917,158764030
Asia (GCP),,1918,162955870
Asia (GCP),,1919,178288800
Asia (GCP),,1920,168576940
Asia (GCP),,1921,163687570
Asia (GCP),,1922,171026580
Asia (GCP),,1923,186142700
Asia (GCP),,1924,197304240
Asia (GCP),,1925,198857500
Asia (GCP),,1926,200720160
Asia (GCP),,1927,216645600
Asia (GCP),,1928,227270300
Asia (GCP),,1929,237369180
Asia (GCP),,1930,234979250
Asia (GCP),,1931,226343300
Asia (GCP),,1932,224162910
Asia (GCP),,1933,245781710
Asia (GCP),,1934,277166720
Asia (GCP),,1935,301474980
Asia (GCP),,1936,324695870
Asia (GCP),,1937,339699520
Asia (GCP),,1938,348404830
Asia (GCP),,1939,366582100
Asia (GCP),,1940,426109700
Asia (GCP),,1941,442224700
Asia (GCP),,1942,399845400
Asia (GCP),,1943,387581100
Asia (GCP),,1944,372736220
Asia (GCP),,1945,241813680
Asia (GCP),,1946,202671250
Asia (GCP),,1947,246147040
Asia (GCP),,1948,275079870
Asia (GCP),,1949,340624540
Asia (GCP),,1950,368443400
Asia (GCP),,1951,428334720
Asia (GCP),,1952,480660930
Asia (GCP),,1953,512755200
Asia (GCP),,1954,559029060
Asia (GCP),,1955,624251600
Asia (GCP),,1956,689798500
Asia (GCP),,1957,781574140
Asia (GCP),,1958,1070588860
Asia (GCP),,1959,1302717400
Asia (GCP),,1960,1448027300
Asia (GCP),,1961,1298687200
Asia (GCP),,1962,1232942500
Asia (GCP),,1963,1299194000
Asia (GCP),,1964,1362267000
Asia (GCP),,1965,1476741100
Asia (GCP),,1966,1597787400
Asia (GCP),,1967,1619313400
Asia (GCP),,1968,1779166500
Asia (GCP),,1969,2020828200
Asia (GCP),,1970,2412295700
Asia (GCP),,1971,2618930400
Asia (GCP),,1972,2768660500
Asia (GCP),,1973,2923350500
Asia (GCP),,1974,2967919900
Asia (GCP),,1975,3143782000
Asia (GCP),,1976,3296270000
Asia (GCP),,1977,3514515500
Asia (GCP),,1978,3694782700
Asia (GCP),,1979,3836061200
Asia (GCP),,1980,3845441000
Asia (GCP),,1981,3821236700
Asia (GCP),,1982,3953197000
Asia (GCP),,1983,4103815200
Asia (GCP),,1984,4349275000
Asia (GCP),,1985,4590286000
Asia (GCP),,1986,4772830000
Asia (GCP),,1987,4992786000
Asia (GCP),,1988,5404823000
Asia (GCP),,1989,5574634000
Asia (GCP),,1990,5761380000
Asia (GCP),,1991,6004440600
Asia (GCP),,1992,6223938600
Asia (GCP),,1993,6465919000
Asia (GCP),,1994,6758348300
Asia (GCP),,1995,7118254600
Asia (GCP),,1996,7440219600
Asia (GCP),,1997,7581172000
Asia (GCP),,1998,7294443500
Asia (GCP),,1999,7695168500
Asia (GCP),,2000,7927166000
Asia (GCP),,2001,8079179300
Asia (GCP),,2002,8583848400
Asia (GCP),,2003,9491552000
Asia (GCP),,2004,10037267000
Asia (GCP),,2005,10828093000
Asia (GCP),,2006,11564241000
Asia (GCP),,2007,12281686000
Asia (GCP),,2008,12864320000
Asia (GCP),,2009,13317202000
Asia (GCP),,2010,14362530000
Asia (GCP),,2011,15542228000
Asia (GCP),,2012,16061427000
Asia (GCP),,2013,16345718000
Asia (GCP),,2014,16580382000
Asia (GCP),,2015,16605201000
Asia (GCP),,2016,16688726000
Asia (GCP),,2017,17182280000
Asia (GCP),,2018,17777240000
Asia (GCP),,2019,18223220000
Asia (GCP),,2020,18046271000
Asia (GCP),,2021,18740865000
Asia (GCP),,2022,19455877000
Asia (GCP),,2023,20111112000
Asia (GCP),,2024,20432226000
Asia (excl. China and India),,1750,0
Asia (excl. China and India),,1751,0
Asia (excl. China and India),,1752,0
Asia (excl. China and India),,1753,0
Asia (excl. China and India),,1754,0
Asia (excl. China and India),,1755,0
Asia (excl. China and India),,1756,0
Asia (excl. China and India),,1757,0
Asia (excl. China and India),,1758,0
Asia (excl. China and India),,1759,0
Asia (excl. China and India),,1760,0
Asia (excl. China and India),,1761,0
Asia (excl. China and India),,1762,0
Asia (excl. China and India),,1763,0
Asia (excl. China and India),,1764,0
Asia (excl. China and India),,1765,0
Asia (excl. China and India),,1766,0
Asia (excl. China and India),,1767,0
Asia (excl. China and India),,1768,0
Asia (excl. China and India),,1769,0
Asia (excl. China and India),,1770,0
Asia (excl. China and India),,1771,0
Asia (excl. China and India),,1772,0
Asia (excl. China and India),,1773,0
Asia (excl. China and India),,1774,0
Asia (excl. China and India),,1775,0
Asia (excl. China and India),,1776,0
Asia (excl. China and India),,1777,0
Asia (excl. China and India),,1778,0
Asia (excl. China and India),,1779,0
Asia (excl. China and India),,1780,0
Asia (excl. China and India),,1781,0
Asia (excl. China and India),,1782,0
Asia (excl. China and India),,1783,0
Asia (excl. China and India),,1784,0
Asia (excl. China and India),,1785,0
Asia (excl. China and India),,1786,0
Asia (excl. China and India),,1787,0
Asia (excl. China and India),,1788,0
Asia (excl. China and India),,1789,0
Asia (excl. China and India),,1790,0
Asia (excl. China and India),,1791,0
Asia (excl. China and India),,1792,0
Asia (excl. China and India),,1793,0
Asia (excl. China and India),,1794,0
Asia (excl. China and India),,1795,0
Asia (excl. China and India),,1796,0
Asia (excl. China and India),,1797,0
Asia (excl. China and India),,1798,0
Asia (excl. China and India),,1799,0
Asia (excl. China and India),,1800,0
Asia (excl. China and India),,1801,0
Asia (excl. China and India),,1802,0
Asia (excl. China and India),,1803,0
Asia (excl. China and India),,1804,0
Asia (excl. China and India),,1805,0
Asia (excl. China and India),,1806,0
Asia (excl. China and India),,1807,0
Asia (excl. China and India),,1808,0
Asia (excl. China and India),,1809,0
Asia (excl. China and India),,1810,0
Asia (excl. China and India),,1811,0
Asia (excl. China and India),,1812,0
Asia (excl. China and India),,1813,0
Asia (excl. China and India),,1814,0
Asia (excl. China and India),,1815,0
Asia (excl. China and India),,1816,0
Asia (excl. China and India),,1817,0
Asia (excl. China and India),,1818,0
Asia (excl. China and India),,1819,0
Asia (excl. China and India),,1820,0
Asia (excl. China and India),,1821,0
Asia (excl. China and India),,1822,0
Asia (excl. China and India),,1823,0
Asia (excl. China and India),,1824,0
Asia (excl. China and India),,1825,0
Asia (excl. China and India),,1826,0
Asia (excl. China and India),,1827,0
Asia (excl. China and India),,1828,0
Asia (excl. China and India),,1829,0
Asia (excl. China and India),,1830,2365
Asia (excl. China and India),,1831,2837
Asia (excl. China and India),,1832,1890
Asia (excl. China and India),,1833,2365
Asia (excl. China and India),,1834,0
Asia (excl. China and India),,1835,0
Asia (excl. China and India),,1836,0
Asia (excl. China and India),,1837,0
Asia (excl. China and India),,1838,0
Asia (excl. China and India),,1839,0
Asia (excl. China and India),,1840,0
Asia (excl. China and India),,1841,0
Asia (excl. China and India),,1842,0
Asia (excl. China and India),,1843,0
Asia (excl. China and India),,1844,0
Asia (excl. China and India),,1845,0
Asia (excl. China and India),,1846,0
Asia (excl. China and India),,1847,0
Asia (excl. China and India),,1848,0
Asia (excl. China and India),,1849,0
Asia (excl. China and India),,1850,14657
Asia (excl. China and India),,1851,0
Asia (excl. China and India),,1852,0
Asia (excl. China and India),,1853,0
Asia (excl. China and India),,1854,0
Asia (excl. China and India),,1855,44449
Asia (excl. China and India),,1856,0
Asia (excl. China and India),,1857,0
Asia (excl. China and India),,1858,62418
Asia (excl. China and India),,1859,66200
Asia (excl. China and India),,1860,87478
Asia (excl. China and India),,1861,111122
Asia (excl. China and India),,1862,100246
Asia (excl. China and India),,1863,104974
Asia (excl. China and India),,1864,117742
Asia (excl. China and India),,1865,262764
Asia (excl. China and India),,1866,564435
Asia (excl. China and India),,1867,635242
Asia (excl. China and India),,1868,526373
Asia (excl. China and India),,1869,746355
Asia (excl. China and India),,1870,675679
Asia (excl. China and India),,1871,898267
Asia (excl. China and India),,1872,971197
Asia (excl. China and India),,1873,928640
Asia (excl. China and India),,1874,1631914
Asia (excl. China and India),,1875,2700050
Asia (excl. China and India),,1876,2805871
Asia (excl. China and India),,1877,2887666
Asia (excl. China and India),,1878,3687895
Asia (excl. China and India),,1879,3983622
Asia (excl. China and India),,1880,4298418
Asia (excl. China and India),,1881,4504801
Asia (excl. China and India),,1882,4676079
Asia (excl. China and India),,1883,5158831
Asia (excl. China and India),,1884,5453965
Asia (excl. China and India),,1885,6071445
Asia (excl. China and India),,1886,6334080
Asia (excl. China and India),,1887,7463211
Asia (excl. China and India),,1888,8299569
Asia (excl. China and India),,1889,9752207
Asia (excl. China and India),,1890,10645346
Asia (excl. China and India),,1891,12420673
Asia (excl. China and India),,1892,13016518
Asia (excl. China and India),,1893,14857982
Asia (excl. China and India),,1894,17119156
Asia (excl. China and India),,1895,19255630
Asia (excl. China and India),,1896,20407916
Asia (excl. China and India),,1897,22217494
Asia (excl. China and India),,1898,27345222
Asia (excl. China and India),,1899,28571800
Asia (excl. China and India),,1900,32047594
Asia (excl. China and India),,1901,37157380
Asia (excl. China and India),,1902,37864830
Asia (excl. China and India),,1903,40234340
Asia (excl. China and India),,1904,45317550
Asia (excl. China and India),,1905,46046612
Asia (excl. China and India),,1906,50703190
Asia (excl. China and India),,1907,55497932
Asia (excl. China and India),,1908,58308230
Asia (excl. China and India),,1909,60775870
Asia (excl. China and India),,1910,62245690
Asia (excl. China and India),,1911,68309330
Asia (excl. China and India),,1912,74181130
Asia (excl. China and India),,1913,81598220
Asia (excl. China and India),,1914,84414390
Asia (excl. China and India),,1915,78056560
Asia (excl. China and India),,1916,86210056
Asia (excl. China and India),,1917,94912690
Asia (excl. China and India),,1918,92755040
Asia (excl. China and India),,1919,102575260
Asia (excl. China and India),,1920,100271710
Asia (excl. China and India),,1921,95517330
Asia (excl. China and India),,1922,104389450
Asia (excl. China and India),,1923,114705010
Asia (excl. China and India),,1924,123787540
Asia (excl. China and India),,1925,129386940
Asia (excl. China and India),,1926,135185220
Asia (excl. China and India),,1927,149072910
Asia (excl. China and India),,1928,160699970
Asia (excl. China and India),,1929,168323330
Asia (excl. China and India),,1930,165917760
Asia (excl. China and India),,1931,157864580
Asia (excl. China and India),,1932,162301630
Asia (excl. China and India),,1933,183411400
Asia (excl. China and India),,1934,207525470
Asia (excl. China and India),,1935,223122030
Asia (excl. China and India),,1936,247865940
Asia (excl. China and India),,1937,269326240
Asia (excl. China and India),,1938,282842720
Asia (excl. China and India),,1939,294965250
Asia (excl. China and India),,1940,328529730
Asia (excl. China and India),,1941,310677220
Asia (excl. China and India),,1942,266172540
Asia (excl. China and India),,1943,284383580
Asia (excl. China and India),,1944,289741760
Asia (excl. China and India),,1945,219204670
Asia (excl. China and India),,1946,227143950
Asia (excl. China and India),,1947,285204400
Asia (excl. China and India),,1948,292191400
Asia (excl. China and India),,1949,264165580
Asia (excl. China and India),,1950,260432420
Asia (excl. China and India),,1951,288517980
Asia (excl. China and India),,1952,308892350
Asia (excl. China and India),,1953,337507900
Asia (excl. China and India),,1954,358482560
Asia (excl. China and India),,1955,405166940
Asia (excl. China and India),,1956,451483400
Asia (excl. China and India),,1957,495791680
Asia (excl. China and India),,1958,517182300
Asia (excl. China and India),,1959,551725440
Asia (excl. China and India),,1960,627992200
Asia (excl. China and India),,1961,701929000
Asia (excl. China and India),,1962,749834700
Asia (excl. China and India),,1963,823304800
Asia (excl. China and India),,1964,906644540
Asia (excl. China and India),,1965,995190850
Asia (excl. China and India),,1966,1087497900
Asia (excl. China and India),,1967,1204553300
Asia (excl. China and India),,1968,1345639200
Asia (excl. China and India),,1969,1503501200
Asia (excl. China and India),,1970,1707218400
Asia (excl. China and India),,1971,1851326700
Asia (excl. China and India),,1972,1956528000
Asia (excl. China and India),,1973,2133239600
Asia (excl. China and India),,1974,2166293000
Asia (excl. China and India),,1975,2159519700
Asia (excl. China and India),,1976,2331864300
Asia (excl. China and India),,1977,2447852500
Asia (excl. China and India),,1978,2474192000
Asia (excl. China and India),,1979,2602422000
Asia (excl. China and India),,1980,2612604000
Asia (excl. China and India),,1981,2580987100
Asia (excl. China and India),,1982,2584697900
Asia (excl. China and India),,1983,2651460600
Asia (excl. China and India),,1984,2765401600
Asia (excl. China and India),,1985,2865908200
Asia (excl. China and India),,1986,2956522500
Asia (excl. China and India),,1987,3010198000
Asia (excl. China and India),,1988,3265881900
Asia (excl. China and India),,1989,3394167800
Asia (excl. China and India),,1990,3520964400
Asia (excl. China and India),,1991,4138964000
Asia (excl. China and India),,1992,3819995100
Asia (excl. China and India),,1993,3941966300
Asia (excl. China and India),,1994,4077223000
Asia (excl. China and India),,1995,4144434200
Asia (excl. China and India),,1996,4273984800
Asia (excl. China and India),,1997,4351117300
Asia (excl. China and India),,1998,4242857700
Asia (excl. China and India),,1999,4454234600
Asia (excl. China and India),,2000,4700113400
Asia (excl. China and India),,2001,4792781000
Asia (excl. China and India),,2002,4903059500
Asia (excl. China and India),,2003,5132562400
Asia (excl. China and India),,2004,5342785000
Asia (excl. China and India),,2005,5470303700
Asia (excl. China and India),,2006,5611112000
Asia (excl. China and India),,2007,5749984000
Asia (excl. China and India),,2008,5860288000
Asia (excl. China and India),,2009,5882750500
Asia (excl. China and India),,2010,6247890000
Asia (excl. China and India),,2011,6482970000
Asia (excl. China and India),,2012,6744184000
Asia (excl. China and India),,2013,6747768000
Asia (excl. China and India),,2014,6837358000
Asia (excl. China and India),,2015,6980549000
Asia (excl. China and India),,2016,7101688300
Asia (excl. China and India),,2017,7350103600
Asia (excl. China and India),,2018,7424333000
Asia (excl. China and India),,2019,7601896000
Asia (excl. China and India),,2020,7372697000
Asia (excl. China and India),,2021,7560323600
Asia (excl. China and India),,2022,7694873000
Asia (excl. China and India),,2023,7762327600
Asia (excl. China and India),,2024,7909973000
Australia,AUS,1750,0
Australia,AUS,1751,0
Australia,AUS,1752,0
Australia,AUS,1753,0
Australia,AUS,1754,0
Australia,AUS,1755,0
Australia,AUS,1756,0
Australia,AUS,1757,0
Australia,AUS,1758,0
Australia,AUS,1759,0
Australia,AUS,1760,0
Australia,AUS,1761,0
Australia,AUS,1762,0
Australia,AUS,1763,0
Australia,AUS,1764,0
Australia,AUS,1765,0
Australia,AUS,1766,0
Australia,AUS,1767,0
Australia,AUS,1768,0
Australia,AUS,1769,0
Australia,AUS,1770,0
Australia,AUS,1771,0
Australia,AUS,1772,0
Australia,AUS,1773,0
Australia,AUS,1774,0
Australia,AUS,1775,0
Australia,AUS,1776,0
Australia,AUS,1777,0
Australia,AUS,1778,0
Australia,AUS,1779,0
Australia,AUS,1780,0
Australia,AUS,1781,0
Australia,AUS,1782,0
Australia,AUS,1783,0
Australia,AUS,1784,0
Australia,AUS,1785,0
Australia,AUS,1786,0
Australia,AUS,1787,0
Australia,AUS,1788,0
Australia,AUS,1789,0
Australia,AUS,1790,0
Australia,AUS,1791,0
Australia,AUS,1792,0
Australia,AUS,1793,0
Australia,AUS,1794,0
Australia,AUS,1795,0
Australia,AUS,1796,0
Australia,AUS,1797,0
Australia,AUS,1798,0
Australia,AUS,1799,0
Australia,AUS,1800,0
Australia,AUS,1801,0
Australia,AUS,1802,0
Australia,AUS,1803,0
Australia,AUS,1804,0
Australia,AUS,1805,236
Australia,AUS,1806,661
Australia,AUS,1807,629
Australia,AUS,1808,787
Australia,AUS,1809,1259
Australia,AUS,1810,1259
Australia,AUS,1811,2203
Australia,AUS,1812,2203
Australia,AUS,1813,2832
Australia,AUS,1814,3451
Australia,AUS,1815,2753
Australia,AUS,1816,2281
Australia,AUS,1817,2045
Australia,AUS,1818,1888
Australia,AUS,1819,3540
Australia,AUS,1820,6160
Australia,AUS,1821,3147
Australia,AUS,1822,3934.0002
Australia,AUS,1823,4720
Australia,AUS,1824,4720
Australia,AUS,1825,2870
Australia,AUS,1826,6360
Australia,AUS,1827,5902
Australia,AUS,1828,3786
Australia,AUS,1829,6031
Australia,AUS,1830,5748
Australia,AUS,1831,1421
Australia,AUS,1832,11239
Australia,AUS,1833,10718
Australia,AUS,1834,13358
Australia,AUS,1835,19498
Australia,AUS,1836,19897
Australia,AUS,1837,25305
Australia,AUS,1838,27094
Australia,AUS,1839,33487
Australia,AUS,1840,47605
Australia,AUS,1841,54819
Australia,AUS,1842,62779
Australia,AUS,1843,40692
Australia,AUS,1844,36374
Australia,AUS,1845,35125
Australia,AUS,1846,61308
Australia,AUS,1847,64088
Australia,AUS,1848,71507
Australia,AUS,1849,76336
Australia,AUS,1850,112052
Australia,AUS,1851,106379
Australia,AUS,1852,106055
Australia,AUS,1853,152321
Australia,AUS,1854,183526
Australia,AUS,1855,215678
Australia,AUS,1856,298886
Australia,AUS,1857,331100
Australia,AUS,1858,340483
Australia,AUS,1859,484948
Australia,AUS,1860,599769
Australia,AUS,1861,560575
Australia,AUS,1862,787635
Australia,AUS,1863,720450
Australia,AUS,1864,903160
Australia,AUS,1865,973508
Australia,AUS,1866,1280060
Australia,AUS,1867,1239852
Australia,AUS,1868,1532259
Australia,AUS,1869,1464684
Australia,AUS,1870,1402391
Australia,AUS,1871,1440910
Australia,AUS,1872,1636610
Australia,AUS,1873,1930549
Australia,AUS,1874,2125629
Australia,AUS,1875,2142736
Australia,AUS,1876,2158161
Australia,AUS,1877,2372097
Australia,AUS,1878,2561644
Australia,AUS,1879,2577875
Australia,AUS,1880,2417483
Australia,AUS,1881,2905113
Australia,AUS,1882,3449765
Australia,AUS,1883,4146751
Australia,AUS,1884,4531928
Australia,AUS,1885,4871322
Australia,AUS,1886,4829301
Australia,AUS,1887,5022818
Australia,AUS,1888,5609240
Australia,AUS,1889,6250296
Australia,AUS,1890,5450851
Australia,AUS,1891,6884677
Australia,AUS,1892,6459545
Australia,AUS,1893,5773102
Australia,AUS,1894,6521718
Australia,AUS,1895,6750805
Australia,AUS,1896,7167209
Australia,AUS,1897,7906717
Australia,AUS,1898,8513916
Australia,AUS,1899,8696603
Australia,AUS,1900,10167600
Australia,AUS,1901,11439008
Australia,AUS,1902,11395040
Australia,AUS,1903,11224408
Australia,AUS,1904,11543990
Australia,AUS,1905,12052433
Australia,AUS,1906,14358062
Australia,AUS,1907,15486985
Australia,AUS,1908,16792072
Australia,AUS,1909,14580129
Australia,AUS,1910,17707020
Australia,AUS,1911,19526794
Australia,AUS,1912,21211162
Australia,AUS,1913,22801300
Australia,AUS,1914,24922456
Australia,AUS,1915,22269420
Australia,AUS,1916,19853626
Australia,AUS,1917,21334476
Australia,AUS,1918,23364628
Australia,AUS,1919,22185334
Australia,AUS,1920,26306108
Australia,AUS,1921,23785314
Australia,AUS,1922,24921644
Australia,AUS,1923,25684384
Australia,AUS,1924,28190650
Australia,AUS,1925,29631932
Australia,AUS,1926,29587222
Australia,AUS,1927,31269102
Australia,AUS,1928,29018580
Australia,AUS,1929,26906062
Australia,AUS,1930,25899494
Australia,AUS,1931,22551372
Australia,AUS,1932,23050902
Australia,AUS,1933,24781530
Australia,AUS,1934,26208724
Australia,AUS,1935,28957930
Australia,AUS,1936,31513688
Australia,AUS,1937,33755788
Australia,AUS,1938,33696736
Australia,AUS,1939,37983664
Australia,AUS,1940,35346490
Australia,AUS,1941,39334720
Australia,AUS,1942,42027110
Australia,AUS,1943,41193708
Australia,AUS,1944,41026970
Australia,AUS,1945,39159604
Australia,AUS,1946,42740160
Australia,AUS,1947,44776696
Australia,AUS,1948,47012696
Australia,AUS,1949,48064290
Australia,AUS,1950,55635580
Australia,AUS,1951,61051396
Australia,AUS,1952,62406330
Australia,AUS,1953,63002892
Australia,AUS,1954,67920610
Australia,AUS,1955,71946230
Australia,AUS,1956,75471416
Australia,AUS,1957,75474500
Australia,AUS,1958,77928984
Australia,AUS,1959,83068130
Australia,AUS,1960,87440610
Australia,AUS,1961,87008340
Australia,AUS,1962,90908610
Australia,AUS,1963,95994510
Australia,AUS,1964,103544750
Australia,AUS,1965,113606344
Australia,AUS,1966,115736220
Australia,AUS,1967,122280584
Australia,AUS,1968,128768060
Australia,AUS,1969,136413540
Australia,AUS,1970,147862780
Australia,AUS,1971,151117890
Australia,AUS,1972,153598260
Australia,AUS,1973,170141920
Australia,AUS,1974,166182740
Australia,AUS,1975,173101520
Australia,AUS,1976,169803060
Australia,AUS,1977,181912910
Australia,AUS,1978,191051580
Australia,AUS,1979,192321940
Australia,AUS,1980,204370200
Australia,AUS,1981,213809920
Australia,AUS,1982,218000900
Australia,AUS,1983,207645390
Australia,AUS,1984,217514610
Australia,AUS,1985,224557460
Australia,AUS,1986,224040290
Australia,AUS,1987,234598320
Australia,AUS,1988,240737040
Australia,AUS,1989,256838110
Australia,AUS,1990,278061000
Australia,AUS,1991,279437380
Australia,AUS,1992,284433440
Australia,AUS,1993,288780400
Australia,AUS,1994,293613280
Australia,AUS,1995,304962300
Australia,AUS,1996,311850880
Australia,AUS,1997,320242530
Australia,AUS,1998,334037800
Australia,AUS,1999,343876200
Australia,AUS,2000,349897630
Australia,AUS,2001,357667780
Australia,AUS,2002,362424930
Australia,AUS,2003,370784420
Australia,AUS,2004,382004900
Australia,AUS,2005,385081500
Australia,AUS,2006,391372540
Australia,AUS,2007,398896260
Australia,AUS,2008,404279300
Australia,AUS,2009,406977100
Australia,AUS,2010,405025950
Australia,AUS,2011,403874400
Australia,AUS,2012,405005120
Australia,AUS,2013,397849900
Australia,AUS,2014,392609600
Australia,AUS,2015,400589200
Australia,AUS,2016,409666340
Australia,AUS,2017,413407840
Australia,AUS,2018,414780580
Australia,AUS,2019,414925300
Australia,AUS,2020,398546900
Australia,AUS,2021,388472300
Australia,AUS,2022,384078430
Australia,AUS,2023,384316060
Australia,AUS,2024,386732380
Austria,AUT,1807,168544
Austria,AUT,1819,252815.98
Austria,AUT,1820,333424
Austria,AUT,1821,359072
Austria,AUT,1822,366400
Austria,AUT,1823,348080
Austria,AUT,1824,399376
Austria,AUT,1825,403040
Austria,AUT,1826,458000
Austria,AUT,1827,476320
Austria,AUT,1828,458000
Austria,AUT,1829,476320
Austria,AUT,1830,494640
Austria,AUT,1831,479984
Austria,AUT,1832,512960.03
Austria,AUT,1833,428688
Austria,AUT,1834,586240
Austria,AUT,1835,633872
Austria,AUT,1836,674176
Austria,AUT,1837,707152
Austria,AUT,1838,850048
Austria,AUT,1839,1058896
Austria,AUT,1840,1168816
Austria,AUT,1841,1319040
Austria,AUT,1842,1458272
Austria,AUT,1843,1267744
Austria,AUT,1844,1593840
Austria,AUT,1845,1799024
Austria,AUT,1846,2114128
Austria,AUT,1847,2081152
Austria,AUT,1848,2333968
Austria,AUT,1849,2260688
Austria,AUT,1850,2326640
Austria,AUT,1851,2333968
Austria,AUT,1852,2810288
Austria,AUT,1853,3224320
Austria,AUT,1854,3176688
Austria,AUT,1855,3700640
Austria,AUT,1856,4231920
Austria,AUT,1857,4873120
Austria,AUT,1858,7243728
Austria,AUT,1859,5866064
Austria,AUT,1860,6148192
Austria,AUT,1861,6379024
Austria,AUT,1862,6353376
Austria,AUT,1863,5877056
Austria,AUT,1864,5074640
Austria,AUT,1865,5353104
Austria,AUT,1866,3594384
Austria,AUT,1867,4913424
Austria,AUT,1868,6071248
Austria,AUT,1869,6485280
Austria,AUT,1870,7364640
Austria,AUT,1871,10141952
Austria,AUT,1872,10006384
Austria,AUT,1873,10728192
Austria,AUT,1874,9152672
Austria,AUT,1875,7859280
Austria,AUT,1876,8090111.5
Austria,AUT,1877,7284032
Austria,AUT,1878,7240064
Austria,AUT,1879,8863216
Austria,AUT,1880,23647456
Austria,AUT,1881,10314160
Austria,AUT,1882,10599952
Austria,AUT,1883,11761440
Austria,AUT,1884,11460992
Austria,AUT,1885,12047232
Austria,AUT,1886,11369392
Austria,AUT,1887,12256080
Austria,AUT,1888,11951968
Austria,AUT,1889,12875296
Austria,AUT,1890,13036512
Austria,AUT,1891,14945456
Austria,AUT,1892,14465472
Austria,AUT,1893,17700784
Austria,AUT,1894,18129472
Austria,AUT,1895,20371840
Austria,AUT,1896,21298832
Austria,AUT,1897,23020912
Austria,AUT,1898,24453536
Austria,AUT,1899,24816272
Austria,AUT,1900,27696176
Austria,AUT,1901,28352032
Austria,AUT,1902,25695632
Austria,AUT,1903,25699296
Austria,AUT,1904,27208864
Austria,AUT,1905,28608512
Austria,AUT,1906,34177790
Austria,AUT,1907,42696590
Austria,AUT,1908,60030976
Austria,AUT,1909,43641904
Austria,AUT,1910,58785216
Austria,AUT,1911,49141570
Austria,AUT,1912,51688050
Austria,AUT,1913,60983616
Austria,AUT,1914,49654530
Austria,AUT,1915,35342944
Austria,AUT,1916,9086720
Austria,AUT,1917,3451488
Austria,AUT,1918,3337904
Austria,AUT,1919,3015472
Austria,AUT,1920,14527760
Austria,AUT,1921,19338592
Austria,AUT,1922,18587472
Austria,AUT,1923,17777728
Austria,AUT,1924,20093376
Austria,AUT,1925,18990512
Austria,AUT,1926,18620448
Austria,AUT,1927,20122688
Austria,AUT,1928,21190466
Austria,AUT,1929,24172726
Austria,AUT,1930,18863498
Austria,AUT,1931,18102606
Austria,AUT,1932,15171198
Austria,AUT,1933,14229847
Austria,AUT,1934,13753408
Austria,AUT,1935,13921714
Austria,AUT,1936,13591954
Austria,AUT,1937,15258836
Austria,AUT,1938,5786503
Austria,AUT,1939,6335720
Austria,AUT,1940,7343022
Austria,AUT,1941,7973112
Austria,AUT,1942,8545348
Austria,AUT,1943,9611216
Austria,AUT,1944,9390832
Austria,AUT,1945,4561680
Austria,AUT,1946,12760137
Austria,AUT,1947,17630040
Austria,AUT,1948,24487262
Austria,AUT,1949,26574256
Austria,AUT,1950,20945440
Austria,AUT,1951,23322830
Austria,AUT,1952,22117730
Austria,AUT,1953,21758514
Austria,AUT,1954,24542354
Austria,AUT,1955,29110290
Austria,AUT,1956,28245288
Austria,AUT,1957,29222774
Austria,AUT,1958,28127150
Austria,AUT,1959,27946542
Austria,AUT,1960,30824784
Austria,AUT,1961,31860686
Austria,AUT,1962,33908950
Austria,AUT,1963,36996856
Austria,AUT,1964,38940580
Austria,AUT,1965,38184520
Austria,AUT,1966,39245444
Austria,AUT,1967,39955876
Austria,AUT,1968,42330116
Austria,AUT,1969,44675230
Austria,AUT,1970,50672004
Austria,AUT,1971,52102070
Austria,AUT,1972,56100684
Austria,AUT,1973,60044836
Austria,AUT,1974,57326936
Austria,AUT,1975,54239144
Austria,AUT,1976,58229440
Austria,AUT,1977,56015676
Austria,AUT,1978,57248468
Austria,AUT,1979,61346972
Austria,AUT,1980,52054240
Austria,AUT,1981,55862204
Austria,AUT,1982,53598264
Austria,AUT,1983,51697550
Austria,AUT,1984,54247024
Austria,AUT,1985,54402960
Austria,AUT,1986,53765172
Austria,AUT,1987,57406892
Austria,AUT,1988,52962868
Austria,AUT,1989,53718110
Austria,AUT,1990,62191450
Austria,AUT,1991,65790084
Austria,AUT,1992,60291068
Austria,AUT,1993,60710530
Austria,AUT,1994,61080120
Austria,AUT,1995,64063036
Austria,AUT,1996,67410310
Austria,AUT,1997,67304890
Austria,AUT,1998,66936904
Austria,AUT,1999,65667700
Austria,AUT,2000,66204024
Austria,AUT,2001,70190730
Austria,AUT,2002,71988380
Austria,AUT,2003,77411930
Austria,AUT,2004,77715920
Austria,AUT,2005,79095480
Austria,AUT,2006,76796200
Austria,AUT,2007,74092160
Austria,AUT,2008,73466480
Austria,AUT,2009,67301760
Austria,AUT,2010,72000250
Austria,AUT,2011,69891710
Austria,AUT,2012,67260344
Austria,AUT,2013,67758860
Austria,AUT,2014,64158736
Austria,AUT,2015,66357780
Austria,AUT,2016,67218740
Austria,AUT,2017,69601480
Austria,AUT,2018,66566510
Austria,AUT,2019,67951230
Austria,AUT,2020,62179828
Austria,AUT,2021,65751344
Austria,AUT,2022,61454140
Austria,AUT,2023,56908956
Austria,AUT,2024,56367656
Azerbaijan,AZE,1830,244
Azerbaijan,AZE,1831,293
Azerbaijan,AZE,1832,195
Azerbaijan,AZE,1833,244
Azerbaijan,AZE,1850,1513
Azerbaijan,AZE,1855,4588
Azerbaijan,AZE,1858,6443
Azerbaijan,AZE,1859,6834
Azerbaijan,AZE,1860,9030
Azerbaijan,AZE,1861,11471
Azerbaijan,AZE,1862,10348
Azerbaijan,AZE,1863,10836
Azerbaijan,AZE,1864,12154
Azerbaijan,AZE,1865,11617
Azerbaijan,AZE,1866,36706
Azerbaijan,AZE,1867,42125
Azerbaijan,AZE,1868,35047
Azerbaijan,AZE,1869,47543
Azerbaijan,AZE,1870,51594
Azerbaijan,AZE,1871,69654
Azerbaijan,AZE,1872,71509
Azerbaijan,AZE,1873,67116
Azerbaijan,AZE,1874,81467
Azerbaijan,AZE,1875,93767
Azerbaijan,AZE,1876,116416
Azerbaijan,AZE,1877,118808
Azerbaijan,AZE,1878,155270
Azerbaijan,AZE,1879,159322
Azerbaijan,AZE,1880,186900
Azerbaijan,AZE,1881,196858
Azerbaijan,AZE,1882,207352
Azerbaijan,AZE,1883,236005
Azerbaijan,AZE,1884,239617
Azerbaijan,AZE,1885,260997
Azerbaijan,AZE,1886,267684
Azerbaijan,AZE,1887,283255
Azerbaijan,AZE,1888,295458
Azerbaijan,AZE,1889,319083
Azerbaijan,AZE,1890,361354
Azerbaijan,AZE,1891,397865
Azerbaijan,AZE,1892,421148
Azerbaijan,AZE,1893,493633
Azerbaijan,AZE,1894,502761
Azerbaijan,AZE,1895,577687
Azerbaijan,AZE,1896,588084
Azerbaijan,AZE,1897,679948
Azerbaijan,AZE,1898,762586
Azerbaijan,AZE,1899,884665
Azerbaijan,AZE,1900,1002154
Azerbaijan,AZE,1901,1028854
Azerbaijan,AZE,1902,993710
Azerbaijan,AZE,1903,972038
Azerbaijan,AZE,1904,1081474
Azerbaijan,AZE,1905,965350
Azerbaijan,AZE,1906,1101096
Azerbaijan,AZE,1907,1233327
Azerbaijan,AZE,1908,1240893
Azerbaijan,AZE,1909,1309913
Azerbaijan,AZE,1910,1284628
Azerbaijan,AZE,1911,1331878
Azerbaijan,AZE,1912,1508723
Azerbaijan,AZE,1913,1638953
Azerbaijan,AZE,1914,1479192
Azerbaijan,AZE,1915,1357699
Azerbaijan,AZE,1916,1447074
Azerbaijan,AZE,1917,1331780
Azerbaijan,AZE,1918,531121
Azerbaijan,AZE,1919,453657
Azerbaijan,AZE,1920,413680
Azerbaijan,AZE,1921,448629
Azerbaijan,AZE,1922,547131
Azerbaijan,AZE,1923,604387
Azerbaijan,AZE,1924,720071
Azerbaijan,AZE,1925,710699
Azerbaijan,AZE,1926,1029732.94
Azerbaijan,AZE,1927,1280235
Azerbaijan,AZE,1928,1409964
Azerbaijan,AZE,1929,1519208
Azerbaijan,AZE,1930,2072706
Azerbaijan,AZE,1931,2491565
Azerbaijan,AZE,1932,2803983
Azerbaijan,AZE,1933,3136463
Azerbaijan,AZE,1934,3790901
Azerbaijan,AZE,1935,4285813
Azerbaijan,AZE,1936,4907672
Azerbaijan,AZE,1937,5022835
Azerbaijan,AZE,1938,5301856
Azerbaijan,AZE,1939,5366987
Azerbaijan,AZE,1940,6432842
Azerbaijan,AZE,1941,5651822
Azerbaijan,AZE,1942,3093641
Azerbaijan,AZE,1943,3228703
Azerbaijan,AZE,1944,4682220
Azerbaijan,AZE,1945,4939774
Azerbaijan,AZE,1946,5539265
Azerbaijan,AZE,1947,6664238
Azerbaijan,AZE,1948,7081391
Azerbaijan,AZE,1949,8046942.5
Azerbaijan,AZE,1950,8958562
Azerbaijan,AZE,1951,9700539
Azerbaijan,AZE,1952,10387678
Azerbaijan,AZE,1953,10988576
Azerbaijan,AZE,1954,11993061
Azerbaijan,AZE,1955,13599574
Azerbaijan,AZE,1956,14926952
Azerbaijan,AZE,1957,16344170
Azerbaijan,AZE,1958,17459154
Azerbaijan,AZE,1959,18360296
Azerbaijan,AZE,1960,19123186
Azerbaijan,AZE,1961,19740956
Azerbaijan,AZE,1962,20741828
Azerbaijan,AZE,1963,22265128
Azerbaijan,AZE,1964,23697204
Azerbaijan,AZE,1965,25146586
Azerbaijan,AZE,1966,26562486
Azerbaijan,AZE,1967,27792428
Azerbaijan,AZE,1968,28591258
Azerbaijan,AZE,1969,29789120
Azerbaijan,AZE,1970,31322516
Azerbaijan,AZE,1971,33259742
Azerbaijan,AZE,1972,35009700
Azerbaijan,AZE,1973,36506640
Azerbaijan,AZE,1974,37916876
Azerbaijan,AZE,1975,39871480
Azerbaijan,AZE,1976,41410064
Azerbaijan,AZE,1977,42823400
Azerbaijan,AZE,1978,44305510
Azerbaijan,AZE,1979,44676224
Azerbaijan,AZE,1980,46427660
Azerbaijan,AZE,1981,45572824
Azerbaijan,AZE,1982,46435732
Azerbaijan,AZE,1983,47105884
Azerbaijan,AZE,1984,47533536
Azerbaijan,AZE,1985,51248280
Azerbaijan,AZE,1986,53371876
Azerbaijan,AZE,1987,50586390
Azerbaijan,AZE,1988,51596316
Azerbaijan,AZE,1989,51586880
Azerbaijan,AZE,1990,51344710
Azerbaijan,AZE,1991,50074016
Azerbaijan,AZE,1992,56174400
Azerbaijan,AZE,1993,48406096
Azerbaijan,AZE,1994,41944856
Azerbaijan,AZE,1995,33309350
Azerbaijan,AZE,1996,31242310
Azerbaijan,AZE,1997,29842898
Azerbaijan,AZE,1998,31784872
Azerbaijan,AZE,1999,28821594
Azerbaijan,AZE,2000,29765310
Azerbaijan,AZE,2001,28415460
Azerbaijan,AZE,2002,28570334
Azerbaijan,AZE,2003,30487584
Azerbaijan,AZE,2004,32253040
Azerbaijan,AZE,2005,34193560
Azerbaijan,AZE,2006,34521828
Azerbaijan,AZE,2007,30036786
Azerbaijan,AZE,2008,33036510
Azerbaijan,AZE,2009,29102576
Azerbaijan,AZE,2010,27549052
Azerbaijan,AZE,2011,30210230
Azerbaijan,AZE,2012,32770066
Azerbaijan,AZE,2013,33558890
Azerbaijan,AZE,2014,34344760
Azerbaijan,AZE,2015,34683330
Azerbaijan,AZE,2016,34726970
Azerbaijan,AZE,2017,34698280
Azerbaijan,AZE,2018,34576230
Azerbaijan,AZE,2019,37752550
Azerbaijan,AZE,2020,36237164
Azerbaijan,AZE,2021,38299644
Azerbaijan,AZE,2022,41174576
Azerbaijan,AZE,2023,42748196
Azerbaijan,AZE,2024,39830140
Bahamas,BHS,1950,54960
Bahamas,BHS,1951,65952
Bahamas,BHS,1952,76944
Bahamas,BHS,1953,80608
Bahamas,BHS,1954,84272
Bahamas,BHS,1955,128240.01
Bahamas,BHS,1956,139232
Bahamas,BHS,1957,175872
Bahamas,BHS,1958,179536
Bahamas,BHS,1959,260144
Bahamas,BHS,1960,410368
Bahamas,BHS,1961,545936
Bahamas,BHS,1962,725472
Bahamas,BHS,1963,707152
Bahamas,BHS,1964,1084544
Bahamas,BHS,1965,1315376
Bahamas,BHS,1966,1091872
Bahamas,BHS,1967,1700996
Bahamas,BHS,1968,1627716
Bahamas,BHS,1969,1740766
Bahamas,BHS,1970,2568770
Bahamas,BHS,1971,6723746
Bahamas,BHS,1972,6481298
Bahamas,BHS,1973,7862745
Bahamas,BHS,1974,7379751
Bahamas,BHS,1975,8246118.5
Bahamas,BHS,1976,6457283
Bahamas,BHS,1977,9708627
Bahamas,BHS,1978,6596632
Bahamas,BHS,1979,6914908
Bahamas,BHS,1980,7971148
Bahamas,BHS,1981,2798367
Bahamas,BHS,1982,2258293
Bahamas,BHS,1983,2014300.1
Bahamas,BHS,1984,1853984
Bahamas,BHS,1985,1509568
Bahamas,BHS,1986,1410640
Bahamas,BHS,1987,1421632
Bahamas,BHS,1988,1538880
Bahamas,BHS,1989,1945584
Bahamas,BHS,1990,2022527.9
Bahamas,BHS,1991,1996880
Bahamas,BHS,1992,1868640
Bahamas,BHS,1993,1744064
Bahamas,BHS,1994,1769712
Bahamas,BHS,1995,1839328
Bahamas,BHS,1996,1813680
Bahamas,BHS,1997,1608496
Bahamas,BHS,1998,1989552
Bahamas,BHS,1999,2033520
Bahamas,BHS,2000,2026192
Bahamas,BHS,2001,1945584
Bahamas,BHS,2002,2033520
Bahamas,BHS,2003,2070159.9
Bahamas,BHS,2004,2048176
Bahamas,BHS,2005,1905280
Bahamas,BHS,2006,1853984
Bahamas,BHS,2007,1872304
Bahamas,BHS,2008,1919936
Bahamas,BHS,2009,2154432
Bahamas,BHS,2010,2231376
Bahamas,BHS,2011,2110464
Bahamas,BHS,2012,2048176
Bahamas,BHS,2013,1993216
Bahamas,BHS,2014,2062832.1
Bahamas,BHS,2015,2231376
Bahamas,BHS,2016,2246032
Bahamas,BHS,2017,2520832
Bahamas,BHS,2018,2454880
Bahamas,BHS,2019,2520832
Bahamas,BHS,2020,2051840.1
Bahamas,BHS,2021,2726016
Bahamas,BHS,2022,2961983
Bahamas,BHS,2023,2956122
Bahamas,BHS,2024,3069679
Bahrain,BHR,1933,10992
Bahrain,BHR,1934,120912
Bahrain,BHR,1935,531280
Bahrain,BHR,1936,1949248
Bahrain,BHR,1937,3253632
Bahrain,BHR,1938,3477136
Bahrain,BHR,1939,3184016
Bahrain,BHR,1940,2967840
Bahrain,BHR,1941,2850592
Bahrain,BHR,1942,2616096
Bahrain,BHR,1943,2758992
Bahrain,BHR,1944,2817616
Bahrain,BHR,1945,3063104
Bahrain,BHR,1946,3359888
Bahrain,BHR,1947,3949792
Bahrain,BHR,1948,4576336
Bahrain,BHR,1949,4609312
Bahrain,BHR,1950,1381328
Bahrain,BHR,1951,1176144
Bahrain,BHR,1952,1286064
Bahrain,BHR,1953,996608
Bahrain,BHR,1954,1044240
Bahrain,BHR,1955,1403312
Bahrain,BHR,1956,1055232
Bahrain,BHR,1957,754784
Bahrain,BHR,1958,1289728
Bahrain,BHR,1959,1311712
Bahrain,BHR,1960,575248
Bahrain,BHR,1961,1769712
Bahrain,BHR,1962,1590176
Bahrain,BHR,1963,1194464
Bahrain,BHR,1964,1597504
Bahrain,BHR,1965,1227440
Bahrain,BHR,1966,648528
Bahrain,BHR,1967,1003936.06
Bahrain,BHR,1968,1102864
Bahrain,BHR,1969,1271408
Bahrain,BHR,1970,2590448
Bahrain,BHR,1971,3037456
Bahrain,BHR,1972,3678656
Bahrain,BHR,1973,5517984
Bahrain,BHR,1974,5400736
Bahrain,BHR,1975,5748816
Bahrain,BHR,1976,6569552
Bahrain,BHR,1977,7463568
Bahrain,BHR,1978,7760352
Bahrain,BHR,1979,8126752
Bahrain,BHR,1980,7881264
Bahrain,BHR,1981,8518800
Bahrain,BHR,1982,9830512
Bahrain,BHR,1983,8222016.5
Bahrain,BHR,1984,9200304
Bahrain,BHR,1985,10185920
Bahrain,BHR,1986,11002992
Bahrain,BHR,1987,11420688
Bahrain,BHR,1988,12076521
Bahrain,BHR,1989,11651520
Bahrain,BHR,1990,11493968
Bahrain,BHR,1991,11329088
Bahrain,BHR,1992,10402063
Bahrain,BHR,1993,16748144
Bahrain,BHR,1994,14351888
Bahrain,BHR,1995,14743936
Bahrain,BHR,1996,15942064
Bahrain,BHR,1997,17220784
Bahrain,BHR,1998,18276032
Bahrain,BHR,1999,18254048
Bahrain,BHR,2000,19199360
Bahrain,BHR,2001,19679344
Bahrain,BHR,2002,20111696
Bahrain,BHR,2003,20976400
Bahrain,BHR,2004,21203568
Bahrain,BHR,2005,24486512
Bahrain,BHR,2006,24035840
Bahrain,BHR,2007,26626288
Bahrain,BHR,2008,29524512
Bahrain,BHR,2009,28137678
Bahrain,BHR,2010,29142510
Bahrain,BHR,2011,28544122
Bahrain,BHR,2012,27202492
Bahrain,BHR,2013,31228270
Bahrain,BHR,2014,30970746
Bahrain,BHR,2015,32520614
Bahrain,BHR,2016,31635436
Bahrain,BHR,2017,32916580
Bahrain,BHR,2018,32698486
Bahrain,BHR,2019,37616144
Bahrain,BHR,2020,37429270
Bahrain,BHR,2021,36265130
Bahrain,BHR,2022,37826840
Bahrain,BHR,2023,38786692
Bahrain,BHR,2024,39003456
Bangladesh,BGD,1946,117474
Bangladesh,BGD,1947,121485
Bangladesh,BGD,1948,134077
Bangladesh,BGD,1949,190233
Bangladesh,BGD,1950,993068
Bangladesh,BGD,1951,1226293
Bangladesh,BGD,1952,1295057
Bangladesh,BGD,1953,1317977
Bangladesh,BGD,1954,1338604
Bangladesh,BGD,1955,1379291
Bangladesh,BGD,1956,1634291
Bangladesh,BGD,1957,1688719
Bangladesh,BGD,1958,1896161
Bangladesh,BGD,1959,1840007
Bangladesh,BGD,1960,2211905
Bangladesh,BGD,1961,2290410
Bangladesh,BGD,1962,2516756
Bangladesh,BGD,1963,2893242
Bangladesh,BGD,1964,2974612
Bangladesh,BGD,1965,3121306
Bangladesh,BGD,1966,3176314
Bangladesh,BGD,1967,3371142
Bangladesh,BGD,1968,3865666
Bangladesh,BGD,1969,3749327
Bangladesh,BGD,1970,3803195
Bangladesh,BGD,1971,3605832
Bangladesh,BGD,1972,3505921
Bangladesh,BGD,1973,4549694
Bangladesh,BGD,1974,4653084
Bangladesh,BGD,1975,4856723
Bangladesh,BGD,1976,5555798
Bangladesh,BGD,1977,5784754
Bangladesh,BGD,1978,5984423
Bangladesh,BGD,1979,6612648
Bangladesh,BGD,1980,7597219
Bangladesh,BGD,1981,7886136
Bangladesh,BGD,1982,8552288
Bangladesh,BGD,1983,8188282
Bangladesh,BGD,1984,9077160
Bangladesh,BGD,1985,10189161
Bangladesh,BGD,1986,11405807
Bangladesh,BGD,1987,11799727
Bangladesh,BGD,1988,13478441
Bangladesh,BGD,1989,13382363
Bangladesh,BGD,1990,14081596
Bangladesh,BGD,1991,14752975
Bangladesh,BGD,1992,15390896
Bangladesh,BGD,1993,16073917
Bangladesh,BGD,1994,17552698
Bangladesh,BGD,1995,21056370
Bangladesh,BGD,1996,21507472
Bangladesh,BGD,1997,23144114
Bangladesh,BGD,1998,23216120
Bangladesh,BGD,1999,25093308
Bangladesh,BGD,2000,26539266
Bangladesh,BGD,2001,31064220
Bangladesh,BGD,2002,32006890
Bangladesh,BGD,2003,33495934
Bangladesh,BGD,2004,35978172
Bangladesh,BGD,2005,37716676
Bangladesh,BGD,2006,41725810
Bangladesh,BGD,2007,42675104
Bangladesh,BGD,2008,45341492
Bangladesh,BGD,2009,49188376
Bangladesh,BGD,2010,54035524
Bangladesh,BGD,2011,55592710
Bangladesh,BGD,2012,59703860
Bangladesh,BGD,2013,64762796
Bangladesh,BGD,2014,67551890
Bangladesh,BGD,2015,76946130
Bangladesh,BGD,2016,81761160
Bangladesh,BGD,2017,86530870
Bangladesh,BGD,2018,86608110
Bangladesh,BGD,2019,94807690
Bangladesh,BGD,2020,95729090
Bangladesh,BGD,2021,98530280
Bangladesh,BGD,2022,102147410
Bangladesh,BGD,2023,104526670
Bangladesh,BGD,2024,108317880
Barbados,BRB,1928,3664
Barbados,BRB,1929,3664
Barbados,BRB,1930,7328
Barbados,BRB,1931,3664
Barbados,BRB,1932,3664
Barbados,BRB,1933,3664
Barbados,BRB,1934,3664
Barbados,BRB,1939,3664
Barbados,BRB,1947,3664
Barbados,BRB,1948,3664
Barbados,BRB,1949,3664
Barbados,BRB,1950,73280
Barbados,BRB,1951,109920
Barbados,BRB,1952,87936
Barbados,BRB,1953,109920
Barbados,BRB,1954,113584
Barbados,BRB,1955,128240.01
Barbados,BRB,1956,128240.01
Barbados,BRB,1957,135568
Barbados,BRB,1958,150224
Barbados,BRB,1959,150224
Barbados,BRB,1960,172208
Barbados,BRB,1961,194192
Barbados,BRB,1962,260144
Barbados,BRB,1963,190528
Barbados,BRB,1964,179536
Barbados,BRB,1965,205184
Barbados,BRB,1966,267472
Barbados,BRB,1967,337088
Barbados,BRB,1968,439680
Barbados,BRB,1969,479984
Barbados,BRB,1970,428688
Barbados,BRB,1971,483648
Barbados,BRB,1972,501968.03
Barbados,BRB,1973,479984
Barbados,BRB,1974,490976
Barbados,BRB,1975,567920
Barbados,BRB,1976,531280
Barbados,BRB,1977,589904
Barbados,BRB,1978,630208
Barbados,BRB,1979,600896
Barbados,BRB,1980,674176
Barbados,BRB,1981,685168
Barbados,BRB,1982,644864
Barbados,BRB,1983,685168
Barbados,BRB,1984,746995
Barbados,BRB,1985,845711
Barbados,BRB,1986,915407
Barbados,BRB,1987,941049
Barbados,BRB,1988,944787
Barbados,BRB,1989,988686
Barbados,BRB,1990,1037106.06
Barbados,BRB,1991,1183679
Barbados,BRB,1992,1164214
Barbados,BRB,1993,935647
Barbados,BRB,1994,940022
Barbados,BRB,1995,1022811.06
Barbados,BRB,1996,1049680
Barbados,BRB,1997,1155708
Barbados,BRB,1998,1227699
Barbados,BRB,1999,1301683
Barbados,BRB,2000,1309144
Barbados,BRB,2001,1307472
Barbados,BRB,2002,1316816
Barbados,BRB,2003,1358456
Barbados,BRB,2004,1386768
Barbados,BRB,2005,1429072
Barbados,BRB,2006,1471040
Barbados,BRB,2007,1469040
Barbados,BRB,2008,1733427
Barbados,BRB,2009,1699727
Barbados,BRB,2010,1566600
Barbados,BRB,2011,1626242
Barbados,BRB,2012,1554216
Barbados,BRB,2013,1539832
Barbados,BRB,2014,1367624
Barbados,BRB,2015,1334648
Barbados,BRB,2016,1371455
Barbados,BRB,2017,1399244
Barbados,BRB,2018,1446876
Barbados,BRB,2019,1391916
Barbados,BRB,2020,1255533
Barbados,BRB,2021,1190120
Barbados,BRB,2022,1314983
Barbados,BRB,2023,1316733
Barbados,BRB,2024,1365171
Belarus,BLR,1830,511
Belarus,BLR,1831,613
Belarus,BLR,1832,409
Belarus,BLR,1833,511
Belarus,BLR,1850,3168
Belarus,BLR,1855,9606
Belarus,BLR,1858,13489
Belarus,BLR,1859,14307
Belarus,BLR,1860,18906
Belarus,BLR,1861,24015
Belarus,BLR,1862,21665
Belarus,BLR,1863,22687
Belarus,BLR,1864,25446
Belarus,BLR,1865,24322
Belarus,BLR,1866,76849
Belarus,BLR,1867,88192
Belarus,BLR,1868,73374
Belarus,BLR,1869,99535
Belarus,BLR,1870,108017
Belarus,BLR,1871,145829
Belarus,BLR,1872,149712
Belarus,BLR,1873,140515
Belarus,BLR,1874,170559
Belarus,BLR,1875,196312
Belarus,BLR,1876,243729
Belarus,BLR,1877,248736
Belarus,BLR,1878,325074
Belarus,BLR,1879,333556
Belarus,BLR,1880,391295
Belarus,BLR,1881,412142
Belarus,BLR,1882,434113
Belarus,BLR,1883,494100
Belarus,BLR,1884,501663.03
Belarus,BLR,1885,546423
Belarus,BLR,1886,560423
Belarus,BLR,1887,593023
Belarus,BLR,1888,618571
Belarus,BLR,1889,668032
Belarus,BLR,1890,756531
Belarus,BLR,1891,832970
Belarus,BLR,1892,881716
Belarus,BLR,1893,1033471.94
Belarus,BLR,1894,1052582
Belarus,BLR,1895,1209447
Belarus,BLR,1896,1231214
Belarus,BLR,1897,1423540
Belarus,BLR,1898,1596552
Belarus,BLR,1899,1852135
Belarus,BLR,1900,2098113
Belarus,BLR,1901,2154012
Belarus,BLR,1902,2080432.9
Belarus,BLR,1903,2035059.9
Belarus,BLR,1904,2264175
Belarus,BLR,1905,2021060
Belarus,BLR,1906,2305257
Belarus,BLR,1907,2582096
Belarus,BLR,1908,2597936
Belarus,BLR,1909,2742436
Belarus,BLR,1910,2689500
Belarus,BLR,1911,2788422
Belarus,BLR,1912,3158666
Belarus,BLR,1913,3431315
Belarus,BLR,1914,3096839
Belarus,BLR,1915,2842482
Belarus,BLR,1916,3029597
Belarus,BLR,1917,2788218
Belarus,BLR,1918,1111956
Belarus,BLR,1919,949776
Belarus,BLR,1920,866081
Belarus,BLR,1921,939251
Belarus,BLR,1922,1145475
Belarus,BLR,1923,1265347
Belarus,BLR,1924,1507543
Belarus,BLR,1925,1487922
Belarus,BLR,1926,2155851
Belarus,BLR,1927,2680303
Belarus,BLR,1928,2970066
Belarus,BLR,1929,3200218
Belarus,BLR,1930,4358864
Belarus,BLR,1931,5236817
Belarus,BLR,1932,5895352
Belarus,BLR,1933,6587938
Belarus,BLR,1934,7966201
Belarus,BLR,1935,9012832
Belarus,BLR,1936,10329386
Belarus,BLR,1937,10565591
Belarus,BLR,1938,11151948
Belarus,BLR,1939,11288673
Belarus,BLR,1940,13528873
Belarus,BLR,1941,11890851
Belarus,BLR,1942,6476854
Belarus,BLR,1943,6759620
Belarus,BLR,1944,9802706
Belarus,BLR,1945,10364529
Belarus,BLR,1946,11638443
Belarus,BLR,1947,14010009
Belarus,BLR,1948,14900760
Belarus,BLR,1949,16937430
Belarus,BLR,1950,18870222
Belarus,BLR,1951,20444678
Belarus,BLR,1952,21895726
Belarus,BLR,1953,23166014
Belarus,BLR,1954,25296262
Belarus,BLR,1955,28685956
Belarus,BLR,1956,31465822
Belarus,BLR,1957,34438150
Belarus,BLR,1958,36768036
Belarus,BLR,1959,38662124
Belarus,BLR,1960,40263400
Belarus,BLR,1961,41541856
Belarus,BLR,1962,43630440
Belarus,BLR,1963,46807244
Belarus,BLR,1964,49790092
Belarus,BLR,1965,52824548
Belarus,BLR,1966,55796012
Belarus,BLR,1967,58374456
Belarus,BLR,1968,60043610
Belarus,BLR,1969,62553236
Belarus,BLR,1970,65814240
Belarus,BLR,1971,69849470
Belarus,BLR,1972,73510540
Belarus,BLR,1973,76638616
Belarus,BLR,1974,79582660
Belarus,BLR,1975,83657496
Belarus,BLR,1976,86838810
Belarus,BLR,1977,89766536
Belarus,BLR,1978,92850000
Belarus,BLR,1979,93584760
Belarus,BLR,1980,97225990
Belarus,BLR,1981,95395336
Belarus,BLR,1982,97167080
Belarus,BLR,1983,98525040
Belarus,BLR,1984,99363976
Belarus,BLR,1985,107089720
Belarus,BLR,1986,121533370
Belarus,BLR,1987,111861910
Belarus,BLR,1988,114892630
Belarus,BLR,1989,109199576
Belarus,BLR,1990,108458880
Belarus,BLR,1991,104185950
Belarus,BLR,1992,93596920
Belarus,BLR,1993,80674480
Belarus,BLR,1994,67989830
Belarus,BLR,1995,61014530
Belarus,BLR,1996,61843570
Belarus,BLR,1997,61697460
Belarus,BLR,1998,60184024
Belarus,BLR,1999,58075780
Belarus,BLR,2000,55014468
Belarus,BLR,2001,54104692
Belarus,BLR,2002,53944120
Belarus,BLR,2003,55236252
Belarus,BLR,2004,58372804
Belarus,BLR,2005,59396210
Belarus,BLR,2006,61809496
Belarus,BLR,2007,60275660
Belarus,BLR,2008,62931132
Belarus,BLR,2009,60628340
Belarus,BLR,2010,62515440
Belarus,BLR,2011,61353236
Belarus,BLR,2012,62591696
Belarus,BLR,2013,64151856
Belarus,BLR,2014,63699212
Belarus,BLR,2015,58827810
Belarus,BLR,2016,58188064
Belarus,BLR,2017,59444372
Belarus,BLR,2018,62170668
Belarus,BLR,2019,62170636
Belarus,BLR,2020,59122900
Belarus,BLR,2021,60861080
Belarus,BLR,2022,57120548
Belarus,BLR,2023,55736064
Belarus,BLR,2024,55818416
Belgium,BEL,1802,6397344
Belgium,BEL,1830,6195824
Belgium,BEL,1831,4462752
Belgium,BEL,1832,4715568
Belgium,BEL,1833,4565344
Belgium,BEL,1834,4407792
Belgium,BEL,1835,4759536
Belgium,BEL,1836,5598592
Belgium,BEL,1837,5997968
Belgium,BEL,1838,6122544
Belgium,BEL,1839,6708784
Belgium,BEL,1840,7727376
Belgium,BEL,1841,7390288
Belgium,BEL,1842,7679744
Belgium,BEL,1843,7111824
Belgium,BEL,1844,7800656
Belgium,BEL,1845,8218352.5
Belgium,BEL,1846,8965808
Belgium,BEL,1847,9317552
Belgium,BEL,1848,8284303.5
Belgium,BEL,1849,8734976
Belgium,BEL,1850,9332208
Belgium,BEL,1851,10167600
Belgium,BEL,1852,11409696
Belgium,BEL,1853,11787088
Belgium,BEL,1854,13058496
Belgium,BEL,1855,13377264
Belgium,BEL,1856,13212384
Belgium,BEL,1857,13754656
Belgium,BEL,1858,14450816
Belgium,BEL,1859,14897824
Belgium,BEL,1860,15212928
Belgium,BEL,1861,16458689
Belgium,BEL,1862,16345104
Belgium,BEL,1863,17228128
Belgium,BEL,1864,18081840
Belgium,BEL,1865,19060128
Belgium,BEL,1866,20529392
Belgium,BEL,1867,22233152
Belgium,BEL,1868,20100704
Belgium,BEL,1869,21650576
Belgium,BEL,1870,24746656
Belgium,BEL,1871,23717072
Belgium,BEL,1872,25589376
Belgium,BEL,1873,28106544
Belgium,BEL,1874,25915472
Belgium,BEL,1875,26930400
Belgium,BEL,1876,26318512
Belgium,BEL,1877,25050768
Belgium,BEL,1878,27238176
Belgium,BEL,1879,27732816
Belgium,BEL,1880,30425856
Belgium,BEL,1881,30631040
Belgium,BEL,1882,32437394
Belgium,BEL,1883,34382976
Belgium,BEL,1884,33870016
Belgium,BEL,1885,33082256
Belgium,BEL,1886,32103970
Belgium,BEL,1887,33968944
Belgium,BEL,1888,36053760
Belgium,BEL,1889,36834190
Belgium,BEL,1890,39824016
Belgium,BEL,1891,37779504
Belgium,BEL,1892,37728210
Belgium,BEL,1893,36075744
Belgium,BEL,1894,39831344
Belgium,BEL,1895,40131790
Belgium,BEL,1896,42278896
Belgium,BEL,1897,43744496
Belgium,BEL,1898,45085520
Belgium,BEL,1899,47126370
Belgium,BEL,1900,49665520
Belgium,BEL,1901,46708670
Belgium,BEL,1902,48855776
Belgium,BEL,1903,52629696
Belgium,BEL,1904,50350690
Belgium,BEL,1905,50266416
Belgium,BEL,1906,57495490
Belgium,BEL,1907,58323550
Belgium,BEL,1908,57847230
Belgium,BEL,1909,57762960
Belgium,BEL,1910,61287730
Belgium,BEL,1911,61687104
Belgium,BEL,1912,64775856
Belgium,BEL,1913,68014830
Belgium,BEL,1914,40575136
Belgium,BEL,1915,34419616
Belgium,BEL,1916,45792670
Belgium,BEL,1917,36247950
Belgium,BEL,1918,33723456
Belgium,BEL,1919,44869344
Belgium,BEL,1920,55154190
Belgium,BEL,1921,50533890
Belgium,BEL,1922,55908976
Belgium,BEL,1923,71884020
Belgium,BEL,1924,76255170
Belgium,BEL,1925,78039540
Belgium,BEL,1926,77684130
Belgium,BEL,1927,90475150
Belgium,BEL,1928,88246130
Belgium,BEL,1929,96954620
Belgium,BEL,1930,93672490
Belgium,BEL,1931,84122810
Belgium,BEL,1932,67713210
Belgium,BEL,1933,72656570
Belgium,BEL,1934,74957770
Belgium,BEL,1935,71640630
Belgium,BEL,1936,75003560
Belgium,BEL,1937,90298120
Belgium,BEL,1938,79119070
Belgium,BEL,1939,73709370
Belgium,BEL,1940,62103940
Belgium,BEL,1941,65183670
Belgium,BEL,1942,61076828
Belgium,BEL,1943,57852690
Belgium,BEL,1944,33138442
Belgium,BEL,1945,38755176
Belgium,BEL,1946,56410636
Belgium,BEL,1947,82030070
Belgium,BEL,1948,85057290
Belgium,BEL,1949,80772050
Belgium,BEL,1950,76204230
Belgium,BEL,1951,89457100
Belgium,BEL,1952,83467630
Belgium,BEL,1953,82381010
Belgium,BEL,1954,85741900
Belgium,BEL,1955,92024380
Belgium,BEL,1956,96787704
Belgium,BEL,1957,96494410
Belgium,BEL,1958,87692430
Belgium,BEL,1959,88317430
Belgium,BEL,1960,90915416
Belgium,BEL,1961,92702050
Belgium,BEL,1962,98025630
Belgium,BEL,1963,105687304
Belgium,BEL,1964,103561320
Belgium,BEL,1965,105334560
Belgium,BEL,1966,105103976
Belgium,BEL,1967,107364670
Belgium,BEL,1968,118441240
Belgium,BEL,1969,123495420
Belgium,BEL,1970,125497690
Belgium,BEL,1971,121374170
Belgium,BEL,1972,130641340
Belgium,BEL,1973,138642740
Belgium,BEL,1974,134953760
Belgium,BEL,1975,121823130
Belgium,BEL,1976,129681256
Belgium,BEL,1977,126199330
Belgium,BEL,1978,135450180
Belgium,BEL,1979,139786620
Belgium,BEL,1980,134835890
Belgium,BEL,1981,123577290
Belgium,BEL,1982,117109240
Belgium,BEL,1983,101205500
Belgium,BEL,1984,104970210
Belgium,BEL,1985,104011816
Belgium,BEL,1986,102374090
Belgium,BEL,1987,102592376
Belgium,BEL,1988,99750140
Belgium,BEL,1989,106792200
Belgium,BEL,1990,120335410
Belgium,BEL,1991,123396216
Belgium,BEL,1992,122519256
Belgium,BEL,1993,121451200
Belgium,BEL,1994,124833050
Belgium,BEL,1995,125969300
Belgium,BEL,1996,129503280
Belgium,BEL,1997,124017384
Belgium,BEL,1998,130255750
Belgium,BEL,1999,124718600
Belgium,BEL,2000,126775704
Belgium,BEL,2001,126085030
Belgium,BEL,2002,126883144
Belgium,BEL,2003,128292040
Belgium,BEL,2004,128811736
Belgium,BEL,2005,125657690
Belgium,BEL,2006,123900460
Belgium,BEL,2007,120493400
Belgium,BEL,2008,120204350
Belgium,BEL,2009,107806790
Belgium,BEL,2010,114562660
Belgium,BEL,2011,105158970
Belgium,BEL,2012,102486240
Belgium,BEL,2013,102815960
Belgium,BEL,2014,97080950
Belgium,BEL,2015,101327496
Belgium,BEL,2016,99816290
Belgium,BEL,2017,99282190
Belgium,BEL,2018,100256370
Belgium,BEL,2019,99798730
Belgium,BEL,2020,91254550
Belgium,BEL,2021,94928070
Belgium,BEL,2022,88914970
Belgium,BEL,2023,84703360
Belgium,BEL,2024,85456200
Belize,BLZ,1950,18320
Belize,BLZ,1951,25648
Belize,BLZ,1952,25648
Belize,BLZ,1953,29312
Belize,BLZ,1954,29312
Belize,BLZ,1955,29312
Belize,BLZ,1956,29312
Belize,BLZ,1957,29312
Belize,BLZ,1958,40304
Belize,BLZ,1959,40304
Belize,BLZ,1960,43968
Belize,BLZ,1961,36640
Belize,BLZ,1962,69616
Belize,BLZ,1963,62288
Belize,BLZ,1964,84272
Belize,BLZ,1965,84272
Belize,BLZ,1966,80608
Belize,BLZ,1967,120912
Belize,BLZ,1968,102592
Belize,BLZ,1969,135568
Belize,BLZ,1970,120912
Belize,BLZ,1971,142896
Belize,BLZ,1972,157552
Belize,BLZ,1973,146560
Belize,BLZ,1974,153888
Belize,BLZ,1975,175872
Belize,BLZ,1976,175872
Belize,BLZ,1977,197856
Belize,BLZ,1978,216176
Belize,BLZ,1979,208848
Belize,BLZ,1980,190528
Belize,BLZ,1981,183200
Belize,BLZ,1982,172208
Belize,BLZ,1983,172208
Belize,BLZ,1984,172208
Belize,BLZ,1985,190528
Belize,BLZ,1986,205184
Belize,BLZ,1987,227168
Belize,BLZ,1988,249152
Belize,BLZ,1989,300448
Belize,BLZ,1990,311440
Belize,BLZ,1991,406704
Belize,BLZ,1992,355408
Belize,BLZ,1993,377392
Belize,BLZ,1994,373728
Belize,BLZ,1995,377392
Belize,BLZ,1996,307776
Belize,BLZ,1997,388384
Belize,BLZ,1998,370064
Belize,BLZ,1999,348080
Belize,BLZ,2000,395712
Belize,BLZ,2001,447008
Belize,BLZ,2002,432352
Belize,BLZ,2003,432352
Belize,BLZ,2004,392048
Belize,BLZ,2005,417696
Belize,BLZ,2006,443344
Belize,BLZ,2007,472656
Belize,BLZ,2008,432352
Belize,BLZ,2009,512960.03
Belize,BLZ,2010,538608
Belize,BLZ,2011,571584
Belize,BLZ,2012,472656
Belize,BLZ,2013,472656
Belize,BLZ,2014,501968.03
Belize,BLZ,2015,685168
Belize,BLZ,2016,674176
Belize,BLZ,2017,666848
Belize,BLZ,2018,659540
Belize,BLZ,2019,769440
Belize,BLZ,2020,653636
Belize,BLZ,2021,693630
Belize,BLZ,2022,723761
Belize,BLZ,2023,766451
Belize,BLZ,2024,796027
Benin,BEN,1950,137812
Benin,BEN,1951,115233
Benin,BEN,1952,128858
Benin,BEN,1953,107057
Benin,BEN,1954,126132.99
Benin,BEN,1955,125744
Benin,BEN,1956,145598
Benin,BEN,1957,149102
Benin,BEN,1958,124576
Benin,BEN,1959,102592
Benin,BEN,1960,161216
Benin,BEN,1961,128240.01
Benin,BEN,1962,135568
Benin,BEN,1963,120912
Benin,BEN,1964,142896
Benin,BEN,1965,150224
Benin,BEN,1966,113584
Benin,BEN,1967,142896
Benin,BEN,1968,153888
Benin,BEN,1969,201520
Benin,BEN,1970,282128
Benin,BEN,1971,293120
Benin,BEN,1972,388384
Benin,BEN,1973,381056
Benin,BEN,1974,406704
Benin,BEN,1975,443344
Benin,BEN,1976,260144
Benin,BEN,1977,296784
Benin,BEN,1978,362736
Benin,BEN,1979,366400
Benin,BEN,1980,479826
Benin,BEN,1981,387291
Benin,BEN,1982,442545
Benin,BEN,1983,404411
Benin,BEN,1984,448296
Benin,BEN,1985,686373
Benin,BEN,1986,624003
Benin,BEN,1987,473696
Benin,BEN,1988,508050.03
Benin,BEN,1989,570164
Benin,BEN,1990,579346
Benin,BEN,1991,619650
Benin,BEN,1992,670946
Benin,BEN,1993,807422
Benin,BEN,1994,911527
Benin,BEN,1995,956267
Benin,BEN,1996,1183806
Benin,BEN,1997,1223975
Benin,BEN,1998,1113856
Benin,BEN,1999,1461936
Benin,BEN,2000,1472928
Benin,BEN,2001,1689104
Benin,BEN,2002,2110055
Benin,BEN,2003,2393998
Benin,BEN,2004,2593600
Benin,BEN,2005,2489730
Benin,BEN,2006,3351106
Benin,BEN,2007,3930960
Benin,BEN,2008,3918994
Benin,BEN,2009,4224517
Benin,BEN,2010,4679390
Benin,BEN,2011,4479719
Benin,BEN,2012,4402539
Benin,BEN,2013,4565975
Benin,BEN,2014,4774016
Benin,BEN,2015,5318238
Benin,BEN,2016,5310542
Benin,BEN,2017,5555002
Benin,BEN,2018,5668449
Benin,BEN,2019,5272598
Benin,BEN,2020,5540920
Benin,BEN,2021,5805787
Benin,BEN,2022,6092278
Benin,BEN,2023,5927823
Benin,BEN,2024,6066339
Bermuda,BMU,1950,43968
Bermuda,BMU,1951,58624
Bermuda,BMU,1952,106256
Bermuda,BMU,1953,91600
Bermuda,BMU,1954,84272
Bermuda,BMU,1955,109920
Bermuda,BMU,1956,135568
Bermuda,BMU,1957,139232
Bermuda,BMU,1958,146560
Bermuda,BMU,1959,135568
Bermuda,BMU,1960,157552
Bermuda,BMU,1961,175872
Bermuda,BMU,1962,157552
Bermuda,BMU,1963,150224
Bermuda,BMU,1964,201520
Bermuda,BMU,1965,179536
Bermuda,BMU,1966,201520
Bermuda,BMU,1967,212512
Bermuda,BMU,1968,223504
Bermuda,BMU,1969,197856
Bermuda,BMU,1970,227168
Bermuda,BMU,1971,230832
Bermuda,BMU,1972,252815.98
Bermuda,BMU,1973,425024
Bermuda,BMU,1974,443344
Bermuda,BMU,1975,458000
Bermuda,BMU,1976,468992
Bermuda,BMU,1977,454336
Bermuda,BMU,1978,425024
Bermuda,BMU,1979,461664
Bermuda,BMU,1980,436016
Bermuda,BMU,1981,388384
Bermuda,BMU,1982,395712
Bermuda,BMU,1983,450672
Bermuda,BMU,1984,443344
Bermuda,BMU,1985,450672
Bermuda,BMU,1986,421360
Bermuda,BMU,1987,571584
Bermuda,BMU,1988,644864
Bermuda,BMU,1989,780432
Bermuda,BMU,1990,501968.03
Bermuda,BMU,1991,538608
Bermuda,BMU,1992,461664
Bermuda,BMU,1993,538608
Bermuda,BMU,1994,531280
Bermuda,BMU,1995,531280
Bermuda,BMU,1996,527616
Bermuda,BMU,1997,523952
Bermuda,BMU,1998,520288
Bermuda,BMU,1999,512960.03
Bermuda,BMU,2000,516623.97
Bermuda,BMU,2001,527616
Bermuda,BMU,2002,556928
Bermuda,BMU,2003,560592
Bermuda,BMU,2004,582576
Bermuda,BMU,2005,582576
Bermuda,BMU,2006,655856
Bermuda,BMU,2007,729136
Bermuda,BMU,2008,644864
Bermuda,BMU,2009,472656
Bermuda,BMU,2010,604560
Bermuda,BMU,2011,443344
Bermuda,BMU,2012,366400
Bermuda,BMU,2013,534944
Bermuda,BMU,2014,666848
Bermuda,BMU,2015,542272
Bermuda,BMU,2016,615552
Bermuda,BMU,2017,641200
Bermuda,BMU,2018,696160
Bermuda,BMU,2019,593568
Bermuda,BMU,2020,436016
Bermuda,BMU,2021,516623.97
Bermuda,BMU,2022,530727
Bermuda,BMU,2023,529653
Bermuda,BMU,2024,550001
Bhutan,BTN,1970,3664
Bhutan,BTN,1971,3664
Bhutan,BTN,1972,3664
Bhutan,BTN,1973,3664
Bhutan,BTN,1974,3664
Bhutan,BTN,1975,3664
Bhutan,BTN,1976,3664
Bhutan,BTN,1977,7328
Bhutan,BTN,1978,10992
Bhutan,BTN,1979,21984
Bhutan,BTN,1980,21984
Bhutan,BTN,1981,55349
Bhutan,BTN,1982,62680.996
Bhutan,BTN,1983,86749
Bhutan,BTN,1984,108740
Bhutan,BTN,1985,119740
Bhutan,BTN,1986,112419
Bhutan,BTN,1987,160059
Bhutan,BTN,1988,167395
Bhutan,BTN,1989,119770
Bhutan,BTN,1990,185730
Bhutan,BTN,1991,185738
Bhutan,BTN,1992,215057
Bhutan,BTN,1993,181786
Bhutan,BTN,1994,212410
Bhutan,BTN,1995,248966
Bhutan,BTN,1996,298272
Bhutan,BTN,1997,390105
Bhutan,BTN,1998,385183
Bhutan,BTN,1999,385869
Bhutan,BTN,2000,396871
Bhutan,BTN,2001,463541
Bhutan,BTN,2002,494002
Bhutan,BTN,2003,494012
Bhutan,BTN,2004,436153
Bhutan,BTN,2005,546084
Bhutan,BTN,2006,411117
Bhutan,BTN,2007,397186
Bhutan,BTN,2008,646350
Bhutan,BTN,2009,683001
Bhutan,BTN,2010,905464
Bhutan,BTN,2011,1006822.94
Bhutan,BTN,2012,1150018
Bhutan,BTN,2013,1268971
Bhutan,BTN,2014,1332335
Bhutan,BTN,2015,1433898
Bhutan,BTN,2016,1560270
Bhutan,BTN,2017,1649287
Bhutan,BTN,2018,1681916
Bhutan,BTN,2019,1564881
Bhutan,BTN,2020,1213662
Bhutan,BTN,2021,1454682
Bhutan,BTN,2022,1549593
Bhutan,BTN,2023,1629648
Bhutan,BTN,2024,1657416
Bolivia,BOL,1862,3978
Bolivia,BOL,1864,931
Bolivia,BOL,1865,5781
Bolivia,BOL,1866,1924
Bolivia,BOL,1867,2362
Bolivia,BOL,1868,5668
Bolivia,BOL,1869,3704
Bolivia,BOL,1870,2021
Bolivia,BOL,1871,5371
Bolivia,BOL,1872,10310
Bolivia,BOL,1873,13937
Bolivia,BOL,1874,8289
Bolivia,BOL,1875,10511
Bolivia,BOL,1876,16840
Bolivia,BOL,1877,12560
Bolivia,BOL,1878,22168
Bolivia,BOL,1879,28290
Bolivia,BOL,1880,34307
Bolivia,BOL,1881,43040
Bolivia,BOL,1882,51542
Bolivia,BOL,1883,43661
Bolivia,BOL,1884,54104
Bolivia,BOL,1885,37882
Bolivia,BOL,1886,21196
Bolivia,BOL,1887,33378
Bolivia,BOL,1888,43632
Bolivia,BOL,1915,26020
Bolivia,BOL,1916,110386
Bolivia,BOL,1917,91112
Bolivia,BOL,1918,92641
Bolivia,BOL,1919,63819.996
Bolivia,BOL,1920,102928
Bolivia,BOL,1921,71553
Bolivia,BOL,1922,57218
Bolivia,BOL,1923,70411
Bolivia,BOL,1924,71219
Bolivia,BOL,1925,40288
Bolivia,BOL,1926,60342
Bolivia,BOL,1927,77757
Bolivia,BOL,1928,92291
Bolivia,BOL,1929,60205
Bolivia,BOL,1930,82668
Bolivia,BOL,1931,16533
Bolivia,BOL,1932,50976
Bolivia,BOL,1933,63373
Bolivia,BOL,1934,86099
Bolivia,BOL,1935,78204
Bolivia,BOL,1936,49683
Bolivia,BOL,1937,58757
Bolivia,BOL,1938,150078
Bolivia,BOL,1939,153175
Bolivia,BOL,1940,181742
Bolivia,BOL,1941,217179
Bolivia,BOL,1942,212036
Bolivia,BOL,1943,223030
Bolivia,BOL,1944,234814
Bolivia,BOL,1945,210534
Bolivia,BOL,1946,218515
Bolivia,BOL,1947,191363
Bolivia,BOL,1948,224174
Bolivia,BOL,1949,319904
Bolivia,BOL,1950,516896
Bolivia,BOL,1951,461515
Bolivia,BOL,1952,512811
Bolivia,BOL,1953,538459
Bolivia,BOL,1954,787641
Bolivia,BOL,1955,930507
Bolivia,BOL,1956,1106409
Bolivia,BOL,1957,1003847
Bolivia,BOL,1958,915882
Bolivia,BOL,1959,948857
Bolivia,BOL,1960,1003787.06
Bolivia,BOL,1961,1040398
Bolivia,BOL,1962,1098992
Bolivia,BOL,1963,1212547
Bolivia,BOL,1964,1479989
Bolivia,BOL,1965,1509330
Bolivia,BOL,1966,1688837
Bolivia,BOL,1967,1890386
Bolivia,BOL,1968,2176118
Bolivia,BOL,1969,2546154
Bolivia,BOL,1970,2483717
Bolivia,BOL,1971,3058935
Bolivia,BOL,1972,3568142
Bolivia,BOL,1973,3454469
Bolivia,BOL,1974,3512944
Bolivia,BOL,1975,4054978.8
Bolivia,BOL,1976,4575109
Bolivia,BOL,1977,4475530
Bolivia,BOL,1978,5021126
Bolivia,BOL,1979,4731349
Bolivia,BOL,1980,4660842
Bolivia,BOL,1981,4783898
Bolivia,BOL,1982,4340744
Bolivia,BOL,1983,4281503
Bolivia,BOL,1984,4032625.2
Bolivia,BOL,1985,4114618.8
Bolivia,BOL,1986,3767794
Bolivia,BOL,1987,4017859
Bolivia,BOL,1988,4294312
Bolivia,BOL,1989,4977477
Bolivia,BOL,1990,10017548
Bolivia,BOL,1991,10505752
Bolivia,BOL,1992,11025174
Bolivia,BOL,1993,11561578
Bolivia,BOL,1994,9649576
Bolivia,BOL,1995,9028558
Bolivia,BOL,1996,10027261
Bolivia,BOL,1997,11732910
Bolivia,BOL,1998,11264037
Bolivia,BOL,1999,10950275
Bolivia,BOL,2000,8442282
Bolivia,BOL,2001,8752278
Bolivia,BOL,2002,10414980
Bolivia,BOL,2003,10983067
Bolivia,BOL,2004,11051123
Bolivia,BOL,2005,12336852
Bolivia,BOL,2006,12368667
Bolivia,BOL,2007,12740015
Bolivia,BOL,2008,13027696
Bolivia,BOL,2009,13633147
Bolivia,BOL,2010,14808615
Bolivia,BOL,2011,16051197
Bolivia,BOL,2012,17574666
Bolivia,BOL,2013,17777708
Bolivia,BOL,2014,19900322
Bolivia,BOL,2015,19899728
Bolivia,BOL,2016,21249604
Bolivia,BOL,2017,22181584
Bolivia,BOL,2018,22508872
Bolivia,BOL,2019,22609254
Bolivia,BOL,2020,18320192
Bolivia,BOL,2021,21766604
Bolivia,BOL,2022,23488206
Bolivia,BOL,2023,24620520
Bolivia,BOL,2024,28708664
Bonaire Sint Eustatius and Saba,BES,1926,0
Bonaire Sint Eustatius and Saba,BES,1927,0
Bonaire Sint Eustatius and Saba,BES,1928,0
Bonaire Sint Eustatius and Saba,BES,1929,0
Bonaire Sint Eustatius and Saba,BES,1930,0
Bonaire Sint Eustatius and Saba,BES,1931,0
Bonaire Sint Eustatius and Saba,BES,1932,0
Bonaire Sint Eustatius and Saba,BES,1933,0
Bonaire Sint Eustatius and Saba,BES,1934,0
Bonaire Sint Eustatius and Saba,BES,1935,0
Bonaire Sint Eustatius and Saba,BES,1936,0
Bonaire Sint Eustatius and Saba,BES,1937,0
Bonaire Sint Eustatius and Saba,BES,1938,0
Bonaire Sint Eustatius and Saba,BES,1939,0
Bonaire Sint Eustatius and Saba,BES,1940,0
Bonaire Sint Eustatius and Saba,BES,1941,0
Bonaire Sint Eustatius and Saba,BES,1942,0
Bonaire Sint Eustatius and Saba,BES,1943,0
Bonaire Sint Eustatius and Saba,BES,1944,0
Bonaire Sint Eustatius and Saba,BES,1945,0
Bonaire Sint Eustatius and Saba,BES,1946,0
Bonaire Sint Eustatius and Saba,BES,1947,0
Bonaire Sint Eustatius and Saba,BES,1948,0
Bonaire Sint Eustatius and Saba,BES,1949,0
Bonaire Sint Eustatius and Saba,BES,1950,114359
Bonaire Sint Eustatius and Saba,BES,1951,180359
Bonaire Sint Eustatius and Saba,BES,1952,104139
Bonaire Sint Eustatius and Saba,BES,1953,120525
Bonaire Sint Eustatius and Saba,BES,1954,243790
Bonaire Sint Eustatius and Saba,BES,1955,201655
Bonaire Sint Eustatius and Saba,BES,1956,260804
Bonaire Sint Eustatius and Saba,BES,1957,178132
Bonaire Sint Eustatius and Saba,BES,1958,156037
Bonaire Sint Eustatius and Saba,BES,1959,200855
Bonaire Sint Eustatius and Saba,BES,1960,172708
Bonaire Sint Eustatius and Saba,BES,1961,180245
Bonaire Sint Eustatius and Saba,BES,1962,197944
Bonaire Sint Eustatius and Saba,BES,1963,189608
Bonaire Sint Eustatius and Saba,BES,1964,184355
Bonaire Sint Eustatius and Saba,BES,1965,165400
Bonaire Sint Eustatius and Saba,BES,1966,154667
Bonaire Sint Eustatius and Saba,BES,1967,190521
Bonaire Sint Eustatius and Saba,BES,1968,177162
Bonaire Sint Eustatius and Saba,BES,1969,231857
Bonaire Sint Eustatius and Saba,BES,1970,259319
Bonaire Sint Eustatius and Saba,BES,1971,225691
Bonaire Sint Eustatius and Saba,BES,1972,218840
Bonaire Sint Eustatius and Saba,BES,1973,242762
Bonaire Sint Eustatius and Saba,BES,1974,220039
Bonaire Sint Eustatius and Saba,BES,1975,159348
Bonaire Sint Eustatius and Saba,BES,1976,340392
Bonaire Sint Eustatius and Saba,BES,1977,177790
Bonaire Sint Eustatius and Saba,BES,1978,151412
Bonaire Sint Eustatius and Saba,BES,1979,158834
Bonaire Sint Eustatius and Saba,BES,1980,163459
Bonaire Sint Eustatius and Saba,BES,1981,155694
Bonaire Sint Eustatius and Saba,BES,1982,174078
Bonaire Sint Eustatius and Saba,BES,1983,89466
Bonaire Sint Eustatius and Saba,BES,1984,223407
Bonaire Sint Eustatius and Saba,BES,1985,261489
Bonaire Sint Eustatius and Saba,BES,1986,50128
Bonaire Sint Eustatius and Saba,BES,1987,44565
Bonaire Sint Eustatius and Saba,BES,1988,43900
Bonaire Sint Eustatius and Saba,BES,1989,83567
Bonaire Sint Eustatius and Saba,BES,1990,89493
Bonaire Sint Eustatius and Saba,BES,1991,71413
Bonaire Sint Eustatius and Saba,BES,1992,58836
Bonaire Sint Eustatius and Saba,BES,1993,90823
Bonaire Sint Eustatius and Saba,BES,1994,87074
Bonaire Sint Eustatius and Saba,BES,1995,86167
Bonaire Sint Eustatius and Saba,BES,1996,80604
Bonaire Sint Eustatius and Saba,BES,1997,84353
Bonaire Sint Eustatius and Saba,BES,1998,4656
Bonaire Sint Eustatius and Saba,BES,1999,34890
Bonaire Sint Eustatius and Saba,BES,2000,92577
Bonaire Sint Eustatius and Saba,BES,2001,94270
Bonaire Sint Eustatius and Saba,BES,2002,90884
Bonaire Sint Eustatius and Saba,BES,2003,90944
Bonaire Sint Eustatius and Saba,BES,2004,95419
Bonaire Sint Eustatius and Saba,BES,2005,94572
Bonaire Sint Eustatius and Saba,BES,2006,98563
Bonaire Sint Eustatius and Saba,BES,2007,110959
Bonaire Sint Eustatius and Saba,BES,2008,106727
Bonaire Sint Eustatius and Saba,BES,2009,109206
Bonaire Sint Eustatius and Saba,BES,2010,75223
Bonaire Sint Eustatius and Saba,BES,2011,95963
Bonaire Sint Eustatius and Saba,BES,2012,117248
Bonaire Sint Eustatius and Saba,BES,2013,113584
Bonaire Sint Eustatius and Saba,BES,2014,117248
Bonaire Sint Eustatius and Saba,BES,2015,128240.01
Bonaire Sint Eustatius and Saba,BES,2016,131904
Bonaire Sint Eustatius and Saba,BES,2017,139232
Bonaire Sint Eustatius and Saba,BES,2018,131904
Bonaire Sint Eustatius and Saba,BES,2019,139232
Bonaire Sint Eustatius and Saba,BES,2020,131904
Bonaire Sint Eustatius and Saba,BES,2021,139232
Bonaire Sint Eustatius and Saba,BES,2022,146560
Bonaire Sint Eustatius and Saba,BES,2023,146264
Bonaire Sint Eustatius and Saba,BES,2024,151882
Bosnia and Herzegovina,BIH,1885,4513
Bosnia and Herzegovina,BIH,1890,13538
Bosnia and Herzegovina,BIH,1891,15794
Bosnia and Herzegovina,BIH,1892,17486
Bosnia and Herzegovina,BIH,1893,31024
Bosnia and Herzegovina,BIH,1894,59228
Bosnia and Herzegovina,BIH,1895,59228
Bosnia and Herzegovina,BIH,1896,65997
Bosnia and Herzegovina,BIH,1897,51331
Bosnia and Herzegovina,BIH,1898,77842
Bosnia and Herzegovina,BIH,1899,90816
Bosnia and Herzegovina,BIH,1900,122968
Bosnia and Herzegovina,BIH,1901,134249
Bosnia and Herzegovina,BIH,1902,125788
Bosnia and Herzegovina,BIH,1903,136506
Bosnia and Herzegovina,BIH,1904,145531
Bosnia and Herzegovina,BIH,1905,157940
Bosnia and Herzegovina,BIH,1906,188964
Bosnia and Herzegovina,BIH,1907,192349
Bosnia and Herzegovina,BIH,1908,207015
Bosnia and Herzegovina,BIH,1909,212656
Bosnia and Herzegovina,BIH,1910,210399
Bosnia and Herzegovina,BIH,1911,227886
Bosnia and Herzegovina,BIH,1912,233526
Bosnia and Herzegovina,BIH,1913,641351
Bosnia and Herzegovina,BIH,1919,459720
Bosnia and Herzegovina,BIH,1920,610327
Bosnia and Herzegovina,BIH,1921,649812
Bosnia and Herzegovina,BIH,1922,944258
Bosnia and Herzegovina,BIH,1923,1029997
Bosnia and Herzegovina,BIH,1924,1055945
Bosnia and Herzegovina,BIH,1925,1159170
Bosnia and Herzegovina,BIH,1926,1128710
Bosnia and Herzegovina,BIH,1927,1275369
Bosnia and Herzegovina,BIH,1928,1448861
Bosnia and Herzegovina,BIH,1929,1579969
Bosnia and Herzegovina,BIH,1930,1486897
Bosnia and Herzegovina,BIH,1931,1374436
Bosnia and Herzegovina,BIH,1932,1253070
Bosnia and Herzegovina,BIH,1933,1159428
Bosnia and Herzegovina,BIH,1934,1206818
Bosnia and Herzegovina,BIH,1935,1263273
Bosnia and Herzegovina,BIH,1936,1245728
Bosnia and Herzegovina,BIH,1937,1387864
Bosnia and Herzegovina,BIH,1938,1314569
Bosnia and Herzegovina,BIH,1939,1379417
Bosnia and Herzegovina,BIH,1940,1586174
Bosnia and Herzegovina,BIH,1943,56244
Bosnia and Herzegovina,BIH,1944,14102
Bosnia and Herzegovina,BIH,1945,801599
Bosnia and Herzegovina,BIH,1946,1584146
Bosnia and Herzegovina,BIH,1947,2204318
Bosnia and Herzegovina,BIH,1948,2484644
Bosnia and Herzegovina,BIH,1949,2838355
Bosnia and Herzegovina,BIH,1950,2719317
Bosnia and Herzegovina,BIH,1951,2573763
Bosnia and Herzegovina,BIH,1952,2585105
Bosnia and Herzegovina,BIH,1953,2567045
Bosnia and Herzegovina,BIH,1954,3063472
Bosnia and Herzegovina,BIH,1955,3509159
Bosnia and Herzegovina,BIH,1956,4013431
Bosnia and Herzegovina,BIH,1957,4358258
Bosnia and Herzegovina,BIH,1958,4293385
Bosnia and Herzegovina,BIH,1959,4925810
Bosnia and Herzegovina,BIH,1960,5381659
Bosnia and Herzegovina,BIH,1961,5645622
Bosnia and Herzegovina,BIH,1962,5793484
Bosnia and Herzegovina,BIH,1963,6445125
Bosnia and Herzegovina,BIH,1964,7302033
Bosnia and Herzegovina,BIH,1965,7513601
Bosnia and Herzegovina,BIH,1966,7445411
Bosnia and Herzegovina,BIH,1967,7520487
Bosnia and Herzegovina,BIH,1968,8043586.5
Bosnia and Herzegovina,BIH,1969,8340376
Bosnia and Herzegovina,BIH,1970,10898070
Bosnia and Herzegovina,BIH,1971,11745568
Bosnia and Herzegovina,BIH,1972,11007961
Bosnia and Herzegovina,BIH,1973,13149553
Bosnia and Herzegovina,BIH,1974,13206350
Bosnia and Herzegovina,BIH,1975,13780342
Bosnia and Herzegovina,BIH,1976,14221507
Bosnia and Herzegovina,BIH,1977,13829974
Bosnia and Herzegovina,BIH,1978,15452787
Bosnia and Herzegovina,BIH,1979,16806128
Bosnia and Herzegovina,BIH,1980,16523752
Bosnia and Herzegovina,BIH,1981,17982970
Bosnia and Herzegovina,BIH,1982,16518715
Bosnia and Herzegovina,BIH,1983,17787872
Bosnia and Herzegovina,BIH,1984,18759304
Bosnia and Herzegovina,BIH,1985,19135500
Bosnia and Herzegovina,BIH,1986,19983062
Bosnia and Herzegovina,BIH,1987,19508412
Bosnia and Herzegovina,BIH,1988,20129572
Bosnia and Herzegovina,BIH,1989,20067720
Bosnia and Herzegovina,BIH,1990,19872074
Bosnia and Herzegovina,BIH,1991,14059958
Bosnia and Herzegovina,BIH,1992,15028713
Bosnia and Herzegovina,BIH,1993,12580576
Bosnia and Herzegovina,BIH,1994,3204952
Bosnia and Herzegovina,BIH,1995,3405593
Bosnia and Herzegovina,BIH,1996,4239503
Bosnia and Herzegovina,BIH,1997,8365764.5
Bosnia and Herzegovina,BIH,1998,10550597
Bosnia and Herzegovina,BIH,1999,10333251
Bosnia and Herzegovina,BIH,2000,13702133
Bosnia and Herzegovina,BIH,2001,13262733
Bosnia and Herzegovina,BIH,2002,14172601
Bosnia and Herzegovina,BIH,2003,14358120
Bosnia and Herzegovina,BIH,2004,15462454
Bosnia and Herzegovina,BIH,2005,16046078
Bosnia and Herzegovina,BIH,2006,17386820
Bosnia and Herzegovina,BIH,2007,17474332
Bosnia and Herzegovina,BIH,2008,19955086
Bosnia and Herzegovina,BIH,2009,20537094
Bosnia and Herzegovina,BIH,2010,21145704
Bosnia and Herzegovina,BIH,2011,23764900
Bosnia and Herzegovina,BIH,2012,22137784
Bosnia and Herzegovina,BIH,2013,21801106
Bosnia and Herzegovina,BIH,2014,19311786
Bosnia and Herzegovina,BIH,2015,18460492
Bosnia and Herzegovina,BIH,2016,21734072
Bosnia and Herzegovina,BIH,2017,22152510
Bosnia and Herzegovina,BIH,2018,22078696
Bosnia and Herzegovina,BIH,2019,20810378
Bosnia and Herzegovina,BIH,2020,20831812
Bosnia and Herzegovina,BIH,2021,21267650
Bosnia and Herzegovina,BIH,2022,20742836
Bosnia and Herzegovina,BIH,2023,19881310
Bosnia and Herzegovina,BIH,2024,19425932
Botswana,BWA,1972,21984
Botswana,BWA,1973,51296
Botswana,BWA,1974,87936
Botswana,BWA,1975,186864
Botswana,BWA,1976,593568
Botswana,BWA,1977,780432
Botswana,BWA,1978,831728
Botswana,BWA,1979,941648
Botswana,BWA,1980,1403446
Botswana,BWA,1981,1407600
Botswana,BWA,1982,1399200
Botswana,BWA,1983,1329584
Botswana,BWA,1984,1344240
Botswana,BWA,1985,1657824
Botswana,BWA,1986,1566224
Botswana,BWA,1987,1838432
Botswana,BWA,1988,2000720
Botswana,BWA,1989,2228960
Botswana,BWA,1990,2700368
Botswana,BWA,1991,2634416
Botswana,BWA,1992,2777312
Botswana,BWA,1993,3195008
Botswana,BWA,1994,3030128
Botswana,BWA,1995,3044784
Botswana,BWA,1996,2755328
Botswana,BWA,1997,2799296
Botswana,BWA,1998,3341568
Botswana,BWA,1999,3158368
Botswana,BWA,2000,3777584
Botswana,BWA,2001,3847200
Botswana,BWA,2002,3975440
Botswana,BWA,2003,3825216
Botswana,BWA,2004,3894832
Botswana,BWA,2005,4096352
Botswana,BWA,2006,4132991.8
Botswana,BWA,2007,4228256
Botswana,BWA,2008,4503056
Botswana,BWA,2009,3855444
Botswana,BWA,2010,4537275
Botswana,BWA,2011,4028802
Botswana,BWA,2012,5076711
Botswana,BWA,2013,5663055
Botswana,BWA,2014,6850164
Botswana,BWA,2015,5417540
Botswana,BWA,2016,6340873
Botswana,BWA,2017,7066344
Botswana,BWA,2018,7643491
Botswana,BWA,2019,7485552
Botswana,BWA,2020,6192160
Botswana,BWA,2021,6683136
Botswana,BWA,2022,7395755
Botswana,BWA,2023,7248677
Botswana,BWA,2024,7461599
Brazil,BRA,1856,227193
Brazil,BRA,1857,269048
Brazil,BRA,1858,284547
Brazil,BRA,1859,372714
Brazil,BRA,1860,434898
Brazil,BRA,1861,410068
Brazil,BRA,1862,355327
Brazil,BRA,1863,425965
Brazil,BRA,1864,479584
Brazil,BRA,1865,571897
Brazil,BRA,1866,646022
Brazil,BRA,1867,554700
Brazil,BRA,1868,752482
Brazil,BRA,1869,605044
Brazil,BRA,1870,698167
Brazil,BRA,1871,844686
Brazil,BRA,1872,858380
Brazil,BRA,1873,1029011
Brazil,BRA,1874,996022
Brazil,BRA,1875,939750
Brazil,BRA,1876,843065
Brazil,BRA,1877,878429
Brazil,BRA,1878,949458
Brazil,BRA,1879,808030
Brazil,BRA,1880,923420
Brazil,BRA,1881,1031042
Brazil,BRA,1882,948135
Brazil,BRA,1883,1170254
Brazil,BRA,1884,1282615
Brazil,BRA,1885,1215464
Brazil,BRA,1886,1236031
Brazil,BRA,1887,1315565
Brazil,BRA,1888,1283198
Brazil,BRA,1889,1860401
Brazil,BRA,1890,1713533
Brazil,BRA,1891,2072020
Brazil,BRA,1892,2145624
Brazil,BRA,1893,1969636
Brazil,BRA,1894,2308266
Brazil,BRA,1895,2188105
Brazil,BRA,1896,2615588
Brazil,BRA,1897,2734326
Brazil,BRA,1898,2681303
Brazil,BRA,1899,2612972
Brazil,BRA,1900,2272218
Brazil,BRA,1901,2314927
Brazil,BRA,1902,2554500
Brazil,BRA,1903,2442213
Brazil,BRA,1904,2639233
Brazil,BRA,1905,2871745
Brazil,BRA,1906,3248124
Brazil,BRA,1907,3722012
Brazil,BRA,1908,3729627
Brazil,BRA,1909,3825869
Brazil,BRA,1910,4584790
Brazil,BRA,1911,5383972
Brazil,BRA,1912,5477784
Brazil,BRA,1913,6107222
Brazil,BRA,1914,4657949
Brazil,BRA,1915,3211753
Brazil,BRA,1916,2735087
Brazil,BRA,1917,2840131
Brazil,BRA,1918,2656656
Brazil,BRA,1919,2967940
Brazil,BRA,1920,3964006
Brazil,BRA,1921,2886595
Brazil,BRA,1922,4026874
Brazil,BRA,1923,4792903
Brazil,BRA,1924,5319118
Brazil,BRA,1925,5341588
Brazil,BRA,1926,5469600
Brazil,BRA,1927,6038804
Brazil,BRA,1928,6083169
Brazil,BRA,1929,6337248
Brazil,BRA,1930,5787529
Brazil,BRA,1931,4772610
Brazil,BRA,1932,4780363
Brazil,BRA,1933,5177471
Brazil,BRA,1934,5158075
Brazil,BRA,1935,5378230
Brazil,BRA,1936,5617306
Brazil,BRA,1937,6731251
Brazil,BRA,1938,7179338
Brazil,BRA,1939,5614746
Brazil,BRA,1940,5654414
Brazil,BRA,1941,6280670
Brazil,BRA,1942,5866699
Brazil,BRA,1943,6474923
Brazil,BRA,1944,5895771
Brazil,BRA,1945,6822912
Brazil,BRA,1946,7460241
Brazil,BRA,1947,8947467
Brazil,BRA,1948,7847465
Brazil,BRA,1949,7366800
Brazil,BRA,1950,19659072
Brazil,BRA,1951,21659348
Brazil,BRA,1952,24934310
Brazil,BRA,1953,25218440
Brazil,BRA,1954,29675626
Brazil,BRA,1955,34023692
Brazil,BRA,1956,36608456
Brazil,BRA,1957,35977396
Brazil,BRA,1958,39053930
Brazil,BRA,1959,39017080
Brazil,BRA,1960,46851820
Brazil,BRA,1961,49134936
Brazil,BRA,1962,53610856
Brazil,BRA,1963,55519376
Brazil,BRA,1964,56621016
Brazil,BRA,1965,56272604
Brazil,BRA,1966,64153876
Brazil,BRA,1967,66021996
Brazil,BRA,1968,77210430
Brazil,BRA,1969,84071830
Brazil,BRA,1970,93466984
Brazil,BRA,1971,102313960
Brazil,BRA,1972,113992010
Brazil,BRA,1973,132029210
Brazil,BRA,1974,142980540
Brazil,BRA,1975,150287150
Brazil,BRA,1976,154561870
Brazil,BRA,1977,162313580
Brazil,BRA,1978,177060600
Brazil,BRA,1979,187727740
Brazil,BRA,1980,186127380
Brazil,BRA,1981,171261920
Brazil,BRA,1982,171439150
Brazil,BRA,1983,165851310
Brazil,BRA,1984,167524240
Brazil,BRA,1985,180064830
Brazil,BRA,1986,197183400
Brazil,BRA,1987,205911790
Brazil,BRA,1988,207640260
Brazil,BRA,1989,212015970
Brazil,BRA,1990,218657680
Brazil,BRA,1991,229393580
Brazil,BRA,1992,233600860
Brazil,BRA,1993,244305540
Brazil,BRA,1994,254002260
Brazil,BRA,1995,268677540
Brazil,BRA,1996,289310900
Brazil,BRA,1997,306949060
Brazil,BRA,1998,317359420
Brazil,BRA,1999,327255650
Brazil,BRA,2000,340182820
Brazil,BRA,2001,346165730
Brazil,BRA,2002,347764960
Brazil,BRA,2003,344644930
Brazil,BRA,2004,361434020
Brazil,BRA,2005,364370560
Brazil,BRA,2006,368870940
Brazil,BRA,2007,390573440
Brazil,BRA,2008,412637860
Brazil,BRA,2009,389775330
Brazil,BRA,2010,440269060
Brazil,BRA,2011,461911330
Brazil,BRA,2012,497468200
Brazil,BRA,2013,531568830
Brazil,BRA,2014,556525500
Brazil,BRA,2015,528173540
Brazil,BRA,2016,491744830
Brazil,BRA,2017,497254560
Brazil,BRA,2018,476600540
Brazil,BRA,2019,476723740
Brazil,BRA,2020,447999400
Brazil,BRA,2021,496562000
Brazil,BRA,2022,480058300
Brazil,BRA,2023,483991940
Brazil,BRA,2024,483011550
British Virgin Islands,VGB,1962,3664
British Virgin Islands,VGB,1963,3664
British Virgin Islands,VGB,1964,7328
British Virgin Islands,VGB,1965,7328
British Virgin Islands,VGB,1966,10992
British Virgin Islands,VGB,1967,3664
British Virgin Islands,VGB,1968,14656
British Virgin Islands,VGB,1969,18320
British Virgin Islands,VGB,1970,18320
British Virgin Islands,VGB,1971,21984
British Virgin Islands,VGB,1972,21984
British Virgin Islands,VGB,1973,25648
British Virgin Islands,VGB,1974,25648
British Virgin Islands,VGB,1975,25648
British Virgin Islands,VGB,1976,25648
British Virgin Islands,VGB,1977,29312
British Virgin Islands,VGB,1978,29312
British Virgin Islands,VGB,1979,29312
British Virgin Islands,VGB,1980,29312
British Virgin Islands,VGB,1981,43968
British Virgin Islands,VGB,1982,36640
British Virgin Islands,VGB,1983,40304
British Virgin Islands,VGB,1984,40304
British Virgin Islands,VGB,1985,47632
British Virgin Islands,VGB,1986,54960
British Virgin Islands,VGB,1987,62288
British Virgin Islands,VGB,1988,65952
British Virgin Islands,VGB,1989,65952
British Virgin Islands,VGB,1990,65952
British Virgin Islands,VGB,1991,73280
British Virgin Islands,VGB,1992,80608
British Virgin Islands,VGB,1993,84272
British Virgin Islands,VGB,1994,87936
British Virgin Islands,VGB,1995,87936
British Virgin Islands,VGB,1996,98928
British Virgin Islands,VGB,1997,102592
British Virgin Islands,VGB,1998,102592
British Virgin Islands,VGB,1999,113584
British Virgin Islands,VGB,2000,117248
British Virgin Islands,VGB,2001,128240.01
British Virgin Islands,VGB,2002,139232
British Virgin Islands,VGB,2003,146560
British Virgin Islands,VGB,2004,153888
British Virgin Islands,VGB,2005,164880
British Virgin Islands,VGB,2006,179536
British Virgin Islands,VGB,2007,183200
British Virgin Islands,VGB,2008,190528
British Virgin Islands,VGB,2009,194192
British Virgin Islands,VGB,2010,212512
British Virgin Islands,VGB,2011,208848
British Virgin Islands,VGB,2012,208848
British Virgin Islands,VGB,2013,212512
British Virgin Islands,VGB,2014,216176
British Virgin Islands,VGB,2015,223504
British Virgin Islands,VGB,2016,227168
British Virgin Islands,VGB,2017,179536
British Virgin Islands,VGB,2018,157552
British Virgin Islands,VGB,2019,183200
British Virgin Islands,VGB,2020,179536
British Virgin Islands,VGB,2021,183200
British Virgin Islands,VGB,2022,185761
British Virgin Islands,VGB,2023,185385
British Virgin Islands,VGB,2024,192507
Brunei,BRN,1933,3664
Brunei,BRN,1934,43968
Brunei,BRN,1935,25648
Brunei,BRN,1936,76944
Brunei,BRN,1937,205184
Brunei,BRN,1938,216176
Brunei,BRN,1939,2627088
Brunei,BRN,1940,2960512
Brunei,BRN,1941,1967568
Brunei,BRN,1942,1245760
Brunei,BRN,1943,1872304
Brunei,BRN,1944,2495184
Brunei,BRN,1945,919664
Brunei,BRN,1946,945312
Brunei,BRN,1947,5353104
Brunei,BRN,1948,80608
Brunei,BRN,1949,11468320
Brunei,BRN,1950,414032
Brunei,BRN,1951,300448
Brunei,BRN,1952,322432
Brunei,BRN,1953,344416
Brunei,BRN,1954,359072
Brunei,BRN,1955,300448
Brunei,BRN,1956,296784
Brunei,BRN,1957,293120
Brunei,BRN,1958,318768
Brunei,BRN,1959,326096
Brunei,BRN,1960,333424
Brunei,BRN,1961,304112
Brunei,BRN,1962,370064
Brunei,BRN,1963,355408
Brunei,BRN,1964,340752
Brunei,BRN,1965,333424
Brunei,BRN,1966,490976
Brunei,BRN,1967,439680
Brunei,BRN,1968,428688
Brunei,BRN,1969,487312
Brunei,BRN,1970,8203696.5
Brunei,BRN,1971,7511200
Brunei,BRN,1972,9453120
Brunei,BRN,1973,9973408
Brunei,BRN,1974,8178048
Brunei,BRN,1975,7075184
Brunei,BRN,1976,6019952
Brunei,BRN,1977,6390016
Brunei,BRN,1978,9533728
Brunei,BRN,1979,7434256
Brunei,BRN,1980,6877328
Brunei,BRN,1981,2059168.1
Brunei,BRN,1982,2664731
Brunei,BRN,1983,2733344
Brunei,BRN,1984,1916272
Brunei,BRN,1985,2594112
Brunei,BRN,1986,2297328
Brunei,BRN,1987,3315920
Brunei,BRN,1988,5712176
Brunei,BRN,1989,6342384
Brunei,BRN,1990,5008688
Brunei,BRN,1991,6826032
Brunei,BRN,1992,6668480
Brunei,BRN,1993,5851408
Brunei,BRN,1994,5292824
Brunei,BRN,1995,5884485
Brunei,BRN,1996,5962526
Brunei,BRN,1997,6178846
Brunei,BRN,1998,5595279
Brunei,BRN,1999,5978051
Brunei,BRN,2000,5886176
Brunei,BRN,2001,5757950
Brunei,BRN,2002,5285426
Brunei,BRN,2003,6139636
Brunei,BRN,2004,5966673
Brunei,BRN,2005,5428519
Brunei,BRN,2006,7143688
Brunei,BRN,2007,8076697.5
Brunei,BRN,2008,9165561
Brunei,BRN,2009,7744925
Brunei,BRN,2010,8017381.5
Brunei,BRN,2011,9555439
Brunei,BRN,2012,9499828
Brunei,BRN,2013,7626055
Brunei,BRN,2014,8830992
Brunei,BRN,2015,6933290
Brunei,BRN,2016,7632908
Brunei,BRN,2017,9309384
Brunei,BRN,2018,9341090
Brunei,BRN,2019,9564189
Brunei,BRN,2020,11157091
Brunei,BRN,2021,11708841
Brunei,BRN,2022,12237038
Brunei,BRN,2023,12502692
Brunei,BRN,2024,12052463
Bulgaria,BGR,1881,3664
Bulgaria,BGR,1882,3664
Bulgaria,BGR,1883,7328
Bulgaria,BGR,1884,10992
Bulgaria,BGR,1885,7328
Bulgaria,BGR,1886,7328
Bulgaria,BGR,1887,10992
Bulgaria,BGR,1888,18320
Bulgaria,BGR,1889,25648
Bulgaria,BGR,1890,32976
Bulgaria,BGR,1891,40304
Bulgaria,BGR,1892,47632
Bulgaria,BGR,1893,62288
Bulgaria,BGR,1894,80608
Bulgaria,BGR,1895,84272
Bulgaria,BGR,1896,106256
Bulgaria,BGR,1897,109920
Bulgaria,BGR,1898,146560
Bulgaria,BGR,1899,146560
Bulgaria,BGR,1900,216176
Bulgaria,BGR,1901,271136
Bulgaria,BGR,1902,238160
Bulgaria,BGR,1903,234496
Bulgaria,BGR,1904,300448
Bulgaria,BGR,1905,359072
Bulgaria,BGR,1906,315104
Bulgaria,BGR,1907,454336
Bulgaria,BGR,1908,597232
Bulgaria,BGR,1909,604560
Bulgaria,BGR,1910,633872
Bulgaria,BGR,1911,897680
Bulgaria,BGR,1912,897680
Bulgaria,BGR,1913,787760
Bulgaria,BGR,1914,1183472
Bulgaria,BGR,1915,762112
Bulgaria,BGR,1916,923328
Bulgaria,BGR,1917,1139504
Bulgaria,BGR,1918,1421632
Bulgaria,BGR,1919,835392
Bulgaria,BGR,1920,1099200
Bulgaria,BGR,1921,1366672
Bulgaria,BGR,1922,1509568
Bulgaria,BGR,1923,1604832
Bulgaria,BGR,1924,1842992
Bulgaria,BGR,1925,1810016
Bulgaria,BGR,1926,1780704
Bulgaria,BGR,1927,1817344
Bulgaria,BGR,1928,2139330
Bulgaria,BGR,1929,2483568
Bulgaria,BGR,1930,2402871
Bulgaria,BGR,1931,2274928
Bulgaria,BGR,1932,2637515
Bulgaria,BGR,1933,2348148
Bulgaria,BGR,1934,2439749
Bulgaria,BGR,1935,2472784
Bulgaria,BGR,1936,2513058
Bulgaria,BGR,1937,2787769
Bulgaria,BGR,1938,3172310
Bulgaria,BGR,1939,3483750
Bulgaria,BGR,1940,4100016
Bulgaria,BGR,1941,4422448
Bulgaria,BGR,1942,5349440
Bulgaria,BGR,1943,5811104
Bulgaria,BGR,1944,4388967
Bulgaria,BGR,1945,5209227
Bulgaria,BGR,1946,4975712
Bulgaria,BGR,1947,5910032
Bulgaria,BGR,1948,6220165
Bulgaria,BGR,1949,7452576
Bulgaria,BGR,1950,7497770
Bulgaria,BGR,1951,8164502
Bulgaria,BGR,1952,9428402
Bulgaria,BGR,1953,10586137
Bulgaria,BGR,1954,11391890
Bulgaria,BGR,1955,12091595
Bulgaria,BGR,1956,12967084
Bulgaria,BGR,1957,14388626
Bulgaria,BGR,1958,15626850
Bulgaria,BGR,1959,19622254
Bulgaria,BGR,1960,22270700
Bulgaria,BGR,1961,25945040
Bulgaria,BGR,1962,30704012
Bulgaria,BGR,1963,34374060
Bulgaria,BGR,1964,42818064
Bulgaria,BGR,1965,46269140
Bulgaria,BGR,1966,48716010
Bulgaria,BGR,1967,55107668
Bulgaria,BGR,1968,59463508
Bulgaria,BGR,1969,66307708
Bulgaria,BGR,1970,61173972
Bulgaria,BGR,1971,64221556
Bulgaria,BGR,1972,66078920
Bulgaria,BGR,1973,68717270
Bulgaria,BGR,1974,71136530
Bulgaria,BGR,1975,72925750
Bulgaria,BGR,1976,72968370
Bulgaria,BGR,1977,75795864
Bulgaria,BGR,1978,81207210
Bulgaria,BGR,1979,78931440
Bulgaria,BGR,1980,77254110
Bulgaria,BGR,1981,80090340
Bulgaria,BGR,1982,89844184
Bulgaria,BGR,1983,90061304
Bulgaria,BGR,1984,87044930
Bulgaria,BGR,1985,89221336
Bulgaria,BGR,1986,91172376
Bulgaria,BGR,1987,91276710
Bulgaria,BGR,1988,86916990
Bulgaria,BGR,1989,86467180
Bulgaria,BGR,1990,76637944
Bulgaria,BGR,1991,61520710
Bulgaria,BGR,1992,57355644
Bulgaria,BGR,1993,58389170
Bulgaria,BGR,1994,56382556
Bulgaria,BGR,1995,57916560
Bulgaria,BGR,1996,58460404
Bulgaria,BGR,1997,55806190
Bulgaria,BGR,1998,53113840
Bulgaria,BGR,1999,46371320
Bulgaria,BGR,2000,45499310
Bulgaria,BGR,2001,49019640
Bulgaria,BGR,2002,46141040
Bulgaria,BGR,2003,50491210
Bulgaria,BGR,2004,49537290
Bulgaria,BGR,2005,50600356
Bulgaria,BGR,2006,51837492
Bulgaria,BGR,2007,55669220
Bulgaria,BGR,2008,54025910
Bulgaria,BGR,2009,45750250
Bulgaria,BGR,2010,47815700
Bulgaria,BGR,2011,53120460
Bulgaria,BGR,2012,48276560
Bulgaria,BGR,2013,42582988
Bulgaria,BGR,2014,45169064
Bulgaria,BGR,2015,48127124
Bulgaria,BGR,2016,45343750
Bulgaria,BGR,2017,47445844
Bulgaria,BGR,2018,43503330
Bulgaria,BGR,2019,42194980
Bulgaria,BGR,2020,36571028
Bulgaria,BGR,2021,42365030
Bulgaria,BGR,2022,46931790
Bulgaria,BGR,2023,34500948
Bulgaria,BGR,2024,31621824
Burkina Faso,BFA,1950,4053
Burkina Faso,BFA,1951,3389
Burkina Faso,BFA,1952,3790
Burkina Faso,BFA,1953,3149
Burkina Faso,BFA,1954,3710
Burkina Faso,BFA,1955,3698
Burkina Faso,BFA,1956,4282
Burkina Faso,BFA,1957,4385
Burkina Faso,BFA,1958,3664
Burkina Faso,BFA,1959,7328
Burkina Faso,BFA,1960,43968
Burkina Faso,BFA,1961,91600
Burkina Faso,BFA,1962,84272
Burkina Faso,BFA,1963,87936
Burkina Faso,BFA,1964,109920
Burkina Faso,BFA,1965,102592
Burkina Faso,BFA,1966,102592
Burkina Faso,BFA,1967,102592
Burkina Faso,BFA,1968,102592
Burkina Faso,BFA,1969,120912
Burkina Faso,BFA,1970,142896
Burkina Faso,BFA,1971,150224
Burkina Faso,BFA,1972,161216
Burkina Faso,BFA,1973,168544
Burkina Faso,BFA,1974,205184
Burkina Faso,BFA,1975,219840
Burkina Faso,BFA,1976,208848
Burkina Faso,BFA,1977,249152
Burkina Faso,BFA,1978,348080
Burkina Faso,BFA,1979,406704
Burkina Faso,BFA,1980,432352
Burkina Faso,BFA,1981,556928
Burkina Faso,BFA,1982,575248
Burkina Faso,BFA,1983,593568
Burkina Faso,BFA,1984,465328
Burkina Faso,BFA,1985,476320
Burkina Faso,BFA,1986,479984
Burkina Faso,BFA,1987,516623.97
Burkina Faso,BFA,1988,553264
Burkina Faso,BFA,1989,820736
Burkina Faso,BFA,1990,593568
Burkina Faso,BFA,1991,637536
Burkina Faso,BFA,1992,633872
Burkina Faso,BFA,1993,633872
Burkina Faso,BFA,1994,659520
Burkina Faso,BFA,1995,660750
Burkina Faso,BFA,1996,726684
Burkina Faso,BFA,1997,763703
Burkina Faso,BFA,1998,847950
Burkina Faso,BFA,1999,1040182
Burkina Faso,BFA,2000,930782
Burkina Faso,BFA,2001,1064375
Burkina Faso,BFA,2002,1067265
Burkina Faso,BFA,2003,1184465
Burkina Faso,BFA,2004,1107473
Burkina Faso,BFA,2005,1103760
Burkina Faso,BFA,2006,1217233
Burkina Faso,BFA,2007,1616447
Burkina Faso,BFA,2008,1817817
Burkina Faso,BFA,2009,1836305
Burkina Faso,BFA,2010,1985076
Burkina Faso,BFA,2011,2149253
Burkina Faso,BFA,2012,2611586
Burkina Faso,BFA,2013,2808880
Burkina Faso,BFA,2014,2867520
Burkina Faso,BFA,2015,3743772
Burkina Faso,BFA,2016,3987637
Burkina Faso,BFA,2017,4621631
Burkina Faso,BFA,2018,5226246
Burkina Faso,BFA,2019,5618020
Burkina Faso,BFA,2020,5618088
Burkina Faso,BFA,2021,6328719
Burkina Faso,BFA,2022,6542194
Burkina Faso,BFA,2023,6308441
Burkina Faso,BFA,2024,6507663
Burundi,BDI,1950,8794
Burundi,BDI,1951,8794
Burundi,BDI,1952,16331
Burundi,BDI,1953,15075
Burundi,BDI,1954,6281
Burundi,BDI,1955,7537
Burundi,BDI,1956,8794
Burundi,BDI,1957,10050
Burundi,BDI,1958,10050
Burundi,BDI,1959,38943
Burundi,BDI,1960,36431
Burundi,BDI,1961,47737
Burundi,BDI,1962,43968
Burundi,BDI,1963,47632
Burundi,BDI,1964,47632
Burundi,BDI,1965,36640
Burundi,BDI,1966,47632
Burundi,BDI,1967,47632
Burundi,BDI,1968,54960
Burundi,BDI,1969,73280
Burundi,BDI,1970,62288
Burundi,BDI,1971,73280
Burundi,BDI,1972,73280
Burundi,BDI,1973,73280
Burundi,BDI,1974,91600
Burundi,BDI,1975,76944
Burundi,BDI,1976,87936
Burundi,BDI,1977,98928
Burundi,BDI,1978,102592
Burundi,BDI,1979,109920
Burundi,BDI,1980,146560
Burundi,BDI,1981,157552
Burundi,BDI,1982,157552
Burundi,BDI,1983,205184
Burundi,BDI,1984,219840
Burundi,BDI,1985,230832
Burundi,BDI,1986,234496
Burundi,BDI,1987,249152
Burundi,BDI,1988,227168
Burundi,BDI,1989,267472
Burundi,BDI,1990,208848
Burundi,BDI,1991,238160
Burundi,BDI,1992,216176
Burundi,BDI,1993,227168
Burundi,BDI,1994,234496
Burundi,BDI,1995,238160
Burundi,BDI,1996,241824
Burundi,BDI,1997,249152
Burundi,BDI,1998,249152
Burundi,BDI,1999,252815.98
Burundi,BDI,2000,271136
Burundi,BDI,2001,205184
Burundi,BDI,2002,212512
Burundi,BDI,2003,168544
Burundi,BDI,2004,197856
Burundi,BDI,2005,157552
Burundi,BDI,2006,186864
Burundi,BDI,2007,186864
Burundi,BDI,2008,201520
Burundi,BDI,2009,216176
Burundi,BDI,2010,333424
Burundi,BDI,2011,414032
Burundi,BDI,2012,392048
Burundi,BDI,2013,436016
Burundi,BDI,2014,355126
Burundi,BDI,2015,355408
Burundi,BDI,2016,428688
Burundi,BDI,2017,516498.03
Burundi,BDI,2018,645097
Burundi,BDI,2019,685168
Burundi,BDI,2020,739430
Burundi,BDI,2021,771677
Burundi,BDI,2022,877523
Burundi,BDI,2023,900716
Burundi,BDI,2024,916664
Cambodia,KHM,1955,102592
Cambodia,KHM,1956,131904
Cambodia,KHM,1957,161216
Cambodia,KHM,1958,197856
Cambodia,KHM,1959,212512
Cambodia,KHM,1960,234496
Cambodia,KHM,1961,285792
Cambodia,KHM,1962,307776
Cambodia,KHM,1963,388384
Cambodia,KHM,1964,337127
Cambodia,KHM,1965,377392
Cambodia,KHM,1966,439680
Cambodia,KHM,1967,388384
Cambodia,KHM,1968,461664
Cambodia,KHM,1969,1315296
Cambodia,KHM,1970,1154160
Cambodia,KHM,1971,219840
Cambodia,KHM,1972,91600
Cambodia,KHM,1973,87936
Cambodia,KHM,1974,47632
Cambodia,KHM,1975,47632
Cambodia,KHM,1976,47632
Cambodia,KHM,1977,47632
Cambodia,KHM,1978,47632
Cambodia,KHM,1979,29312
Cambodia,KHM,1980,285792
Cambodia,KHM,1981,300448
Cambodia,KHM,1982,337088
Cambodia,KHM,1983,366400
Cambodia,KHM,1984,410368
Cambodia,KHM,1985,417696
Cambodia,KHM,1986,432352
Cambodia,KHM,1987,436016
Cambodia,KHM,1988,450672
Cambodia,KHM,1989,450672
Cambodia,KHM,1990,1260416
Cambodia,KHM,1991,1304384
Cambodia,KHM,1992,1348352
Cambodia,KHM,1993,1384992
Cambodia,KHM,1994,1425296
Cambodia,KHM,1995,1498576
Cambodia,KHM,1996,1516896
Cambodia,KHM,1997,1465600
Cambodia,KHM,1998,1875968
Cambodia,KHM,1999,1894288
Cambodia,KHM,2000,1996880
Cambodia,KHM,2001,2235040
Cambodia,KHM,2002,2154432
Cambodia,KHM,2003,2253360
Cambodia,KHM,2004,2238704
Cambodia,KHM,2005,2209392
Cambodia,KHM,2006,2846928
Cambodia,KHM,2007,3489462
Cambodia,KHM,2008,3936332
Cambodia,KHM,2009,4579380
Cambodia,KHM,2010,5067388
Cambodia,KHM,2011,5271034
Cambodia,KHM,2012,5572352
Cambodia,KHM,2013,5625738
Cambodia,KHM,2014,6702344
Cambodia,KHM,2015,8186074.5
Cambodia,KHM,2016,10643550
Cambodia,KHM,2017,12087146
Cambodia,KHM,2018,13937509
Cambodia,KHM,2019,18626280
Cambodia,KHM,2020,20990796
Cambodia,KHM,2021,20775382
Cambodia,KHM,2022,20865134
Cambodia,KHM,2023,21411502
Cambodia,KHM,2024,21882690
Cameroon,CMR,1950,139232
Cameroon,CMR,1951,183200
Cameroon,CMR,1952,282128
Cameroon,CMR,1953,201520
Cameroon,CMR,1954,230832
Cameroon,CMR,1955,234466
Cameroon,CMR,1956,238101
Cameroon,CMR,1957,256451.02
Cameroon,CMR,1958,278435
Cameroon,CMR,1959,278434
Cameroon,CMR,1960,271136
Cameroon,CMR,1961,282128
Cameroon,CMR,1962,289456
Cameroon,CMR,1963,300448
Cameroon,CMR,1964,337088
Cameroon,CMR,1965,311440
Cameroon,CMR,1966,344416
Cameroon,CMR,1967,458000
Cameroon,CMR,1968,505631.97
Cameroon,CMR,1969,571584
Cameroon,CMR,1970,637417
Cameroon,CMR,1971,809179
Cameroon,CMR,1972,860357
Cameroon,CMR,1973,896911
Cameroon,CMR,1974,973762
Cameroon,CMR,1975,1160537
Cameroon,CMR,1976,1088970
Cameroon,CMR,1977,1559048
Cameroon,CMR,1978,1993205
Cameroon,CMR,1979,1815342
Cameroon,CMR,1980,3885945
Cameroon,CMR,1981,5319124
Cameroon,CMR,1982,6315888
Cameroon,CMR,1983,6554480
Cameroon,CMR,1984,6052928
Cameroon,CMR,1985,6470624
Cameroon,CMR,1986,1993216
Cameroon,CMR,1987,1842992
Cameroon,CMR,1988,2153961
Cameroon,CMR,1989,7577693
Cameroon,CMR,1990,2604793
Cameroon,CMR,1991,2668440
Cameroon,CMR,1992,2712299
Cameroon,CMR,1993,2865801
Cameroon,CMR,1994,4879764
Cameroon,CMR,1995,5374671
Cameroon,CMR,1996,5974660
Cameroon,CMR,1997,5378781
Cameroon,CMR,1998,5373172
Cameroon,CMR,1999,5219450
Cameroon,CMR,2000,5588569
Cameroon,CMR,2001,5562424
Cameroon,CMR,2002,5350642
Cameroon,CMR,2003,5704622
Cameroon,CMR,2004,5698455
Cameroon,CMR,2005,5423858
Cameroon,CMR,2006,5485919
Cameroon,CMR,2007,7409373
Cameroon,CMR,2008,7320619
Cameroon,CMR,2009,8554963
Cameroon,CMR,2010,8383322
Cameroon,CMR,2011,8105278
Cameroon,CMR,2012,7607038
Cameroon,CMR,2013,7853181
Cameroon,CMR,2014,8775174
Cameroon,CMR,2015,9849951
Cameroon,CMR,2016,9964924
Cameroon,CMR,2017,9581728
Cameroon,CMR,2018,9843863
Cameroon,CMR,2019,9605290
Cameroon,CMR,2020,9716267
Cameroon,CMR,2021,9733522
Cameroon,CMR,2022,9792435
Cameroon,CMR,2023,9694864
Cameroon,CMR,2024,9631583
Canada,CAN,1785,3664
Canada,CAN,1786,3664
Canada,CAN,1787,3664
Canada,CAN,1788,3664
Canada,CAN,1789,3664
Canada,CAN,1790,3664
Canada,CAN,1791,3664
Canada,CAN,1792,3664
Canada,CAN,1793,3664
Canada,CAN,1794,3664
Canada,CAN,1795,3664
Canada,CAN,1796,3664
Canada,CAN,1797,3664
Canada,CAN,1798,3664
Canada,CAN,1799,3664
Canada,CAN,1800,3664
Canada,CAN,1801,3664
Canada,CAN,1802,3664
Canada,CAN,1803,3664
Canada,CAN,1804,3664
Canada,CAN,1805,3664
Canada,CAN,1806,3664
Canada,CAN,1807,3664
Canada,CAN,1808,3664
Canada,CAN,1809,3664
Canada,CAN,1810,3664
Canada,CAN,1811,3664
Canada,CAN,1812,3664
Canada,CAN,1813,3664
Canada,CAN,1814,3664
Canada,CAN,1815,3664
Canada,CAN,1816,3664
Canada,CAN,1817,3664
Canada,CAN,1818,3664
Canada,CAN,1819,3664
Canada,CAN,1820,3664
Canada,CAN,1821,3664
Canada,CAN,1822,3664
Canada,CAN,1823,3664
Canada,CAN,1824,3664
Canada,CAN,1825,3664
Canada,CAN,1826,3664
Canada,CAN,1827,3664
Canada,CAN,1828,3664
Canada,CAN,1829,3664
Canada,CAN,1830,3664
Canada,CAN,1831,3664
Canada,CAN,1832,3664
Canada,CAN,1833,3664
Canada,CAN,1834,3664
Canada,CAN,1835,3664
Canada,CAN,1836,3664
Canada,CAN,1837,3664
Canada,CAN,1838,3664
Canada,CAN,1839,3664
Canada,CAN,1840,3664
Canada,CAN,1841,3664
Canada,CAN,1842,3664
Canada,CAN,1843,3664
Canada,CAN,1844,3664
Canada,CAN,1845,3664
Canada,CAN,1846,25648
Canada,CAN,1847,32976
Canada,CAN,1848,40304
Canada,CAN,1849,47632
Canada,CAN,1850,58624
Canada,CAN,1851,69616
Canada,CAN,1852,84272
Canada,CAN,1853,102592
Canada,CAN,1854,124576
Canada,CAN,1855,150224
Canada,CAN,1856,179536
Canada,CAN,1857,216176
Canada,CAN,1858,263808
Canada,CAN,1859,315104
Canada,CAN,1860,381056
Canada,CAN,1861,458000
Canada,CAN,1862,560592
Canada,CAN,1863,703488
Canada,CAN,1864,842720
Canada,CAN,1865,1018592
Canada,CAN,1866,1242096
Canada,CAN,1867,1593840
Canada,CAN,1868,945312
Canada,CAN,1869,685168
Canada,CAN,1870,1223776
Canada,CAN,1871,1780704
Canada,CAN,1872,1846656
Canada,CAN,1873,1608496
Canada,CAN,1874,1623152
Canada,CAN,1875,1875968
Canada,CAN,1876,1857648
Canada,CAN,1877,2022527.9
Canada,CAN,1878,1934592
Canada,CAN,1879,2183744
Canada,CAN,1880,5232192
Canada,CAN,1881,5591264
Canada,CAN,1882,6617184
Canada,CAN,1883,7430592
Canada,CAN,1884,8599408
Canada,CAN,1885,8244000.5
Canada,CAN,1886,8797264
Canada,CAN,1887,10149280
Canada,CAN,1888,13311312
Canada,CAN,1889,11292448
Canada,CAN,1890,12413632
Canada,CAN,1891,13941520
Canada,CAN,1892,13890224
Canada,CAN,1893,14853856
Canada,CAN,1894,14179680
Canada,CAN,1895,13531152
Canada,CAN,1896,14648672
Canada,CAN,1897,14798896
Canada,CAN,1898,15707568
Canada,CAN,1899,19170048
Canada,CAN,1900,20628320
Canada,CAN,1901,23845312
Canada,CAN,1902,25648000
Canada,CAN,1903,27959984
Canada,CAN,1904,33096912
Canada,CAN,1905,35386910
Canada,CAN,1906,37387456
Canada,CAN,1907,46990800
Canada,CAN,1908,47408496
Canada,CAN,1909,45385970
Canada,CAN,1910,51622096
Canada,CAN,1911,60269136
Canada,CAN,1912,67271040
Canada,CAN,1913,79281630
Canada,CAN,1914,68381230
Canada,CAN,1915,61115520
Canada,CAN,1916,76456690
Canada,CAN,1917,85242960
Canada,CAN,1918,89518850
Canada,CAN,1919,76090290
Canada,CAN,1920,84378260
Canada,CAN,1921,80483420
Canada,CAN,1922,69209300
Canada,CAN,1923,92981330
Canada,CAN,1924,77383680
Canada,CAN,1925,75247570
Canada,CAN,1926,84755650
Canada,CAN,1927,91999380
Canada,CAN,1928,93776640
Canada,CAN,1929,99030050
Canada,CAN,1930,94347740
Canada,CAN,1931,75849256
Canada,CAN,1932,70206600
Canada,CAN,1933,69482550
Canada,CAN,1934,79913280
Canada,CAN,1935,78795750
Canada,CAN,1936,86163110
Canada,CAN,1937,93483010
Canada,CAN,1938,85543540
Canada,CAN,1939,95003840
Canada,CAN,1940,108621770
Canada,CAN,1941,120151840
Canada,CAN,1942,131077410
Canada,CAN,1943,138062140
Canada,CAN,1944,140407200
Canada,CAN,1945,130520904
Canada,CAN,1946,138422140
Canada,CAN,1947,143547860
Canada,CAN,1948,158506560
Canada,CAN,1949,145021900
Canada,CAN,1950,154133800
Canada,CAN,1951,162681650
Canada,CAN,1952,159408780
Canada,CAN,1953,160611790
Canada,CAN,1954,162967660
Canada,CAN,1955,169476780
Canada,CAN,1956,189802430
Canada,CAN,1957,182815090
Canada,CAN,1958,182155200
Canada,CAN,1959,184481360
Canada,CAN,1960,192716240
Canada,CAN,1961,194000690
Canada,CAN,1962,206990770
Canada,CAN,1963,210910780
Canada,CAN,1964,237577730
Canada,CAN,1965,251917060
Canada,CAN,1966,259074370
Canada,CAN,1967,281637020
Canada,CAN,1968,303261340
Canada,CAN,1969,307119260
Canada,CAN,1970,341232200
Canada,CAN,1971,352316700
Canada,CAN,1972,380813660
Canada,CAN,1973,381298850
Canada,CAN,1974,389631550
Canada,CAN,1975,396790430
Canada,CAN,1976,398965920
Canada,CAN,1977,407790500
Canada,CAN,1978,415532320
Canada,CAN,1979,441684060
Canada,CAN,1980,442843200
Canada,CAN,1981,429622400
Canada,CAN,1982,414454880
Canada,CAN,1983,408334850
Canada,CAN,1984,425237000
Canada,CAN,1985,421726000
Canada,CAN,1986,404715230
Canada,CAN,1987,430982050
Canada,CAN,1988,455672830
Canada,CAN,1989,462888830
Canada,CAN,1990,458017860
Canada,CAN,1991,449776450
Canada,CAN,1992,463392770
Canada,CAN,1993,464071580
Canada,CAN,1994,478467870
Canada,CAN,1995,491305340
Canada,CAN,1996,507775200
Canada,CAN,1997,522018700
Canada,CAN,1998,529614820
Canada,CAN,1999,543859500
Canada,CAN,2000,566679900
Canada,CAN,2001,558980600
Canada,CAN,2002,564256200
Canada,CAN,2003,581190400
Canada,CAN,2004,576286400
Canada,CAN,2005,570396100
Canada,CAN,2006,566315400
Canada,CAN,2007,589956200
Canada,CAN,2008,574214340
Canada,CAN,2009,541129860
Canada,CAN,2010,554307460
Canada,CAN,2011,562832450
Canada,CAN,2012,561769540
Canada,CAN,2013,568589700
Canada,CAN,2014,564938240
Canada,CAN,2015,563002560
Canada,CAN,2016,553707000
Canada,CAN,2017,566660300
Canada,CAN,2018,575090750
Canada,CAN,2019,579007040
Canada,CAN,2020,524207940
Canada,CAN,2021,537478660
Canada,CAN,2022,547657660
Canada,CAN,2023,545478500
Canada,CAN,2024,533340100
Cape Verde,CPV,1950,102592
Cape Verde,CPV,1951,76944
Cape Verde,CPV,1952,36640
Cape Verde,CPV,1953,18320
Cape Verde,CPV,1954,21984
Cape Verde,CPV,1955,21984
Cape Verde,CPV,1956,29312
Cape Verde,CPV,1957,18320
Cape Verde,CPV,1958,14656
Cape Verde,CPV,1959,18290
Cape Verde,CPV,1960,21954
Cape Verde,CPV,1961,21954
Cape Verde,CPV,1962,18290
Cape Verde,CPV,1963,14626
Cape Verde,CPV,1964,29253
Cape Verde,CPV,1965,25589
Cape Verde,CPV,1966,21984
Cape Verde,CPV,1967,18320
Cape Verde,CPV,1968,29282
Cape Verde,CPV,1969,36581
Cape Verde,CPV,1970,36581
Cape Verde,CPV,1971,36610
Cape Verde,CPV,1972,51266
Cape Verde,CPV,1973,62229
Cape Verde,CPV,1974,65952
Cape Verde,CPV,1975,76944
Cape Verde,CPV,1976,73280
Cape Verde,CPV,1977,80608
Cape Verde,CPV,1978,208542
Cape Verde,CPV,1979,249152
Cape Verde,CPV,1980,120912
Cape Verde,CPV,1981,32976
Cape Verde,CPV,1982,36640
Cape Verde,CPV,1983,36640
Cape Verde,CPV,1984,84272
Cape Verde,CPV,1985,84272
Cape Verde,CPV,1986,58624
Cape Verde,CPV,1987,80608
Cape Verde,CPV,1988,73280
Cape Verde,CPV,1989,80608
Cape Verde,CPV,1990,179536
Cape Verde,CPV,1991,164880
Cape Verde,CPV,1992,179536
Cape Verde,CPV,1993,168544
Cape Verde,CPV,1994,175872
Cape Verde,CPV,1995,197856
Cape Verde,CPV,1996,219840
Cape Verde,CPV,1997,227168
Cape Verde,CPV,1998,241824
Cape Verde,CPV,1999,285792
Cape Verde,CPV,2000,296784
Cape Verde,CPV,2001,348080
Cape Verde,CPV,2002,384720
Cape Verde,CPV,2003,414032
Cape Verde,CPV,2004,428688
Cape Verde,CPV,2005,447008
Cape Verde,CPV,2006,494640
Cape Verde,CPV,2007,505631.97
Cape Verde,CPV,2008,472656
Cape Verde,CPV,2009,523952
Cape Verde,CPV,2010,556928
Cape Verde,CPV,2011,615552
Cape Verde,CPV,2012,501968.03
Cape Verde,CPV,2013,494640
Cape Verde,CPV,2014,490976
Cape Verde,CPV,2015,494640
Cape Verde,CPV,2016,531280
Cape Verde,CPV,2017,571584
Cape Verde,CPV,2018,571584
Cape Verde,CPV,2019,630208
Cape Verde,CPV,2020,520288
Cape Verde,CPV,2021,589904
Cape Verde,CPV,2022,597650
Cape Verde,CPV,2023,571493
Cape Verde,CPV,2024,593786
Central African Republic,CAF,1950,47015
Central African Republic,CAF,1951,62687.004
Central African Republic,CAF,1952,81297
Central African Republic,CAF,1953,68564
Central African Republic,CAF,1954,72482
Central African Republic,CAF,1955,71502
Central African Republic,CAF,1956,93051
Central African Republic,CAF,1957,99907
Central African Republic,CAF,1958,114600
Central African Republic,CAF,1959,98928
Central African Republic,CAF,1960,87936
Central African Republic,CAF,1961,87936
Central African Republic,CAF,1962,73280
Central African Republic,CAF,1963,73280
Central African Republic,CAF,1964,73280
Central African Republic,CAF,1965,87936
Central African Republic,CAF,1966,84272
Central African Republic,CAF,1967,91600
Central African Republic,CAF,1968,183200
Central African Republic,CAF,1969,186864
Central African Republic,CAF,1970,208848
Central African Republic,CAF,1971,183200
Central African Republic,CAF,1972,168544
Central African Republic,CAF,1973,161216
Central African Republic,CAF,1974,113584
Central African Republic,CAF,1975,102592
Central African Republic,CAF,1976,128240.01
Central African Republic,CAF,1977,128240.01
Central African Republic,CAF,1978,146560
Central African Republic,CAF,1979,102592
Central African Republic,CAF,1980,106256
Central African Republic,CAF,1981,135568
Central African Republic,CAF,1982,142896
Central African Republic,CAF,1983,146560
Central African Republic,CAF,1984,150224
Central African Republic,CAF,1985,161216
Central African Republic,CAF,1986,161216
Central African Republic,CAF,1987,260144
Central African Republic,CAF,1988,230832
Central African Republic,CAF,1989,249152
Central African Republic,CAF,1990,183200
Central African Republic,CAF,1991,190528
Central African Republic,CAF,1992,194192
Central African Republic,CAF,1993,197856
Central African Republic,CAF,1994,208848
Central African Republic,CAF,1995,208848
Central African Republic,CAF,1996,212512
Central African Republic,CAF,1997,216176
Central African Republic,CAF,1998,219840
Central African Republic,CAF,1999,230832
Central African Republic,CAF,2000,124576
Central African Republic,CAF,2001,142896
Central African Republic,CAF,2002,117248
Central African Republic,CAF,2003,113584
Central African Republic,CAF,2004,124576
Central African Republic,CAF,2005,128240.01
Central African Republic,CAF,2006,139232
Central African Republic,CAF,2007,153888
Central African Republic,CAF,2008,150224
Central African Republic,CAF,2009,153888
Central African Republic,CAF,2010,168544
Central African Republic,CAF,2011,153888
Central African Republic,CAF,2012,183200
Central African Republic,CAF,2013,102592
Central African Republic,CAF,2014,131904
Central African Republic,CAF,2015,194192
Central African Republic,CAF,2016,238160
Central African Republic,CAF,2017,285792
Central African Republic,CAF,2018,271136
Central African Republic,CAF,2019,311440
Central African Republic,CAF,2020,333424
Central African Republic,CAF,2021,366400
Central African Republic,CAF,2022,377392
Central African Republic,CAF,2023,389279
Central African Republic,CAF,2024,394681
Central America (GCP),,1850,0
Central America (GCP),,1851,0
Central America (GCP),,1852,0
Central America (GCP),,1853,0
Central America (GCP),,1854,0
Central America (GCP),,1855,0
Central America (GCP),,1856,384519.94
Central America (GCP),,1857,360731.44
Central America (GCP),,1858,338412.53
Central America (GCP),,1859,317476.06
Central America (GCP),,1860,297834.84
Central America (GCP),,1861,442156.12
Central America (GCP),,1862,592261.06
Central America (GCP),,1863,370690.56
Central America (GCP),,1864,611289.3
Central America (GCP),,1865,588783.2
Central America (GCP),,1866,591925.06
Central America (GCP),,1867,634259.7
Central America (GCP),,1868,599955.44
Central America (GCP),,1869,685096.56
Central America (GCP),,1870,639422.6
Central America (GCP),,1871,610937.94
Central America (GCP),,1872,622374.4
Central America (GCP),,1873,643810.94
Central America (GCP),,1874,652744.2
Central America (GCP),,1875,653234.06
Central America (GCP),,1876,562245.2
Central America (GCP),,1877,594451.4
Central America (GCP),,1878,695230.06
Central America (GCP),,1879,703534.9
Central America (GCP),,1880,597636.9
Central America (GCP),,1881,611771.5
Central America (GCP),,1882,616849.8
Central America (GCP),,1883,602476.6
Central America (GCP),,1884,594990
Central America (GCP),,1885,617724.4
Central America (GCP),,1886,584846.2
Central America (GCP),,1887,649592
Central America (GCP),,1888,727472.2
Central America (GCP),,1889,819215.06
Central America (GCP),,1890,824142.06
Central America (GCP),,1891,983275.06
Central America (GCP),,1892,1094128.4
Central America (GCP),,1893,1024193.8
Central America (GCP),,1894,1127752.9
Central America (GCP),,1895,1074594.8
Central America (GCP),,1896,889775.3
Central America (GCP),,1897,836866.06
Central America (GCP),,1898,902922.44
Central America (GCP),,1899,1006912.3
Central America (GCP),,1900,1010408.1
Central America (GCP),,1901,1088611.5
Central America (GCP),,1902,1060832
Central America (GCP),,1903,1302682.4
Central America (GCP),,1904,1438332.1
Central America (GCP),,1905,1739285.8
Central America (GCP),,1906,2037010.4
Central America (GCP),,1907,2094261.9
Central America (GCP),,1908,2074446.1
Central America (GCP),,1909,2170669.8
Central America (GCP),,1910,2666815.5
Central America (GCP),,1911,3187652.5
Central America (GCP),,1912,3728152
Central America (GCP),,1913,3775911.2
Central America (GCP),,1914,3553153.8
Central America (GCP),,1915,3706864.5
Central America (GCP),,1916,4277646.5
Central America (GCP),,1917,4676503
Central America (GCP),,1918,4792144
Central America (GCP),,1919,3475089
Central America (GCP),,1920,4641507
Central America (GCP),,1921,2625844.8
Central America (GCP),,1922,2414844
Central America (GCP),,1923,3072821.8
Central America (GCP),,1924,3288882.2
Central America (GCP),,1925,3701464.2
Central America (GCP),,1926,3667442.8
Central America (GCP),,1927,3808826.8
Central America (GCP),,1928,4897356.5
Central America (GCP),,1929,4536008
Central America (GCP),,1930,5009712.5
Central America (GCP),,1931,4064671.8
Central America (GCP),,1932,4068868
Central America (GCP),,1933,4853319.5
Central America (GCP),,1934,5612823
Central America (GCP),,1935,5907082.5
Central America (GCP),,1936,6680823
Central America (GCP),,1937,8250587.5
Central America (GCP),,1938,9231091
Central America (GCP),,1939,10165746
Central America (GCP),,1940,11433535
Central America (GCP),,1941,10478790
Central America (GCP),,1942,11156250
Central America (GCP),,1943,11043851
Central America (GCP),,1944,11323670
Central America (GCP),,1945,11605072
Central America (GCP),,1946,11443950
Central America (GCP),,1947,12605768
Central America (GCP),,1948,13154483
Central America (GCP),,1949,14175272
Central America (GCP),,1950,18667870
Central America (GCP),,1951,24459812
Central America (GCP),,1952,20383610
Central America (GCP),,1953,21589130
Central America (GCP),,1954,29452008
Central America (GCP),,1955,28413826
Central America (GCP),,1956,32024924
Central America (GCP),,1957,35248770
Central America (GCP),,1958,39260536
Central America (GCP),,1959,40121932
Central America (GCP),,1960,35897948
Central America (GCP),,1961,37988076
Central America (GCP),,1962,44554080
Central America (GCP),,1963,38588760
Central America (GCP),,1964,45138984
Central America (GCP),,1965,44797524
Central America (GCP),,1966,44665204
Central America (GCP),,1967,49487200
Central America (GCP),,1968,50967412
Central America (GCP),,1969,56736884
Central America (GCP),,1970,67236850
Central America (GCP),,1971,71469960
Central America (GCP),,1972,75205040
Central America (GCP),,1973,85766440
Central America (GCP),,1974,84954720
Central America (GCP),,1975,88300430
Central America (GCP),,1976,103729460
Central America (GCP),,1977,100467800
Central America (GCP),,1978,97629290
Central America (GCP),,1979,101247224
Central America (GCP),,1980,100347736
Central America (GCP),,1981,94017270
Central America (GCP),,1982,96131210
Central America (GCP),,1983,86375160
Central America (GCP),,1984,95240000
Central America (GCP),,1985,101227416
Central America (GCP),,1986,86271920
Central America (GCP),,1987,91240450
Central America (GCP),,1988,91208860
Central America (GCP),,1989,96704130
Central America (GCP),,1990,92030750
Central America (GCP),,1991,90963530
Central America (GCP),,1992,89976840
Central America (GCP),,1993,90349976
Central America (GCP),,1994,93919410
Central America (GCP),,1995,100779256
Central America (GCP),,1996,106296850
Central America (GCP),,1997,112780540
Central America (GCP),,1998,113164216
Central America (GCP),,1999,118501820
Central America (GCP),,2000,129545020
Central America (GCP),,2001,134743220
Central America (GCP),,2002,139442080
Central America (GCP),,2003,146292880
Central America (GCP),,2004,142732080
Central America (GCP),,2005,151625730
Central America (GCP),,2006,162461150
Central America (GCP),,2007,166965840
Central America (GCP),,2008,166000060
Central America (GCP),,2009,165046510
Central America (GCP),,2010,171170270
Central America (GCP),,2011,171403460
Central America (GCP),,2012,170354480
Central America (GCP),,2013,170805330
Central America (GCP),,2014,173788690
Central America (GCP),,2015,181220500
Central America (GCP),,2016,175069170
Central America (GCP),,2017,169963400
Central America (GCP),,2018,170968080
Central America (GCP),,2019,179629760
Central America (GCP),,2020,154650460
Central America (GCP),,2021,171830540
Central America (GCP),,2022,178534670
Central America (GCP),,2023,181890290
Central America (GCP),,2024,185165940
Chad,TCD,1950,29602
Chad,TCD,1951,39470
Chad,TCD,1952,51187
Chad,TCD,1953,43170
Chad,TCD,1954,45637
Chad,TCD,1955,45020
Chad,TCD,1956,58588
Chad,TCD,1957,62905
Chad,TCD,1958,72155
Chad,TCD,1959,62288
Chad,TCD,1960,54960
Chad,TCD,1961,51296
Chad,TCD,1962,84272
Chad,TCD,1963,91600
Chad,TCD,1964,98928
Chad,TCD,1965,106256
Chad,TCD,1966,84272
Chad,TCD,1967,117248
Chad,TCD,1968,124576
Chad,TCD,1969,161216
Chad,TCD,1970,124576
Chad,TCD,1971,150224
Chad,TCD,1972,120912
Chad,TCD,1973,161216
Chad,TCD,1974,150224
Chad,TCD,1975,183200
Chad,TCD,1976,183200
Chad,TCD,1977,197856
Chad,TCD,1978,194192
Chad,TCD,1979,201520
Chad,TCD,1980,208848
Chad,TCD,1981,208848
Chad,TCD,1982,205184
Chad,TCD,1983,205184
Chad,TCD,1984,216176
Chad,TCD,1985,179536
Chad,TCD,1986,186864
Chad,TCD,1987,197856
Chad,TCD,1988,65952
Chad,TCD,1989,102592
Chad,TCD,1990,377392
Chad,TCD,1991,388384
Chad,TCD,1992,403040
Chad,TCD,1993,399376
Chad,TCD,1994,415769
Chad,TCD,1995,427411
Chad,TCD,1996,443217
Chad,TCD,1997,453097
Chad,TCD,1998,463839
Chad,TCD,1999,473581
Chad,TCD,2000,487512
Chad,TCD,2001,505594
Chad,TCD,2002,531213
Chad,TCD,2003,882414
Chad,TCD,2004,906195
Chad,TCD,2005,929366
Chad,TCD,2006,957287
Chad,TCD,2007,1088955
Chad,TCD,2008,872463
Chad,TCD,2009,1219710
Chad,TCD,2010,1236006
Chad,TCD,2011,1276613
Chad,TCD,2012,1746611
Chad,TCD,2013,2082161
Chad,TCD,2014,2182780
Chad,TCD,2015,2351874
Chad,TCD,2016,2381583
Chad,TCD,2017,2340762
Chad,TCD,2018,2383510
Chad,TCD,2019,2299785
Chad,TCD,2020,2356446
Chad,TCD,2021,2670142
Chad,TCD,2022,2800401
Chad,TCD,2023,2848394
Chad,TCD,2024,2831401
Chile,CHL,1844,24171
Chile,CHL,1845,36046
Chile,CHL,1846,45661
Chile,CHL,1847,55846
Chile,CHL,1848,63594
Chile,CHL,1849,116034
Chile,CHL,1850,94126
Chile,CHL,1851,110448
Chile,CHL,1852,180875
Chile,CHL,1853,116529
Chile,CHL,1854,5389
Chile,CHL,1855,150900
Chile,CHL,1856,219547
Chile,CHL,1857,444021
Chile,CHL,1858,451477
Chile,CHL,1859,251989
Chile,CHL,1860,421345
Chile,CHL,1861,296637
Chile,CHL,1862,293752
Chile,CHL,1863,253818
Chile,CHL,1864,393771
Chile,CHL,1865,401945
Chile,CHL,1866,550955
Chile,CHL,1867,887164
Chile,CHL,1868,686600
Chile,CHL,1869,720640
Chile,CHL,1870,657251
Chile,CHL,1871,580950
Chile,CHL,1872,1027092
Chile,CHL,1873,1257850
Chile,CHL,1874,1644514
Chile,CHL,1875,1467963
Chile,CHL,1876,1597486
Chile,CHL,1877,1351934
Chile,CHL,1878,1258358
Chile,CHL,1879,1384135
Chile,CHL,1880,1746370
Chile,CHL,1881,1756870
Chile,CHL,1882,1874541
Chile,CHL,1883,1655050
Chile,CHL,1884,1709650
Chile,CHL,1885,1756426
Chile,CHL,1886,1598483
Chile,CHL,1887,1555956
Chile,CHL,1888,2285814
Chile,CHL,1889,2125398
Chile,CHL,1890,2076638.9
Chile,CHL,1891,2482095
Chile,CHL,1892,2021277.9
Chile,CHL,1893,2144114
Chile,CHL,1894,3076572
Chile,CHL,1895,2950379
Chile,CHL,1896,3237778
Chile,CHL,1897,2715759
Chile,CHL,1898,3032155
Chile,CHL,1899,3052981
Chile,CHL,1900,3003337
Chile,CHL,1901,3194964
Chile,CHL,1902,2960128
Chile,CHL,1903,3155355
Chile,CHL,1904,2919425
Chile,CHL,1905,3790328
Chile,CHL,1906,3792370
Chile,CHL,1907,5329952
Chile,CHL,1908,4990731
Chile,CHL,1909,5033099
Chile,CHL,1910,5027652
Chile,CHL,1911,5894459
Chile,CHL,1912,6669816
Chile,CHL,1913,6512299
Chile,CHL,1914,5163258
Chile,CHL,1915,3595898
Chile,CHL,1916,4366451
Chile,CHL,1917,4483332
Chile,CHL,1918,4017440.8
Chile,CHL,1919,3592072
Chile,CHL,1920,2894949
Chile,CHL,1921,3904677
Chile,CHL,1922,2449184
Chile,CHL,1923,2775124
Chile,CHL,1924,3993635
Chile,CHL,1925,3835620
Chile,CHL,1926,3743749
Chile,CHL,1927,3697813
Chile,CHL,1928,3472942
Chile,CHL,1929,3831680
Chile,CHL,1930,3532702
Chile,CHL,1931,2730455
Chile,CHL,1932,2638391
Chile,CHL,1933,3548672
Chile,CHL,1934,4155498
Chile,CHL,1935,4180139
Chile,CHL,1936,4579226
Chile,CHL,1937,4998650
Chile,CHL,1938,5070026
Chile,CHL,1939,4668863
Chile,CHL,1940,5402670
Chile,CHL,1941,5269272
Chile,CHL,1942,5326383
Chile,CHL,1943,5582778
Chile,CHL,1944,5479811
Chile,CHL,1945,5233465
Chile,CHL,1946,5259635
Chile,CHL,1947,5450451
Chile,CHL,1948,5754760
Chile,CHL,1949,5184088
Chile,CHL,1950,9384277
Chile,CHL,1951,9981577
Chile,CHL,1952,10603982
Chile,CHL,1953,10402670
Chile,CHL,1954,11080480
Chile,CHL,1955,11596985
Chile,CHL,1956,11831599
Chile,CHL,1957,11725522
Chile,CHL,1958,12450994
Chile,CHL,1959,12703364
Chile,CHL,1960,13476468
Chile,CHL,1961,14458242
Chile,CHL,1962,16707373
Chile,CHL,1963,17336986
Chile,CHL,1964,17505144
Chile,CHL,1965,17747296
Chile,CHL,1966,18772474
Chile,CHL,1967,19238336
Chile,CHL,1968,21202238
Chile,CHL,1969,22531470
Chile,CHL,1970,24635802
Chile,CHL,1971,27055772
Chile,CHL,1972,28138996
Chile,CHL,1973,27588492
Chile,CHL,1974,25877996
Chile,CHL,1975,22946678
Chile,CHL,1976,24028886
Chile,CHL,1977,23016920
Chile,CHL,1978,22842018
Chile,CHL,1979,24729668
Chile,CHL,1980,25099954
Chile,CHL,1981,24347142
Chile,CHL,1982,20475268
Chile,CHL,1983,20674086
Chile,CHL,1984,22004684
Chile,CHL,1985,21292252
Chile,CHL,1986,22022472
Chile,CHL,1987,22410186
Chile,CHL,1988,26600006
Chile,CHL,1989,32017860
Chile,CHL,1990,32908154
Chile,CHL,1991,30891790
Chile,CHL,1992,32000672
Chile,CHL,1993,34097864
Chile,CHL,1994,37974876
Chile,CHL,1995,41562676
Chile,CHL,1996,48226290
Chile,CHL,1997,55942020
Chile,CHL,1998,57258430
Chile,CHL,1999,61407972
Chile,CHL,2000,58502620
Chile,CHL,2001,52918388
Chile,CHL,2002,54835612
Chile,CHL,2003,55100212
Chile,CHL,2004,59221090
Chile,CHL,2005,61116456
Chile,CHL,2006,64048280
Chile,CHL,2007,70469250
Chile,CHL,2008,70549010
Chile,CHL,2009,65959764
Chile,CHL,2010,71347480
Chile,CHL,2011,78071440
Chile,CHL,2012,79620890
Chile,CHL,2013,81733270
Chile,CHL,2014,77586210
Chile,CHL,2015,81778460
Chile,CHL,2016,84250500
Chile,CHL,2017,84134620
Chile,CHL,2018,84442640
Chile,CHL,2019,91977050
Chile,CHL,2020,80178220
Chile,CHL,2021,83630310
Chile,CHL,2022,85743784
Chile,CHL,2023,77604216
Chile,CHL,2024,78725544
China,CHN,1907,19893872
China,CHN,1908,22735854
China,CHN,1909,24251576
China,CHN,1910,25009438
China,CHN,1911,24630506
China,CHN,1912,17029154
China,CHN,1913,24251576
China,CHN,1914,26718416
China,CHN,1915,25420578
China,CHN,1916,30130690
China,CHN,1917,32023448
China,CHN,1918,34747964
China,CHN,1919,37997296
China,CHN,1920,40278456
China,CHN,1921,38762732
China,CHN,1922,39971524
China,CHN,1923,46517556
China,CHN,1924,48846084
China,CHN,1925,45954840
China,CHN,1926,43660164
China,CHN,1927,45808580
China,CHN,1928,47591444
China,CHN,1929,48281828
China,CHN,1930,49558456
China,CHN,1931,51904660
China,CHN,1932,50269150
China,CHN,1933,54111180
China,CHN,1934,62382628
China,CHN,1935,72645970
China,CHN,1936,75477250
China,CHN,1937,70968650
China,CHN,1938,61365520
China,CHN,1939,74426990
China,CHN,1940,90790530
China,CHN,1941,113978570
China,CHN,1942,127613384
China,CHN,1943,108994540
China,CHN,1944,103003570
China,CHN,1945,55892210
China,CHN,1946,36107050
China,CHN,1947,41836136
China,CHN,1948,38400104
China,CHN,1949,62081100
China,CHN,1950,78835304
China,CHN,1951,102115210
China,CHN,1952,128002990
China,CHN,1953,133786500
China,CHN,1954,160881020
China,CHN,1955,190521500
China,CHN,1956,215827650
China,CHN,1957,255788690
China,CHN,1958,524624400
China,CHN,1959,720162560
China,CHN,1960,798810940
China,CHN,1961,570641150
China,CHN,1962,459625400
China,CHN,1963,456786780
China,CHN,1964,460644400
China,CHN,1965,500293700
China,CHN,1966,549466700
China,CHN,1967,460233200
China,CHN,1968,495513900
China,CHN,1969,607694340
China,CHN,1970,807963650
China,CHN,1971,909209860
China,CHN,1972,968635800
China,CHN,1973,1008268600
China,CHN,1974,1028063500
China,CHN,1975,1183153500
China,CHN,1976,1226339500
China,CHN,1977,1340715300
China,CHN,1978,1492517500
China,CHN,1979,1525417300
China,CHN,1980,1494297900
China,CHN,1981,1476280000
China,CHN,1982,1606239100
China,CHN,1983,1693746700
China,CHN,1984,1844212700
China,CHN,1985,1997193300
China,CHN,1986,2103429900
China,CHN,1987,2256629500
China,CHN,1988,2424444200
China,CHN,1989,2462150000
China,CHN,1990,2483534300
China,CHN,1991,2619143400
China,CHN,1992,2731290400
China,CHN,1993,2914284500
China,CHN,1994,3093890800
China,CHN,1995,3351197200
China,CHN,1996,3499310600
China,CHN,1997,3512350000
China,CHN,1998,3355336000
China,CHN,1999,3549949000
China,CHN,2000,3643809500
China,CHN,2001,3724114200
China,CHN,2002,4098180600
China,CHN,2003,4835251700
China,CHN,2004,5210961400
China,CHN,2005,5881990700
China,CHN,2006,6486184400
China,CHN,2007,6974663000
China,CHN,2008,7492404000
China,CHN,2009,7881491000
China,CHN,2010,8610048000
China,CHN,2011,9520154000
China,CHN,2012,9767310000
China,CHN,2013,9942371000
China,CHN,2014,9976027000
China,CHN,2015,9858040000
China,CHN,2016,9748175000
China,CHN,2017,10000013000
China,CHN,2018,10346790000
China,CHN,2019,10713515000
China,CHN,2020,10896520000
China,CHN,2021,11284401000
China,CHN,2022,11711807000
China,CHN,2023,12172008000
China,CHN,2024,12289037000
Christmas Island,CXR,1970,69616
Christmas Island,CXR,1971,84272
Christmas Island,CXR,1972,84272
Christmas Island,CXR,1973,69616
Christmas Island,CXR,1974,124576
Christmas Island,CXR,1975,135568
Christmas Island,CXR,1976,124576
Christmas Island,CXR,1977,91600
Christmas Island,CXR,1978,91600
Christmas Island,CXR,1979,98928
Christmas Island,CXR,1980,98928
Christmas Island,CXR,1981,102592
Christmas Island,CXR,1982,73280
Christmas Island,CXR,1983,80608
Christmas Island,CXR,1994,0
Christmas Island,CXR,1995,0
Christmas Island,CXR,1996,0
Christmas Island,CXR,1997,0
Christmas Island,CXR,1998,0
Christmas Island,CXR,1999,0
Christmas Island,CXR,2000,0
Christmas Island,CXR,2001,0
Christmas Island,CXR,2002,0
Christmas Island,CXR,2003,0
Christmas Island,CXR,2004,0
Christmas Island,CXR,2005,0
Christmas Island,CXR,2006,0
Christmas Island,CXR,2007,0
Christmas Island,CXR,2008,0
Christmas Island,CXR,2009,0
Christmas Island,CXR,2010,0
Christmas Island,CXR,2011,0
Christmas Island,CXR,2012,0
Christmas Island,CXR,2013,0
Christmas Island,CXR,2014,0
Christmas Island,CXR,2015,0
Christmas Island,CXR,2016,0
Christmas Island,CXR,2017,0
Christmas Island,CXR,2018,0
Christmas Island,CXR,2019,0
Christmas Island,CXR,2020,0
Christmas Island,CXR,2021,0
Christmas Island,CXR,2022,0
Christmas Island,CXR,2023,0
Christmas Island,CXR,2024,0
Colombia,COL,1856,9721
Colombia,COL,1857,18205
Colombia,COL,1858,20021
Colombia,COL,1859,5276
Colombia,COL,1860,9308
Colombia,COL,1861,12190
Colombia,COL,1862,27600
Colombia,COL,1863,24381
Colombia,COL,1864,19421
Colombia,COL,1865,10026
Colombia,COL,1866,78444
Colombia,COL,1867,46900
Colombia,COL,1868,72463
Colombia,COL,1869,20721
Colombia,COL,1870,54592
Colombia,COL,1871,119194
Colombia,COL,1872,103738
Colombia,COL,1873,80740
Colombia,COL,1874,77193
Colombia,COL,1875,74397
Colombia,COL,1876,68011
Colombia,COL,1877,68001
Colombia,COL,1878,60896
Colombia,COL,1879,68475
Colombia,COL,1880,72630
Colombia,COL,1881,59493
Colombia,COL,1882,86919
Colombia,COL,1883,108919
Colombia,COL,1884,144629
Colombia,COL,1885,219257
Colombia,COL,1886,269253
Colombia,COL,1887,233702
Colombia,COL,1888,295978
Colombia,COL,1889,116527
Colombia,COL,1890,108294
Colombia,COL,1891,89860
Colombia,COL,1892,81625
Colombia,COL,1893,95931
Colombia,COL,1894,76526
Colombia,COL,1895,99709
Colombia,COL,1896,98122
Colombia,COL,1897,81576
Colombia,COL,1898,79593
Colombia,COL,1899,74323
Colombia,COL,1900,92317
Colombia,COL,1901,138758
Colombia,COL,1902,134719
Colombia,COL,1903,94285
Colombia,COL,1904,54769
Colombia,COL,1905,23106
Colombia,COL,1906,24794
Colombia,COL,1907,25258
Colombia,COL,1908,15484
Colombia,COL,1909,21834
Colombia,COL,1910,14396
Colombia,COL,1911,20188
Colombia,COL,1912,20903
Colombia,COL,1913,44643
Colombia,COL,1914,53232
Colombia,COL,1915,41601
Colombia,COL,1916,52817
Colombia,COL,1917,72597
Colombia,COL,1918,65243
Colombia,COL,1919,123157
Colombia,COL,1920,106280
Colombia,COL,1921,160661
Colombia,COL,1922,294540
Colombia,COL,1923,314201
Colombia,COL,1924,340608
Colombia,COL,1925,625632
Colombia,COL,1926,1104439
Colombia,COL,1927,1028916.94
Colombia,COL,1928,1324178
Colombia,COL,1929,1305532
Colombia,COL,1930,733378
Colombia,COL,1931,757869
Colombia,COL,1932,611109
Colombia,COL,1933,954165
Colombia,COL,1934,808117
Colombia,COL,1935,2501804
Colombia,COL,1936,2889746
Colombia,COL,1937,2871423
Colombia,COL,1938,3081546
Colombia,COL,1939,4809575
Colombia,COL,1940,4299906
Colombia,COL,1941,3952726
Colombia,COL,1942,4272118
Colombia,COL,1943,3937994
Colombia,COL,1944,4913481
Colombia,COL,1945,4764170
Colombia,COL,1946,5775751
Colombia,COL,1947,5864887
Colombia,COL,1948,5179687
Colombia,COL,1949,5866705
Colombia,COL,1950,7261834
Colombia,COL,1951,8164442
Colombia,COL,1952,8633225
Colombia,COL,1953,10761296
Colombia,COL,1954,9621435
Colombia,COL,1955,11944084
Colombia,COL,1956,12599226
Colombia,COL,1957,13650765
Colombia,COL,1958,13976861
Colombia,COL,1959,16086792
Colombia,COL,1960,16390488
Colombia,COL,1961,18196304
Colombia,COL,1962,19419486
Colombia,COL,1963,21232780
Colombia,COL,1964,21682948
Colombia,COL,1965,22858734
Colombia,COL,1966,23474196
Colombia,COL,1967,24686832
Colombia,COL,1968,26572754
Colombia,COL,1969,28016278
Colombia,COL,1970,28370052
Colombia,COL,1971,30281818
Colombia,COL,1972,31426040
Colombia,COL,1973,33632292
Colombia,COL,1974,36396396
Colombia,COL,1975,35811224
Colombia,COL,1976,37982796
Colombia,COL,1977,39244230
Colombia,COL,1978,41538936
Colombia,COL,1979,44272470
Colombia,COL,1980,44180384
Colombia,COL,1981,44267244
Colombia,COL,1982,45687820
Colombia,COL,1983,49218310
Colombia,COL,1984,48711976
Colombia,COL,1985,48090920
Colombia,COL,1986,48767856
Colombia,COL,1987,50138300
Colombia,COL,1988,52151852
Colombia,COL,1989,53100070
Colombia,COL,1990,56856930
Colombia,COL,1991,56609030
Colombia,COL,1992,61340670
Colombia,COL,1993,63260200
Colombia,COL,1994,66981812
Colombia,COL,1995,59349884
Colombia,COL,1996,59628172
Colombia,COL,1997,65095604
Colombia,COL,1998,65559572
Colombia,COL,1999,55285852
Colombia,COL,2000,56212940
Colombia,COL,2001,56465132
Colombia,COL,2002,55416708
Colombia,COL,2003,57033490
Colombia,COL,2004,54324040
Colombia,COL,2005,60256470
Colombia,COL,2006,62465710
Colombia,COL,2007,60669936
Colombia,COL,2008,66982210
Colombia,COL,2009,71770970
Colombia,COL,2010,75431170
Colombia,COL,2011,75191390
Colombia,COL,2012,78674824
Colombia,COL,2013,86445096
Colombia,COL,2014,92041690
Colombia,COL,2015,91026590
Colombia,COL,2016,91582890
Colombia,COL,2017,83458820
Colombia,COL,2018,90810690
Colombia,COL,2019,98961910
Colombia,COL,2020,92305150
Colombia,COL,2021,103733530
Colombia,COL,2022,89436940
Colombia,COL,2023,89992344
Colombia,COL,2024,92659384
Comoros,COM,1959,10992
Comoros,COM,1960,10992
Comoros,COM,1961,10992
Comoros,COM,1962,10992
Comoros,COM,1963,10992
Comoros,COM,1964,10992
Comoros,COM,1965,14656
Comoros,COM,1966,18320
Comoros,COM,1967,18320
Comoros,COM,1968,18320
Comoros,COM,1969,18320
Comoros,COM,1970,29312
Comoros,COM,1971,29312
Comoros,COM,1972,29312
Comoros,COM,1973,29312
Comoros,COM,1974,29312
Comoros,COM,1975,32976
Comoros,COM,1976,40304
Comoros,COM,1977,40304
Comoros,COM,1978,29312
Comoros,COM,1979,21984
Comoros,COM,1980,47632
Comoros,COM,1981,47632
Comoros,COM,1982,47632
Comoros,COM,1983,47632
Comoros,COM,1984,47632
Comoros,COM,1985,47632
Comoros,COM,1986,43968
Comoros,COM,1987,47632
Comoros,COM,1988,51296
Comoros,COM,1989,51296
Comoros,COM,1990,62288
Comoros,COM,1991,65952
Comoros,COM,1992,69616
Comoros,COM,1993,69616
Comoros,COM,1994,73280
Comoros,COM,1995,76944
Comoros,COM,1996,76944
Comoros,COM,1997,80608
Comoros,COM,1998,87936
Comoros,COM,1999,95264
Comoros,COM,2000,102592
Comoros,COM,2001,106256
Comoros,COM,2002,106256
Comoros,COM,2003,135568
Comoros,COM,2004,150224
Comoros,COM,2005,142896
Comoros,COM,2006,168544
Comoros,COM,2007,106256
Comoros,COM,2008,109920
Comoros,COM,2009,135568
Comoros,COM,2010,161216
Comoros,COM,2011,142896
Comoros,COM,2012,153888
Comoros,COM,2013,183200
Comoros,COM,2014,164880
Comoros,COM,2015,179536
Comoros,COM,2016,205184
Comoros,COM,2017,263808
Comoros,COM,2018,285792
Comoros,COM,2019,311440
Comoros,COM,2020,370064
Comoros,COM,2021,498304
Comoros,COM,2022,531671
Comoros,COM,2023,542130
Comoros,COM,2024,551650
Congo,COG,1950,88807
Congo,COG,1951,118409
Congo,COG,1952,153562
Congo,COG,1953,129510
Congo,COG,1954,136910
Congo,COG,1955,135060
Congo,COG,1956,175763
Congo,COG,1957,188714
Congo,COG,1958,216466
Congo,COG,1959,186864
Congo,COG,1960,223504
Congo,COG,1961,267472
Congo,COG,1962,238160
Congo,COG,1963,234496
Congo,COG,1964,267472
Congo,COG,1965,245488
Congo,COG,1966,307776
Congo,COG,1967,322432
Congo,COG,1968,450672
Congo,COG,1969,501968.03
Congo,COG,1970,571584
Congo,COG,1971,685168
Congo,COG,1972,663184
Congo,COG,1973,1220112
Congo,COG,1974,1623152
Congo,COG,1975,1099200
Congo,COG,1976,1234768
Congo,COG,1977,479984
Congo,COG,1978,322432
Congo,COG,1979,348080
Congo,COG,1980,405529
Congo,COG,1981,470724
Congo,COG,1982,1343102
Congo,COG,1983,1142452
Congo,COG,1984,1139504
Congo,COG,1985,1275224
Congo,COG,1986,1062373
Congo,COG,1987,1320092
Congo,COG,1988,1492941
Congo,COG,1989,1495627
Congo,COG,1990,1007907.06
Congo,COG,1991,1082796
Congo,COG,1992,1289163
Congo,COG,1993,1160443
Congo,COG,1994,3383880
Congo,COG,1995,3224670
Congo,COG,1996,4037411.2
Congo,COG,1997,4830572
Congo,COG,1998,3869270
Congo,COG,1999,3915579
Congo,COG,2000,4284250
Congo,COG,2001,4177806.8
Congo,COG,2002,2720283
Congo,COG,2003,3258111
Congo,COG,2004,3548607
Congo,COG,2005,4352130
Congo,COG,2006,4785876
Congo,COG,2007,4259311
Congo,COG,2008,4270264
Congo,COG,2009,4943653
Congo,COG,2010,5499943
Congo,COG,2011,5046421
Congo,COG,2012,5018026
Congo,COG,2013,5890374
Congo,COG,2014,5471087
Congo,COG,2015,5636681
Congo,COG,2016,5727211
Congo,COG,2017,5650948
Congo,COG,2018,6544667
Congo,COG,2019,7293597
Congo,COG,2020,7677297
Congo,COG,2021,7392860
Congo,COG,2022,8727515
Congo,COG,2023,8274273
Congo,COG,2024,8839770
Cook Islands,COK,1969,10992
Cook Islands,COK,1970,10992
Cook Islands,COK,1971,10992
Cook Islands,COK,1972,10992
Cook Islands,COK,1973,10992
Cook Islands,COK,1974,10992
Cook Islands,COK,1975,14656
Cook Islands,COK,1976,14656
Cook Islands,COK,1977,29312
Cook Islands,COK,1978,29312
Cook Islands,COK,1979,25648
Cook Islands,COK,1980,29312
Cook Islands,COK,1981,65952
Cook Islands,COK,1982,51296
Cook Islands,COK,1983,51296
Cook Islands,COK,1984,21984
Cook Islands,COK,1985,21984
Cook Islands,COK,1986,21984
Cook Islands,COK,1987,21984
Cook Islands,COK,1988,21984
Cook Islands,COK,1989,21984
Cook Islands,COK,1990,40304
Cook Islands,COK,1991,40304
Cook Islands,COK,1992,40304
Cook Islands,COK,1993,43968
Cook Islands,COK,1994,43968
Cook Islands,COK,1995,43968
Cook Islands,COK,1996,51296
Cook Islands,COK,1997,51296
Cook Islands,COK,1998,51296
Cook Islands,COK,1999,51296
Cook Islands,COK,2000,51296
Cook Islands,COK,2001,54960
Cook Islands,COK,2002,43968
Cook Islands,COK,2003,47632
Cook Islands,COK,2004,51296
Cook Islands,COK,2005,58624
Cook Islands,COK,2006,65952
Cook Islands,COK,2007,65952
Cook Islands,COK,2008,65952
Cook Islands,COK,2009,62288
Cook Islands,COK,2010,69616
Cook Islands,COK,2011,76944
Cook Islands,COK,2012,80608
Cook Islands,COK,2013,80608
Cook Islands,COK,2014,80608
Cook Islands,COK,2015,76944
Cook Islands,COK,2016,76944
Cook Islands,COK,2017,76944
Cook Islands,COK,2018,76944
Cook Islands,COK,2019,80608
Cook Islands,COK,2020,65952
Cook Islands,COK,2021,73280
Cook Islands,COK,2022,76944
Cook Islands,COK,2023,76581
Cook Islands,COK,2024,80083
Costa Rica,CRI,1870,3
Costa Rica,CRI,1871,8
Costa Rica,CRI,1872,8
Costa Rica,CRI,1873,23
Costa Rica,CRI,1874,64
Costa Rica,CRI,1875,26
Costa Rica,CRI,1876,31
Costa Rica,CRI,1877,92
Costa Rica,CRI,1878,546
Costa Rica,CRI,1879,946
Costa Rica,CRI,1880,551
Costa Rica,CRI,1881,95
Costa Rica,CRI,1882,82
Costa Rica,CRI,1883,685
Costa Rica,CRI,1884,1762
Costa Rica,CRI,1885,1149
Costa Rica,CRI,1886,2529
Costa Rica,CRI,1887,1634
Costa Rica,CRI,1888,623
Costa Rica,CRI,1889,5540
Costa Rica,CRI,1890,16245
Costa Rica,CRI,1891,12185
Costa Rica,CRI,1892,35702
Costa Rica,CRI,1893,28272
Costa Rica,CRI,1894,29723
Costa Rica,CRI,1895,23481
Costa Rica,CRI,1896,26633
Costa Rica,CRI,1897,23470
Costa Rica,CRI,1898,32837
Costa Rica,CRI,1899,29611
Costa Rica,CRI,1900,30344
Costa Rica,CRI,1901,31914
Costa Rica,CRI,1902,22224
Costa Rica,CRI,1903,38282
Costa Rica,CRI,1904,34871
Costa Rica,CRI,1905,24499
Costa Rica,CRI,1906,76788
Costa Rica,CRI,1907,62304
Costa Rica,CRI,1908,90042
Costa Rica,CRI,1909,51853
Costa Rica,CRI,1910,98129
Costa Rica,CRI,1911,110884
Costa Rica,CRI,1912,112400
Costa Rica,CRI,1913,112418
Costa Rica,CRI,1914,98891
Costa Rica,CRI,1915,71555
Costa Rica,CRI,1916,57672
Costa Rica,CRI,1917,26510
Costa Rica,CRI,1918,4191
Costa Rica,CRI,1919,30678
Costa Rica,CRI,1920,35920
Costa Rica,CRI,1921,8554
Costa Rica,CRI,1922,5899
Costa Rica,CRI,1923,8023.0005
Costa Rica,CRI,1924,9067
Costa Rica,CRI,1925,3062
Costa Rica,CRI,1926,1531
Costa Rica,CRI,1927,1531
Costa Rica,CRI,1928,20288
Costa Rica,CRI,1929,20223
Costa Rica,CRI,1930,11272
Costa Rica,CRI,1931,5812
Costa Rica,CRI,1932,6892
Costa Rica,CRI,1933,382
Costa Rica,CRI,1934,382
Costa Rica,CRI,1935,7656
Costa Rica,CRI,1936,767
Costa Rica,CRI,1937,8038
Costa Rica,CRI,1938,767
Costa Rica,CRI,1939,382
Costa Rica,CRI,1940,3829
Costa Rica,CRI,1941,382
Costa Rica,CRI,1942,767
Costa Rica,CRI,1943,713
Costa Rica,CRI,1944,6125
Costa Rica,CRI,1945,382
Costa Rica,CRI,1946,382
Costa Rica,CRI,1947,382
Costa Rica,CRI,1948,7656
Costa Rica,CRI,1949,382
Costa Rica,CRI,1950,286174
Costa Rica,CRI,1951,312207
Costa Rica,CRI,1952,388384
Costa Rica,CRI,1953,432352
Costa Rica,CRI,1954,406704
Costa Rica,CRI,1955,348080
Costa Rica,CRI,1956,483648
Costa Rica,CRI,1957,461664
Costa Rica,CRI,1958,447008
Costa Rica,CRI,1959,384720
Costa Rica,CRI,1960,490976
Costa Rica,CRI,1961,490976
Costa Rica,CRI,1962,549600
Costa Rica,CRI,1963,600896
Costa Rica,CRI,1964,674057
Costa Rica,CRI,1965,845909
Costa Rica,CRI,1966,992469
Costa Rica,CRI,1967,875250
Costa Rica,CRI,1968,1036376.94
Costa Rica,CRI,1969,1146178
Costa Rica,CRI,1970,1248681
Costa Rica,CRI,1971,1527026
Costa Rica,CRI,1972,1761314
Costa Rica,CRI,1973,2043412.9
Costa Rica,CRI,1974,1904091
Costa Rica,CRI,1975,2035847
Costa Rica,CRI,1976,2081705.1
Costa Rica,CRI,1977,2607083
Costa Rica,CRI,1978,2911430
Costa Rica,CRI,1979,2780103
Costa Rica,CRI,1980,2447316
Costa Rica,CRI,1981,2235059
Costa Rica,CRI,1982,2069382.9
Costa Rica,CRI,1983,2087543
Costa Rica,CRI,1984,1979192
Costa Rica,CRI,1985,2240471
Costa Rica,CRI,1986,2575016
Costa Rica,CRI,1987,2720968
Costa Rica,CRI,1988,2902907
Costa Rica,CRI,1989,2929799
Costa Rica,CRI,1990,2909155
Costa Rica,CRI,1991,3282460
Costa Rica,CRI,1992,3735318
Costa Rica,CRI,1993,3881498
Costa Rica,CRI,1994,5188111
Costa Rica,CRI,1995,4788613
Costa Rica,CRI,1996,4673413
Costa Rica,CRI,1997,4900029
Costa Rica,CRI,1998,5213757
Costa Rica,CRI,1999,5415418
Costa Rica,CRI,2000,5367233
Costa Rica,CRI,2001,5637902
Costa Rica,CRI,2002,6214329
Costa Rica,CRI,2003,6551020
Costa Rica,CRI,2004,6796823
Costa Rica,CRI,2005,6659584
Costa Rica,CRI,2006,6976076
Costa Rica,CRI,2007,7906676
Costa Rica,CRI,2008,7934122
Costa Rica,CRI,2009,7693122
Costa Rica,CRI,2010,7461208
Costa Rica,CRI,2011,7276383
Costa Rica,CRI,2012,7216786
Costa Rica,CRI,2013,7583546
Costa Rica,CRI,2014,7701873
Costa Rica,CRI,2015,7352825
Costa Rica,CRI,2016,7828942
Costa Rica,CRI,2017,7986782
Costa Rica,CRI,2018,7966997
Costa Rica,CRI,2019,7660395
Costa Rica,CRI,2020,6754070
Costa Rica,CRI,2021,7665438
Costa Rica,CRI,2022,8010137.5
Costa Rica,CRI,2023,8472529
Costa Rica,CRI,2024,8760451
Cote d'Ivoire,CIV,1950,551249
Cote d'Ivoire,CIV,1951,460931
Cote d'Ivoire,CIV,1952,515433
Cote d'Ivoire,CIV,1953,428230
Cote d'Ivoire,CIV,1954,504533
Cote d'Ivoire,CIV,1955,502976
Cote d'Ivoire,CIV,1956,582393
Cote d'Ivoire,CIV,1957,596408
Cote d'Ivoire,CIV,1958,498304
Cote d'Ivoire,CIV,1959,545936
Cote d'Ivoire,CIV,1960,461664
Cote d'Ivoire,CIV,1961,553264
Cote d'Ivoire,CIV,1962,586240
Cote d'Ivoire,CIV,1963,622880
Cote d'Ivoire,CIV,1964,762112
Cote d'Ivoire,CIV,1965,1172480
Cote d'Ivoire,CIV,1966,1238432
Cote d'Ivoire,CIV,1967,1359344
Cote d'Ivoire,CIV,1968,1597504
Cote d'Ivoire,CIV,1969,1890624
Cote d'Ivoire,CIV,1970,2242368
Cote d'Ivoire,CIV,1971,2454880
Cote d'Ivoire,CIV,1972,2711360
Cote d'Ivoire,CIV,1973,2876240
Cote d'Ivoire,CIV,1974,3242640
Cote d'Ivoire,CIV,1975,3986432
Cote d'Ivoire,CIV,1976,3960784
Cote d'Ivoire,CIV,1977,4052384
Cote d'Ivoire,CIV,1978,4814496
Cote d'Ivoire,CIV,1979,5419056
Cote d'Ivoire,CIV,1980,5569280
Cote d'Ivoire,CIV,1981,3865520
Cote d'Ivoire,CIV,1982,5554624
Cote d'Ivoire,CIV,1983,4517712
Cote d'Ivoire,CIV,1984,5133264
Cote d'Ivoire,CIV,1985,6983584
Cote d'Ivoire,CIV,1986,5576608
Cote d'Ivoire,CIV,1987,7349984
Cote d'Ivoire,CIV,1988,8804592
Cote d'Ivoire,CIV,1989,8265983.5
Cote d'Ivoire,CIV,1990,4781520
Cote d'Ivoire,CIV,1991,4308864
Cote d'Ivoire,CIV,1992,3843536
Cote d'Ivoire,CIV,1993,5092960
Cote d'Ivoire,CIV,1994,4132991.8
Cote d'Ivoire,CIV,1995,6225337
Cote d'Ivoire,CIV,1996,7526009
Cote d'Ivoire,CIV,1997,7211238
Cote d'Ivoire,CIV,1998,6748157
Cote d'Ivoire,CIV,1999,6095407
Cote d'Ivoire,CIV,2000,6630064
Cote d'Ivoire,CIV,2001,7653345
Cote d'Ivoire,CIV,2002,7450165
Cote d'Ivoire,CIV,2003,5300525
Cote d'Ivoire,CIV,2004,7386261
Cote d'Ivoire,CIV,2005,7568019
Cote d'Ivoire,CIV,2006,6887238
Cote d'Ivoire,CIV,2007,6653270
Cote d'Ivoire,CIV,2008,6712605
Cote d'Ivoire,CIV,2009,5659943
Cote d'Ivoire,CIV,2010,6224746
Cote d'Ivoire,CIV,2011,6523170
Cote d'Ivoire,CIV,2012,8540010
Cote d'Ivoire,CIV,2013,9679770
Cote d'Ivoire,CIV,2014,9903225
Cote d'Ivoire,CIV,2015,9554745
Cote d'Ivoire,CIV,2016,11979472
Cote d'Ivoire,CIV,2017,12001905
Cote d'Ivoire,CIV,2018,10415200
Cote d'Ivoire,CIV,2019,10538745
Cote d'Ivoire,CIV,2020,11018607
Cote d'Ivoire,CIV,2021,13665820
Cote d'Ivoire,CIV,2022,14504321
Cote d'Ivoire,CIV,2023,14052436
Cote d'Ivoire,CIV,2024,14828585
Croatia,HRV,1885,4927
Croatia,HRV,1890,14782
Croatia,HRV,1891,17246
Croatia,HRV,1892,19093
Croatia,HRV,1893,33875
Croatia,HRV,1894,64671.004
Croatia,HRV,1895,64671.004
Croatia,HRV,1896,72062
Croatia,HRV,1897,56048
Croatia,HRV,1898,84996
Croatia,HRV,1899,99162
Croatia,HRV,1900,134269
Croatia,HRV,1901,146588
Croatia,HRV,1902,137349
Croatia,HRV,1903,149051
Croatia,HRV,1904,158906
Croatia,HRV,1905,172456
Croatia,HRV,1906,206332
Croatia,HRV,1907,210027
Croatia,HRV,1908,226041
Croatia,HRV,1909,232200
Croatia,HRV,1910,229736
Croatia,HRV,1911,248830
Croatia,HRV,1912,254989
Croatia,HRV,1913,700295
Croatia,HRV,1919,501971
Croatia,HRV,1920,666420
Croatia,HRV,1921,709534
Croatia,HRV,1922,1031042
Croatia,HRV,1923,1124661
Croatia,HRV,1924,1152993
Croatia,HRV,1925,1265705
Croatia,HRV,1926,1232446
Croatia,HRV,1927,1392584
Croatia,HRV,1928,1559792
Croatia,HRV,1929,1725178
Croatia,HRV,1930,1623552
Croatia,HRV,1931,1476965
Croatia,HRV,1932,1350314
Croatia,HRV,1933,1248693
Croatia,HRV,1934,1299503
Croatia,HRV,1935,1358412
Croatia,HRV,1936,1342894
Croatia,HRV,1937,1497436
Croatia,HRV,1938,1413568
Croatia,HRV,1939,1484990
Croatia,HRV,1940,1731953
Croatia,HRV,1943,61241
Croatia,HRV,1944,15398
Croatia,HRV,1945,869929
Croatia,HRV,1946,1709434
Croatia,HRV,1947,2369832
Croatia,HRV,1948,2675123
Croatia,HRV,1949,3057775
Croatia,HRV,1950,2938796
Croatia,HRV,1951,2781516
Croatia,HRV,1952,2788662
Croatia,HRV,1953,2773925
Croatia,HRV,1954,3311699
Croatia,HRV,1955,3792789
Croatia,HRV,1956,4342407
Croatia,HRV,1957,4710605
Croatia,HRV,1958,4641472
Croatia,HRV,1959,5326171
Croatia,HRV,1960,5821392
Croatia,HRV,1961,6109371
Croatia,HRV,1962,6268905
Croatia,HRV,1963,6974590
Croatia,HRV,1964,7907537
Croatia,HRV,1965,8143818
Croatia,HRV,1966,8072182.5
Croatia,HRV,1967,8161031
Croatia,HRV,1968,8729798
Croatia,HRV,1969,9053721
Croatia,HRV,1970,11841030
Croatia,HRV,1971,12754926
Croatia,HRV,1972,11937099
Croatia,HRV,1973,14279449
Croatia,HRV,1974,14334891
Croatia,HRV,1975,14951388
Croatia,HRV,1976,15426878
Croatia,HRV,1977,14995625
Croatia,HRV,1978,16763645
Croatia,HRV,1979,18237566
Croatia,HRV,1980,17925540
Croatia,HRV,1981,19479716
Croatia,HRV,1982,17890910
Croatia,HRV,1983,19266562
Croatia,HRV,1984,20321102
Croatia,HRV,1985,20731470
Croatia,HRV,1986,21657046
Croatia,HRV,1987,21139226
Croatia,HRV,1988,21820488
Croatia,HRV,1989,21752126
Croatia,HRV,1990,22885220
Croatia,HRV,1991,16999432
Croatia,HRV,1992,16379164
Croatia,HRV,1993,16811040
Croatia,HRV,1994,16054554
Croatia,HRV,1995,16814490
Croatia,HRV,1996,17338434
Croatia,HRV,1997,18569168
Croatia,HRV,1998,19040028
Croatia,HRV,1999,20082224
Croatia,HRV,2000,19652682
Croatia,HRV,2001,20775934
Croatia,HRV,2002,21915520
Croatia,HRV,2003,23226188
Croatia,HRV,2004,22852690
Croatia,HRV,2005,23295552
Croatia,HRV,2006,23496198
Croatia,HRV,2007,24801760
Croatia,HRV,2008,23515656
Croatia,HRV,2009,21752318
Croatia,HRV,2010,20978134
Croatia,HRV,2011,20614658
Croatia,HRV,2012,19050020
Croatia,HRV,2013,18401342
Croatia,HRV,2014,17649938
Croatia,HRV,2015,17793892
Croatia,HRV,2016,18079278
Croatia,HRV,2017,18713126
Croatia,HRV,2018,17694512
Croatia,HRV,2019,17820422
Croatia,HRV,2020,16870106
Croatia,HRV,2021,17402972
Croatia,HRV,2022,17585164
Croatia,HRV,2023,18467598
Croatia,HRV,2024,18464850
Cuba,CUB,1856,384520
Cuba,CUB,1857,360731
Cuba,CUB,1858,338413
Cuba,CUB,1859,317476
Cuba,CUB,1860,297835
Cuba,CUB,1861,442156
Cuba,CUB,1862,592261
Cuba,CUB,1863,370691
Cuba,CUB,1864,611289
Cuba,CUB,1865,588783
Cuba,CUB,1866,591925
Cuba,CUB,1867,634260
Cuba,CUB,1868,599955
Cuba,CUB,1869,685097
Cuba,CUB,1870,626027
Cuba,CUB,1871,609019
Cuba,CUB,1872,618543
Cuba,CUB,1873,641844
Cuba,CUB,1874,650764
Cuba,CUB,1875,652685
Cuba,CUB,1876,561950
Cuba,CUB,1877,589335
Cuba,CUB,1878,686376
Cuba,CUB,1879,697184
Cuba,CUB,1880,589748
Cuba,CUB,1881,606360
Cuba,CUB,1882,615131
Cuba,CUB,1883,596411
Cuba,CUB,1884,585408
Cuba,CUB,1885,609132
Cuba,CUB,1886,575572
Cuba,CUB,1887,642752
Cuba,CUB,1888,715587
Cuba,CUB,1889,793331
Cuba,CUB,1890,771805
Cuba,CUB,1891,923859
Cuba,CUB,1892,1021613.94
Cuba,CUB,1893,968271
Cuba,CUB,1894,1042539.94
Cuba,CUB,1895,996245
Cuba,CUB,1896,798533
Cuba,CUB,1897,754998
Cuba,CUB,1898,837548
Cuba,CUB,1899,941341
Cuba,CUB,1900,943859
Cuba,CUB,1901,1016461
Cuba,CUB,1902,992375
Cuba,CUB,1903,1213886
Cuba,CUB,1904,1348721
Cuba,CUB,1905,1645547
Cuba,CUB,1906,1883687
Cuba,CUB,1907,1946014
Cuba,CUB,1908,1896998
Cuba,CUB,1909,2004545
Cuba,CUB,1910,2386393
Cuba,CUB,1911,2818949
Cuba,CUB,1912,3279130
Cuba,CUB,1913,3288941
Cuba,CUB,1914,3013496
Cuba,CUB,1915,3134791
Cuba,CUB,1916,3641798
Cuba,CUB,1917,3983881
Cuba,CUB,1918,3893284
Cuba,CUB,1919,2687464
Cuba,CUB,1920,3629566
Cuba,CUB,1921,1512693
Cuba,CUB,1922,1380852
Cuba,CUB,1923,1796696
Cuba,CUB,1924,1571502
Cuba,CUB,1925,1703763
Cuba,CUB,1926,1636035
Cuba,CUB,1927,1652342
Cuba,CUB,1928,1594829
Cuba,CUB,1929,860162
Cuba,CUB,1930,1298420
Cuba,CUB,1931,959853
Cuba,CUB,1932,773249
Cuba,CUB,1933,757937
Cuba,CUB,1934,815358
Cuba,CUB,1935,792390
Cuba,CUB,1936,922541
Cuba,CUB,1937,983788
Cuba,CUB,1938,884261
Cuba,CUB,1939,704345
Cuba,CUB,1940,681378
Cuba,CUB,1941,562473
Cuba,CUB,1942,470214
Cuba,CUB,1943,734342
Cuba,CUB,1944,527440
Cuba,CUB,1945,556902
Cuba,CUB,1946,477541
Cuba,CUB,1947,556883
Cuba,CUB,1948,419375
Cuba,CUB,1949,338900
Cuba,CUB,1950,5641091
Cuba,CUB,1951,6469079
Cuba,CUB,1952,6282067
Cuba,CUB,1953,6190526
Cuba,CUB,1954,5948642
Cuba,CUB,1955,6776647
Cuba,CUB,1956,5841673
Cuba,CUB,1957,13865625
Cuba,CUB,1958,17994686
Cuba,CUB,1959,15664738
Cuba,CUB,1960,13687099
Cuba,CUB,1961,12168303
Cuba,CUB,1962,14154546
Cuba,CUB,1963,13025915
Cuba,CUB,1964,14279003
Cuba,CUB,1965,14594137
Cuba,CUB,1966,15169385
Cuba,CUB,1967,15736880
Cuba,CUB,1968,16019522
Cuba,CUB,1969,17243298
Cuba,CUB,1970,18654088
Cuba,CUB,1971,19588660
Cuba,CUB,1972,20777370
Cuba,CUB,1973,22375342
Cuba,CUB,1974,22888060
Cuba,CUB,1975,27039482
Cuba,CUB,1976,27197066
Cuba,CUB,1977,29374202
Cuba,CUB,1978,30661204
Cuba,CUB,1979,31684546
Cuba,CUB,1980,31374024
Cuba,CUB,1981,32723480
Cuba,CUB,1982,34527344
Cuba,CUB,1983,30820618
Cuba,CUB,1984,32580692
Cuba,CUB,1985,32555866
Cuba,CUB,1986,33546752
Cuba,CUB,1987,33933260
Cuba,CUB,1988,35616450
Cuba,CUB,1989,35719060
Cuba,CUB,1990,29637756
Cuba,CUB,1991,26961236
Cuba,CUB,1992,20754494
Cuba,CUB,1993,19789710
Cuba,CUB,1994,21426368
Cuba,CUB,1995,22868304
Cuba,CUB,1996,23303738
Cuba,CUB,1997,24823734
Cuba,CUB,1998,24308508
Cuba,CUB,1999,24489204
Cuba,CUB,2000,25299178
Cuba,CUB,2001,24680938
Cuba,CUB,2002,25179234
Cuba,CUB,2003,25554362
Cuba,CUB,2004,24539812
Cuba,CUB,2005,25706188
Cuba,CUB,2006,26781428
Cuba,CUB,2007,25724220
Cuba,CUB,2008,27738204
Cuba,CUB,2009,28260750
Cuba,CUB,2010,33041988
Cuba,CUB,2011,29075760
Cuba,CUB,2012,29475822
Cuba,CUB,2013,27893984
Cuba,CUB,2014,27366440
Cuba,CUB,2015,29091232
Cuba,CUB,2016,27772246
Cuba,CUB,2017,24559170
Cuba,CUB,2018,23019470
Cuba,CUB,2019,22486916
Cuba,CUB,2020,21280834
Cuba,CUB,2021,22548866
Cuba,CUB,2022,23258538
Cuba,CUB,2023,23470270
Cuba,CUB,2024,24440234
Curacao,CUW,1926,0
Curacao,CUW,1927,0
Curacao,CUW,1928,0
Curacao,CUW,1929,0
Curacao,CUW,1930,0
Curacao,CUW,1931,0
Curacao,CUW,1932,0
Curacao,CUW,1933,0
Curacao,CUW,1934,0
Curacao,CUW,1935,0
Curacao,CUW,1936,0
Curacao,CUW,1937,0
Curacao,CUW,1938,0
Curacao,CUW,1939,0
Curacao,CUW,1940,0
Curacao,CUW,1941,0
Curacao,CUW,1942,0
Curacao,CUW,1943,0
Curacao,CUW,1944,0
Curacao,CUW,1945,0
Curacao,CUW,1946,0
Curacao,CUW,1947,0
Curacao,CUW,1948,0
Curacao,CUW,1949,0
Curacao,CUW,1950,6132477
Curacao,CUW,1951,9671739
Curacao,CUW,1952,5584442
Curacao,CUW,1953,6463134
Curacao,CUW,1954,13073228
Curacao,CUW,1955,10813733
Curacao,CUW,1956,13985598
Curacao,CUW,1957,9552335
Curacao,CUW,1958,8367478.5
Curacao,CUW,1959,10770870
Curacao,CUW,1960,9261479
Curacao,CUW,1961,9665616
Curacao,CUW,1962,10614726
Curacao,CUW,1963,10167726
Curacao,CUW,1964,9886054
Curacao,CUW,1965,8869588
Curacao,CUW,1966,8293998.5
Curacao,CUW,1967,10216712
Curacao,CUW,1968,9500287
Curacao,CUW,1969,12433344
Curacao,CUW,1970,13905995
Curacao,CUW,1971,12102686
Curacao,CUW,1972,11735289
Curacao,CUW,1973,13018118
Curacao,CUW,1974,11799583
Curacao,CUW,1975,8545054
Curacao,CUW,1976,18253532
Curacao,CUW,1977,9533965
Curacao,CUW,1978,8119485
Curacao,CUW,1979,8517499
Curacao,CUW,1980,8765492
Curacao,CUW,1981,8349107.5
Curacao,CUW,1982,9334958
Curacao,CUW,1983,4797599
Curacao,CUW,1984,11980220
Curacao,CUW,1985,14022338
Curacao,CUW,1986,2688125
Curacao,CUW,1987,2389805
Curacao,CUW,1988,2354136
Curacao,CUW,1989,4481289
Curacao,CUW,1990,4799065
Curacao,CUW,1991,3829524
Curacao,CUW,1992,3155061
Curacao,CUW,1993,4870403
Curacao,CUW,1994,4669361
Curacao,CUW,1995,4620722
Curacao,CUW,1996,4322401
Curacao,CUW,1997,4523443
Curacao,CUW,1998,249681
Curacao,CUW,1999,1870987
Curacao,CUW,2000,4964438
Curacao,CUW,2001,5055232
Curacao,CUW,2002,4873645
Curacao,CUW,2003,4876888
Curacao,CUW,2004,5116841
Curacao,CUW,2005,5071445
Curacao,CUW,2006,5285457
Curacao,CUW,2007,5950192
Curacao,CUW,2008,5723210
Curacao,CUW,2009,5856157
Curacao,CUW,2010,4033809.2
Curacao,CUW,2011,5146025
Curacao,CUW,2012,6287424
Curacao,CUW,2013,5932016
Curacao,CUW,2014,6796720
Curacao,CUW,2015,7331664
Curacao,CUW,2016,6203152
Curacao,CUW,2017,4968384
Curacao,CUW,2018,4323520
Curacao,CUW,2019,2396256
Curacao,CUW,2020,2007872.1
Curacao,CUW,2021,2139776
Curacao,CUW,2022,2209392
Curacao,CUW,2023,2204923
Curacao,CUW,2024,2289628
Cyprus,CYP,1950,267472
Cyprus,CYP,1951,282128
Cyprus,CYP,1952,315104
Cyprus,CYP,1953,366400
Cyprus,CYP,1954,443344
Cyprus,CYP,1955,450672
Cyprus,CYP,1956,674027
Cyprus,CYP,1957,816805
Cyprus,CYP,1958,765451
Cyprus,CYP,1959,831401
Cyprus,CYP,1960,886331
Cyprus,CYP,1961,864318
Cyprus,CYP,1962,904622
Cyprus,CYP,1963,985230
Cyprus,CYP,1964,999975
Cyprus,CYP,1965,1150110
Cyprus,CYP,1966,1241710
Cyprus,CYP,1967,1362265
Cyprus,CYP,1968,1622201
Cyprus,CYP,1969,1669803
Cyprus,CYP,1970,1702690
Cyprus,CYP,1971,1883533
Cyprus,CYP,1972,2405937
Cyprus,CYP,1973,2503532
Cyprus,CYP,1974,1928765
Cyprus,CYP,1975,1990826
Cyprus,CYP,1976,2487684
Cyprus,CYP,1977,2700114
Cyprus,CYP,1978,2845021
Cyprus,CYP,1979,3045442
Cyprus,CYP,1980,3260647
Cyprus,CYP,1981,3095654
Cyprus,CYP,1982,3157205
Cyprus,CYP,1983,3151348
Cyprus,CYP,1984,3234557
Cyprus,CYP,1985,3144994
Cyprus,CYP,1986,3606067
Cyprus,CYP,1987,4184954.2
Cyprus,CYP,1988,4197559
Cyprus,CYP,1989,4429735
Cyprus,CYP,1990,4647757
Cyprus,CYP,1991,5136100
Cyprus,CYP,1992,5508841
Cyprus,CYP,1993,5752779
Cyprus,CYP,1994,5994995
Cyprus,CYP,1995,5865764
Cyprus,CYP,1996,6215677
Cyprus,CYP,1997,6302385
Cyprus,CYP,1998,6596848
Cyprus,CYP,1999,6863432
Cyprus,CYP,2000,7106901
Cyprus,CYP,2001,6979659
Cyprus,CYP,2002,7171937
Cyprus,CYP,2003,7560774
Cyprus,CYP,2004,7787102
Cyprus,CYP,2005,7951671
Cyprus,CYP,2006,8183131
Cyprus,CYP,2007,8475067
Cyprus,CYP,2008,8691636
Cyprus,CYP,2009,8437988
Cyprus,CYP,2010,8071821
Cyprus,CYP,2011,7792363
Cyprus,CYP,2012,7261668
Cyprus,CYP,2013,6578171
Cyprus,CYP,2014,6929789
Cyprus,CYP,2015,6952477
Cyprus,CYP,2016,7349926
Cyprus,CYP,2017,7469282
Cyprus,CYP,2018,7324203
Cyprus,CYP,2019,7324482
Cyprus,CYP,2020,6903173
Cyprus,CYP,2021,6950782
Cyprus,CYP,2022,7070778
Cyprus,CYP,2023,7188089
Cyprus,CYP,2024,7299328
Czechia,CZE,1860,202377
Czechia,CZE,1861,665349
Czechia,CZE,1862,1131094
Czechia,CZE,1863,1596839
Czechia,CZE,1864,2062583
Czechia,CZE,1865,2528328
Czechia,CZE,1866,2994073
Czechia,CZE,1867,3457045
Czechia,CZE,1868,3922790
Czechia,CZE,1869,4388534
Czechia,CZE,1870,4854279
Czechia,CZE,1871,5320024
Czechia,CZE,1872,5782996
Czechia,CZE,1873,6248741
Czechia,CZE,1874,6714485
Czechia,CZE,1875,7180230
Czechia,CZE,1876,12411540
Czechia,CZE,1877,13040850
Czechia,CZE,1878,13670159
Czechia,CZE,1879,14690362
Czechia,CZE,1880,15563633
Czechia,CZE,1881,16436905
Czechia,CZE,1882,16808392
Czechia,CZE,1883,17953346
Czechia,CZE,1884,18543844
Czechia,CZE,1885,19469790
Czechia,CZE,1886,20467814
Czechia,CZE,1887,21499106
Czechia,CZE,1888,23043270
Czechia,CZE,1889,24396146
Czechia,CZE,1890,26090016
Czechia,CZE,1891,27049228
Czechia,CZE,1892,27459526
Czechia,CZE,1893,28069432
Czechia,CZE,1894,28773594
Czechia,CZE,1895,29863102
Czechia,CZE,1896,30597760
Czechia,CZE,1897,32383114
Czechia,CZE,1898,33106682
Czechia,CZE,1899,33966092
Czechia,CZE,1900,33719356
Czechia,CZE,1901,35233028
Czechia,CZE,1902,35704316
Czechia,CZE,1903,36375210
Czechia,CZE,1904,36730064
Czechia,CZE,1905,37811256
Czechia,CZE,1906,39485716
Czechia,CZE,1907,41498400
Czechia,CZE,1908,42263550
Czechia,CZE,1909,42005730
Czechia,CZE,1910,41567710
Czechia,CZE,1911,42094444
Czechia,CZE,1912,44789108
Czechia,CZE,1913,46848920
Czechia,CZE,1914,42709892
Czechia,CZE,1915,42615636
Czechia,CZE,1916,45357428
Czechia,CZE,1917,42651670
Czechia,CZE,1918,36364120
Czechia,CZE,1919,34354210
Czechia,CZE,1920,34071436
Czechia,CZE,1921,32721332
Czechia,CZE,1922,29203296
Czechia,CZE,1923,30866670
Czechia,CZE,1924,37886108
Czechia,CZE,1925,35654416
Czechia,CZE,1926,36150652
Czechia,CZE,1927,38795416
Czechia,CZE,1928,40846910
Czechia,CZE,1929,45692876
Czechia,CZE,1930,40310730
Czechia,CZE,1931,37718612
Czechia,CZE,1932,32875306
Czechia,CZE,1933,30064200
Czechia,CZE,1934,30032006
Czechia,CZE,1935,30917798
Czechia,CZE,1936,33592620
Czechia,CZE,1937,40691670
Czechia,CZE,1938,46588324
Czechia,CZE,1939,51191668
Czechia,CZE,1940,57693830
Czechia,CZE,1941,58073036
Czechia,CZE,1942,62634000
Czechia,CZE,1943,69152376
Czechia,CZE,1944,65925040
Czechia,CZE,1945,34986292
Czechia,CZE,1946,43566916
Czechia,CZE,1947,49450468
Czechia,CZE,1948,53448484
Czechia,CZE,1949,56186892
Czechia,CZE,1950,57851024
Czechia,CZE,1951,61648584
Czechia,CZE,1952,65915640
Czechia,CZE,1953,68319160
Czechia,CZE,1954,72957440
Czechia,CZE,1955,75746110
Czechia,CZE,1956,81285900
Czechia,CZE,1957,84897320
Czechia,CZE,1958,92773280
Czechia,CZE,1959,92879310
Czechia,CZE,1960,99081330
Czechia,CZE,1961,107527576
Czechia,CZE,1962,114592020
Czechia,CZE,1963,120514520
Czechia,CZE,1964,125440470
Czechia,CZE,1965,122230060
Czechia,CZE,1966,121569530
Czechia,CZE,1967,121311770
Czechia,CZE,1968,126921260
Czechia,CZE,1969,134731730
Czechia,CZE,1970,154465330
Czechia,CZE,1971,162014350
Czechia,CZE,1972,163482380
Czechia,CZE,1973,164133980
Czechia,CZE,1974,166025230
Czechia,CZE,1975,173690880
Czechia,CZE,1976,180427470
Czechia,CZE,1977,185803310
Czechia,CZE,1978,187483460
Czechia,CZE,1979,182571250
Czechia,CZE,1980,184691120
Czechia,CZE,1981,182673310
Czechia,CZE,1982,180876580
Czechia,CZE,1983,181106670
Czechia,CZE,1984,187201040
Czechia,CZE,1985,184632940
Czechia,CZE,1986,185887500
Czechia,CZE,1987,183677340
Czechia,CZE,1988,180664260
Czechia,CZE,1989,172367140
Czechia,CZE,1990,164252300
Czechia,CZE,1991,148886190
Czechia,CZE,1992,145708180
Czechia,CZE,1993,140126130
Czechia,CZE,1994,132670150
Czechia,CZE,1995,131623810
Czechia,CZE,1996,135019230
Czechia,CZE,1997,130942000
Czechia,CZE,1998,125716776
Czechia,CZE,1999,116668900
Czechia,CZE,2000,127233490
Czechia,CZE,2001,127165210
Czechia,CZE,2002,123988120
Czechia,CZE,2003,127591670
Czechia,CZE,2004,128313656
Czechia,CZE,2005,125713460
Czechia,CZE,2006,126532560
Czechia,CZE,2007,128363630
Czechia,CZE,2008,122927730
Czechia,CZE,2009,114972080
Czechia,CZE,2010,117464090
Czechia,CZE,2011,115178136
Czechia,CZE,2012,111275540
Czechia,CZE,2013,106710090
Czechia,CZE,2014,104232570
Czechia,CZE,2015,104989704
Czechia,CZE,2016,106636424
Czechia,CZE,2017,107735540
Czechia,CZE,2018,106322056
Czechia,CZE,2019,100997496
Czechia,CZE,2020,91661460
Czechia,CZE,2021,96629410
Czechia,CZE,2022,95039670
Czechia,CZE,2023,83232250
Czechia,CZE,2024,75623000
Democratic Republic of Congo,COD,1920,3664
Democratic Republic of Congo,COD,1921,7328
Democratic Republic of Congo,COD,1922,80608
Democratic Republic of Congo,COD,1923,161216
Democratic Republic of Congo,COD,1924,216176
Democratic Republic of Congo,COD,1925,172208
Democratic Republic of Congo,COD,1926,238160
Democratic Republic of Congo,COD,1927,230832
Democratic Republic of Congo,COD,1928,281950
Democratic Republic of Congo,COD,1929,303874
Democratic Republic of Congo,COD,1930,388117
Democratic Republic of Congo,COD,1931,248974
Democratic Republic of Congo,COD,1932,51237
Democratic Republic of Congo,COD,1933,3634
Democratic Republic of Congo,COD,1934,18290
Democratic Republic of Congo,COD,1935,32946
Democratic Republic of Congo,COD,1936,40274
Democratic Republic of Congo,COD,1937,102561
Democratic Republic of Congo,COD,1938,120851
Democratic Republic of Congo,COD,1939,87793
Democratic Republic of Congo,COD,1940,76850
Democratic Republic of Congo,COD,1941,102414
Democratic Republic of Congo,COD,1942,142629
Democratic Republic of Congo,COD,1943,219573
Democratic Republic of Congo,COD,1944,171851
Democratic Republic of Congo,COD,1945,171904
Democratic Republic of Congo,COD,1946,311113
Democratic Republic of Congo,COD,1947,325626
Democratic Republic of Congo,COD,1948,373223
Democratic Republic of Congo,COD,1949,475726
Democratic Republic of Congo,COD,1950,1479543
Democratic Republic of Congo,COD,1951,1746896
Democratic Republic of Congo,COD,1952,2083837
Democratic Republic of Congo,COD,1953,2288991
Democratic Republic of Congo,COD,1954,2816219
Democratic Republic of Congo,COD,1955,3387566
Democratic Republic of Congo,COD,1956,3174846
Democratic Republic of Congo,COD,1957,3328704
Democratic Republic of Congo,COD,1958,2925963
Democratic Republic of Congo,COD,1959,2698971
Democratic Republic of Congo,COD,1960,2318510
Democratic Republic of Congo,COD,1961,2355388
Democratic Republic of Congo,COD,1962,2171950
Democratic Republic of Congo,COD,1963,2292682
Democratic Republic of Congo,COD,1964,1973973
Democratic Republic of Congo,COD,1965,2468527
Democratic Republic of Congo,COD,1966,2402514
Democratic Republic of Congo,COD,1967,2288811
Democratic Republic of Congo,COD,1968,3366027
Democratic Republic of Congo,COD,1969,3648037
Democratic Republic of Congo,COD,1970,2709666
Democratic Republic of Congo,COD,1971,2958670
Democratic Republic of Congo,COD,1972,3017204
Democratic Republic of Congo,COD,1973,3189175
Democratic Republic of Congo,COD,1974,3364690
Democratic Republic of Congo,COD,1975,3232786
Democratic Republic of Congo,COD,1976,3404885
Democratic Republic of Congo,COD,1977,3476971
Democratic Republic of Congo,COD,1978,3525975
Democratic Republic of Congo,COD,1979,3740105
Democratic Republic of Congo,COD,1980,3485020
Democratic Republic of Congo,COD,1981,3755424
Democratic Republic of Congo,COD,1982,3046965
Democratic Republic of Congo,COD,1983,3998000
Democratic Republic of Congo,COD,1984,3931640
Democratic Republic of Congo,COD,1985,3611908
Democratic Republic of Congo,COD,1986,3345663
Democratic Republic of Congo,COD,1987,3815863
Democratic Republic of Congo,COD,1988,3977992
Democratic Republic of Congo,COD,1989,4351992
Democratic Republic of Congo,COD,1990,4248965
Democratic Republic of Congo,COD,1991,3132604
Democratic Republic of Congo,COD,1992,2808223
Democratic Republic of Congo,COD,1993,2662330
Democratic Republic of Congo,COD,1994,2750982
Democratic Republic of Congo,COD,1995,3096173
Democratic Republic of Congo,COD,1996,3472628
Democratic Republic of Congo,COD,1997,3089412
Democratic Republic of Congo,COD,1998,2733258
Democratic Republic of Congo,COD,1999,2199437
Democratic Republic of Congo,COD,2000,1704731
Democratic Republic of Congo,COD,2001,1647457
Democratic Republic of Congo,COD,2002,1734094
Democratic Republic of Congo,COD,2003,2096084.1
Democratic Republic of Congo,COD,2004,2027893.1
Democratic Republic of Congo,COD,2005,2287396
Democratic Republic of Congo,COD,2006,2351727
Democratic Republic of Congo,COD,2007,2622976
Democratic Republic of Congo,COD,2008,2685120
Democratic Republic of Congo,COD,2009,2445967
Democratic Republic of Congo,COD,2010,2735413
Democratic Republic of Congo,COD,2011,3041045
Democratic Republic of Congo,COD,2012,2797330
Democratic Republic of Congo,COD,2013,3921089
Democratic Republic of Congo,COD,2014,5065957
Democratic Republic of Congo,COD,2015,3274380
Democratic Republic of Congo,COD,2016,2659404
Democratic Republic of Congo,COD,2017,2920246
Democratic Republic of Congo,COD,2018,3774205
Democratic Republic of Congo,COD,2019,4118092
Democratic Republic of Congo,COD,2020,4304789
Democratic Republic of Congo,COD,2021,4292237
Democratic Republic of Congo,COD,2022,5892366
Democratic Republic of Congo,COD,2023,5881086
Democratic Republic of Congo,COD,2024,5904451
Denmark,DNK,1843,135568
Denmark,DNK,1844,157552
Denmark,DNK,1845,208848
Denmark,DNK,1846,227168
Denmark,DNK,1847,172208
Denmark,DNK,1848,311440
Denmark,DNK,1849,271136
Denmark,DNK,1850,340752
Denmark,DNK,1851,311440
Denmark,DNK,1852,333424
Denmark,DNK,1853,359072
Denmark,DNK,1854,458000
Denmark,DNK,1855,454336
Denmark,DNK,1856,648528
Denmark,DNK,1857,663184
Denmark,DNK,1858,490976
Denmark,DNK,1859,626544
Denmark,DNK,1860,542272
Denmark,DNK,1861,784096
Denmark,DNK,1862,677840
Denmark,DNK,1863,754784
Denmark,DNK,1864,648528
Denmark,DNK,1865,1014928
Denmark,DNK,1866,937984
Denmark,DNK,1867,916000
Denmark,DNK,1868,1084544
Denmark,DNK,1869,945312
Denmark,DNK,1870,1143168
Denmark,DNK,1871,1187136
Denmark,DNK,1872,1139504
Denmark,DNK,1873,1150496
Denmark,DNK,1874,1242096
Denmark,DNK,1875,1458272
Denmark,DNK,1876,1542544
Denmark,DNK,1877,1524224
Denmark,DNK,1878,1447280
Denmark,DNK,1879,1634144
Denmark,DNK,1880,1861312
Denmark,DNK,1881,1971232
Denmark,DNK,1882,2114128
Denmark,DNK,1883,2429232
Denmark,DNK,1884,2418240
Denmark,DNK,1885,2535488
Denmark,DNK,1886,2429232
Denmark,DNK,1887,2491520
Denmark,DNK,1888,2802960
Denmark,DNK,1889,2993488
Denmark,DNK,1890,2868912
Denmark,DNK,1891,3085088
Denmark,DNK,1892,3169360
Denmark,DNK,1893,2997152
Denmark,DNK,1894,3400192
Denmark,DNK,1895,3524768
Denmark,DNK,1896,4312528
Denmark,DNK,1897,4623968
Denmark,DNK,1898,4803504
Denmark,DNK,1899,5250512
Denmark,DNK,1900,5147920
Denmark,DNK,1901,5360432
Denmark,DNK,1902,5503328
Denmark,DNK,1903,5726832
Denmark,DNK,1904,6177504
Denmark,DNK,1905,6008960
Denmark,DNK,1906,6543904
Denmark,DNK,1907,5833088
Denmark,DNK,1908,7236400
Denmark,DNK,1909,8005840.5
Denmark,DNK,1910,7349984
Denmark,DNK,1911,7829968
Denmark,DNK,1912,9284576
Denmark,DNK,1913,9526400
Denmark,DNK,1914,9764560
Denmark,DNK,1915,10453392
Denmark,DNK,1916,10215232
Denmark,DNK,1917,7434256
Denmark,DNK,1918,8676352
Denmark,DNK,1919,8236672.5
Denmark,DNK,1920,7192432
Denmark,DNK,1921,6793056
Denmark,DNK,1922,9650976
Denmark,DNK,1923,10526672
Denmark,DNK,1924,12340352
Denmark,DNK,1925,10720864
Denmark,DNK,1926,10468048
Denmark,DNK,1927,13325968
Denmark,DNK,1928,12557042
Denmark,DNK,1929,15125417
Denmark,DNK,1930,13806466
Denmark,DNK,1931,14320526
Denmark,DNK,1932,13426895
Denmark,DNK,1933,13371371
Denmark,DNK,1934,14641888
Denmark,DNK,1935,15250171
Denmark,DNK,1936,15777639
Denmark,DNK,1937,16294739
Denmark,DNK,1938,14631431
Denmark,DNK,1939,16301977
Denmark,DNK,1940,14822761
Denmark,DNK,1941,17398642
Denmark,DNK,1942,16471592
Denmark,DNK,1943,20622070
Denmark,DNK,1944,20281288
Denmark,DNK,1945,14043221
Denmark,DNK,1946,17643802
Denmark,DNK,1947,21453828
Denmark,DNK,1948,17071120
Denmark,DNK,1949,16880354
Denmark,DNK,1950,22006112
Denmark,DNK,1951,21932386
Denmark,DNK,1952,22913514
Denmark,DNK,1953,23158728
Denmark,DNK,1954,25591770
Denmark,DNK,1955,27079206
Denmark,DNK,1956,26383344
Denmark,DNK,1957,24906842
Denmark,DNK,1958,26801586
Denmark,DNK,1959,26041856
Denmark,DNK,1960,29760512
Denmark,DNK,1961,31712858
Denmark,DNK,1962,36904540
Denmark,DNK,1963,40678836
Denmark,DNK,1964,43157836
Denmark,DNK,1965,44304364
Denmark,DNK,1966,50085740
Denmark,DNK,1967,49033756
Denmark,DNK,1968,53280004
Denmark,DNK,1969,59349916
Denmark,DNK,1970,62043060
Denmark,DNK,1971,57004340
Denmark,DNK,1972,59579076
Denmark,DNK,1973,59197596
Denmark,DNK,1974,55013120
Denmark,DNK,1975,55712320
Denmark,DNK,1976,60056950
Denmark,DNK,1977,61769064
Denmark,DNK,1978,61028388
Denmark,DNK,1979,62907830
Denmark,DNK,1980,60289812
Denmark,DNK,1981,51719536
Denmark,DNK,1982,53619116
Denmark,DNK,1983,50101824
Denmark,DNK,1984,50784364
Denmark,DNK,1985,59984216
Denmark,DNK,1986,58801908
Denmark,DNK,1987,58245904
Denmark,DNK,1988,55013980
Denmark,DNK,1989,48685212
Denmark,DNK,1990,53476972
Denmark,DNK,1991,64104610
Denmark,DNK,1992,58326548
Denmark,DNK,1993,60573716
Denmark,DNK,1994,64673270
Denmark,DNK,1995,61653396
Denmark,DNK,1996,74899650
Denmark,DNK,1997,65437820
Denmark,DNK,1998,61238296
Denmark,DNK,1999,58652804
Denmark,DNK,2000,54306576
Denmark,DNK,2001,55896748
Denmark,DNK,2002,55554384
Denmark,DNK,2003,60645450
Denmark,DNK,2004,55100010
Denmark,DNK,2005,51534924
Denmark,DNK,2006,59500240
Denmark,DNK,2007,54709350
Denmark,DNK,2008,51256330
Denmark,DNK,2009,48851416
Denmark,DNK,2010,49189692
Denmark,DNK,2011,44236864
Denmark,DNK,2012,39861260
Denmark,DNK,2013,41763010
Denmark,DNK,2014,37571384
Denmark,DNK,2015,35110572
Denmark,DNK,2016,36916560
Denmark,DNK,2017,34664620
Denmark,DNK,2018,34608956
Denmark,DNK,2019,30950284
Denmark,DNK,2020,28299676
Denmark,DNK,2021,29603524
Denmark,DNK,2022,29094320
Denmark,DNK,2023,28831184
Denmark,DNK,2024,28369162
Djibouti,DJI,1950,10992
Djibouti,DJI,1951,25648
Djibouti,DJI,1952,25648
Djibouti,DJI,1953,29312
Djibouti,DJI,1954,32976
Djibouti,DJI,1955,36640
Djibouti,DJI,1956,29312
Djibouti,DJI,1957,43968
Djibouti,DJI,1958,47632
Djibouti,DJI,1959,36640
Djibouti,DJI,1960,40304
Djibouti,DJI,1961,43968
Djibouti,DJI,1962,47632
Djibouti,DJI,1963,65952
Djibouti,DJI,1964,84272
Djibouti,DJI,1965,120912
Djibouti,DJI,1966,139232
Djibouti,DJI,1967,87936
Djibouti,DJI,1968,120912
Djibouti,DJI,1969,84272
Djibouti,DJI,1970,139232
Djibouti,DJI,1971,161216
Djibouti,DJI,1972,190528
Djibouti,DJI,1973,179536
Djibouti,DJI,1974,194192
Djibouti,DJI,1975,197856
Djibouti,DJI,1976,197856
Djibouti,DJI,1977,197856
Djibouti,DJI,1978,201520
Djibouti,DJI,1979,362736
Djibouti,DJI,1980,348080
Djibouti,DJI,1981,300448
Djibouti,DJI,1982,348080
Djibouti,DJI,1983,348080
Djibouti,DJI,1984,351744
Djibouti,DJI,1985,359072
Djibouti,DJI,1986,377392
Djibouti,DJI,1987,388384
Djibouti,DJI,1988,348080
Djibouti,DJI,1989,388384
Djibouti,DJI,1990,296784
Djibouti,DJI,1991,300448
Djibouti,DJI,1992,304112
Djibouti,DJI,1993,304112
Djibouti,DJI,1994,300448
Djibouti,DJI,1995,311440
Djibouti,DJI,1996,304112
Djibouti,DJI,1997,333424
Djibouti,DJI,1998,388384
Djibouti,DJI,1999,388384
Djibouti,DJI,2000,366400
Djibouti,DJI,2001,366400
Djibouti,DJI,2002,399376
Djibouti,DJI,2003,421360
Djibouti,DJI,2004,406704
Djibouti,DJI,2005,414032
Djibouti,DJI,2006,414032
Djibouti,DJI,2007,454336
Djibouti,DJI,2008,494640
Djibouti,DJI,2009,443344
Djibouti,DJI,2010,516623.97
Djibouti,DJI,2011,315104
Djibouti,DJI,2012,293120
Djibouti,DJI,2013,380818
Djibouti,DJI,2014,417618
Djibouti,DJI,2015,504921.03
Djibouti,DJI,2016,427766
Djibouti,DJI,2017,413743
Djibouti,DJI,2018,471518
Djibouti,DJI,2019,540217
Djibouti,DJI,2020,463062
Djibouti,DJI,2021,557615
Djibouti,DJI,2022,550390
Djibouti,DJI,2023,557559
Djibouti,DJI,2024,564084
Dominica,DMA,1951,3664
Dominica,DMA,1952,7328
Dominica,DMA,1953,3664
Dominica,DMA,1954,3664
Dominica,DMA,1955,3664
Dominica,DMA,1956,3664
Dominica,DMA,1957,3664
Dominica,DMA,1958,7328
Dominica,DMA,1959,10992
Dominica,DMA,1960,10992
Dominica,DMA,1961,10992
Dominica,DMA,1962,10992
Dominica,DMA,1963,14656
Dominica,DMA,1964,14656
Dominica,DMA,1965,14656
Dominica,DMA,1966,14656
Dominica,DMA,1967,21984
Dominica,DMA,1968,21984
Dominica,DMA,1969,18320
Dominica,DMA,1970,25648
Dominica,DMA,1971,25648
Dominica,DMA,1972,25648
Dominica,DMA,1973,25648
Dominica,DMA,1974,29312
Dominica,DMA,1975,29312
Dominica,DMA,1976,29312
Dominica,DMA,1977,25648
Dominica,DMA,1978,25648
Dominica,DMA,1979,32976
Dominica,DMA,1980,36640
Dominica,DMA,1981,36640
Dominica,DMA,1982,40304
Dominica,DMA,1983,40304
Dominica,DMA,1984,43968
Dominica,DMA,1985,47632
Dominica,DMA,1986,47632
Dominica,DMA,1987,47632
Dominica,DMA,1988,54960
Dominica,DMA,1989,58624
Dominica,DMA,1990,58624
Dominica,DMA,1991,58624
Dominica,DMA,1992,58624
Dominica,DMA,1993,62288
Dominica,DMA,1994,69616
Dominica,DMA,1995,80608
Dominica,DMA,1996,73280
Dominica,DMA,1997,80608
Dominica,DMA,1998,76944
Dominica,DMA,1999,80608
Dominica,DMA,2000,102592
Dominica,DMA,2001,109920
Dominica,DMA,2002,102592
Dominica,DMA,2003,117248
Dominica,DMA,2004,142896
Dominica,DMA,2005,150224
Dominica,DMA,2006,142896
Dominica,DMA,2007,172208
Dominica,DMA,2008,168544
Dominica,DMA,2009,186864
Dominica,DMA,2010,168544
Dominica,DMA,2011,150224
Dominica,DMA,2012,164880
Dominica,DMA,2013,157552
Dominica,DMA,2014,168544
Dominica,DMA,2015,175872
Dominica,DMA,2016,172208
Dominica,DMA,2017,153888
Dominica,DMA,2018,164880
Dominica,DMA,2019,172208
Dominica,DMA,2020,157552
Dominica,DMA,2021,161216
Dominica,DMA,2022,164871
Dominica,DMA,2023,164537
Dominica,DMA,2024,170858
Dominican Republic,DOM,1870,13393
Dominican Republic,DOM,1871,1570
Dominican Republic,DOM,1872,3034
Dominican Republic,DOM,1873,1465
Dominican Republic,DOM,1874,1277
Dominican Republic,DOM,1875,0
Dominican Republic,DOM,1876,0
Dominican Republic,DOM,1877,2180
Dominican Republic,DOM,1878,2919
Dominican Republic,DOM,1879,2480
Dominican Republic,DOM,1880,5366
Dominican Republic,DOM,1881,3632
Dominican Republic,DOM,1882,280
Dominican Republic,DOM,1883,3575
Dominican Republic,DOM,1884,4465
Dominican Republic,DOM,1885,4794
Dominican Republic,DOM,1886,5422
Dominican Republic,DOM,1887,3918.9998
Dominican Republic,DOM,1888,5589
Dominican Republic,DOM,1889,5896
Dominican Republic,DOM,1890,7189
Dominican Republic,DOM,1891,7525
Dominican Republic,DOM,1892,8802
Dominican Republic,DOM,1893,11301
Dominican Republic,DOM,1894,27043
Dominican Republic,DOM,1895,19923
Dominican Republic,DOM,1896,24222
Dominican Republic,DOM,1897,16638
Dominican Republic,DOM,1898,12411
Dominican Republic,DOM,1899,14853
Dominican Republic,DOM,1900,15207
Dominican Republic,DOM,1901,14271
Dominican Republic,DOM,1902,14294
Dominican Republic,DOM,1903,17559
Dominican Republic,DOM,1904,13773
Dominican Republic,DOM,1905,16209.999
Dominican Republic,DOM,1906,18420
Dominican Republic,DOM,1907,25535
Dominican Republic,DOM,1908,29608
Dominican Republic,DOM,1909,25984
Dominican Republic,DOM,1910,37803
Dominican Republic,DOM,1911,42760
Dominican Republic,DOM,1912,37092
Dominican Republic,DOM,1913,42473
Dominican Republic,DOM,1914,47069
Dominican Republic,DOM,1915,57639
Dominican Republic,DOM,1916,72845
Dominican Republic,DOM,1917,77139
Dominican Republic,DOM,1918,81771
Dominican Republic,DOM,1919,59085
Dominican Republic,DOM,1920,48836
Dominican Republic,DOM,1921,47816
Dominican Republic,DOM,1922,22183
Dominican Republic,DOM,1923,36446
Dominican Republic,DOM,1924,22155
Dominican Republic,DOM,1925,25053
Dominican Republic,DOM,1926,31032
Dominican Republic,DOM,1927,26276
Dominican Republic,DOM,1928,15789
Dominican Republic,DOM,1929,22309
Dominican Republic,DOM,1930,26458
Dominican Republic,DOM,1931,10357
Dominican Republic,DOM,1932,12493
Dominican Republic,DOM,1933,8141
Dominican Republic,DOM,1934,8815
Dominican Republic,DOM,1935,12175
Dominican Republic,DOM,1936,11100
Dominican Republic,DOM,1937,6507
Dominican Republic,DOM,1938,3829
Dominican Republic,DOM,1939,382
Dominican Republic,DOM,1940,10336
Dominican Republic,DOM,1941,2298
Dominican Republic,DOM,1942,6125
Dominican Republic,DOM,1943,13781
Dominican Republic,DOM,1944,767
Dominican Republic,DOM,1945,1683
Dominican Republic,DOM,1946,8423
Dominican Republic,DOM,1947,17223
Dominican Republic,DOM,1948,35969
Dominican Republic,DOM,1949,26589
Dominican Republic,DOM,1950,348165
Dominican Republic,DOM,1951,358656
Dominican Republic,DOM,1952,593003
Dominican Republic,DOM,1953,618684
Dominican Republic,DOM,1954,625890
Dominican Republic,DOM,1955,915049
Dominican Republic,DOM,1956,984606
Dominican Republic,DOM,1957,1032119.06
Dominican Republic,DOM,1958,1065125
Dominican Republic,DOM,1959,1113083
Dominican Republic,DOM,1960,1039893
Dominican Republic,DOM,1961,1028636
Dominican Republic,DOM,1962,1241115
Dominican Republic,DOM,1963,1248503
Dominican Republic,DOM,1964,1746510
Dominican Republic,DOM,1965,1545348
Dominican Republic,DOM,1966,1669655
Dominican Republic,DOM,1967,1566944
Dominican Republic,DOM,1968,2347317
Dominican Republic,DOM,1969,2651163
Dominican Republic,DOM,1970,3105081
Dominican Republic,DOM,1971,3518697
Dominican Republic,DOM,1972,4668866
Dominican Republic,DOM,1973,5958980
Dominican Republic,DOM,1974,6409563
Dominican Republic,DOM,1975,6332680
Dominican Republic,DOM,1976,6322081
Dominican Republic,DOM,1977,5598205
Dominican Republic,DOM,1978,5429244
Dominican Republic,DOM,1979,6784109
Dominican Republic,DOM,1980,6424903
Dominican Republic,DOM,1981,6132878
Dominican Republic,DOM,1982,6300730
Dominican Republic,DOM,1983,7861933
Dominican Republic,DOM,1984,7386207
Dominican Republic,DOM,1985,7237362
Dominican Republic,DOM,1986,8116189
Dominican Republic,DOM,1987,9681870
Dominican Republic,DOM,1988,9731701
Dominican Republic,DOM,1989,10248589
Dominican Republic,DOM,1990,8929417
Dominican Republic,DOM,1991,9528664
Dominican Republic,DOM,1992,10405416
Dominican Republic,DOM,1993,11194870
Dominican Republic,DOM,1994,11780511
Dominican Republic,DOM,1995,15090067
Dominican Republic,DOM,1996,16458549
Dominican Republic,DOM,1997,17234156
Dominican Republic,DOM,1998,17756338
Dominican Republic,DOM,1999,17774872
Dominican Republic,DOM,2000,18937018
Dominican Republic,DOM,2001,19082666
Dominican Republic,DOM,2002,20870156
Dominican Republic,DOM,2003,21260460
Dominican Republic,DOM,2004,17253610
Dominican Republic,DOM,2005,17851854
Dominican Republic,DOM,2006,19030028
Dominican Republic,DOM,2007,19909170
Dominican Republic,DOM,2008,20234688
Dominican Republic,DOM,2009,19686474
Dominican Republic,DOM,2010,20445240
Dominican Republic,DOM,2011,20922328
Dominican Republic,DOM,2012,20902876
Dominican Republic,DOM,2013,20841604
Dominican Republic,DOM,2014,21264210
Dominican Republic,DOM,2015,22986128
Dominican Republic,DOM,2016,24140366
Dominican Republic,DOM,2017,23455196
Dominican Republic,DOM,2018,25203124
Dominican Republic,DOM,2019,28471104
Dominican Republic,DOM,2020,26227630
Dominican Republic,DOM,2021,29362702
Dominican Republic,DOM,2022,31224796
Dominican Republic,DOM,2023,31828554
Dominican Republic,DOM,2024,33130818
East Timor,TLS,1994,0
East Timor,TLS,1995,0
East Timor,TLS,1996,0
East Timor,TLS,1997,0
East Timor,TLS,1998,60535
East Timor,TLS,1999,152974
East Timor,TLS,2000,219860
East Timor,TLS,2001,118844
East Timor,TLS,2002,261882
East Timor,TLS,2003,248530
East Timor,TLS,2004,496998
East Timor,TLS,2005,321145
East Timor,TLS,2006,316708
East Timor,TLS,2007,288067
East Timor,TLS,2008,285133
East Timor,TLS,2009,321783
East Timor,TLS,2010,313134
East Timor,TLS,2011,433890
East Timor,TLS,2012,591295
East Timor,TLS,2013,619966
East Timor,TLS,2014,627080
East Timor,TLS,2015,590431
East Timor,TLS,2016,642966
East Timor,TLS,2017,692847
East Timor,TLS,2018,617024
East Timor,TLS,2019,675431
East Timor,TLS,2020,646107
East Timor,TLS,2021,620168
East Timor,TLS,2022,669585
East Timor,TLS,2023,636717
East Timor,TLS,2024,668112
Ecuador,ECU,1892,85
Ecuador,ECU,1893,8
Ecuador,ECU,1894,13
Ecuador,ECU,1895,3403
Ecuador,ECU,1896,3
Ecuador,ECU,1897,810
Ecuador,ECU,1898,0
Ecuador,ECU,1899,1967.0001
Ecuador,ECU,1900,3
Ecuador,ECU,1901,18
Ecuador,ECU,1902,49
Ecuador,ECU,1903,2567
Ecuador,ECU,1904,4296
Ecuador,ECU,1905,37097
Ecuador,ECU,1906,12819
Ecuador,ECU,1907,492.00003
Ecuador,ECU,1908,7818.0005
Ecuador,ECU,1909,35605
Ecuador,ECU,1910,56013
Ecuador,ECU,1911,51234
Ecuador,ECU,1912,46856
Ecuador,ECU,1913,53256
Ecuador,ECU,1914,29408
Ecuador,ECU,1915,24476
Ecuador,ECU,1916,49667
Ecuador,ECU,1917,62194
Ecuador,ECU,1918,31470
Ecuador,ECU,1919,33486
Ecuador,ECU,1920,39239
Ecuador,ECU,1921,36805
Ecuador,ECU,1922,36454
Ecuador,ECU,1923,42188
Ecuador,ECU,1924,52137
Ecuador,ECU,1925,72507
Ecuador,ECU,1926,112844
Ecuador,ECU,1927,235360
Ecuador,ECU,1928,474280
Ecuador,ECU,1929,601363
Ecuador,ECU,1930,678153
Ecuador,ECU,1931,766925
Ecuador,ECU,1932,711965
Ecuador,ECU,1933,726621
Ecuador,ECU,1934,733949
Ecuador,ECU,1935,785186
Ecuador,ECU,1936,876845
Ecuador,ECU,1937,975773
Ecuador,ECU,1938,1030733
Ecuador,ECU,1939,1070211
Ecuador,ECU,1940,1088531
Ecuador,ECU,1941,729459
Ecuador,ECU,1942,1051861
Ecuador,ECU,1943,1055495
Ecuador,ECU,1944,1326602
Ecuador,ECU,1945,1227674
Ecuador,ECU,1946,1103098
Ecuador,ECU,1947,1158087
Ecuador,ECU,1948,1286682
Ecuador,ECU,1949,1302043
Ecuador,ECU,1950,740272
Ecuador,ECU,1951,703543
Ecuador,ECU,1952,894808
Ecuador,ECU,1953,820762
Ecuador,ECU,1954,963246
Ecuador,ECU,1955,1197534
Ecuador,ECU,1956,1296432
Ecuador,ECU,1957,1131552
Ecuador,ECU,1958,1322050
Ecuador,ECU,1959,1292768
Ecuador,ECU,1960,1761582
Ecuador,ECU,1961,1644245
Ecuador,ECU,1962,1563666
Ecuador,ECU,1963,1794320
Ecuador,ECU,1964,2142281
Ecuador,ECU,1965,2274037
Ecuador,ECU,1966,2416724
Ecuador,ECU,1967,2588873
Ecuador,ECU,1968,3112647
Ecuador,ECU,1969,3588876
Ecuador,ECU,1970,4278215
Ecuador,ECU,1971,4219443
Ecuador,ECU,1972,4589031
Ecuador,ECU,1973,5255879
Ecuador,ECU,1974,6083555
Ecuador,ECU,1975,7354905
Ecuador,ECU,1976,8101372
Ecuador,ECU,1977,7473790
Ecuador,ECU,1978,10409592
Ecuador,ECU,1979,12146036
Ecuador,ECU,1980,13416003
Ecuador,ECU,1981,16662224
Ecuador,ECU,1982,19249252
Ecuador,ECU,1983,19517044
Ecuador,ECU,1984,21209358
Ecuador,ECU,1985,19377638
Ecuador,ECU,1986,15222248
Ecuador,ECU,1987,15055008
Ecuador,ECU,1988,17204934
Ecuador,ECU,1989,20193758
Ecuador,ECU,1990,16500732
Ecuador,ECU,1991,16198458
Ecuador,ECU,1992,21997534
Ecuador,ECU,1993,24121470
Ecuador,ECU,1994,14338388
Ecuador,ECU,1995,23533636
Ecuador,ECU,1996,25337244
Ecuador,ECU,1997,19461390
Ecuador,ECU,1998,23116696
Ecuador,ECU,1999,21996848
Ecuador,ECU,2000,20949248
Ecuador,ECU,2001,23435994
Ecuador,ECU,2002,24861360
Ecuador,ECU,2003,27112606
Ecuador,ECU,2004,29310272
Ecuador,ECU,2005,30651712
Ecuador,ECU,2006,29781034
Ecuador,ECU,2007,34392656
Ecuador,ECU,2008,30487722
Ecuador,ECU,2009,33814696
Ecuador,ECU,2010,36469476
Ecuador,ECU,2011,38480370
Ecuador,ECU,2012,37492764
Ecuador,ECU,2013,39684920
Ecuador,ECU,2014,43759816
Ecuador,ECU,2015,41297732
Ecuador,ECU,2016,39374516
Ecuador,ECU,2017,39195870
Ecuador,ECU,2018,38451190
Ecuador,ECU,2019,40082630
Ecuador,ECU,2020,32473266
Ecuador,ECU,2021,38184976
Ecuador,ECU,2022,42065652
Ecuador,ECU,2023,44599590
Ecuador,ECU,2024,45979548
Egypt,EGY,1911,10992
Egypt,EGY,1912,84272
Egypt,EGY,1913,40304
Egypt,EGY,1914,307776
Egypt,EGY,1915,91600
Egypt,EGY,1916,179536
Egypt,EGY,1917,421360
Egypt,EGY,1918,864704
Egypt,EGY,1919,688832
Egypt,EGY,1920,454336
Egypt,EGY,1921,560592
Egypt,EGY,1922,531280
Egypt,EGY,1923,468992
Egypt,EGY,1924,498304
Egypt,EGY,1925,553264
Egypt,EGY,1926,531280
Egypt,EGY,1927,567920
Egypt,EGY,1928,868010
Egypt,EGY,1929,922615
Egypt,EGY,1930,1021042
Egypt,EGY,1931,1006619
Egypt,EGY,1932,951659
Egypt,EGY,1933,870873
Egypt,EGY,1934,823211
Egypt,EGY,1935,745911
Egypt,EGY,1936,727769
Egypt,EGY,1937,687495
Egypt,EGY,1938,877844
Egypt,EGY,1939,2226199
Egypt,EGY,1940,3028672
Egypt,EGY,1941,3951762
Egypt,EGY,1942,3834514
Egypt,EGY,1943,4102373
Egypt,EGY,1944,4358438
Egypt,EGY,1945,4354743
Egypt,EGY,1946,4222215
Egypt,EGY,1947,4412505
Egypt,EGY,1948,6148766
Egypt,EGY,1949,7459972
Egypt,EGY,1950,10233085
Egypt,EGY,1951,10558736
Egypt,EGY,1952,10892903
Egypt,EGY,1953,10778724
Egypt,EGY,1954,11664430
Egypt,EGY,1955,10642057
Egypt,EGY,1956,9942292
Egypt,EGY,1957,11916743
Egypt,EGY,1958,13682583
Egypt,EGY,1959,12706859
Egypt,EGY,1960,16032730
Egypt,EGY,1961,17065918
Egypt,EGY,1962,18571110
Egypt,EGY,1963,21526860
Egypt,EGY,1964,25491248
Egypt,EGY,1965,27609458
Egypt,EGY,1966,26532150
Egypt,EGY,1967,19649910
Egypt,EGY,1968,22872626
Egypt,EGY,1969,19664752
Egypt,EGY,1970,21654010
Egypt,EGY,1971,22977164
Egypt,EGY,1972,25406234
Egypt,EGY,1973,23663472
Egypt,EGY,1974,25971682
Egypt,EGY,1975,30898892
Egypt,EGY,1976,34272324
Egypt,EGY,1977,37616236
Egypt,EGY,1978,39053780
Egypt,EGY,1979,42661572
Egypt,EGY,1980,44918080
Egypt,EGY,1981,50580076
Egypt,EGY,1982,56000230
Egypt,EGY,1983,56379560
Egypt,EGY,1984,62941860
Egypt,EGY,1985,63086584
Egypt,EGY,1986,73377940
Egypt,EGY,1987,73377290
Egypt,EGY,1988,72846950
Egypt,EGY,1989,69939700
Egypt,EGY,1990,72883700
Egypt,EGY,1991,74446760
Egypt,EGY,1992,77419350
Egypt,EGY,1993,90834730
Egypt,EGY,1994,87482984
Egypt,EGY,1995,97968230
Egypt,EGY,1996,97042340
Egypt,EGY,1997,110934080
Egypt,EGY,1998,124256280
Egypt,EGY,1999,126987200
Egypt,EGY,2000,142836850
Egypt,EGY,2001,126372050
Egypt,EGY,2002,128361896
Egypt,EGY,2003,149954000
Egypt,EGY,2004,151917090
Egypt,EGY,2005,166933900
Egypt,EGY,2006,178389280
Egypt,EGY,2007,189201140
Egypt,EGY,2008,195859780
Egypt,EGY,2009,205242860
Egypt,EGY,2010,202704240
Egypt,EGY,2011,221675060
Egypt,EGY,2012,212524460
Egypt,EGY,2013,219086560
Egypt,EGY,2014,227254100
Egypt,EGY,2015,226653970
Egypt,EGY,2016,245163580
Egypt,EGY,2017,253363890
Egypt,EGY,2018,241903180
Egypt,EGY,2019,234060160
Egypt,EGY,2020,246323300
Egypt,EGY,2021,266838990
Egypt,EGY,2022,249898670
Egypt,EGY,2023,250230190
Egypt,EGY,2024,258367860
El Salvador,SLV,1870,0
El Salvador,SLV,1871,0
El Salvador,SLV,1872,0
El Salvador,SLV,1873,0
El Salvador,SLV,1874,3
El Salvador,SLV,1875,0
El Salvador,SLV,1876,0
El Salvador,SLV,1877,3
El Salvador,SLV,1878,10
El Salvador,SLV,1879,21
El Salvador,SLV,1880,10
El Salvador,SLV,1881,3
El Salvador,SLV,1882,3
El Salvador,SLV,1883,15
El Salvador,SLV,1884,36
El Salvador,SLV,1885,23
El Salvador,SLV,1886,41
El Salvador,SLV,1887,41
El Salvador,SLV,1888,0
El Salvador,SLV,1889,0
El Salvador,SLV,1890,8
El Salvador,SLV,1891,23
El Salvador,SLV,1892,203
El Salvador,SLV,1893,380
El Salvador,SLV,1894,310
El Salvador,SLV,1895,395
El Salvador,SLV,1896,5896
El Salvador,SLV,1897,7794
El Salvador,SLV,1898,13
El Salvador,SLV,1899,1706
El Salvador,SLV,1900,3
El Salvador,SLV,1901,267
El Salvador,SLV,1902,295
El Salvador,SLV,1903,33
El Salvador,SLV,1904,23
El Salvador,SLV,1905,56
El Salvador,SLV,1906,523
El Salvador,SLV,1907,500.00003
El Salvador,SLV,1908,38
El Salvador,SLV,1909,18
El Salvador,SLV,1910,290
El Salvador,SLV,1911,382
El Salvador,SLV,1912,462
El Salvador,SLV,1913,4086
El Salvador,SLV,1914,203
El Salvador,SLV,1915,300
El Salvador,SLV,1916,321
El Salvador,SLV,1917,185
El Salvador,SLV,1918,274
El Salvador,SLV,1919,6017
El Salvador,SLV,1920,8225
El Salvador,SLV,1921,195
El Salvador,SLV,1922,233
El Salvador,SLV,1923,154
El Salvador,SLV,1924,280
El Salvador,SLV,1925,382
El Salvador,SLV,1926,459
El Salvador,SLV,1927,9954
El Salvador,SLV,1928,11485
El Salvador,SLV,1929,12632
El Salvador,SLV,1930,767
El Salvador,SLV,1931,382
El Salvador,SLV,1932,10336
El Salvador,SLV,1933,8805
El Salvador,SLV,1934,382
El Salvador,SLV,1935,1531
El Salvador,SLV,1936,382
El Salvador,SLV,1937,382
El Salvador,SLV,1938,382
El Salvador,SLV,1939,767
El Salvador,SLV,1940,382
El Salvador,SLV,1941,382
El Salvador,SLV,1942,382
El Salvador,SLV,1943,767
El Salvador,SLV,1944,382
El Salvador,SLV,1945,382
El Salvador,SLV,1946,382
El Salvador,SLV,1947,382
El Salvador,SLV,1948,767
El Salvador,SLV,1949,382
El Salvador,SLV,1950,267854
El Salvador,SLV,1951,323199
El Salvador,SLV,1952,388766
El Salvador,SLV,1953,417930
El Salvador,SLV,1954,469551
El Salvador,SLV,1955,462193
El Salvador,SLV,1956,527349
El Salvador,SLV,1957,596875
El Salvador,SLV,1958,596875
El Salvador,SLV,1959,604233
El Salvador,SLV,1960,618859
El Salvador,SLV,1961,582279
El Salvador,SLV,1962,648261
El Salvador,SLV,1963,1124521
El Salvador,SLV,1964,1230747
El Salvador,SLV,1965,1040249
El Salvador,SLV,1966,1303819
El Salvador,SLV,1967,1157259
El Salvador,SLV,1968,1259792
El Salvador,SLV,1969,1190235
El Salvador,SLV,1970,1428306
El Salvador,SLV,1971,1508825
El Salvador,SLV,1972,1677221
El Salvador,SLV,1973,1966587
El Salvador,SLV,1974,1970043
El Salvador,SLV,1975,2105463
El Salvador,SLV,1976,2206599
El Salvador,SLV,1977,2281376
El Salvador,SLV,1978,2380805
El Salvador,SLV,1979,2375745
El Salvador,SLV,1980,2118350
El Salvador,SLV,1981,1817596
El Salvador,SLV,1982,1750881
El Salvador,SLV,1983,1883924
El Salvador,SLV,1984,1586816
El Salvador,SLV,1985,1963477
El Salvador,SLV,1986,1965482
El Salvador,SLV,1987,2411452
El Salvador,SLV,1988,2429696
El Salvador,SLV,1989,2543571
El Salvador,SLV,1990,2471080
El Salvador,SLV,1991,3149419
El Salvador,SLV,1992,3312856
El Salvador,SLV,1993,3966190
El Salvador,SLV,1994,4502057
El Salvador,SLV,1995,4985848
El Salvador,SLV,1996,4399683
El Salvador,SLV,1997,5398206
El Salvador,SLV,1998,5711219
El Salvador,SLV,1999,5566913
El Salvador,SLV,2000,5647693
El Salvador,SLV,2001,5829352
El Salvador,SLV,2002,6035627
El Salvador,SLV,2003,6396045
El Salvador,SLV,2004,6215984
El Salvador,SLV,2005,6261618
El Salvador,SLV,2006,6689381
El Salvador,SLV,2007,6818928
El Salvador,SLV,2008,6374697
El Salvador,SLV,2009,6282822
El Salvador,SLV,2010,6286846
El Salvador,SLV,2011,6466690
El Salvador,SLV,2012,6436425
El Salvador,SLV,2013,6058055
El Salvador,SLV,2014,6120198
El Salvador,SLV,2015,6637128
El Salvador,SLV,2016,6572031
El Salvador,SLV,2017,5941629
El Salvador,SLV,2018,6452162
El Salvador,SLV,2019,7634155
El Salvador,SLV,2020,6134854
El Salvador,SLV,2021,6976691
El Salvador,SLV,2022,7912706
El Salvador,SLV,2023,8669882
El Salvador,SLV,2024,8972291
Equatorial Guinea,GNQ,1950,10992
Equatorial Guinea,GNQ,1951,10992
Equatorial Guinea,GNQ,1952,10992
Equatorial Guinea,GNQ,1953,10992
Equatorial Guinea,GNQ,1954,29312
Equatorial Guinea,GNQ,1955,36640
Equatorial Guinea,GNQ,1956,36640
Equatorial Guinea,GNQ,1957,32976
Equatorial Guinea,GNQ,1958,47632
Equatorial Guinea,GNQ,1959,47632
Equatorial Guinea,GNQ,1960,21984
Equatorial Guinea,GNQ,1961,21984
Equatorial Guinea,GNQ,1962,21984
Equatorial Guinea,GNQ,1963,25648
Equatorial Guinea,GNQ,1964,25648
Equatorial Guinea,GNQ,1965,29312
Equatorial Guinea,GNQ,1966,25648
Equatorial Guinea,GNQ,1967,25648
Equatorial Guinea,GNQ,1968,29312
Equatorial Guinea,GNQ,1969,43968
Equatorial Guinea,GNQ,1970,36640
Equatorial Guinea,GNQ,1971,65952
Equatorial Guinea,GNQ,1972,87936
Equatorial Guinea,GNQ,1973,29312
Equatorial Guinea,GNQ,1974,51296
Equatorial Guinea,GNQ,1975,62288
Equatorial Guinea,GNQ,1976,62288
Equatorial Guinea,GNQ,1977,62288
Equatorial Guinea,GNQ,1978,69616
Equatorial Guinea,GNQ,1979,62288
Equatorial Guinea,GNQ,1980,58624
Equatorial Guinea,GNQ,1981,69616
Equatorial Guinea,GNQ,1982,73280
Equatorial Guinea,GNQ,1983,62288
Equatorial Guinea,GNQ,1984,80608
Equatorial Guinea,GNQ,1985,65952
Equatorial Guinea,GNQ,1986,80608
Equatorial Guinea,GNQ,1987,98928
Equatorial Guinea,GNQ,1988,106256
Equatorial Guinea,GNQ,1989,117248
Equatorial Guinea,GNQ,1990,62288
Equatorial Guinea,GNQ,1991,65952
Equatorial Guinea,GNQ,1992,65952
Equatorial Guinea,GNQ,1993,69616
Equatorial Guinea,GNQ,1994,1149252
Equatorial Guinea,GNQ,1995,1223391
Equatorial Guinea,GNQ,1996,1359200
Equatorial Guinea,GNQ,1997,1974754
Equatorial Guinea,GNQ,1998,2295006
Equatorial Guinea,GNQ,1999,2510610
Equatorial Guinea,GNQ,2000,2699265
Equatorial Guinea,GNQ,2001,3091017
Equatorial Guinea,GNQ,2002,2765123
Equatorial Guinea,GNQ,2003,3129772
Equatorial Guinea,GNQ,2004,6137383
Equatorial Guinea,GNQ,2005,6206022
Equatorial Guinea,GNQ,2006,6172399
Equatorial Guinea,GNQ,2007,5711390
Equatorial Guinea,GNQ,2008,5925540
Equatorial Guinea,GNQ,2009,4883218
Equatorial Guinea,GNQ,2010,6376580
Equatorial Guinea,GNQ,2011,6066920
Equatorial Guinea,GNQ,2012,6875031
Equatorial Guinea,GNQ,2013,8168394
Equatorial Guinea,GNQ,2014,7641309
Equatorial Guinea,GNQ,2015,7009905
Equatorial Guinea,GNQ,2016,7537713
Equatorial Guinea,GNQ,2017,6815631
Equatorial Guinea,GNQ,2018,7034368
Equatorial Guinea,GNQ,2019,5513671
Equatorial Guinea,GNQ,2020,6389506
Equatorial Guinea,GNQ,2021,7087588
Equatorial Guinea,GNQ,2022,7496825
Equatorial Guinea,GNQ,2023,6913363
Equatorial Guinea,GNQ,2024,7010352
Eritrea,ERI,1939,14537
Eritrea,ERI,1940,7269
Eritrea,ERI,1941,3634
Eritrea,ERI,1942,10903
Eritrea,ERI,1943,14537
Eritrea,ERI,1944,18171
Eritrea,ERI,1994,707194
Eritrea,ERI,1995,789811
Eritrea,ERI,1996,861839
Eritrea,ERI,1997,768162
Eritrea,ERI,1998,586169
Eritrea,ERI,1999,615453
Eritrea,ERI,2000,604433
Eritrea,ERI,2001,637337
Eritrea,ERI,2002,509024.97
Eritrea,ERI,2003,780089
Eritrea,ERI,2004,633457
Eritrea,ERI,2005,585753
Eritrea,ERI,2006,453682
Eritrea,ERI,2007,424127
Eritrea,ERI,2008,398365
Eritrea,ERI,2009,446018
Eritrea,ERI,2010,468025
Eritrea,ERI,2011,577818
Eritrea,ERI,2012,608229
Eritrea,ERI,2013,569510
Eritrea,ERI,2014,569107
Eritrea,ERI,2015,557483
Eritrea,ERI,2016,554366
Eritrea,ERI,2017,553397
Eritrea,ERI,2018,616135
Eritrea,ERI,2019,644580
Eritrea,ERI,2020,640911
Eritrea,ERI,2021,681637
Eritrea,ERI,2022,718277
Eritrea,ERI,2023,731035
Eritrea,ERI,2024,742647
Estonia,EST,1830,185
Estonia,EST,1831,222
Estonia,EST,1832,148
Estonia,EST,1833,185
Estonia,EST,1850,1145
Estonia,EST,1855,3471
Estonia,EST,1858,4874
Estonia,EST,1859,5170
Estonia,EST,1860,6831
Estonia,EST,1861,8677
Estonia,EST,1862,7828
Estonia,EST,1863,8197
Estonia,EST,1864,9194
Estonia,EST,1865,8788
Estonia,EST,1866,27768
Estonia,EST,1867,31866
Estonia,EST,1868,26512
Estonia,EST,1869,35965
Estonia,EST,1870,39030
Estonia,EST,1871,52692
Estonia,EST,1872,54095
Estonia,EST,1873,50772
Estonia,EST,1874,61628
Estonia,EST,1875,70933
Estonia,EST,1876,88067
Estonia,EST,1877,89876
Estonia,EST,1878,117459
Estonia,EST,1879,120524
Estonia,EST,1880,141387
Estonia,EST,1881,148919
Estonia,EST,1882,156858
Estonia,EST,1883,178533
Estonia,EST,1884,181266
Estonia,EST,1885,197439
Estonia,EST,1886,202498
Estonia,EST,1887,214277
Estonia,EST,1888,223508
Estonia,EST,1889,241380
Estonia,EST,1890,273357
Estonia,EST,1891,300978
Estonia,EST,1892,318591
Estonia,EST,1893,373425
Estonia,EST,1894,380330
Estonia,EST,1895,437010
Estonia,EST,1896,444875
Estonia,EST,1897,514368
Estonia,EST,1898,576883
Estonia,EST,1899,669233
Estonia,EST,1900,758112
Estonia,EST,1901,778310
Estonia,EST,1902,751724
Estonia,EST,1903,735329
Estonia,EST,1904,818115
Estonia,EST,1905,730270
Estonia,EST,1906,832959
Estonia,EST,1907,932990
Estonia,EST,1908,938713
Estonia,EST,1909,990925
Estonia,EST,1910,971798
Estonia,EST,1911,1007542
Estonia,EST,1912,1141322
Estonia,EST,1913,1239838
Estonia,EST,1914,1118982
Estonia,EST,1915,1027075.06
Estonia,EST,1916,1094685
Estonia,EST,1917,1007468
Estonia,EST,1918,401783
Estonia,EST,1919,343183
Estonia,EST,1920,312941
Estonia,EST,1921,339380
Estonia,EST,1922,413895
Estonia,EST,1923,457208
Estonia,EST,1924,544721
Estonia,EST,1925,537631
Estonia,EST,1926,778975
Estonia,EST,1927,968475
Estonia,EST,1928,1088079
Estonia,EST,1929,1169576
Estonia,EST,1930,1583100
Estonia,EST,1931,1900376
Estonia,EST,1932,2139047
Estonia,EST,1933,2389522
Estonia,EST,1934,2889864
Estonia,EST,1935,3272330
Estonia,EST,1936,3754632
Estonia,EST,1937,3840876
Estonia,EST,1938,4055551
Estonia,EST,1939,4103941
Estonia,EST,1940,4905333
Estonia,EST,1941,4310077
Estonia,EST,1942,2340284
Estonia,EST,1943,2442456
Estonia,EST,1944,3542015
Estonia,EST,1945,3751763
Estonia,EST,1946,4217711
Estonia,EST,1947,5079543
Estonia,EST,1948,5406622
Estonia,EST,1949,6146514
Estonia,EST,1950,6852989
Estonia,EST,1951,7428262
Estonia,EST,1952,7955301
Estonia,EST,1953,8417320
Estonia,EST,1954,9194613
Estonia,EST,1955,10426756
Estonia,EST,1956,11431680
Estonia,EST,1957,12510737
Estonia,EST,1958,13354776
Estonia,EST,1959,14043025
Estonia,EST,1960,14623335
Estonia,EST,1961,15080764
Estonia,EST,1962,15827216
Estonia,EST,1963,16970784
Estonia,EST,1964,18045588
Estonia,EST,1965,19142578
Estonia,EST,1966,20215560
Estonia,EST,1967,21135500
Estonia,EST,1968,21725678
Estonia,EST,1969,22622810
Estonia,EST,1970,23799386
Estonia,EST,1971,25258762
Estonia,EST,1972,26582376
Estonia,EST,1973,27711808
Estonia,EST,1974,28773920
Estonia,EST,1975,30253766
Estonia,EST,1976,31417182
Estonia,EST,1977,32484898
Estonia,EST,1978,33595484
Estonia,EST,1979,33871120
Estonia,EST,1980,35207156
Estonia,EST,1981,34533976
Estonia,EST,1982,35186096
Estonia,EST,1983,35689556
Estonia,EST,1984,36008836
Estonia,EST,1985,38841516
Estonia,EST,1986,38839064
Estonia,EST,1987,37907796
Estonia,EST,1988,38014030
Estonia,EST,1989,38944670
Estonia,EST,1990,36906188
Estonia,EST,1991,34135428
Estonia,EST,1992,24413122
Estonia,EST,1993,19433166
Estonia,EST,1994,20038918
Estonia,EST,1995,18053452
Estonia,EST,1996,19032882
Estonia,EST,1997,18673228
Estonia,EST,1998,16933114
Estonia,EST,1999,15929513
Estonia,EST,2000,15470973
Estonia,EST,2001,15869932
Estonia,EST,2002,15358015
Estonia,EST,2003,17250750
Estonia,EST,2004,17322094
Estonia,EST,2005,17089780
Estonia,EST,2006,16438181
Estonia,EST,2007,19930490
Estonia,EST,2008,17814804
Estonia,EST,2009,14404987
Estonia,EST,2010,18964736
Estonia,EST,2011,18948026
Estonia,EST,2012,17761414
Estonia,EST,2013,19633820
Estonia,EST,2014,18783952
Estonia,EST,2015,15779627
Estonia,EST,2016,17432910
Estonia,EST,2017,18616038
Estonia,EST,2018,17800688
Estonia,EST,2019,12288094
Estonia,EST,2020,9198245
Estonia,EST,2021,10390915
Estonia,EST,2022,11966227
Estonia,EST,2023,8744257
Estonia,EST,2024,8306777
Eswatini,SWZ,1950,3664
Eswatini,SWZ,1951,3664
Eswatini,SWZ,1952,3664
Eswatini,SWZ,1953,3664
Eswatini,SWZ,1954,3664
Eswatini,SWZ,1955,3664
Eswatini,SWZ,1956,3664
Eswatini,SWZ,1957,3664
Eswatini,SWZ,1958,3664
Eswatini,SWZ,1959,3664
Eswatini,SWZ,1960,32976
Eswatini,SWZ,1961,3664
Eswatini,SWZ,1964,10992
Eswatini,SWZ,1965,80608
Eswatini,SWZ,1966,201520
Eswatini,SWZ,1967,227168
Eswatini,SWZ,1968,278464
Eswatini,SWZ,1969,304112
Eswatini,SWZ,1970,366400
Eswatini,SWZ,1971,399376
Eswatini,SWZ,1972,381056
Eswatini,SWZ,1973,370064
Eswatini,SWZ,1974,311440
Eswatini,SWZ,1975,337088
Eswatini,SWZ,1976,333424
Eswatini,SWZ,1977,340752
Eswatini,SWZ,1978,439680
Eswatini,SWZ,1979,447008
Eswatini,SWZ,1980,465328
Eswatini,SWZ,1981,436016
Eswatini,SWZ,1982,436016
Eswatini,SWZ,1983,271136
Eswatini,SWZ,1984,333424
Eswatini,SWZ,1985,439680
Eswatini,SWZ,1986,458000
Eswatini,SWZ,1987,436016
Eswatini,SWZ,1988,436016
Eswatini,SWZ,1989,436016
Eswatini,SWZ,1990,959968
Eswatini,SWZ,1991,872032
Eswatini,SWZ,1992,831728
Eswatini,SWZ,1993,707152
Eswatini,SWZ,1994,1077216
Eswatini,SWZ,1995,1058896
Eswatini,SWZ,1996,787760
Eswatini,SWZ,1997,1139504
Eswatini,SWZ,1998,1161488
Eswatini,SWZ,1999,1242096
Eswatini,SWZ,2000,1205456
Eswatini,SWZ,2001,1099200
Eswatini,SWZ,2002,1080880
Eswatini,SWZ,2003,1003936.06
Eswatini,SWZ,2004,1003936.06
Eswatini,SWZ,2005,1014928
Eswatini,SWZ,2006,1014928
Eswatini,SWZ,2007,1044240
Eswatini,SWZ,2008,1018592
Eswatini,SWZ,2009,1055232
Eswatini,SWZ,2010,996608
Eswatini,SWZ,2011,959968
Eswatini,SWZ,2012,1110192
Eswatini,SWZ,2013,1315376
Eswatini,SWZ,2014,762112
Eswatini,SWZ,2015,850048
Eswatini,SWZ,2016,1022256
Eswatini,SWZ,2017,970960
Eswatini,SWZ,2018,1014928
Eswatini,SWZ,2019,1099200
Eswatini,SWZ,2020,989280
Eswatini,SWZ,2021,989280
Eswatini,SWZ,2022,1028234.94
Eswatini,SWZ,2023,1029613
Eswatini,SWZ,2024,1044644
Ethiopia,ETH,1941,10903
Ethiopia,ETH,1942,10903
Ethiopia,ETH,1943,10903
Ethiopia,ETH,1948,3634
Ethiopia,ETH,1949,3634
Ethiopia,ETH,1950,87907
Ethiopia,ETH,1951,62258
Ethiopia,ETH,1952,98898
Ethiopia,ETH,1953,183170
Ethiopia,ETH,1954,271016
Ethiopia,ETH,1955,227049
Ethiopia,ETH,1956,241705
Ethiopia,ETH,1957,322343
Ethiopia,ETH,1958,318649
Ethiopia,ETH,1959,336999
Ethiopia,ETH,1960,351625
Ethiopia,ETH,1961,340633
Ethiopia,ETH,1962,395534
Ethiopia,ETH,1963,421213
Ethiopia,ETH,1964,406526
Ethiopia,ETH,1965,644480
Ethiopia,ETH,1966,823984
Ethiopia,ETH,1967,1072958
Ethiopia,ETH,1968,1725031
Ethiopia,ETH,1969,1666435
Ethiopia,ETH,1970,1651721
Ethiopia,ETH,1971,1849458
Ethiopia,ETH,1972,1406203
Ethiopia,ETH,1973,1750887
Ethiopia,ETH,1974,1736261
Ethiopia,ETH,1975,1208526
Ethiopia,ETH,1976,1174729
Ethiopia,ETH,1977,1046785.94
Ethiopia,ETH,1978,1368501
Ethiopia,ETH,1979,1844135
Ethiopia,ETH,1980,1817483
Ethiopia,ETH,1981,1860007
Ethiopia,ETH,1982,1473914
Ethiopia,ETH,1983,1834754
Ethiopia,ETH,1984,1650281
Ethiopia,ETH,1985,1798710
Ethiopia,ETH,1986,2195246
Ethiopia,ETH,1987,2554381
Ethiopia,ETH,1988,2640066
Ethiopia,ETH,1989,2794114
Ethiopia,ETH,1990,2986507
Ethiopia,ETH,1991,2958472
Ethiopia,ETH,1992,2936737
Ethiopia,ETH,1993,2993623
Ethiopia,ETH,1994,2197201
Ethiopia,ETH,1995,2505953
Ethiopia,ETH,1996,2794189
Ethiopia,ETH,1997,2980158
Ethiopia,ETH,1998,3147422
Ethiopia,ETH,1999,3094276
Ethiopia,ETH,2000,3462855
Ethiopia,ETH,2001,4264586
Ethiopia,ETH,2002,4431687
Ethiopia,ETH,2003,4870232
Ethiopia,ETH,2004,5158551
Ethiopia,ETH,2005,4956129
Ethiopia,ETH,2006,5318177
Ethiopia,ETH,2007,5839596
Ethiopia,ETH,2008,6417597
Ethiopia,ETH,2009,6453445
Ethiopia,ETH,2010,6344199
Ethiopia,ETH,2011,7354848
Ethiopia,ETH,2012,7988425
Ethiopia,ETH,2013,9743711
Ethiopia,ETH,2014,11543205
Ethiopia,ETH,2015,12563614
Ethiopia,ETH,2016,14323219
Ethiopia,ETH,2017,14602656
Ethiopia,ETH,2018,16117197
Ethiopia,ETH,2019,17177142
Ethiopia,ETH,2020,16735016
Ethiopia,ETH,2021,17905590
Ethiopia,ETH,2022,16959748
Ethiopia,ETH,2023,17570662
Ethiopia,ETH,2024,17837292
Europe,,1750,9305937
Europe,,1751,9407229
Europe,,1752,9505168
Europe,,1753,9610490
Europe,,1754,9733580
Europe,,1755,9793468
Europe,,1756,9909914
Europe,,1757,10093936
Europe,,1758,10216358
Europe,,1759,10338854
Europe,,1760,10514331
Europe,,1761,10747885
Europe,,1762,10952198
Europe,,1763,11191592
Europe,,1764,11396982
Europe,,1765,11643486
Europe,,1766,11876080
Europe,,1767,12152509
Europe,,1768,12466936
Europe,,1769,12780074
Europe,,1770,13097216
Europe,,1771,13369488
Europe,,1772,13623507
Europe,,1773,13808138
Europe,,1774,14012415
Europe,,1775,14338920
Europe,,1776,14654124
Europe,,1777,14959537
Europe,,1778,15243483
Europe,,1779,15535235
Europe,,1780,15878726
Europe,,1781,16234383
Europe,,1782,16580954
Europe,,1783,17062752
Europe,,1784,17471092
Europe,,1785,17961464
Europe,,1786,18443832
Europe,,1787,18855466
Europe,,1788,19282564
Europe,,1789,19859760
Europe,,1790,20394430
Europe,,1791,20928086
Europe,,1792,21925550
Europe,,1793,22293598
Europe,,1794,22515992
Europe,,1795,22311582
Europe,,1796,22117712
Europe,,1797,22086414
Europe,,1798,23102266
Europe,,1799,27481544
Europe,,1800,32541872
Europe,,1801,31714914
Europe,,1802,40017350
Europe,,1803,29238058
Europe,,1804,31432090
Europe,,1805,30907166
Europe,,1806,32366874
Europe,,1807,35818970
Europe,,1808,35101290
Europe,,1809,35925850
Europe,,1810,39069692
Europe,,1811,39723810
Europe,,1812,40325010
Europe,,1813,40679356
Europe,,1814,41658940
Europe,,1815,42979950
Europe,,1816,44827450
Europe,,1817,48552070
Europe,,1818,50606024
Europe,,1819,50160850
Europe,,1820,49931828
Europe,,1821,51224476
Europe,,1822,53149412
Europe,,1823,55448036
Europe,,1824,56560324
Europe,,1825,59588492
Europe,,1826,60056732
Europe,,1827,64281724
Europe,,1828,65080500
Europe,,1829,64502350
Europe,,1830,86888240
Europe,,1831,80978620
Europe,,1832,79052160
Europe,,1833,79703770
Europe,,1834,85364220
Europe,,1835,93060240
Europe,,1836,102140710
Europe,,1837,100864980
Europe,,1838,100783830
Europe,,1839,104097896
Europe,,1840,112883860
Europe,,1841,115892920
Europe,,1842,122404710
Europe,,1843,124561020
Europe,,1844,132595670
Europe,,1845,143794050
Europe,,1846,144858750
Europe,,1847,155573810
Europe,,1848,156683300
Europe,,1849,166586960
Europe,,1850,176775200
Europe,,1851,173859040
Europe,,1852,180432720
Europe,,1853,186703490
Europe,,1854,221565870
Europe,,1855,221538050
Europe,,1856,236781490
Europe,,1857,238329620
Europe,,1858,241521680
Europe,,1859,254665310
Europe,,1860,281813340
Europe,,1861,300479780
Europe,,1862,305041340
Europe,,1863,321231500
Europe,,1864,346628540
Europe,,1865,371215550
Europe,,1866,383594980
Europe,,1867,401825860
Europe,,1868,406195940
Europe,,1869,425362180
Europe,,1870,431416200
Europe,,1871,459750800
Europe,,1872,496541380
Europe,,1873,522506750
Europe,,1874,484555260
Europe,,1875,534647550
Europe,,1876,547138560
Europe,,1877,545946560
Europe,,1878,551763500
Europe,,1879,569586300
Europe,,1880,640741500
Europe,,1881,657774200
Europe,,1882,680198800
Europe,,1883,718767000
Europe,,1884,714144640
Europe,,1885,716659840
Europe,,1886,715986900
Europe,,1887,743286700
Europe,,1888,787506560
Europe,,1889,824558900
Europe,,1890,862573800
Europe,,1891,893012350
Europe,,1892,879321600
Europe,,1893,854880400
Europe,,1894,927918100
Europe,,1895,952627700
Europe,,1896,996165250
Europe,,1897,1045666300
Europe,,1898,1079168000
Europe,,1899,1149517800
Europe,,1900,1205761500
Europe,,1901,1195232800
Europe,,1902,1196093400
Europe,,1903,1245173800
Europe,,1904,1268442600
Europe,,1905,1305698300
Europe,,1906,1347435300
Europe,,1907,1492849800
Europe,,1908,1517263900
Europe,,1909,1518876900
Europe,,1910,1538655100
Europe,,1911,1574153700
Europe,,1912,1632547300
Europe,,1913,1767425000
Europe,,1914,1573981000
Europe,,1915,1492878500
Europe,,1916,1561198600
Europe,,1917,1533435500
Europe,,1918,1394121500
Europe,,1919,1183818800
Europe,,1920,1383445000
Europe,,1921,1265554400
Europe,,1922,1409319800
Europe,,1923,1346923800
Europe,,1924,1553839500
Europe,,1925,1538195500
Europe,,1926,1323210400
Europe,,1927,1684910600
Europe,,1928,1693740900
Europe,,1929,1837967700
Europe,,1930,1741164500
Europe,,1931,1625608800
Europe,,1932,1511837700
Europe,,1933,1557659400
Europe,,1934,1704667300
Europe,,1935,1789410800
Europe,,1936,1899830300
Europe,,1937,2060766800
Europe,,1938,2070434300
Europe,,1939,2116642200
Europe,,1940,2253947000
Europe,,1941,2174063400
Europe,,1942,2021260500
Europe,,1943,2039171100
Europe,,1944,1937932700
Europe,,1945,1269833000
Europe,,1946,1686021100
Europe,,1947,1932562200
Europe,,1948,2085037800
Europe,,1949,2266351900
Europe,,1950,2381798400
Europe,,1951,2628854500
Europe,,1952,2712866300
Europe,,1953,2790577700
Europe,,1954,2969349600
Europe,,1955,3233243600
Europe,,1956,3445158700
Europe,,1957,3593346300
Europe,,1958,3632002000
Europe,,1959,3713709800
Europe,,1960,3966934500
Europe,,1961,4112139800
Europe,,1962,4339414000
Europe,,1963,4612307500
Europe,,1964,4842246000
Europe,,1965,4984466400
Europe,,1966,5156101000
Europe,,1967,5270223000
Europe,,1968,5515944000
Europe,,1969,5816407000
Europe,,1970,6098689500
Europe,,1971,6327589000
Europe,,1972,6556552700
Europe,,1973,6849511000
Europe,,1974,6867690000
Europe,,1975,6907077600
Europe,,1976,7281985500
Europe,,1977,7338524700
Europe,,1978,7570691000
Europe,,1979,7750150700
Europe,,1980,7753727000
Europe,,1981,7471875000
Europe,,1982,7411571700
Europe,,1983,7417897000
Europe,,1984,7468784600
Europe,,1985,7792995300
Europe,,1986,7805502500
Europe,,1987,7826896000
Europe,,1988,7865633000
Europe,,1989,7831148500
Europe,,1990,8038894600
Europe,,1991,7739830000
Europe,,1992,7094296000
Europe,,1993,6806441000
Europe,,1994,6445869000
Europe,,1995,6422432000
Europe,,1996,6472014000
Europe,,1997,6266619400
Europe,,1998,6240622600
Europe,,1999,6156683300
Europe,,2000,6155514400
Europe,,2001,6282925000
Europe,,2002,6249447000
Europe,,2003,6391066600
Europe,,2004,6419376000
Europe,,2005,6427948500
Europe,,2006,6529225700
Europe,,2007,6473231400
Europe,,2008,6407231500
Europe,,2009,5893126700
Europe,,2010,6117359600
Europe,,2011,6044340700
Europe,,2012,5998598700
Europe,,2013,5840099000
Europe,,2014,5609139000
Europe,,2015,5613445600
Europe,,2016,5598046700
Europe,,2017,5632420000
Europe,,2018,5613847600
Europe,,2019,5437201400
Europe,,2020,5025675300
Europe,,2021,5265446400
Europe,,2022,5095635000
Europe,,2023,4887137300
Europe,,2024,4880514000
Europe (GCP),,1850,176775220
Europe (GCP),,1851,173859020
Europe (GCP),,1852,180432720
Europe (GCP),,1853,186703470
Europe (GCP),,1854,221565870
Europe (GCP),,1855,221538050
Europe (GCP),,1856,236781500
Europe (GCP),,1857,238329630
Europe (GCP),,1858,241521680
Europe (GCP),,1859,254665300
Europe (GCP),,1860,281813340
Europe (GCP),,1861,300479780
Europe (GCP),,1862,305041340
Europe (GCP),,1863,321231500
Europe (GCP),,1864,346628580
Europe (GCP),,1865,371215550
Europe (GCP),,1866,383594940
Europe (GCP),,1867,401825860
Europe (GCP),,1868,406195940
Europe (GCP),,1869,425362180
Europe (GCP),,1870,431416200
Europe (GCP),,1871,459750800
Europe (GCP),,1872,496541380
Europe (GCP),,1873,522506720
Europe (GCP),,1874,484555230
Europe (GCP),,1875,534647520
Europe (GCP),,1876,547138560
Europe (GCP),,1877,545946560
Europe (GCP),,1878,551763500
Europe (GCP),,1879,569586300
Europe (GCP),,1880,640741440
Europe (GCP),,1881,657774200
Europe (GCP),,1882,680198850
Europe (GCP),,1883,718767000
Europe (GCP),,1884,714144640
Europe (GCP),,1885,716659840
Europe (GCP),,1886,715986900
Europe (GCP),,1887,743286700
Europe (GCP),,1888,787506560
Europe (GCP),,1889,824558900
Europe (GCP),,1890,862573760
Europe (GCP),,1891,893012350
Europe (GCP),,1892,879321600
Europe (GCP),,1893,854880400
Europe (GCP),,1894,927918100
Europe (GCP),,1895,952627700
Europe (GCP),,1896,996165200
Europe (GCP),,1897,1045666300
Europe (GCP),,1898,1079168100
Europe (GCP),,1899,1149517800
Europe (GCP),,1900,1205761500
Europe (GCP),,1901,1195232800
Europe (GCP),,1902,1196093400
Europe (GCP),,1903,1245173900
Europe (GCP),,1904,1268442600
Europe (GCP),,1905,1305698300
Europe (GCP),,1906,1347435300
Europe (GCP),,1907,1492849900
Europe (GCP),,1908,1517263900
Europe (GCP),,1909,1518876900
Europe (GCP),,1910,1538655000
Europe (GCP),,1911,1574153700
Europe (GCP),,1912,1632547300
Europe (GCP),,1913,1767424900
Europe (GCP),,1914,1573981000
Europe (GCP),,1915,1492878300
Europe (GCP),,1916,1561198500
Europe (GCP),,1917,1533435500
Europe (GCP),,1918,1394121300
Europe (GCP),,1919,1183818800
Europe (GCP),,1920,1383445000
Europe (GCP),,1921,1265554600
Europe (GCP),,1922,1409319800
Europe (GCP),,1923,1346923800
Europe (GCP),,1924,1553839500
Europe (GCP),,1925,1538195300
Europe (GCP),,1926,1323210400
Europe (GCP),,1927,1684910700
Europe (GCP),,1928,1693740900
Europe (GCP),,1929,1837967700
Europe (GCP),,1930,1741164500
Europe (GCP),,1931,1625608700
Europe (GCP),,1932,1511837800
Europe (GCP),,1933,1557659400
Europe (GCP),,1934,1704667300
Europe (GCP),,1935,1789411000
Europe (GCP),,1936,1899830300
Europe (GCP),,1937,2060766700
Europe (GCP),,1938,2070434200
Europe (GCP),,1939,2116642000
Europe (GCP),,1940,2253947000
Europe (GCP),,1941,2174063400
Europe (GCP),,1942,2021260400
Europe (GCP),,1943,2039171000
Europe (GCP),,1944,1937932700
Europe (GCP),,1945,1269833000
Europe (GCP),,1946,1686021000
Europe (GCP),,1947,1932562300
Europe (GCP),,1948,2085037800
Europe (GCP),,1949,2266351900
Europe (GCP),,1950,2381798400
Europe (GCP),,1951,2628854500
Europe (GCP),,1952,2712866600
Europe (GCP),,1953,2790577400
Europe (GCP),,1954,2969349600
Europe (GCP),,1955,3233243600
Europe (GCP),,1956,3445158700
Europe (GCP),,1957,3593346300
Europe (GCP),,1958,3632002000
Europe (GCP),,1959,3713709800
Europe (GCP),,1960,3966934300
Europe (GCP),,1961,4112140000
Europe (GCP),,1962,4339414000
Europe (GCP),,1963,4612307500
Europe (GCP),,1964,4842246700
Europe (GCP),,1965,4984466400
Europe (GCP),,1966,5156101000
Europe (GCP),,1967,5270223000
Europe (GCP),,1968,5515944000
Europe (GCP),,1969,5816407000
Europe (GCP),,1970,6098689500
Europe (GCP),,1971,6327588400
Europe (GCP),,1972,6556553000
Europe (GCP),,1973,6849511000
Europe (GCP),,1974,6867690500
Europe (GCP),,1975,6907077600
Europe (GCP),,1976,7281985500
Europe (GCP),,1977,7338524700
Europe (GCP),,1978,7570690600
Europe (GCP),,1979,7750150700
Europe (GCP),,1980,7753727000
Europe (GCP),,1981,7471875000
Europe (GCP),,1982,7411571700
Europe (GCP),,1983,7417897500
Europe (GCP),,1984,7468784000
Europe (GCP),,1985,7792995300
Europe (GCP),,1986,7805502500
Europe (GCP),,1987,7826896400
Europe (GCP),,1988,7865633000
Europe (GCP),,1989,7831148500
Europe (GCP),,1990,8038894600
Europe (GCP),,1991,7739830000
Europe (GCP),,1992,7094296000
Europe (GCP),,1993,6806441500
Europe (GCP),,1994,6445869000
Europe (GCP),,1995,6422432300
Europe (GCP),,1996,6472014000
Europe (GCP),,1997,6266619000
Europe (GCP),,1998,6240622600
Europe (GCP),,1999,6156683000
Europe (GCP),,2000,6155515000
Europe (GCP),,2001,6282925000
Europe (GCP),,2002,6249447000
Europe (GCP),,2003,6391066600
Europe (GCP),,2004,6419376000
Europe (GCP),,2005,6427948500
Europe (GCP),,2006,6529226000
Europe (GCP),,2007,6473231400
Europe (GCP),,2008,6407231500
Europe (GCP),,2009,5893126700
Europe (GCP),,2010,6117359000
Europe (GCP),,2011,6044340700
Europe (GCP),,2012,5998598000
Europe (GCP),,2013,5840099000
Europe (GCP),,2014,5609139700
Europe (GCP),,2015,5613445600
Europe (GCP),,2016,5598046700
Europe (GCP),,2017,5632420000
Europe (GCP),,2018,5613847600
Europe (GCP),,2019,5437201400
Europe (GCP),,2020,5025676000
Europe (GCP),,2021,5265446400
Europe (GCP),,2022,5095634400
Europe (GCP),,2023,4887137300
Europe (GCP),,2024,4880514000
Europe (excl. EU-27),,1750,9305937
Europe (excl. EU-27),,1751,9407229
Europe (excl. EU-27),,1752,9505168
Europe (excl. EU-27),,1753,9610490
Europe (excl. EU-27),,1754,9733580
Europe (excl. EU-27),,1755,9793468
Europe (excl. EU-27),,1756,9909914
Europe (excl. EU-27),,1757,10093936
Europe (excl. EU-27),,1758,10216358
Europe (excl. EU-27),,1759,10338854
Europe (excl. EU-27),,1760,10514331
Europe (excl. EU-27),,1761,10747885
Europe (excl. EU-27),,1762,10952198
Europe (excl. EU-27),,1763,11191592
Europe (excl. EU-27),,1764,11396982
Europe (excl. EU-27),,1765,11643486
Europe (excl. EU-27),,1766,11876080
Europe (excl. EU-27),,1767,12152509
Europe (excl. EU-27),,1768,12466936
Europe (excl. EU-27),,1769,12780074
Europe (excl. EU-27),,1770,13097216
Europe (excl. EU-27),,1771,13369488
Europe (excl. EU-27),,1772,13623507
Europe (excl. EU-27),,1773,13808138
Europe (excl. EU-27),,1774,14012415
Europe (excl. EU-27),,1775,14338920
Europe (excl. EU-27),,1776,14654124
Europe (excl. EU-27),,1777,14959537
Europe (excl. EU-27),,1778,15243483
Europe (excl. EU-27),,1779,15535235
Europe (excl. EU-27),,1780,15878726
Europe (excl. EU-27),,1781,16234383
Europe (excl. EU-27),,1782,16580954
Europe (excl. EU-27),,1783,17062752
Europe (excl. EU-27),,1784,17471092
Europe (excl. EU-27),,1785,17961464
Europe (excl. EU-27),,1786,18443832
Europe (excl. EU-27),,1787,18855466
Europe (excl. EU-27),,1788,19282564
Europe (excl. EU-27),,1789,19859760
Europe (excl. EU-27),,1790,20394430
Europe (excl. EU-27),,1791,20928086
Europe (excl. EU-27),,1792,21456558
Europe (excl. EU-27),,1793,21813614
Europe (excl. EU-27),,1794,22072648
Europe (excl. EU-27),,1795,21864574
Europe (excl. EU-27),,1796,21582768
Europe (excl. EU-27),,1797,21536814
Europe (excl. EU-27),,1798,22527018
Europe (excl. EU-27),,1799,26855000
Europe (excl. EU-27),,1800,31340080
Europe (excl. EU-27),,1801,30736626
Europe (excl. EU-27),,1802,30377368
Europe (excl. EU-27),,1803,28241450
Europe (excl. EU-27),,1804,27790074
Europe (excl. EU-27),,1805,29295006
Europe (excl. EU-27),,1806,30908602
Europe (excl. EU-27),,1807,32583656
Europe (excl. EU-27),,1808,33701640
Europe (excl. EU-27),,1809,34522536
Europe (excl. EU-27),,1810,35402028
Europe (excl. EU-27),,1811,36155070
Europe (excl. EU-27),,1812,36741616
Europe (excl. EU-27),,1813,37359772
Europe (excl. EU-27),,1814,38181804
Europe (excl. EU-27),,1815,39019170
Europe (excl. EU-27),,1816,39265496
Europe (excl. EU-27),,1817,41766344
Europe (excl. EU-27),,1818,43769000
Europe (excl. EU-27),,1819,43316496
Europe (excl. EU-27),,1820,42567188
Europe (excl. EU-27),,1821,43493436
Europe (excl. EU-27),,1822,45073956
Europe (excl. EU-27),,1823,46676420
Europe (excl. EU-27),,1824,48136788
Europe (excl. EU-27),,1825,49563788
Europe (excl. EU-27),,1826,50101644
Europe (excl. EU-27),,1827,52047628
Europe (excl. EU-27),,1828,52630228
Europe (excl. EU-27),,1829,53253870
Europe (excl. EU-27),,1830,67747010
Europe (excl. EU-27),,1831,64508348
Europe (excl. EU-27),,1832,62571090
Europe (excl. EU-27),,1833,61940200
Europe (excl. EU-27),,1834,65802124
Europe (excl. EU-27),,1835,72212080
Europe (excl. EU-27),,1836,78562870
Europe (excl. EU-27),,1837,75279260
Europe (excl. EU-27),,1838,73637256
Europe (excl. EU-27),,1839,75826470
Europe (excl. EU-27),,1840,80834850
Europe (excl. EU-27),,1841,81389030
Europe (excl. EU-27),,1842,85266410
Europe (excl. EU-27),,1843,88631840
Europe (excl. EU-27),,1844,94021080
Europe (excl. EU-27),,1845,99877350
Europe (excl. EU-27),,1846,95592610
Europe (excl. EU-27),,1847,101925520
Europe (excl. EU-27),,1848,109109920
Europe (excl. EU-27),,1849,117456380
Europe (excl. EU-27),,1850,122585224
Europe (excl. EU-27),,1851,116561400
Europe (excl. EU-27),,1852,116147840
Europe (excl. EU-27),,1853,115522950
Europe (excl. EU-27),,1854,139246780
Europe (excl. EU-27),,1855,130716450
Europe (excl. EU-27),,1856,140385310
Europe (excl. EU-27),,1857,137877390
Europe (excl. EU-27),,1858,135655570
Europe (excl. EU-27),,1859,150667040
Europe (excl. EU-27),,1860,169159900
Europe (excl. EU-27),,1861,176627820
Europe (excl. EU-27),,1862,170965460
Europe (excl. EU-27),,1863,181742880
Europe (excl. EU-27),,1864,195731230
Europe (excl. EU-27),,1865,207392720
Europe (excl. EU-27),,1866,215265540
Europe (excl. EU-27),,1867,221335540
Europe (excl. EU-27),,1868,216842200
Europe (excl. EU-27),,1869,228013760
Europe (excl. EU-27),,1870,233290030
Europe (excl. EU-27),,1871,248170240
Europe (excl. EU-27),,1872,261448820
Europe (excl. EU-27),,1873,270806880
Europe (excl. EU-27),,1874,264332860
Europe (excl. EU-27),,1875,279731300
Europe (excl. EU-27),,1876,280792030
Europe (excl. EU-27),,1877,286062140
Europe (excl. EU-27),,1878,283252930
Europe (excl. EU-27),,1879,285326850
Europe (excl. EU-27),,1880,311882560
Europe (excl. EU-27),,1881,327638200
Europe (excl. EU-27),,1882,331241400
Europe (excl. EU-27),,1883,346114660
Europe (excl. EU-27),,1884,337798980
Europe (excl. EU-27),,1885,335670940
Europe (excl. EU-27),,1886,333212260
Europe (excl. EU-27),,1887,342321540
Europe (excl. EU-27),,1888,356130980
Europe (excl. EU-27),,1889,369996930
Europe (excl. EU-27),,1890,380925200
Europe (excl. EU-27),,1891,391678880
Europe (excl. EU-27),,1892,385697760
Europe (excl. EU-27),,1893,352955840
Europe (excl. EU-27),,1894,400705150
Europe (excl. EU-27),,1895,409316200
Europe (excl. EU-27),,1896,420865730
Europe (excl. EU-27),,1897,437096000
Europe (excl. EU-27),,1898,443667740
Europe (excl. EU-27),,1899,480170200
Europe (excl. EU-27),,1900,493606460
Europe (excl. EU-27),,1901,485558940
Europe (excl. EU-27),,1902,499632100
Europe (excl. EU-27),,1903,502086080
Europe (excl. EU-27),,1904,511275360
Europe (excl. EU-27),,1905,509923970
Europe (excl. EU-27),,1906,535074600
Europe (excl. EU-27),,1907,565342850
Europe (excl. EU-27),,1908,555226940
Europe (excl. EU-27),,1909,563856100
Europe (excl. EU-27),,1910,565787460
Europe (excl. EU-27),,1911,581438660
Europe (excl. EU-27),,1912,568149300
Europe (excl. EU-27),,1913,621231360
Europe (excl. EU-27),,1914,593005600
Europe (excl. EU-27),,1915,592847500
Europe (excl. EU-27),,1916,615102400
Europe (excl. EU-27),,1917,595122700
Europe (excl. EU-27),,1918,510684740
Europe (excl. EU-27),,1919,496864260
Europe (excl. EU-27),,1920,522000580
Europe (excl. EU-27),,1921,371416500
Europe (excl. EU-27),,1922,491215600
Europe (excl. EU-27),,1923,523517900
Europe (excl. EU-27),,1924,553638500
Europe (excl. EU-27),,1925,526448300
Europe (excl. EU-27),,1926,345266980
Europe (excl. EU-27),,1927,585528500
Europe (excl. EU-27),,1928,568542000
Europe (excl. EU-27),,1929,602221200
Europe (excl. EU-27),,1930,617770600
Europe (excl. EU-27),,1931,613852400
Europe (excl. EU-27),,1932,617643900
Europe (excl. EU-27),,1933,635796500
Europe (excl. EU-27),,1934,711129900
Europe (excl. EU-27),,1935,749372300
Europe (excl. EU-27),,1936,815923260
Europe (excl. EU-27),,1937,840834600
Europe (excl. EU-27),,1938,838051600
Europe (excl. EU-27),,1939,847552260
Europe (excl. EU-27),,1940,933496000
Europe (excl. EU-27),,1941,872663700
Europe (excl. EU-27),,1942,700581800
Europe (excl. EU-27),,1943,707489300
Europe (excl. EU-27),,1944,796225660
Europe (excl. EU-27),,1945,776877300
Europe (excl. EU-27),,1946,838293100
Europe (excl. EU-27),,1947,941725700
Europe (excl. EU-27),,1948,989536100
Europe (excl. EU-27),,1949,1055090700
Europe (excl. EU-27),,1950,1104220900
Europe (excl. EU-27),,1951,1199235300
Europe (excl. EU-27),,1952,1226131500
Europe (excl. EU-27),,1953,1275688200
Europe (excl. EU-27),,1954,1358003600
Europe (excl. EU-27),,1955,1489857800
Europe (excl. EU-27),,1956,1577981300
Europe (excl. EU-27),,1957,1666815600
Europe (excl. EU-27),,1958,1720942100
Europe (excl. EU-27),,1959,1772803800
Europe (excl. EU-27),,1960,1865352000
Europe (excl. EU-27),,1961,1910699100
Europe (excl. EU-27),,1962,1982855400
Europe (excl. EU-27),,1963,2097606100
Europe (excl. EU-27),,1964,2196237800
Europe (excl. EU-27),,1965,2305770200
Europe (excl. EU-27),,1966,2395798800
Europe (excl. EU-27),,1967,2448087300
Europe (excl. EU-27),,1968,2520332000
Europe (excl. EU-27),,1969,2621814800
Europe (excl. EU-27),,1970,2764275500
Europe (excl. EU-27),,1971,2899128800
Europe (excl. EU-27),,1972,2997880800
Europe (excl. EU-27),,1973,3117312000
Europe (excl. EU-27),,1974,3154719200
Europe (excl. EU-27),,1975,3266955300
Europe (excl. EU-27),,1976,3365919000
Europe (excl. EU-27),,1977,3460680000
Europe (excl. EU-27),,1978,3562692600
Europe (excl. EU-27),,1979,3632755500
Europe (excl. EU-27),,1980,3672411000
Europe (excl. EU-27),,1981,3604832300
Europe (excl. EU-27),,1982,3636828700
Europe (excl. EU-27),,1983,3686243000
Europe (excl. EU-27),,1984,3702121200
Europe (excl. EU-27),,1985,3969346300
Europe (excl. EU-27),,1986,3998360800
Europe (excl. EU-27),,1987,3986007600
Europe (excl. EU-27),,1988,4067255300
Europe (excl. EU-27),,1989,3994967600
Europe (excl. EU-27),,1990,4168641800
Europe (excl. EU-27),,1991,3935299600
Europe (excl. EU-27),,1992,3416559600
Europe (excl. EU-27),,1993,3198287400
Europe (excl. EU-27),,1994,2856414700
Europe (excl. EU-27),,1995,2786553600
Europe (excl. EU-27),,1996,2751304200
Europe (excl. EU-27),,1997,2612168400
Europe (excl. EU-27),,1998,2595973600
Europe (excl. EU-27),,1999,2567522300
Europe (excl. EU-27),,2000,2555098600
Europe (excl. EU-27),,2001,2625825300
Europe (excl. EU-27),,2002,2592055600
Europe (excl. EU-27),,2003,2654707700
Europe (excl. EU-27),,2004,2675992600
Europe (excl. EU-27),,2005,2693057000
Europe (excl. EU-27),,2006,2777221400
Europe (excl. EU-27),,2007,2771363800
Europe (excl. EU-27),,2008,2781405200
Europe (excl. EU-27),,2009,2562622200
Europe (excl. EU-27),,2010,2693033000
Europe (excl. EU-27),,2011,2717281800
Europe (excl. EU-27),,2012,2739982000
Europe (excl. EU-27),,2013,2663570000
Europe (excl. EU-27),,2014,2570278400
Europe (excl. EU-27),,2015,2518539000
Europe (excl. EU-27),,2016,2503531500
Europe (excl. EU-27),,2017,2513960000
Europe (excl. EU-27),,2018,2564363800
Europe (excl. EU-27),,2019,2532252200
Europe (excl. EU-27),,2020,2398624000
Europe (excl. EU-27),,2021,2463977700
Europe (excl. EU-27),,2022,2358689000
Europe (excl. EU-27),,2023,2402140400
Europe (excl. EU-27),,2024,2454348300
Europe (excl. EU-28),,1750,0
Europe (excl. EU-28),,1751,0
Europe (excl. EU-28),,1752,0
Europe (excl. EU-28),,1753,0
Europe (excl. EU-28),,1754,0
Europe (excl. EU-28),,1755,0
Europe (excl. EU-28),,1756,0
Europe (excl. EU-28),,1757,0
Europe (excl. EU-28),,1758,0
Europe (excl. EU-28),,1759,0
Europe (excl. EU-28),,1760,0
Europe (excl. EU-28),,1761,0
Europe (excl. EU-28),,1762,0
Europe (excl. EU-28),,1763,0
Europe (excl. EU-28),,1764,0
Europe (excl. EU-28),,1765,0
Europe (excl. EU-28),,1766,0
Europe (excl. EU-28),,1767,0
Europe (excl. EU-28),,1768,0
Europe (excl. EU-28),,1769,0
Europe (excl. EU-28),,1770,0
Europe (excl. EU-28),,1771,0
Europe (excl. EU-28),,1772,0
Europe (excl. EU-28),,1773,0
Europe (excl. EU-28),,1774,0
Europe (excl. EU-28),,1775,0
Europe (excl. EU-28),,1776,0
Europe (excl. EU-28),,1777,0
Europe (excl. EU-28),,1778,0
Europe (excl. EU-28),,1779,0
Europe (excl. EU-28),,1780,0
Europe (excl. EU-28),,1781,0
Europe (excl. EU-28),,1782,0
Europe (excl. EU-28),,1783,0
Europe (excl. EU-28),,1784,0
Europe (excl. EU-28),,1785,0
Europe (excl. EU-28),,1786,0
Europe (excl. EU-28),,1787,0
Europe (excl. EU-28),,1788,0
Europe (excl. EU-28),,1789,0
Europe (excl. EU-28),,1790,0
Europe (excl. EU-28),,1791,0
Europe (excl. EU-28),,1792,0
Europe (excl. EU-28),,1793,0
Europe (excl. EU-28),,1794,0
Europe (excl. EU-28),,1795,0
Europe (excl. EU-28),,1796,0
Europe (excl. EU-28),,1797,0
Europe (excl. EU-28),,1798,0
Europe (excl. EU-28),,1799,0
Europe (excl. EU-28),,1800,0
Europe (excl. EU-28),,1801,0
Europe (excl. EU-28),,1802,0
Europe (excl. EU-28),,1803,0
Europe (excl. EU-28),,1804,0
Europe (excl. EU-28),,1805,0
Europe (excl. EU-28),,1806,0
Europe (excl. EU-28),,1807,0
Europe (excl. EU-28),,1808,0
Europe (excl. EU-28),,1809,0
Europe (excl. EU-28),,1810,0
Europe (excl. EU-28),,1811,0
Europe (excl. EU-28),,1812,0
Europe (excl. EU-28),,1813,0
Europe (excl. EU-28),,1814,0
Europe (excl. EU-28),,1815,0
Europe (excl. EU-28),,1816,0
Europe (excl. EU-28),,1817,0
Europe (excl. EU-28),,1818,0
Europe (excl. EU-28),,1819,0
Europe (excl. EU-28),,1820,0
Europe (excl. EU-28),,1821,0
Europe (excl. EU-28),,1822,0
Europe (excl. EU-28),,1823,0
Europe (excl. EU-28),,1824,0
Europe (excl. EU-28),,1825,0
Europe (excl. EU-28),,1826,0
Europe (excl. EU-28),,1827,0
Europe (excl. EU-28),,1828,0
Europe (excl. EU-28),,1829,10992
Europe (excl. EU-28),,1830,22786
Europe (excl. EU-28),,1831,22213
Europe (excl. EU-28),,1832,12367
Europe (excl. EU-28),,1833,15458
Europe (excl. EU-28),,1834,0
Europe (excl. EU-28),,1835,14656
Europe (excl. EU-28),,1836,18320
Europe (excl. EU-28),,1837,25648
Europe (excl. EU-28),,1838,51296
Europe (excl. EU-28),,1839,40304
Europe (excl. EU-28),,1840,43968
Europe (excl. EU-28),,1841,58624
Europe (excl. EU-28),,1842,73280
Europe (excl. EU-28),,1843,62288
Europe (excl. EU-28),,1844,65952
Europe (excl. EU-28),,1845,98928
Europe (excl. EU-28),,1846,98928
Europe (excl. EU-28),,1847,102592
Europe (excl. EU-28),,1848,131904
Europe (excl. EU-28),,1849,106256
Europe (excl. EU-28),,1850,235070
Europe (excl. EU-28),,1851,150224
Europe (excl. EU-28),,1852,150224
Europe (excl. EU-28),,1853,164880
Europe (excl. EU-28),,1854,234496
Europe (excl. EU-28),,1855,547087
Europe (excl. EU-28),,1856,304112
Europe (excl. EU-28),,1857,304112
Europe (excl. EU-28),,1858,822117
Europe (excl. EU-28),,1859,964098
Europe (excl. EU-28),,1860,1209475
Europe (excl. EU-28),,1861,1580227
Europe (excl. EU-28),,1862,1494466
Europe (excl. EU-28),,1863,1518055
Europe (excl. EU-28),,1864,1821367
Europe (excl. EU-28),,1865,1904608
Europe (excl. EU-28),,1866,3533971
Europe (excl. EU-28),,1867,3961407
Europe (excl. EU-28),,1868,3623051
Europe (excl. EU-28),,1869,4308233
Europe (excl. EU-28),,1870,4795664
Europe (excl. EU-28),,1871,6133734
Europe (excl. EU-28),,1872,6460061
Europe (excl. EU-28),,1873,6148845
Europe (excl. EU-28),,1874,7145699
Europe (excl. EU-28),,1875,8243540
Europe (excl. EU-28),,1876,9773287
Europe (excl. EU-28),,1877,10162933
Europe (excl. EU-28),,1878,12278136
Europe (excl. EU-28),,1879,12681294
Europe (excl. EU-28),,1880,14757786
Europe (excl. EU-28),,1881,15326174
Europe (excl. EU-28),,1882,16276652
Europe (excl. EU-28),,1883,18384516
Europe (excl. EU-28),,1884,18701228
Europe (excl. EU-28),,1885,20380092
Europe (excl. EU-28),,1886,20782984
Europe (excl. EU-28),,1887,21879114
Europe (excl. EU-28),,1888,22963444
Europe (excl. EU-28),,1889,24972718
Europe (excl. EU-28),,1890,27902480
Europe (excl. EU-28),,1891,31207238
Europe (excl. EU-28),,1892,32689656
Europe (excl. EU-28),,1893,36745330
Europe (excl. EU-28),,1894,38602996
Europe (excl. EU-28),,1895,43766236
Europe (excl. EU-28),,1896,44884396
Europe (excl. EU-28),,1897,51126580
Europe (excl. EU-28),,1898,56789668
Europe (excl. EU-28),,1899,65617930
Europe (excl. EU-28),,1900,73865944
Europe (excl. EU-28),,1901,74857530
Europe (excl. EU-28),,1902,72992264
Europe (excl. EU-28),,1903,72101010
Europe (excl. EU-28),,1904,79282424
Europe (excl. EU-28),,1905,72251860
Europe (excl. EU-28),,1906,81724230
Europe (excl. EU-28),,1907,91774540
Europe (excl. EU-28),,1908,93262500
Europe (excl. EU-28),,1909,97769690
Europe (excl. EU-28),,1910,96055340
Europe (excl. EU-28),,1911,100087950
Europe (excl. EU-28),,1912,112263450
Europe (excl. EU-28),,1913,122909040
Europe (excl. EU-28),,1914,109822850
Europe (excl. EU-28),,1915,103366380
Europe (excl. EU-28),,1916,108030424
Europe (excl. EU-28),,1917,93953420
Europe (excl. EU-28),,1918,43836160
Europe (excl. EU-28),,1919,40732890
Europe (excl. EU-28),,1920,41528100
Europe (excl. EU-28),,1921,39228736
Europe (excl. EU-28),,1922,51607270
Europe (excl. EU-28),,1923,57450650
Europe (excl. EU-28),,1924,65398336
Europe (excl. EU-28),,1925,65449280
Europe (excl. EU-28),,1926,84200960
Europe (excl. EU-28),,1927,104184400
Europe (excl. EU-28),,1928,114088560
Europe (excl. EU-28),,1929,124015260
Europe (excl. EU-28),,1930,156965890
Europe (excl. EU-28),,1931,182873660
Europe (excl. EU-28),,1932,203078980
Europe (excl. EU-28),,1933,223527730
Europe (excl. EU-28),,1934,265852720
Europe (excl. EU-28),,1935,298166750
Europe (excl. EU-28),,1936,339387900
Europe (excl. EU-28),,1937,349131400
Europe (excl. EU-28),,1938,365295870
Europe (excl. EU-28),,1939,373263460
Europe (excl. EU-28),,1940,433412930
Europe (excl. EU-28),,1941,372867620
Europe (excl. EU-28),,1942,207585940
Europe (excl. EU-28),,1943,217270620
Europe (excl. EU-28),,1944,306555260
Europe (excl. EU-28),,1945,323803200
Europe (excl. EU-28),,1946,373881150
Europe (excl. EU-28),,1947,456493820
Europe (excl. EU-28),,1948,486026020
Europe (excl. EU-28),,1949,547539200
Europe (excl. EU-28),,1950,604993300
Europe (excl. EU-28),,1951,655444350
Europe (excl. EU-28),,1952,698718850
Europe (excl. EU-28),,1953,736587650
Europe (excl. EU-28),,1954,805972160
Europe (excl. EU-28),,1955,913737860
Europe (excl. EU-28),,1956,1004236600
Europe (excl. EU-28),,1957,1096566800
Europe (excl. EU-28),,1958,1164948700
Europe (excl. EU-28),,1959,1226439600
Europe (excl. EU-28),,1960,1281449200
Europe (excl. EU-28),,1961,1322121000
Europe (excl. EU-28),,1962,1389935000
Europe (excl. EU-28),,1963,1494224100
Europe (excl. EU-28),,1964,1588372000
Europe (excl. EU-28),,1965,1683654900
Europe (excl. EU-28),,1966,1777720400
Europe (excl. EU-28),,1967,1856022900
Europe (excl. EU-28),,1968,1913836400
Europe (excl. EU-28),,1969,1993424900
Europe (excl. EU-28),,1970,2111690800
Europe (excl. EU-28),,1971,2238733300
Europe (excl. EU-28),,1972,2349847000
Europe (excl. EU-28),,1973,2457727700
Europe (excl. EU-28),,1974,2537532200
Europe (excl. EU-28),,1975,2663701000
Europe (excl. EU-28),,1976,2767385600
Europe (excl. EU-28),,1977,2856310800
Europe (excl. EU-28),,1978,2957964500
Europe (excl. EU-28),,1979,2988246300
Europe (excl. EU-28),,1980,3093372000
Europe (excl. EU-28),,1981,3044285000
Europe (excl. EU-28),,1982,3088599000
Europe (excl. EU-28),,1983,3140769000
Europe (excl. EU-28),,1984,3173024000
Europe (excl. EU-28),,1985,3409711600
Europe (excl. EU-28),,1986,3429792300
Europe (excl. EU-28),,1987,3414358000
Europe (excl. EU-28),,1988,3496976400
Europe (excl. EU-28),,1989,3413406200
Europe (excl. EU-28),,1990,3566696700
Europe (excl. EU-28),,1991,3325887000
Europe (excl. EU-28),,1992,2822713600
Europe (excl. EU-28),,1993,2618675000
Europe (excl. EU-28),,1994,2282398000
Europe (excl. EU-28),,1995,2220394800
Europe (excl. EU-28),,1996,2164543500
Europe (excl. EU-28),,1997,2049460200
Europe (excl. EU-28),,1998,2027429900
Europe (excl. EU-28),,1999,2005872600
Europe (excl. EU-28),,2000,1986065000
Europe (excl. EU-28),,2001,2047854600
Europe (excl. EU-28),,2002,2031782400
Europe (excl. EU-28),,2003,2083089000
Europe (excl. EU-28),,2004,2102562700
Europe (excl. EU-28),,2005,2122718700
Europe (excl. EU-28),,2006,2209375700
Europe (excl. EU-28),,2007,2211797200
Europe (excl. EU-28),,2008,2236472800
Europe (excl. EU-28),,2009,2068514400
Europe (excl. EU-28),,2010,2181128200
Europe (excl. EU-28),,2011,2247568400
Europe (excl. EU-28),,2012,2252505300
Europe (excl. EU-28),,2013,2185958700
Europe (excl. EU-28),,2014,2131471200
Europe (excl. EU-28),,2015,2096078300
Europe (excl. EU-28),,2016,2104101200
Europe (excl. EU-28),,2017,2126592900
Europe (excl. EU-28),,2018,2184633900
Europe (excl. EU-28),,2019,2167499000
Europe (excl. EU-28),,2020,2072360800
Europe (excl. EU-28),,2021,2121612200
Europe (excl. EU-28),,2022,2047571000
Europe (excl. EU-28),,2023,2094314400
Europe (excl. EU-28),,2024,2141442700
European Union (27),,1792,468992
European Union (27),,1793,479984
European Union (27),,1794,443344
European Union (27),,1795,447008
European Union (27),,1796,534944
European Union (27),,1797,549600
European Union (27),,1798,575248
European Union (27),,1799,626544
European Union (27),,1800,1201792
European Union (27),,1801,978288
European Union (27),,1802,9639984
European Union (27),,1803,996608
European Union (27),,1804,3642016
European Union (27),,1805,1612160
European Union (27),,1806,1458272
European Union (27),,1807,3235312
European Union (27),,1808,1399648
European Union (27),,1809,1403312
European Union (27),,1810,3667664
European Union (27),,1811,3568736
European Union (27),,1812,3583392
European Union (27),,1813,3319584
European Union (27),,1814,3477136
European Union (27),,1815,3960784
European Union (27),,1816,5561952
European Union (27),,1817,6785728
European Union (27),,1818,6837024
European Union (27),,1819,6844352
European Union (27),,1820,7364640
European Union (27),,1821,7731040
European Union (27),,1822,8075456
European Union (27),,1823,8771616
European Union (27),,1824,8423536
European Union (27),,1825,10024704
European Union (27),,1826,9955088
European Union (27),,1827,12234096
European Union (27),,1828,12450272
European Union (27),,1829,11248480
European Union (27),,1830,19141234
European Union (27),,1831,16470278
European Union (27),,1832,16481071
European Union (27),,1833,17763570
European Union (27),,1834,19562096
European Union (27),,1835,20848160
European Union (27),,1836,23577840
European Union (27),,1837,25585712
European Union (27),,1838,27146576
European Union (27),,1839,28271424
European Union (27),,1840,32049008
European Union (27),,1841,34503890
European Union (27),,1842,37138304
European Union (27),,1843,35929184
European Union (27),,1844,38574590
European Union (27),,1845,43916704
European Union (27),,1846,49266144
European Union (27),,1847,53648290
European Union (27),,1848,47573376
European Union (27),,1849,49130576
European Union (27),,1850,54189984
European Union (27),,1851,57297630
European Union (27),,1852,64284880
European Union (27),,1853,71180530
European Union (27),,1854,82319090
European Union (27),,1855,90821600
European Union (27),,1856,96396180
European Union (27),,1857,100452220
European Union (27),,1858,105866104
European Union (27),,1859,103998260
European Union (27),,1860,112653450
European Union (27),,1861,123851950
European Union (27),,1862,134075880
European Union (27),,1863,139488600
European Union (27),,1864,150897330
European Union (27),,1865,163822820
European Union (27),,1866,168329440
European Union (27),,1867,180490300
European Union (27),,1868,189353740
European Union (27),,1869,197348430
European Union (27),,1870,198126140
European Union (27),,1871,211580560
European Union (27),,1872,235092560
European Union (27),,1873,251699860
European Union (27),,1874,220222380
European Union (27),,1875,254916260
European Union (27),,1876,266346500
European Union (27),,1877,259884430
European Union (27),,1878,268510600
European Union (27),,1879,284259400
European Union (27),,1880,328858900
European Union (27),,1881,330136000
European Union (27),,1882,348957380
European Union (27),,1883,372652320
European Union (27),,1884,376345660
European Union (27),,1885,380988930
European Union (27),,1886,382774620
European Union (27),,1887,400965150
European Union (27),,1888,431375600
European Union (27),,1889,454561950
European Union (27),,1890,481648580
European Union (27),,1891,501333470
European Union (27),,1892,493623870
European Union (27),,1893,501924500
European Union (27),,1894,527212930
European Union (27),,1895,543311500
European Union (27),,1896,575299460
European Union (27),,1897,608570300
European Union (27),,1898,635500350
European Union (27),,1899,669347600
European Union (27),,1900,712155140
European Union (27),,1901,709673700
European Union (27),,1902,696461400
European Union (27),,1903,743087740
European Union (27),,1904,757167200
European Union (27),,1905,795774300
European Union (27),,1906,812360640
European Union (27),,1907,927507000
European Union (27),,1908,962036860
European Union (27),,1909,955020740
European Union (27),,1910,972867600
European Union (27),,1911,992715100
European Union (27),,1912,1064398100
European Union (27),,1913,1146193700
European Union (27),,1914,980975550
European Union (27),,1915,900031000
European Union (27),,1916,946096060
European Union (27),,1917,938312800
European Union (27),,1918,883436700
European Union (27),,1919,686954500
European Union (27),,1920,861444400
European Union (27),,1921,894138000
European Union (27),,1922,918104100
European Union (27),,1923,823405900
European Union (27),,1924,1000200960
European Union (27),,1925,1011747100
European Union (27),,1926,977943360
European Union (27),,1927,1099382100
European Union (27),,1928,1125198800
European Union (27),,1929,1235746600
European Union (27),,1930,1123393900
European Union (27),,1931,1011756400
European Union (27),,1932,894193860
European Union (27),,1933,921863000
European Union (27),,1934,993537400
European Union (27),,1935,1040038660
European Union (27),,1936,1083907100
European Union (27),,1937,1219932200
European Union (27),,1938,1232382600
European Union (27),,1939,1269089900
European Union (27),,1940,1320450800
European Union (27),,1941,1301399700
European Union (27),,1942,1320678700
European Union (27),,1943,1331681800
European Union (27),,1944,1141707000
European Union (27),,1945,492955680
European Union (27),,1946,847727940
European Union (27),,1947,990836540
European Union (27),,1948,1095501700
European Union (27),,1949,1211261200
European Union (27),,1950,1277577600
European Union (27),,1951,1429619300
European Union (27),,1952,1486735000
European Union (27),,1953,1514889300
European Union (27),,1954,1611345800
European Union (27),,1955,1743385900
European Union (27),,1956,1867177300
European Union (27),,1957,1926530700
European Union (27),,1958,1911059800
European Union (27),,1959,1940905900
European Union (27),,1960,2101582600
European Union (27),,1961,2201440800
European Union (27),,1962,2356558600
European Union (27),,1963,2514701300
European Union (27),,1964,2646008300
European Union (27),,1965,2678696200
European Union (27),,1966,2760302300
European Union (27),,1967,2822135600
European Union (27),,1968,2995612000
European Union (27),,1969,3194592000
European Union (27),,1970,3334414000
European Union (27),,1971,3428460000
European Union (27),,1972,3558672100
European Union (27),,1973,3732199000
European Union (27),,1974,3712970800
European Union (27),,1975,3640122600
European Union (27),,1976,3916066600
European Union (27),,1977,3877844500
European Union (27),,1978,4007998500
European Union (27),,1979,4117395200
European Union (27),,1980,4081316000
European Union (27),,1981,3867043000
European Union (27),,1982,3774743000
European Union (27),,1983,3731654000
European Union (27),,1984,3766663200
European Union (27),,1985,3823649300
European Union (27),,1986,3807141600
European Union (27),,1987,3840888600
European Union (27),,1988,3798377200
European Union (27),,1989,3836181000
European Union (27),,1990,3870252800
European Union (27),,1991,3804530200
European Union (27),,1992,3677736400
European Union (27),,1993,3608153900
European Union (27),,1994,3589454300
European Union (27),,1995,3635878400
European Union (27),,1996,3720709600
European Union (27),,1997,3654451000
European Union (27),,1998,3644649200
European Union (27),,1999,3589160700
European Union (27),,2000,3600416000
European Union (27),,2001,3657100000
European Union (27),,2002,3657391400
European Union (27),,2003,3736359000
European Union (27),,2004,3743383800
European Union (27),,2005,3734891500
European Union (27),,2006,3752004600
European Union (27),,2007,3701867500
European Union (27),,2008,3625826000
European Union (27),,2009,3330504400
European Union (27),,2010,3424326700
European Union (27),,2011,3327058700
European Union (27),,2012,3258616300
European Union (27),,2013,3176529000
European Union (27),,2014,3038861300
European Union (27),,2015,3094906600
European Union (27),,2016,3094515500
European Union (27),,2017,3118460000
European Union (27),,2018,3049483800
European Union (27),,2019,2904949200
European Union (27),,2020,2627051300
European Union (27),,2021,2801469000
European Union (27),,2022,2736946000
European Union (27),,2023,2484996600
European Union (27),,2024,2426166000
European Union (28),,1750,9305937
European Union (28),,1751,9407229
European Union (28),,1752,9505168
European Union (28),,1753,9610490
European Union (28),,1754,9733580
European Union (28),,1755,9793468
European Union (28),,1756,9909914
European Union (28),,1757,10093936
European Union (28),,1758,10216358
European Union (28),,1759,10338854
European Union (28),,1760,10514331
European Union (28),,1761,10747885
European Union (28),,1762,10952198
European Union (28),,1763,11191592
European Union (28),,1764,11396982
European Union (28),,1765,11643486
European Union (28),,1766,11876080
European Union (28),,1767,12152509
European Union (28),,1768,12466936
European Union (28),,1769,12780074
European Union (28),,1770,13097216
European Union (28),,1771,13369488
European Union (28),,1772,13623507
European Union (28),,1773,13808138
European Union (28),,1774,14012415
European Union (28),,1775,14338920
European Union (28),,1776,14654124
European Union (28),,1777,14959537
European Union (28),,1778,15243483
European Union (28),,1779,15535235
European Union (28),,1780,15878726
European Union (28),,1781,16234383
European Union (28),,1782,16580954
European Union (28),,1783,17062752
European Union (28),,1784,17471092
European Union (28),,1785,17961464
European Union (28),,1786,18443832
European Union (28),,1787,18855466
European Union (28),,1788,19282564
European Union (28),,1789,19859760
European Union (28),,1790,20394430
European Union (28),,1791,20928086
European Union (28),,1792,21925550
European Union (28),,1793,22293598
European Union (28),,1794,22515992
European Union (28),,1795,22311582
European Union (28),,1796,22117712
European Union (28),,1797,22086414
European Union (28),,1798,23102266
European Union (28),,1799,27481544
European Union (28),,1800,32541872
European Union (28),,1801,31714914
European Union (28),,1802,40017350
European Union (28),,1803,29238058
European Union (28),,1804,31432090
European Union (28),,1805,30907166
European Union (28),,1806,32366874
European Union (28),,1807,35818970
European Union (28),,1808,35101290
European Union (28),,1809,35925850
European Union (28),,1810,39069692
European Union (28),,1811,39723810
European Union (28),,1812,40325010
European Union (28),,1813,40679356
European Union (28),,1814,41658940
European Union (28),,1815,42979950
European Union (28),,1816,44827450
European Union (28),,1817,48552070
European Union (28),,1818,50606024
European Union (28),,1819,50160850
European Union (28),,1820,49931828
European Union (28),,1821,51224476
European Union (28),,1822,53149412
European Union (28),,1823,55448036
European Union (28),,1824,56560324
European Union (28),,1825,59588492
European Union (28),,1826,60056732
European Union (28),,1827,64281724
European Union (28),,1828,65080500
European Union (28),,1829,64491360
European Union (28),,1830,86865460
European Union (28),,1831,80956420
European Union (28),,1832,79039790
European Union (28),,1833,79688310
European Union (28),,1834,85364220
European Union (28),,1835,93045580
European Union (28),,1836,102122390
European Union (28),,1837,100839330
European Union (28),,1838,100732536
European Union (28),,1839,104057590
European Union (28),,1840,112839890
European Union (28),,1841,115834296
European Union (28),,1842,122331430
European Union (28),,1843,124498740
European Union (28),,1844,132529720
European Union (28),,1845,143695140
European Union (28),,1846,144759820
European Union (28),,1847,155471220
European Union (28),,1848,156551400
European Union (28),,1849,166480700
European Union (28),,1850,176540130
European Union (28),,1851,173708800
European Union (28),,1852,180282500
European Union (28),,1853,186538600
European Union (28),,1854,221331380
European Union (28),,1855,220990960
European Union (28),,1856,236477380
European Union (28),,1857,238025500
European Union (28),,1858,240699550
European Union (28),,1859,253701200
European Union (28),,1860,280603870
European Union (28),,1861,298899550
European Union (28),,1862,303546880
European Union (28),,1863,319713440
European Union (28),,1864,344807200
European Union (28),,1865,369310900
European Union (28),,1866,380061000
European Union (28),,1867,397864450
European Union (28),,1868,402572900
European Union (28),,1869,421053950
European Union (28),,1870,426620500
European Union (28),,1871,453617100
European Union (28),,1872,490081300
European Union (28),,1873,516357900
European Union (28),,1874,477409540
European Union (28),,1875,526404000
European Union (28),,1876,537365250
European Union (28),,1877,535783600
European Union (28),,1878,539485400
European Union (28),,1879,556904960
European Union (28),,1880,625983700
European Union (28),,1881,642448000
European Union (28),,1882,663922200
European Union (28),,1883,700382460
European Union (28),,1884,695443460
European Union (28),,1885,696279800
European Union (28),,1886,695203900
European Union (28),,1887,721407600
European Union (28),,1888,764543100
European Union (28),,1889,799586200
European Union (28),,1890,834671300
European Union (28),,1891,861805100
European Union (28),,1892,846631940
European Union (28),,1893,818135040
European Union (28),,1894,889315100
European Union (28),,1895,908861440
European Union (28),,1896,951280800
European Union (28),,1897,994539650
European Union (28),,1898,1022378400
European Union (28),,1899,1083899900
European Union (28),,1900,1131895600
European Union (28),,1901,1120375200
European Union (28),,1902,1123101200
European Union (28),,1903,1173072800
European Union (28),,1904,1189160200
European Union (28),,1905,1233446400
European Union (28),,1906,1265711000
European Union (28),,1907,1401075300
European Union (28),,1908,1424001300
European Union (28),,1909,1421107200
European Union (28),,1910,1442599700
European Union (28),,1911,1474065800
European Union (28),,1912,1520283900
European Union (28),,1913,1644516000
European Union (28),,1914,1464158200
European Union (28),,1915,1389512100
European Union (28),,1916,1453168100
European Union (28),,1917,1439482100
European Union (28),,1918,1350285300
European Union (28),,1919,1143085800
European Union (28),,1920,1341916900
European Union (28),,1921,1226325800
European Union (28),,1922,1357712500
European Union (28),,1923,1289473200
European Union (28),,1924,1488441100
European Union (28),,1925,1472746100
European Union (28),,1926,1239009400
European Union (28),,1927,1580726300
European Union (28),,1928,1579652400
European Union (28),,1929,1713952500
European Union (28),,1930,1584198700
European Union (28),,1931,1442735100
European Union (28),,1932,1308758800
European Union (28),,1933,1334131700
European Union (28),,1934,1438814600
European Union (28),,1935,1491244200
European Union (28),,1936,1560442400
European Union (28),,1937,1711635500
European Union (28),,1938,1705138400
European Union (28),,1939,1743378700
European Union (28),,1940,1820533900
European Union (28),,1941,1801195800
European Union (28),,1942,1813674500
European Union (28),,1943,1821900400
European Union (28),,1944,1631377400
European Union (28),,1945,946029760
European Union (28),,1946,1312139900
European Union (28),,1947,1476068400
European Union (28),,1948,1599011800
European Union (28),,1949,1718812700
European Union (28),,1950,1776805100
European Union (28),,1951,1973410200
European Union (28),,1952,2014147600
European Union (28),,1953,2053989900
European Union (28),,1954,2163377200
European Union (28),,1955,2319506000
European Union (28),,1956,2440922000
European Union (28),,1957,2496779500
European Union (28),,1958,2467053300
European Union (28),,1959,2487270100
European Union (28),,1960,2685485300
European Union (28),,1961,2790018800
European Union (28),,1962,2949479000
European Union (28),,1963,3118083300
European Union (28),,1964,3253874400
European Union (28),,1965,3300811500
European Union (28),,1966,3378380500
European Union (28),,1967,3414199800
European Union (28),,1968,3602107600
European Union (28),,1969,3822982100
European Union (28),,1970,3986998800
European Union (28),,1971,4088855600
European Union (28),,1972,4206706000
European Union (28),,1973,4391783400
European Union (28),,1974,4330158000
European Union (28),,1975,4243377200
European Union (28),,1976,4514600000
European Union (28),,1977,4482213400
European Union (28),,1978,4612726300
European Union (28),,1979,4761904600
European Union (28),,1980,4660355000
European Union (28),,1981,4427590000
European Union (28),,1982,4322972000
European Union (28),,1983,4277128200
European Union (28),,1984,4295760400
European Union (28),,1985,4383284000
European Union (28),,1986,4375710000
European Union (28),,1987,4412538000
European Union (28),,1988,4368656400
European Union (28),,1989,4417742300
European Union (28),,1990,4472198000
European Union (28),,1991,4413943000
European Union (28),,1992,4271582500
European Union (28),,1993,4187766300
European Union (28),,1994,4163471400
European Union (28),,1995,4202037200
European Union (28),,1996,4307470300
European Union (28),,1997,4217159200
European Union (28),,1998,4213193000
European Union (28),,1999,4150810400
European Union (28),,2000,4169449500
European Union (28),,2001,4235070500
European Union (28),,2002,4217664500
European Union (28),,2003,4307977700
European Union (28),,2004,4316813300
European Union (28),,2005,4305230000
European Union (28),,2006,4319850500
European Union (28),,2007,4261434000
European Union (28),,2008,4170758400
European Union (28),,2009,3824612000
European Union (28),,2010,3936231400
European Union (28),,2011,3796772000
European Union (28),,2012,3746093000
European Union (28),,2013,3654140200
European Union (28),,2014,3477668400
European Union (28),,2015,3517367600
European Union (28),,2016,3493945600
European Union (28),,2017,3505827000
European Union (28),,2018,3429213700
European Union (28),,2019,3269702700
European Union (28),,2020,2953314600
European Union (28),,2021,3143834600
European Union (28),,2022,3048064000
European Union (28),,2023,2792822800
European Union (28),,2024,2739071500
Faroe Islands,FRO,1950,40304
Faroe Islands,FRO,1951,40304
Faroe Islands,FRO,1952,54960
Faroe Islands,FRO,1953,84272
Faroe Islands,FRO,1954,76944
Faroe Islands,FRO,1955,98928
Faroe Islands,FRO,1956,113584
Faroe Islands,FRO,1957,95264
Faroe Islands,FRO,1958,117248
Faroe Islands,FRO,1959,98928
Faroe Islands,FRO,1960,58624
Faroe Islands,FRO,1961,113584
Faroe Islands,FRO,1962,117248
Faroe Islands,FRO,1963,124576
Faroe Islands,FRO,1964,120912
Faroe Islands,FRO,1965,135568
Faroe Islands,FRO,1966,139232
Faroe Islands,FRO,1967,168544
Faroe Islands,FRO,1968,183200
Faroe Islands,FRO,1969,212512
Faroe Islands,FRO,1970,256480.02
Faroe Islands,FRO,1971,260144
Faroe Islands,FRO,1972,234496
Faroe Islands,FRO,1973,252815.98
Faroe Islands,FRO,1974,300448
Faroe Islands,FRO,1975,348080
Faroe Islands,FRO,1976,329760
Faroe Islands,FRO,1977,406704
Faroe Islands,FRO,1978,399376
Faroe Islands,FRO,1979,479984
Faroe Islands,FRO,1980,421360
Faroe Islands,FRO,1981,439680
Faroe Islands,FRO,1982,458000
Faroe Islands,FRO,1983,487312
Faroe Islands,FRO,1984,498304
Faroe Islands,FRO,1985,516623.97
Faroe Islands,FRO,1986,490976
Faroe Islands,FRO,1987,498304
Faroe Islands,FRO,1988,527616
Faroe Islands,FRO,1989,578912
Faroe Islands,FRO,1990,703488
Faroe Islands,FRO,1991,659520
Faroe Islands,FRO,1992,648528
Faroe Islands,FRO,1993,582576
Faroe Islands,FRO,1994,575248
Faroe Islands,FRO,1995,571584
Faroe Islands,FRO,1996,597232
Faroe Islands,FRO,1997,586240
Faroe Islands,FRO,1998,622880
Faroe Islands,FRO,1999,633872
Faroe Islands,FRO,2000,688832
Faroe Islands,FRO,2001,762112
Faroe Islands,FRO,2002,729136
Faroe Islands,FRO,2003,732800
Faroe Islands,FRO,2004,747456
Faroe Islands,FRO,2005,721808
Faroe Islands,FRO,2006,677840
Faroe Islands,FRO,2007,692496
Faroe Islands,FRO,2008,633872
Faroe Islands,FRO,2009,575248
Faroe Islands,FRO,2010,626544
Faroe Islands,FRO,2011,564256
Faroe Islands,FRO,2012,593568
Faroe Islands,FRO,2013,648528
Faroe Islands,FRO,2014,597232
Faroe Islands,FRO,2015,608224
Faroe Islands,FRO,2016,626544
Faroe Islands,FRO,2017,703488
Faroe Islands,FRO,2018,725472
Faroe Islands,FRO,2019,740128
Faroe Islands,FRO,2020,758448
Faroe Islands,FRO,2021,784096
Faroe Islands,FRO,2022,722922
Faroe Islands,FRO,2023,713659
Faroe Islands,FRO,2024,725388
Fiji,FJI,1950,120912
Fiji,FJI,1951,131904
Fiji,FJI,1952,157552
Fiji,FJI,1953,168544
Fiji,FJI,1954,157552
Fiji,FJI,1955,172208
Fiji,FJI,1956,194192
Fiji,FJI,1957,164880
Fiji,FJI,1958,175872
Fiji,FJI,1959,197856
Fiji,FJI,1960,194192
Fiji,FJI,1961,168544
Fiji,FJI,1962,230832
Fiji,FJI,1963,241824
Fiji,FJI,1964,424905
Fiji,FJI,1965,344267
Fiji,FJI,1966,322252
Fiji,FJI,1967,355228
Fiji,FJI,1968,395504
Fiji,FJI,1969,432146
Fiji,FJI,1970,520050
Fiji,FJI,1971,549271
Fiji,FJI,1972,578555
Fiji,FJI,1973,629851
Fiji,FJI,1974,670185
Fiji,FJI,1975,622581
Fiji,FJI,1976,482997
Fiji,FJI,1977,764627
Fiji,FJI,1978,709084
Fiji,FJI,1979,836456
Fiji,FJI,1980,792420
Fiji,FJI,1981,1077173
Fiji,FJI,1982,835123
Fiji,FJI,1983,708926
Fiji,FJI,1984,577209
Fiji,FJI,1985,572991
Fiji,FJI,1986,598086
Fiji,FJI,1987,471995
Fiji,FJI,1988,549765
Fiji,FJI,1989,625202
Fiji,FJI,1990,801220
Fiji,FJI,1991,655032
Fiji,FJI,1992,730309
Fiji,FJI,1993,728647
Fiji,FJI,1994,723077
Fiji,FJI,1995,736697
Fiji,FJI,1996,792447
Fiji,FJI,1997,764285
Fiji,FJI,1998,743300
Fiji,FJI,1999,756467
Fiji,FJI,2000,814852
Fiji,FJI,2001,1003936.06
Fiji,FJI,2002,835392
Fiji,FJI,2003,992944
Fiji,FJI,2004,1300581
Fiji,FJI,2005,1022256
Fiji,FJI,2006,1150496
Fiji,FJI,2007,1084544
Fiji,FJI,2008,791424
Fiji,FJI,2009,703488
Fiji,FJI,2010,1029584.06
Fiji,FJI,2011,930656
Fiji,FJI,2012,908672
Fiji,FJI,2013,1036911.94
Fiji,FJI,2014,1179808
Fiji,FJI,2015,1461936
Fiji,FJI,2016,1344688
Fiji,FJI,2017,1454608
Fiji,FJI,2018,1480256
Fiji,FJI,2019,1509456
Fiji,FJI,2020,1370240
Fiji,FJI,2021,1088327
Fiji,FJI,2022,1388656
Fiji,FJI,2023,1382096
Fiji,FJI,2024,1445316
Finland,FIN,1860,36640
Finland,FIN,1861,73280
Finland,FIN,1862,73280
Finland,FIN,1863,76944
Finland,FIN,1864,47632
Finland,FIN,1865,62288
Finland,FIN,1866,69616
Finland,FIN,1867,62288
Finland,FIN,1868,87936
Finland,FIN,1869,69616
Finland,FIN,1870,91600
Finland,FIN,1871,113584
Finland,FIN,1872,91600
Finland,FIN,1873,87936
Finland,FIN,1874,124576
Finland,FIN,1875,84272
Finland,FIN,1876,95264
Finland,FIN,1877,113584
Finland,FIN,1878,128240.01
Finland,FIN,1879,76944
Finland,FIN,1880,98928
Finland,FIN,1881,98928
Finland,FIN,1882,120912
Finland,FIN,1883,117248
Finland,FIN,1884,142896
Finland,FIN,1885,219840
Finland,FIN,1886,128240.01
Finland,FIN,1887,128240.01
Finland,FIN,1888,120912
Finland,FIN,1889,161216
Finland,FIN,1890,208848
Finland,FIN,1891,219840
Finland,FIN,1892,194192
Finland,FIN,1893,194192
Finland,FIN,1894,219840
Finland,FIN,1895,234496
Finland,FIN,1896,296784
Finland,FIN,1897,516623.97
Finland,FIN,1898,487312
Finland,FIN,1899,736464
Finland,FIN,1900,600896
Finland,FIN,1901,421360
Finland,FIN,1902,399376
Finland,FIN,1903,512960.03
Finland,FIN,1904,527616
Finland,FIN,1905,586240
Finland,FIN,1906,615552
Finland,FIN,1907,886688
Finland,FIN,1908,1406976
Finland,FIN,1909,1282400
Finland,FIN,1910,1062560
Finland,FIN,1911,1315376
Finland,FIN,1912,1483920
Finland,FIN,1913,1663456
Finland,FIN,1914,688832
Finland,FIN,1915,106256
Finland,FIN,1916,179536
Finland,FIN,1917,120912
Finland,FIN,1918,73280
Finland,FIN,1919,238160
Finland,FIN,1920,274800
Finland,FIN,1921,282128
Finland,FIN,1922,710816
Finland,FIN,1923,1476592
Finland,FIN,1924,1744064
Finland,FIN,1925,1711088
Finland,FIN,1926,1597504
Finland,FIN,1927,2850592
Finland,FIN,1928,3127927
Finland,FIN,1929,3351431
Finland,FIN,1930,2648241
Finland,FIN,1931,3011154
Finland,FIN,1932,3022177
Finland,FIN,1933,3223666
Finland,FIN,1934,3952535
Finland,FIN,1935,3516342
Finland,FIN,1936,4963383
Finland,FIN,1937,6780401
Finland,FIN,1938,5695588
Finland,FIN,1939,4870834
Finland,FIN,1940,2314430
Finland,FIN,1941,3245056
Finland,FIN,1942,2809575
Finland,FIN,1943,3945176
Finland,FIN,1944,2725303
Finland,FIN,1945,640077
Finland,FIN,1946,3281607
Finland,FIN,1947,5450338
Finland,FIN,1948,8457918
Finland,FIN,1949,4932763
Finland,FIN,1950,6544772
Finland,FIN,1951,7976833
Finland,FIN,1952,8658547
Finland,FIN,1953,7566274
Finland,FIN,1954,9155812
Finland,FIN,1955,10929156
Finland,FIN,1956,12171579
Finland,FIN,1957,12241255
Finland,FIN,1958,10607200
Finland,FIN,1959,13559246
Finland,FIN,1960,15087087
Finland,FIN,1961,14921697
Finland,FIN,1962,16793796
Finland,FIN,1963,19336490
Finland,FIN,1964,22831226
Finland,FIN,1965,25300086
Finland,FIN,1966,29488840
Finland,FIN,1967,28587734
Finland,FIN,1968,33281468
Finland,FIN,1969,37896828
Finland,FIN,1970,40355044
Finland,FIN,1971,40536760
Finland,FIN,1972,44106084
Finland,FIN,1973,49320160
Finland,FIN,1974,46608372
Finland,FIN,1975,46025676
Finland,FIN,1976,51198464
Finland,FIN,1977,50136984
Finland,FIN,1978,51825016
Finland,FIN,1979,54237020
Finland,FIN,1980,58142896
Finland,FIN,1981,51403344
Finland,FIN,1982,42980060
Finland,FIN,1983,41463372
Finland,FIN,1984,42147212
Finland,FIN,1985,49549076
Finland,FIN,1986,53217980
Finland,FIN,1987,57533444
Finland,FIN,1988,52058084
Finland,FIN,1989,52451540
Finland,FIN,1990,56921000
Finland,FIN,1991,55195000
Finland,FIN,1992,54272000
Finland,FIN,1993,56320000
Finland,FIN,1994,61739000
Finland,FIN,1995,58122000
Finland,FIN,1996,64040000
Finland,FIN,1997,62703000
Finland,FIN,1998,59358000
Finland,FIN,1999,58874000
Finland,FIN,2000,57017000
Finland,FIN,2001,62520000
Finland,FIN,2002,65049004
Finland,FIN,2003,72658000
Finland,FIN,2004,68946000
Finland,FIN,2005,57064000
Finland,FIN,2006,68374000
Finland,FIN,2007,66764000
Finland,FIN,2008,58625000
Finland,FIN,2009,55921000
Finland,FIN,2010,64092004
Finland,FIN,2011,56646000
Finland,FIN,2012,51154000
Finland,FIN,2013,51719000
Finland,FIN,2014,47622000
Finland,FIN,2015,44192000
Finland,FIN,2016,47252000
Finland,FIN,2017,44657000
Finland,FIN,2018,45736000
Finland,FIN,2019,42444000
Finland,FIN,2020,37720000
Finland,FIN,2021,37820000
Finland,FIN,2022,36337000
Finland,FIN,2023,31799000
Finland,FIN,2024,29775000
France,FRA,1802,2238704
France,FRA,1804,2176416
France,FRA,1810,2121456
France,FRA,1811,2051840.1
France,FRA,1812,2216720
France,FRA,1813,2048176
France,FRA,1814,2092144
France,FRA,1815,2341296
France,FRA,1816,2498848
France,FRA,1817,2660064
France,FRA,1818,2381600
France,FRA,1819,2557472
France,FRA,1820,2901888
France,FRA,1821,3011808
France,FRA,1822,3169360
France,FRA,1823,3169360
France,FRA,1824,3517440
France,FRA,1825,3957120
France,FRA,1826,4089024
France,FRA,1827,5910032
France,FRA,1828,6243456
France,FRA,1829,6074912
France,FRA,1830,6551232
France,FRA,1831,6052928
France,FRA,1832,6679472
France,FRA,1833,7247392
France,FRA,1834,8921840
France,FRA,1835,9258928
France,FRA,1836,10636592
France,FRA,1837,11351072
France,FRA,1838,11867696
France,FRA,1839,11570912
France,FRA,1840,11798080
France,FRA,1841,13820608
France,FRA,1842,14527760
France,FRA,1843,14549744
France,FRA,1844,15260560
France,FRA,1845,17836352
France,FRA,1846,18528848
France,FRA,1847,20840832
France,FRA,1848,16689520
France,FRA,1849,17385680
France,FRA,1850,19617056
France,FRA,1851,20038416
France,FRA,1852,21569968
France,FRA,1853,25340224
France,FRA,1854,29213072
France,FRA,1855,33071262
France,FRA,1856,34632130
France,FRA,1857,35280656
France,FRA,1858,34595490
France,FRA,1859,34991200
France,FRA,1860,38131250
France,FRA,1861,41241984
France,FRA,1862,43524656
France,FRA,1863,44187840
France,FRA,1864,46829584
France,FRA,1865,49302784
France,FRA,1866,53560350
France,FRA,1867,54278496
France,FRA,1868,55531584
France,FRA,1869,56942224
France,FRA,1870,50537550
France,FRA,1871,50262750
France,FRA,1872,60924990
France,FRA,1873,65849412
France,FRA,1874,62643410
France,FRA,1875,65259508
France,FRA,1876,65358428
France,FRA,1877,63925810
France,FRA,1878,65222864
France,FRA,1879,67498210
France,FRA,1880,76148910
France,FRA,1881,77984580
France,FRA,1882,82308100
France,FRA,1883,86320180
France,FRA,1884,82912660
France,FRA,1885,79713980
France,FRA,1886,79072780
France,FRA,1887,83290050
France,FRA,1888,86653600
France,FRA,1889,88797040
France,FRA,1890,97817810
France,FRA,1891,97982690
France,FRA,1892,98121920
France,FRA,1893,96330220
France,FRA,1894,101899500
France,FRA,1895,102775200
France,FRA,1896,106281650
France,FRA,1897,111261020
France,FRA,1898,115045940
France,FRA,1899,120300110
France,FRA,1900,129276920
France,FRA,1901,125004690
France,FRA,1902,117662030
France,FRA,1903,129342860
France,FRA,1904,125997630
France,FRA,1905,127426590
France,FRA,1906,136568270
France,FRA,1907,145596370
France,FRA,1908,146713890
France,FRA,1909,150095760
France,FRA,1910,150612380
France,FRA,1911,156907140
France,FRA,1912,158577920
France,FRA,1913,171112460
France,FRA,1914,118350860
France,FRA,1915,103233200
France,FRA,1916,109689170
France,FRA,1917,121604500
France,FRA,1918,108450740
France,FRA,1919,116141470
France,FRA,1920,151777540
France,FRA,1921,137909300
France,FRA,1922,163150600
France,FRA,1923,184189280
France,FRA,1924,206634940
France,FRA,1925,213827380
France,FRA,1926,213732110
France,FRA,1927,213039620
France,FRA,1928,211619150
France,FRA,1929,234282100
France,FRA,1930,237634190
France,FRA,1931,217493550
France,FRA,1932,191775420
France,FRA,1933,199387060
France,FRA,1934,201350060
France,FRA,1935,195372340
France,FRA,1936,198079070
France,FRA,1937,217705010
France,FRA,1938,201798460
France,FRA,1939,194617020
France,FRA,1940,137737090
France,FRA,1941,119927290
France,FRA,1942,122495736
France,FRA,1943,125245670
France,FRA,1944,79986440
France,FRA,1945,107165640
France,FRA,1946,165245170
France,FRA,1947,183624110
France,FRA,1948,196500540
France,FRA,1949,229050910
France,FRA,1950,202450910
France,FRA,1951,228945170
France,FRA,1952,227217330
France,FRA,1953,214771790
France,FRA,1954,226601010
France,FRA,1955,239267600
France,FRA,1956,268807100
France,FRA,1957,277881700
France,FRA,1958,266527340
France,FRA,1959,262329810
France,FRA,1960,298395840
France,FRA,1961,318161820
France,FRA,1962,335538270
France,FRA,1963,340421950
France,FRA,1964,371374000
France,FRA,1965,365844930
France,FRA,1966,382835940
France,FRA,1967,407292540
France,FRA,1968,421116100
France,FRA,1969,446577900
France,FRA,1970,463946460
France,FRA,1971,497045800
France,FRA,1972,517593100
France,FRA,1973,542646300
France,FRA,1974,524736700
France,FRA,1975,486023100
France,FRA,1976,527371840
France,FRA,1977,511269060
France,FRA,1978,532682500
France,FRA,1979,536053000
France,FRA,1980,514509470
France,FRA,1981,462596380
France,FRA,1982,443395520
France,FRA,1983,426039200
France,FRA,1984,414655870
France,FRA,1985,407801860
France,FRA,1986,392871740
France,FRA,1987,390134660
France,FRA,1988,387601180
France,FRA,1989,401469220
France,FRA,1990,394904320
France,FRA,1991,419118720
France,FRA,1992,408433000
France,FRA,1993,388889700
France,FRA,1994,381903100
France,FRA,1995,386958820
France,FRA,1996,403351940
France,FRA,1997,396023140
France,FRA,1998,414357000
France,FRA,1999,413070240
France,FRA,2000,407444640
France,FRA,2001,411591650
France,FRA,2002,407026600
France,FRA,2003,412989100
France,FRA,2004,414073000
France,FRA,2005,416342900
France,FRA,2006,406669020
France,FRA,2007,396461200
France,FRA,2008,389794300
France,FRA,2009,371404200
France,FRA,2010,377079400
France,FRA,2011,355126820
France,FRA,2012,358100260
France,FRA,2013,360013340
France,FRA,2014,327808770
France,FRA,2015,332131000
France,FRA,2016,335496400
France,FRA,2017,338368030
France,FRA,2018,323101730
France,FRA,2019,316320800
France,FRA,2020,281515500
France,FRA,2021,307271840
France,FRA,2022,295303800
France,FRA,2023,270262660
France,FRA,2024,264155620
French Polynesia,PYF,1955,43968
French Polynesia,PYF,1956,43968
French Polynesia,PYF,1957,51296
French Polynesia,PYF,1958,51296
French Polynesia,PYF,1959,29312
French Polynesia,PYF,1960,36640
French Polynesia,PYF,1961,58624
French Polynesia,PYF,1962,47632
French Polynesia,PYF,1963,65952
French Polynesia,PYF,1964,65952
French Polynesia,PYF,1965,84272
French Polynesia,PYF,1966,120912
French Polynesia,PYF,1967,139232
French Polynesia,PYF,1968,153888
French Polynesia,PYF,1969,161216
French Polynesia,PYF,1970,194192
French Polynesia,PYF,1971,227168
French Polynesia,PYF,1972,216176
French Polynesia,PYF,1973,208848
French Polynesia,PYF,1974,216176
French Polynesia,PYF,1975,212512
French Polynesia,PYF,1976,263808
French Polynesia,PYF,1977,274800
French Polynesia,PYF,1978,311440
French Polynesia,PYF,1979,282128
French Polynesia,PYF,1980,293120
French Polynesia,PYF,1981,329760
French Polynesia,PYF,1982,337088
French Polynesia,PYF,1983,421360
French Polynesia,PYF,1984,461664
French Polynesia,PYF,1985,589904
French Polynesia,PYF,1986,608224
French Polynesia,PYF,1987,611888
French Polynesia,PYF,1988,575248
French Polynesia,PYF,1989,542272
French Polynesia,PYF,1990,523952
French Polynesia,PYF,1991,527616
French Polynesia,PYF,1992,498304
French Polynesia,PYF,1993,520288
French Polynesia,PYF,1994,534944
French Polynesia,PYF,1995,523952
French Polynesia,PYF,1996,523952
French Polynesia,PYF,1997,542272
French Polynesia,PYF,1998,534944
French Polynesia,PYF,1999,593568
French Polynesia,PYF,2000,685168
French Polynesia,PYF,2001,769440
French Polynesia,PYF,2002,806080
French Polynesia,PYF,2003,835392
French Polynesia,PYF,2004,842720
French Polynesia,PYF,2005,831728
French Polynesia,PYF,2006,839056
French Polynesia,PYF,2007,857376
French Polynesia,PYF,2008,868368
French Polynesia,PYF,2009,861040
French Polynesia,PYF,2010,923328
French Polynesia,PYF,2011,883024
French Polynesia,PYF,2012,875696
French Polynesia,PYF,2013,883024
French Polynesia,PYF,2014,850048
French Polynesia,PYF,2015,846384
French Polynesia,PYF,2016,868368
French Polynesia,PYF,2017,875696
French Polynesia,PYF,2018,879360
French Polynesia,PYF,2019,890352
French Polynesia,PYF,2020,831728
French Polynesia,PYF,2021,868368
French Polynesia,PYF,2022,886688
French Polynesia,PYF,2023,882500
French Polynesia,PYF,2024,922867
Gabon,GAB,1950,10448
Gabon,GAB,1951,13930
Gabon,GAB,1952,18066
Gabon,GAB,1953,15236
Gabon,GAB,1954,16107
Gabon,GAB,1955,15889
Gabon,GAB,1956,20678
Gabon,GAB,1957,22202
Gabon,GAB,1958,25467
Gabon,GAB,1959,21984
Gabon,GAB,1960,131904
Gabon,GAB,1961,164880
Gabon,GAB,1962,87936
Gabon,GAB,1963,73280
Gabon,GAB,1964,190528
Gabon,GAB,1965,216176
Gabon,GAB,1966,381056
Gabon,GAB,1967,1011263.94
Gabon,GAB,1968,1960240
Gabon,GAB,1969,1432624
Gabon,GAB,1970,2081152
Gabon,GAB,1971,2843264
Gabon,GAB,1972,2737008
Gabon,GAB,1973,5309136
Gabon,GAB,1974,5448368
Gabon,GAB,1975,5364096
Gabon,GAB,1976,5703786
Gabon,GAB,1977,6306500
Gabon,GAB,1978,7554862
Gabon,GAB,1979,6746761
Gabon,GAB,1980,6624651
Gabon,GAB,1981,6564034
Gabon,GAB,1982,6543617
Gabon,GAB,1983,5508589
Gabon,GAB,1984,5979462
Gabon,GAB,1985,6298543
Gabon,GAB,1986,4950761
Gabon,GAB,1987,4009482
Gabon,GAB,1988,4320706
Gabon,GAB,1989,5757464
Gabon,GAB,1990,4484725
Gabon,GAB,1991,4521703
Gabon,GAB,1992,4916933
Gabon,GAB,1993,4974695
Gabon,GAB,1994,4541731
Gabon,GAB,1995,5220396
Gabon,GAB,1996,5885637
Gabon,GAB,1997,5526934
Gabon,GAB,1998,6452915
Gabon,GAB,1999,6014019
Gabon,GAB,2000,6128187
Gabon,GAB,2001,6480018
Gabon,GAB,2002,6250311
Gabon,GAB,2003,6746069
Gabon,GAB,2004,6386339
Gabon,GAB,2005,6223081
Gabon,GAB,2006,5542535
Gabon,GAB,2007,5037635
Gabon,GAB,2008,5378889
Gabon,GAB,2009,5304448
Gabon,GAB,2010,5528293
Gabon,GAB,2011,5446851
Gabon,GAB,2012,5016169
Gabon,GAB,2013,5190347
Gabon,GAB,2014,5663490
Gabon,GAB,2015,5772070
Gabon,GAB,2016,5613028
Gabon,GAB,2017,5500517
Gabon,GAB,2018,5563362
Gabon,GAB,2019,5607272
Gabon,GAB,2020,5636101
Gabon,GAB,2021,5545125
Gabon,GAB,2022,5783253
Gabon,GAB,2023,5320944
Gabon,GAB,2024,5398794
Gambia,GMB,1950,14656
Gambia,GMB,1951,14656
Gambia,GMB,1952,10992
Gambia,GMB,1953,10992
Gambia,GMB,1954,14656
Gambia,GMB,1955,14656
Gambia,GMB,1956,18320
Gambia,GMB,1957,21984
Gambia,GMB,1958,25648
Gambia,GMB,1959,18320
Gambia,GMB,1960,18320
Gambia,GMB,1961,21984
Gambia,GMB,1962,25648
Gambia,GMB,1963,29312
Gambia,GMB,1964,29312
Gambia,GMB,1965,29312
Gambia,GMB,1966,32976
Gambia,GMB,1967,32976
Gambia,GMB,1968,36640
Gambia,GMB,1969,47632
Gambia,GMB,1970,47632
Gambia,GMB,1971,54960
Gambia,GMB,1972,65952
Gambia,GMB,1973,62288
Gambia,GMB,1974,62288
Gambia,GMB,1975,98928
Gambia,GMB,1976,98928
Gambia,GMB,1977,113584
Gambia,GMB,1978,139232
Gambia,GMB,1979,146560
Gambia,GMB,1980,157552
Gambia,GMB,1981,157552
Gambia,GMB,1982,161216
Gambia,GMB,1983,161216
Gambia,GMB,1984,172208
Gambia,GMB,1985,172208
Gambia,GMB,1986,161216
Gambia,GMB,1987,179536
Gambia,GMB,1988,183200
Gambia,GMB,1989,179536
Gambia,GMB,1990,197856
Gambia,GMB,1991,197856
Gambia,GMB,1992,197856
Gambia,GMB,1993,208848
Gambia,GMB,1994,208848
Gambia,GMB,1995,216176
Gambia,GMB,1996,219840
Gambia,GMB,1997,223504
Gambia,GMB,1998,241824
Gambia,GMB,1999,274800
Gambia,GMB,2000,274800
Gambia,GMB,2001,300448
Gambia,GMB,2002,300448
Gambia,GMB,2003,300448
Gambia,GMB,2004,318768
Gambia,GMB,2005,318768
Gambia,GMB,2006,348080
Gambia,GMB,2007,348080
Gambia,GMB,2008,362736
Gambia,GMB,2009,373728
Gambia,GMB,2010,432352
Gambia,GMB,2011,443344
Gambia,GMB,2012,450672
Gambia,GMB,2013,428688
Gambia,GMB,2014,505631.97
Gambia,GMB,2015,582576
Gambia,GMB,2016,589904
Gambia,GMB,2017,597232
Gambia,GMB,2018,648528
Gambia,GMB,2019,710816
Gambia,GMB,2020,699824
Gambia,GMB,2021,725472
Gambia,GMB,2022,807998
Gambia,GMB,2023,772635
Gambia,GMB,2024,802774
Georgia,GEO,1830,68
Georgia,GEO,1831,81
Georgia,GEO,1832,54
Georgia,GEO,1833,68
Georgia,GEO,1850,419
Georgia,GEO,1855,1271
Georgia,GEO,1858,1785
Georgia,GEO,1859,1893
Georgia,GEO,1860,2501
Georgia,GEO,1861,3178
Georgia,GEO,1862,2867
Georgia,GEO,1863,3002
Georgia,GEO,1864,3367
Georgia,GEO,1865,3218
Georgia,GEO,1866,10168
Georgia,GEO,1867,11669
Georgia,GEO,1868,9708
Georgia,GEO,1869,13170
Georgia,GEO,1870,14292
Georgia,GEO,1871,19295
Georgia,GEO,1872,19809
Georgia,GEO,1873,18592
Georgia,GEO,1874,22567
Georgia,GEO,1875,25974
Georgia,GEO,1876,32248.002
Georgia,GEO,1877,32911
Georgia,GEO,1878,43011
Georgia,GEO,1879,44133
Georgia,GEO,1880,51773
Georgia,GEO,1881,54531
Georgia,GEO,1882,57438
Georgia,GEO,1883,65375
Georgia,GEO,1884,66376
Georgia,GEO,1885,72298
Georgia,GEO,1886,74151
Georgia,GEO,1887,78464
Georgia,GEO,1888,81844
Georgia,GEO,1889,88389
Georgia,GEO,1890,100098
Georgia,GEO,1891,110212
Georgia,GEO,1892,116662
Georgia,GEO,1893,136741
Georgia,GEO,1894,139269
Georgia,GEO,1895,160024
Georgia,GEO,1896,162904
Georgia,GEO,1897,188351
Georgia,GEO,1898,211243
Georgia,GEO,1899,245060
Georgia,GEO,1900,277605
Georgia,GEO,1901,285001
Georgia,GEO,1902,275266
Georgia,GEO,1903,269263
Georgia,GEO,1904,299577
Georgia,GEO,1905,267410
Georgia,GEO,1906,305013
Georgia,GEO,1907,341642
Georgia,GEO,1908,343738
Georgia,GEO,1909,362857
Georgia,GEO,1910,355853
Georgia,GEO,1911,368942
Georgia,GEO,1912,417929
Georgia,GEO,1913,454004
Georgia,GEO,1914,409749
Georgia,GEO,1915,376094
Georgia,GEO,1916,400852
Georgia,GEO,1917,368915
Georgia,GEO,1918,147125
Georgia,GEO,1919,125667.01
Georgia,GEO,1920,114593
Georgia,GEO,1921,124274
Georgia,GEO,1922,151560
Georgia,GEO,1923,167420
Georgia,GEO,1924,199466
Georgia,GEO,1925,196870
Georgia,GEO,1926,285245
Georgia,GEO,1927,354636
Georgia,GEO,1928,388654
Georgia,GEO,1929,418441
Georgia,GEO,1930,571227
Georgia,GEO,1931,687075
Georgia,GEO,1932,773263
Georgia,GEO,1933,866040
Georgia,GEO,1934,1046502.94
Georgia,GEO,1935,1182703
Georgia,GEO,1936,1353718
Georgia,GEO,1937,1385951
Georgia,GEO,1938,1462978
Georgia,GEO,1939,1481021
Georgia,GEO,1940,1776513
Georgia,GEO,1941,1559539
Georgia,GEO,1942,856965
Georgia,GEO,1943,894378
Georgia,GEO,1944,1297015
Georgia,GEO,1945,1366935
Georgia,GEO,1946,1531724
Georgia,GEO,1947,1842233
Georgia,GEO,1948,1956200
Georgia,GEO,1949,2222380
Georgia,GEO,1950,2472999
Georgia,GEO,1951,2677116
Georgia,GEO,1952,2865641
Georgia,GEO,1953,3030271
Georgia,GEO,1954,3305938
Georgia,GEO,1955,3747885
Georgia,GEO,1956,4113539.2
Georgia,GEO,1957,4503858
Georgia,GEO,1958,4811112
Georgia,GEO,1959,5058607
Georgia,GEO,1960,5268258
Georgia,GEO,1961,5440378
Georgia,GEO,1962,5718646
Georgia,GEO,1963,6142414
Georgia,GEO,1964,6541424
Georgia,GEO,1965,6943579
Georgia,GEO,1966,7335865
Georgia,GEO,1967,7678109
Georgia,GEO,1968,7901873
Georgia,GEO,1969,8235117
Georgia,GEO,1970,8654407
Georgia,GEO,1971,9203229
Georgia,GEO,1972,9696458
Georgia,GEO,1973,10121846
Georgia,GEO,1974,10524658
Georgia,GEO,1975,11079766
Georgia,GEO,1976,11516771
Georgia,GEO,1977,11918989
Georgia,GEO,1978,12338841
Georgia,GEO,1979,12447659
Georgia,GEO,1980,12940391
Georgia,GEO,1981,12720742
Georgia,GEO,1982,12967407
Georgia,GEO,1983,13169085
Georgia,GEO,1984,13302301
Georgia,GEO,1985,14340025
Georgia,GEO,1986,14157218
Georgia,GEO,1987,14515792
Georgia,GEO,1988,15133000
Georgia,GEO,1989,15043332
Georgia,GEO,1990,14850285
Georgia,GEO,1991,14601507
Georgia,GEO,1992,14126711
Georgia,GEO,1993,9883731
Georgia,GEO,1994,5897420
Georgia,GEO,1995,2265662
Georgia,GEO,1996,4045672
Georgia,GEO,1997,4412001
Georgia,GEO,1998,4863530
Georgia,GEO,1999,4245797
Georgia,GEO,2000,4497437
Georgia,GEO,2001,3722914
Georgia,GEO,2002,3346546
Georgia,GEO,2003,3730516
Georgia,GEO,2004,4277990
Georgia,GEO,2005,5045534
Georgia,GEO,2006,6272766
Georgia,GEO,2007,6609306
Georgia,GEO,2008,5746696
Georgia,GEO,2009,6170558
Georgia,GEO,2010,6289892
Georgia,GEO,2011,7814204
Georgia,GEO,2012,8293624
Georgia,GEO,2013,8028035
Georgia,GEO,2014,9058119
Georgia,GEO,2015,9790616
Georgia,GEO,2016,10042935
Georgia,GEO,2017,10059788
Georgia,GEO,2018,9888335
Georgia,GEO,2019,10517087
Georgia,GEO,2020,10377979
Georgia,GEO,2021,10749759
Georgia,GEO,2022,11999864
Georgia,GEO,2023,11922203
Georgia,GEO,2024,11784258
Germany,DEU,1792,468992
Germany,DEU,1793,479984
Germany,DEU,1794,443344
Germany,DEU,1795,447008
Germany,DEU,1796,534944
Germany,DEU,1797,549600
Germany,DEU,1798,575248
Germany,DEU,1799,626544
Germany,DEU,1800,795088
Germany,DEU,1801,534944
Germany,DEU,1802,553264
Germany,DEU,1803,534944
Germany,DEU,1804,1007599.94
Germany,DEU,1805,1040576
Germany,DEU,1806,937984
Germany,DEU,1807,2689376
Germany,DEU,1808,897680
Germany,DEU,1809,930656
Germany,DEU,1810,978288
Germany,DEU,1811,926992
Germany,DEU,1812,912336
Germany,DEU,1813,890352
Germany,DEU,1814,883024
Germany,DEU,1815,1029584.06
Germany,DEU,1816,2385264
Germany,DEU,1817,3381872
Germany,DEU,1818,3532096
Germany,DEU,1819,3275616
Germany,DEU,1820,3381872
Germany,DEU,1821,3532096
Germany,DEU,1822,3631024
Germany,DEU,1823,4034063.8
Germany,DEU,1824,3231648
Germany,DEU,1825,4338176
Germany,DEU,1826,4187952
Germany,DEU,1827,4539696
Germany,DEU,1828,4539696
Germany,DEU,1829,3631024
Germany,DEU,1830,4792512
Germany,DEU,1831,4590992
Germany,DEU,1832,3447824
Germany,DEU,1833,4378480
Germany,DEU,1834,4411456
Germany,DEU,1835,4931744
Germany,DEU,1836,5191888
Germany,DEU,1837,5950336
Germany,DEU,1838,6631840
Germany,DEU,1839,7020224
Germany,DEU,1840,9174656
Germany,DEU,1841,9548384
Germany,DEU,1842,10882080
Germany,DEU,1843,10299504
Germany,DEU,1844,10882080
Germany,DEU,1845,12611488
Germany,DEU,1846,13186736
Germany,DEU,1847,13838928
Germany,DEU,1848,12827664
Germany,DEU,1849,13622752
Germany,DEU,1850,15139648
Germany,DEU,1851,16869056
Germany,DEU,1852,19173712
Germany,DEU,1853,20760224
Germany,DEU,1854,24365600
Germany,DEU,1855,28615840
Germany,DEU,1856,30924160
Germany,DEU,1857,32939362
Germany,DEU,1858,35610416
Germany,DEU,1859,33807730
Germany,DEU,1860,36394510
Germany,DEU,1861,41329920
Germany,DEU,1862,45539856
Germany,DEU,1863,49383390
Germany,DEU,1864,56641776
Germany,DEU,1865,63467810
Germany,DEU,1866,62907216
Germany,DEU,1867,69154340
Germany,DEU,1868,74368210
Germany,DEU,1869,77592530
Germany,DEU,1870,76639890
Germany,DEU,1871,85349220
Germany,DEU,1872,92109300
Germany,DEU,1873,98367410
Germany,DEU,1874,71594560
Germany,DEU,1875,101518450
Germany,DEU,1876,103438380
Germany,DEU,1877,101302270
Germany,DEU,1878,104544910
Germany,DEU,1879,110846990
Germany,DEU,1880,124502720
Germany,DEU,1881,134263620
Germany,DEU,1882,143665440
Germany,DEU,1883,153092910
Germany,DEU,1884,157526350
Germany,DEU,1885,161183020
Germany,DEU,1886,163033340
Germany,DEU,1887,170390660
Germany,DEU,1888,186347380
Germany,DEU,1889,198848940
Germany,DEU,1890,208232450
Germany,DEU,1891,220840270
Germany,DEU,1892,214988860
Germany,DEU,1893,220712030
Germany,DEU,1894,229498300
Germany,DEU,1895,238284580
Germany,DEU,1896,256260160
Germany,DEU,1897,273554240
Germany,DEU,1898,285377950
Germany,DEU,1899,303283940
Germany,DEU,1900,326759200
Germany,DEU,1901,325557400
Germany,DEU,1902,319189380
Germany,DEU,1903,343598940
Germany,DEU,1904,356122460
Germany,DEU,1905,382323740
Germany,DEU,1906,361937250
Germany,DEU,1907,442182530
Germany,DEU,1908,446641600
Germany,DEU,1909,445571700
Germany,DEU,1910,445366530
Germany,DEU,1911,458586240
Germany,DEU,1912,499121060
Germany,DEU,1913,535083260
Germany,DEU,1914,497926600
Germany,DEU,1915,462906100
Germany,DEU,1916,500696600
Germany,DEU,1917,524578560
Germany,DEU,1918,503422600
Germany,DEU,1919,387427700
Germany,DEU,1920,429208300
Germany,DEU,1921,473179970
Germany,DEU,1922,455460830
Germany,DEU,1923,331929100
Germany,DEU,1924,451793180
Germany,DEU,1925,458065950
Germany,DEU,1926,413236900
Germany,DEU,1927,481185800
Germany,DEU,1928,505010900
Germany,DEU,1929,539234750
Germany,DEU,1930,462091780
Germany,DEU,1931,385964900
Germany,DEU,1932,347485760
Germany,DEU,1933,364980800
Germany,DEU,1934,408619780
Germany,DEU,1935,452332830
Germany,DEU,1936,499634430
Germany,DEU,1937,563512600
Germany,DEU,1938,601272640
Germany,DEU,1939,648625500
Germany,DEU,1940,654325000
Germany,DEU,1941,660793200
Germany,DEU,1942,667899400
Germany,DEU,1943,679430140
Germany,DEU,1944,600273150
Germany,DEU,1945,116064530
Germany,DEU,1946,271682430
Germany,DEU,1947,317660030
Germany,DEU,1948,377816400
Germany,DEU,1949,432148030
Germany,DEU,1950,510498620
Germany,DEU,1951,576631100
Germany,DEU,1952,610757060
Germany,DEU,1953,623250200
Germany,DEU,1954,659493700
Germany,DEU,1955,723231040
Germany,DEU,1956,765941600
Germany,DEU,1957,777665860
Germany,DEU,1958,756119100
Germany,DEU,1959,755483140
Germany,DEU,1960,813602200
Germany,DEU,1961,834506300
Germany,DEU,1962,882842560
Germany,DEU,1963,945241540
Germany,DEU,1964,968631740
Germany,DEU,1965,959842050
Germany,DEU,1966,951154560
Germany,DEU,1967,936013200
Germany,DEU,1968,984581950
Germany,DEU,1969,1051802900
Germany,DEU,1970,1025802500
Germany,DEU,1971,1037079230
Germany,DEU,1972,1041356400
Germany,DEU,1973,1085602800
Germany,DEU,1974,1062510850
Germany,DEU,1975,1002285760
Germany,DEU,1976,1090807700
Germany,DEU,1977,1052513300
Germany,DEU,1978,1079066600
Germany,DEU,1979,1117745500
Germany,DEU,1980,1099901200
Germany,DEU,1981,1048362200
Germany,DEU,1982,1015499600
Germany,DEU,1983,1011436300
Germany,DEU,1984,1033017500
Germany,DEU,1985,1043912800
Germany,DEU,1986,1047233800
Germany,DEU,1987,1032266940
Germany,DEU,1988,1028701630
Germany,DEU,1989,1008565250
Germany,DEU,1990,1054795900
Germany,DEU,1991,1016929540
Germany,DEU,1992,969464450
Germany,DEU,1993,959385860
Germany,DEU,1994,943227650
Germany,DEU,1995,939933600
Germany,DEU,1996,959690100
Germany,DEU,1997,931508100
Germany,DEU,1998,923498700
Germany,DEU,1999,895442050
Germany,DEU,2000,898975740
Germany,DEU,2001,915254800
Germany,DEU,2002,898834300
Germany,DEU,2003,894501100
Germany,DEU,2004,876569860
Germany,DEU,2005,867880500
Germany,DEU,2006,886434300
Germany,DEU,2007,846152960
Germany,DEU,2008,856642500
Germany,DEU,2009,789983940
Germany,DEU,2010,826704700
Germany,DEU,2011,804541600
Germany,DEU,2012,814093000
Germany,DEU,2013,831745540
Germany,DEU,2014,792583600
Germany,DEU,2015,800822500
Germany,DEU,2016,797988300
Germany,DEU,2017,784595140
Germany,DEU,2018,758771400
Germany,DEU,2019,708648960
Germany,DEU,2020,647176800
Germany,DEU,2021,677997700
Germany,DEU,2022,667843000
Germany,DEU,2023,593766000
Germany,DEU,2024,572319170
Ghana,GHA,1950,637536
Ghana,GHA,1951,875696
Ghana,GHA,1952,868368
Ghana,GHA,1953,1018592
Ghana,GHA,1954,1003936.06
Ghana,GHA,1955,1187136
Ghana,GHA,1956,1077216
Ghana,GHA,1957,1293392
Ghana,GHA,1958,1363008
Ghana,GHA,1959,1322704
Ghana,GHA,1960,1461936
Ghana,GHA,1961,1344688
Ghana,GHA,1962,1432624
Ghana,GHA,1963,1722080
Ghana,GHA,1964,1648800
Ghana,GHA,1965,1703760
Ghana,GHA,1966,1439952
Ghana,GHA,1967,1494912
Ghana,GHA,1968,1648800
Ghana,GHA,1969,1488020
Ghana,GHA,1970,2403584
Ghana,GHA,1971,2029856
Ghana,GHA,1972,2216720
Ghana,GHA,1973,2257024
Ghana,GHA,1974,2674720
Ghana,GHA,1975,2410912
Ghana,GHA,1976,2106800
Ghana,GHA,1977,2696332
Ghana,GHA,1978,2718380
Ghana,GHA,1979,2520832
Ghana,GHA,1980,2410702
Ghana,GHA,1981,2846690
Ghana,GHA,1982,2894560
Ghana,GHA,1983,3509969
Ghana,GHA,1984,2465710
Ghana,GHA,1985,3143712
Ghana,GHA,1986,2934864
Ghana,GHA,1987,3147376
Ghana,GHA,1988,3209664
Ghana,GHA,1989,3059440
Ghana,GHA,1990,3513776
Ghana,GHA,1991,3901860
Ghana,GHA,1992,3242640
Ghana,GHA,1993,3817888
Ghana,GHA,1994,4539696
Ghana,GHA,1995,4623968
Ghana,GHA,1996,4858464
Ghana,GHA,1997,5514320
Ghana,GHA,1998,5583936
Ghana,GHA,1999,5613248
Ghana,GHA,2000,5312800
Ghana,GHA,2001,5968656
Ghana,GHA,2002,6483251
Ghana,GHA,2003,6684573
Ghana,GHA,2004,6450628
Ghana,GHA,2005,6113072
Ghana,GHA,2006,8523184
Ghana,GHA,2007,8981875
Ghana,GHA,2008,8324322.5
Ghana,GHA,2009,6867658
Ghana,GHA,2010,8942513
Ghana,GHA,2011,10328553
Ghana,GHA,2012,12640586
Ghana,GHA,2013,12609988
Ghana,GHA,2014,13256576
Ghana,GHA,2015,14568119
Ghana,GHA,2016,13913649
Ghana,GHA,2017,12437270
Ghana,GHA,2018,15189658
Ghana,GHA,2019,16415195
Ghana,GHA,2020,19164054
Ghana,GHA,2021,20556058
Ghana,GHA,2022,20745210
Ghana,GHA,2023,20135648
Ghana,GHA,2024,21021874
Greece,GRC,1867,168544
Greece,GRC,1868,84272
Greece,GRC,1869,194192
Greece,GRC,1870,201520
Greece,GRC,1871,296784
Greece,GRC,1872,175872
Greece,GRC,1873,194192
Greece,GRC,1874,150224
Greece,GRC,1875,164880
Greece,GRC,1879,3664
Greece,GRC,1883,3664
Greece,GRC,1888,3664
Greece,GRC,1892,370064
Greece,GRC,1893,326096
Greece,GRC,1894,333424
Greece,GRC,1895,311440
Greece,GRC,1896,373728
Greece,GRC,1897,362736
Greece,GRC,1898,461664
Greece,GRC,1899,241824
Greece,GRC,1900,417696
Greece,GRC,1901,417696
Greece,GRC,1902,333424
Greece,GRC,1903,399376
Greece,GRC,1904,355408
Greece,GRC,1905,278464
Greece,GRC,1906,260144
Greece,GRC,1907,428688
Greece,GRC,1908,729136
Greece,GRC,1909,560592
Greece,GRC,1910,718144
Greece,GRC,1911,905008
Greece,GRC,1913,1337360
Greece,GRC,1914,10992
Greece,GRC,1915,21984
Greece,GRC,1916,65952
Greece,GRC,1917,91600
Greece,GRC,1918,124576
Greece,GRC,1919,106256
Greece,GRC,1920,677840
Greece,GRC,1921,743792
Greece,GRC,1922,677840
Greece,GRC,1923,919664
Greece,GRC,1924,1297056
Greece,GRC,1925,1978560
Greece,GRC,1926,1821008
Greece,GRC,1927,2315648
Greece,GRC,1928,2373678
Greece,GRC,1929,2703408
Greece,GRC,1930,2853542
Greece,GRC,1931,2728878
Greece,GRC,1932,2681246
Greece,GRC,1933,2300188
Greece,GRC,1934,2831262
Greece,GRC,1935,2911779
Greece,GRC,1936,3366087
Greece,GRC,1937,3585897
Greece,GRC,1938,2842018
Greece,GRC,1939,251419
Greece,GRC,1940,237387
Greece,GRC,1941,135301
Greece,GRC,1942,227047
Greece,GRC,1943,212512
Greece,GRC,1944,109920
Greece,GRC,1945,65744
Greece,GRC,1946,124160
Greece,GRC,1947,167801
Greece,GRC,1948,1350890
Greece,GRC,1949,1640135
Greece,GRC,1950,4127723.2
Greece,GRC,1951,4574584
Greece,GRC,1952,4797435
Greece,GRC,1953,4884772
Greece,GRC,1954,5082185
Greece,GRC,1955,5953088
Greece,GRC,1956,6286093
Greece,GRC,1957,6813741
Greece,GRC,1958,7447168
Greece,GRC,1959,8120928
Greece,GRC,1960,9391531
Greece,GRC,1961,9808427
Greece,GRC,1962,10152143
Greece,GRC,1963,12239481
Greece,GRC,1964,13201597
Greece,GRC,1965,16998966
Greece,GRC,1966,18620604
Greece,GRC,1967,19504190
Greece,GRC,1968,22286276
Greece,GRC,1969,25434256
Greece,GRC,1970,24126176
Greece,GRC,1971,27749512
Greece,GRC,1972,31477310
Greece,GRC,1973,37131216
Greece,GRC,1974,36061770
Greece,GRC,1975,38669764
Greece,GRC,1976,42655544
Greece,GRC,1977,46657156
Greece,GRC,1978,47681776
Greece,GRC,1979,50818708
Greece,GRC,1980,50888696
Greece,GRC,1981,50125424
Greece,GRC,1982,51508770
Greece,GRC,1983,54789372
Greece,GRC,1984,56284932
Greece,GRC,1985,59771930
Greece,GRC,1986,58274830
Greece,GRC,1987,62576332
Greece,GRC,1988,67051870
Greece,GRC,1989,73227450
Greece,GRC,1990,83436790
Greece,GRC,1991,83406250
Greece,GRC,1992,84973990
Greece,GRC,1993,84283290
Greece,GRC,1994,86429010
Greece,GRC,1995,86962370
Greece,GRC,1996,89114104
Greece,GRC,1997,93801120
Greece,GRC,1998,98621380
Greece,GRC,1999,97934380
Greece,GRC,2000,102972760
Greece,GRC,2001,105361460
Greece,GRC,2002,105000264
Greece,GRC,2003,109066560
Greece,GRC,2004,109484850
Greece,GRC,2005,113888810
Greece,GRC,2006,112419370
Greece,GRC,2007,114545450
Greece,GRC,2008,111080040
Greece,GRC,2009,104319480
Greece,GRC,2010,97354140
Greece,GRC,2011,94505224
Greece,GRC,2012,91392590
Greece,GRC,2013,81713256
Greece,GRC,2014,78635700
Greece,GRC,2015,74926664
Greece,GRC,2016,71359610
Greece,GRC,2017,74841750
Greece,GRC,2018,71778090
Greece,GRC,2019,65736330
Greece,GRC,2020,55576930
Greece,GRC,2021,57527910
Greece,GRC,2022,57609050
Greece,GRC,2023,51988224
Greece,GRC,2024,53360840
Greenland,GRL,1950,98928
Greenland,GRL,1951,98928
Greenland,GRL,1952,106256
Greenland,GRL,1953,120912
Greenland,GRL,1954,102592
Greenland,GRL,1955,208848
Greenland,GRL,1956,142896
Greenland,GRL,1957,161216
Greenland,GRL,1958,227168
Greenland,GRL,1959,234496
Greenland,GRL,1960,223504
Greenland,GRL,1961,293120
Greenland,GRL,1962,263808
Greenland,GRL,1963,329760
Greenland,GRL,1964,315104
Greenland,GRL,1965,344416
Greenland,GRL,1966,388384
Greenland,GRL,1967,417696
Greenland,GRL,1968,542272
Greenland,GRL,1969,406704
Greenland,GRL,1970,381056
Greenland,GRL,1971,468992
Greenland,GRL,1972,553264
Greenland,GRL,1973,556928
Greenland,GRL,1974,556928
Greenland,GRL,1975,505631.97
Greenland,GRL,1976,219840
Greenland,GRL,1977,721808
Greenland,GRL,1978,392048
Greenland,GRL,1979,571584
Greenland,GRL,1980,564256
Greenland,GRL,1981,527616
Greenland,GRL,1982,516623.97
Greenland,GRL,1983,362736
Greenland,GRL,1984,567920
Greenland,GRL,1985,509296
Greenland,GRL,1986,326096
Greenland,GRL,1987,234496
Greenland,GRL,1988,545936
Greenland,GRL,1989,472656
Greenland,GRL,1990,624200
Greenland,GRL,1991,609400
Greenland,GRL,1992,595300
Greenland,GRL,1993,545400
Greenland,GRL,1994,495400
Greenland,GRL,1995,533800
Greenland,GRL,1996,596500
Greenland,GRL,1997,617300
Greenland,GRL,1998,596500
Greenland,GRL,1999,594100
Greenland,GRL,2000,667204
Greenland,GRL,2001,617803
Greenland,GRL,2002,579401
Greenland,GRL,2003,649303
Greenland,GRL,2004,622602
Greenland,GRL,2005,626700
Greenland,GRL,2006,643700
Greenland,GRL,2007,635201
Greenland,GRL,2008,653603
Greenland,GRL,2009,577200
Greenland,GRL,2010,660705
Greenland,GRL,2011,705100
Greenland,GRL,2012,547020
Greenland,GRL,2013,562200
Greenland,GRL,2014,502506.97
Greenland,GRL,2015,547600
Greenland,GRL,2016,509199.97
Greenland,GRL,2017,535903
Greenland,GRL,2018,523740
Greenland,GRL,2019,526130
Greenland,GRL,2020,549509
Greenland,GRL,2021,546354
Greenland,GRL,2022,587201
Greenland,GRL,2023,608955
Greenland,GRL,2024,618963
Grenada,GRD,1950,7328
Grenada,GRD,1951,10992
Grenada,GRD,1952,10992
Grenada,GRD,1953,10992
Grenada,GRD,1954,10992
Grenada,GRD,1955,10992
Grenada,GRD,1956,10992
Grenada,GRD,1957,10992
Grenada,GRD,1958,14656
Grenada,GRD,1959,14656
Grenada,GRD,1960,21984
Grenada,GRD,1961,18320
Grenada,GRD,1962,25648
Grenada,GRD,1963,14656
Grenada,GRD,1964,21984
Grenada,GRD,1965,21984
Grenada,GRD,1966,29312
Grenada,GRD,1967,36640
Grenada,GRD,1968,40304
Grenada,GRD,1969,47632
Grenada,GRD,1970,43968
Grenada,GRD,1971,47632
Grenada,GRD,1972,47632
Grenada,GRD,1973,54960
Grenada,GRD,1974,36640
Grenada,GRD,1975,47632
Grenada,GRD,1976,47632
Grenada,GRD,1977,47632
Grenada,GRD,1978,51296
Grenada,GRD,1979,47632
Grenada,GRD,1980,47632
Grenada,GRD,1981,58624
Grenada,GRD,1982,62288
Grenada,GRD,1983,62288
Grenada,GRD,1984,62288
Grenada,GRD,1985,62288
Grenada,GRD,1986,65952
Grenada,GRD,1987,73280
Grenada,GRD,1988,95264
Grenada,GRD,1989,98928
Grenada,GRD,1990,106256
Grenada,GRD,1991,109920
Grenada,GRD,1992,117248
Grenada,GRD,1993,124576
Grenada,GRD,1994,142896
Grenada,GRD,1995,150224
Grenada,GRD,1996,153888
Grenada,GRD,1997,168544
Grenada,GRD,1998,175872
Grenada,GRD,1999,190528
Grenada,GRD,2000,186864
Grenada,GRD,2001,194192
Grenada,GRD,2002,201520
Grenada,GRD,2003,212512
Grenada,GRD,2004,205184
Grenada,GRD,2005,216176
Grenada,GRD,2006,223504
Grenada,GRD,2007,238160
Grenada,GRD,2008,260144
Grenada,GRD,2009,249152
Grenada,GRD,2010,256480.02
Grenada,GRD,2011,249152
Grenada,GRD,2012,267472
Grenada,GRD,2013,300448
Grenada,GRD,2014,241824
Grenada,GRD,2015,260144
Grenada,GRD,2016,274800
Grenada,GRD,2017,293120
Grenada,GRD,2018,307776
Grenada,GRD,2019,333424
Grenada,GRD,2020,289456
Grenada,GRD,2021,311440
Grenada,GRD,2022,342393
Grenada,GRD,2023,362973
Grenada,GRD,2024,376971
Guatemala,GTM,1870,0
Guatemala,GTM,1871,0
Guatemala,GTM,1872,0
Guatemala,GTM,1873,0
Guatemala,GTM,1874,3
Guatemala,GTM,1875,0
Guatemala,GTM,1876,0
Guatemala,GTM,1877,5
Guatemala,GTM,1878,23
Guatemala,GTM,1879,38
Guatemala,GTM,1880,23
Guatemala,GTM,1881,5
Guatemala,GTM,1882,3
Guatemala,GTM,1883,28
Guatemala,GTM,1884,74
Guatemala,GTM,1885,49
Guatemala,GTM,1886,103
Guatemala,GTM,1887,97
Guatemala,GTM,1888,126
Guatemala,GTM,1889,203
Guatemala,GTM,1890,362
Guatemala,GTM,1891,321
Guatemala,GTM,1892,587
Guatemala,GTM,1893,1131
Guatemala,GTM,1894,1857
Guatemala,GTM,1895,12208
Guatemala,GTM,1896,10023
Guatemala,GTM,1897,13732
Guatemala,GTM,1898,3260
Guatemala,GTM,1899,2834
Guatemala,GTM,1900,4732
Guatemala,GTM,1901,7420
Guatemala,GTM,1902,13096
Guatemala,GTM,1903,17366
Guatemala,GTM,1904,24563
Guatemala,GTM,1905,34397
Guatemala,GTM,1906,39139
Guatemala,GTM,1907,35479
Guatemala,GTM,1908,28277
Guatemala,GTM,1909,29554
Guatemala,GTM,1910,35607
Guatemala,GTM,1911,40860
Guatemala,GTM,1912,44756
Guatemala,GTM,1913,44004
Guatemala,GTM,1914,41024
Guatemala,GTM,1915,47018
Guatemala,GTM,1916,28698
Guatemala,GTM,1917,2526
Guatemala,GTM,1918,708
Guatemala,GTM,1919,10418
Guatemala,GTM,1920,5196
Guatemala,GTM,1921,7292
Guatemala,GTM,1922,2077
Guatemala,GTM,1923,857
Guatemala,GTM,1924,1762
Guatemala,GTM,1925,0
Guatemala,GTM,1926,0
Guatemala,GTM,1927,382
Guatemala,GTM,1928,1149
Guatemala,GTM,1929,2298
Guatemala,GTM,1930,1149
Guatemala,GTM,1931,1149
Guatemala,GTM,1932,1149
Guatemala,GTM,1933,1531
Guatemala,GTM,1934,1913
Guatemala,GTM,1935,382
Guatemala,GTM,1936,1531
Guatemala,GTM,1937,1913
Guatemala,GTM,1938,767
Guatemala,GTM,1939,1531
Guatemala,GTM,1940,767
Guatemala,GTM,1941,12052
Guatemala,GTM,1942,11285
Guatemala,GTM,1943,11670
Guatemala,GTM,1944,11670
Guatemala,GTM,1945,15304
Guatemala,GTM,1946,15304
Guatemala,GTM,1947,15304
Guatemala,GTM,1948,15686
Guatemala,GTM,1949,20085
Guatemala,GTM,1950,622100
Guatemala,GTM,1951,637298
Guatemala,GTM,1952,644626
Guatemala,GTM,1953,681266
Guatemala,GTM,1954,743554
Guatemala,GTM,1955,915673
Guatemala,GTM,1956,977961
Guatemala,GTM,1957,985230
Guatemala,GTM,1958,1128037
Guatemala,GTM,1959,1237957
Guatemala,GTM,1960,1344242
Guatemala,GTM,1961,1406471
Guatemala,GTM,1962,1380853
Guatemala,GTM,1963,1519936
Guatemala,GTM,1964,1768969
Guatemala,GTM,1965,1973945
Guatemala,GTM,1966,1739598
Guatemala,GTM,1967,1981333
Guatemala,GTM,1968,2139063
Guatemala,GTM,1969,2278117
Guatemala,GTM,1970,2296437
Guatemala,GTM,1971,2439303
Guatemala,GTM,1972,2706626
Guatemala,GTM,1973,2933616
Guatemala,GTM,1974,3065520
Guatemala,GTM,1975,3519529
Guatemala,GTM,1976,3304719
Guatemala,GTM,1977,3804044
Guatemala,GTM,1978,4116493.2
Guatemala,GTM,1979,4677066
Guatemala,GTM,1980,4491431
Guatemala,GTM,1981,3948185
Guatemala,GTM,1982,3605317
Guatemala,GTM,1983,3158417
Guatemala,GTM,1984,3399495
Guatemala,GTM,1985,3494651
Guatemala,GTM,1986,3661638
Guatemala,GTM,1987,3911808
Guatemala,GTM,1988,4070957.2
Guatemala,GTM,1989,4183066
Guatemala,GTM,1990,4657699
Guatemala,GTM,1991,4756469
Guatemala,GTM,1992,5791402
Guatemala,GTM,1993,5571562
Guatemala,GTM,1994,6638779
Guatemala,GTM,1995,7085017
Guatemala,GTM,1996,6539781
Guatemala,GTM,1997,7460356
Guatemala,GTM,1998,8620270
Guatemala,GTM,1999,8873891
Guatemala,GTM,2000,9741985
Guatemala,GTM,2001,10147467
Guatemala,GTM,2002,10693539
Guatemala,GTM,2003,10411405
Guatemala,GTM,2004,11055913
Guatemala,GTM,2005,12038359
Guatemala,GTM,2006,12175961
Guatemala,GTM,2007,12117008
Guatemala,GTM,2008,10734758
Guatemala,GTM,2009,11724694
Guatemala,GTM,2010,10817142
Guatemala,GTM,2011,10979266
Guatemala,GTM,2012,11346780
Guatemala,GTM,2013,12493455
Guatemala,GTM,2014,13424808
Guatemala,GTM,2015,15449177
Guatemala,GTM,2016,16523710
Guatemala,GTM,2017,16992724
Guatemala,GTM,2018,18338418
Guatemala,GTM,2019,19258856
Guatemala,GTM,2020,17156898
Guatemala,GTM,2021,19984124
Guatemala,GTM,2022,18913354
Guatemala,GTM,2023,19736068
Guatemala,GTM,2024,19880430
Guinea,GIN,1950,182399
Guinea,GIN,1951,152514
Guinea,GIN,1952,170548
Guinea,GIN,1953,141694
Guinea,GIN,1954,166941
Guinea,GIN,1955,166426
Guinea,GIN,1956,192703
Guinea,GIN,1957,197341
Guinea,GIN,1958,164880
Guinea,GIN,1959,157552
Guinea,GIN,1960,410368
Guinea,GIN,1961,615552
Guinea,GIN,1962,659520
Guinea,GIN,1963,696160
Guinea,GIN,1964,699824
Guinea,GIN,1965,696160
Guinea,GIN,1966,718144
Guinea,GIN,1967,725472
Guinea,GIN,1968,747456
Guinea,GIN,1969,747456
Guinea,GIN,1970,791424
Guinea,GIN,1971,813408
Guinea,GIN,1972,831728
Guinea,GIN,1973,802416
Guinea,GIN,1974,839056
Guinea,GIN,1975,842720
Guinea,GIN,1976,886688
Guinea,GIN,1977,901344
Guinea,GIN,1978,901344
Guinea,GIN,1979,945312
Guinea,GIN,1980,963632
Guinea,GIN,1981,989280
Guinea,GIN,1982,981952
Guinea,GIN,1983,952640
Guinea,GIN,1984,978288
Guinea,GIN,1985,992944
Guinea,GIN,1986,996608
Guinea,GIN,1987,992944
Guinea,GIN,1988,1025920.06
Guinea,GIN,1989,1044240
Guinea,GIN,1990,967296
Guinea,GIN,1991,989280
Guinea,GIN,1992,1014928
Guinea,GIN,1993,1044240
Guinea,GIN,1994,1084544
Guinea,GIN,1995,1121184
Guinea,GIN,1996,1183472
Guinea,GIN,1997,1238432
Guinea,GIN,1998,1311712
Guinea,GIN,1999,1384992
Guinea,GIN,2000,1443616
Guinea,GIN,2001,1516896
Guinea,GIN,2002,1579184
Guinea,GIN,2003,1652464
Guinea,GIN,2004,1722080
Guinea,GIN,2005,1784368
Guinea,GIN,2006,1846656
Guinea,GIN,2007,1927264
Guinea,GIN,2008,1963904
Guinea,GIN,2009,2092144
Guinea,GIN,2010,2458544
Guinea,GIN,2011,2557472
Guinea,GIN,2012,2392592
Guinea,GIN,2013,2077488
Guinea,GIN,2014,2370608
Guinea,GIN,2015,2454399
Guinea,GIN,2016,2699814
Guinea,GIN,2017,4847472
Guinea,GIN,2018,3770256
Guinea,GIN,2019,4104165
Guinea,GIN,2020,4430248
Guinea,GIN,2021,4067529.2
Guinea,GIN,2022,4052384
Guinea,GIN,2023,3875027
Guinea,GIN,2024,4026185
Guinea-Bissau,GNB,1950,7328
Guinea-Bissau,GNB,1951,3664
Guinea-Bissau,GNB,1952,10992
Guinea-Bissau,GNB,1953,7328
Guinea-Bissau,GNB,1954,7328
Guinea-Bissau,GNB,1955,10992
Guinea-Bissau,GNB,1956,10992
Guinea-Bissau,GNB,1957,10992
Guinea-Bissau,GNB,1958,10992
Guinea-Bissau,GNB,1959,14656
Guinea-Bissau,GNB,1960,18320
Guinea-Bissau,GNB,1961,29312
Guinea-Bissau,GNB,1962,40304
Guinea-Bissau,GNB,1963,47632
Guinea-Bissau,GNB,1964,58624
Guinea-Bissau,GNB,1965,65952
Guinea-Bissau,GNB,1966,65952
Guinea-Bissau,GNB,1967,47632
Guinea-Bissau,GNB,1968,62288
Guinea-Bissau,GNB,1969,58624
Guinea-Bissau,GNB,1970,69616
Guinea-Bissau,GNB,1971,73280
Guinea-Bissau,GNB,1972,65952
Guinea-Bissau,GNB,1973,109920
Guinea-Bissau,GNB,1974,102592
Guinea-Bissau,GNB,1975,113584
Guinea-Bissau,GNB,1976,95264
Guinea-Bissau,GNB,1977,102592
Guinea-Bissau,GNB,1978,102592
Guinea-Bissau,GNB,1979,109920
Guinea-Bissau,GNB,1980,146560
Guinea-Bissau,GNB,1981,142896
Guinea-Bissau,GNB,1982,142896
Guinea-Bissau,GNB,1983,142896
Guinea-Bissau,GNB,1984,161216
Guinea-Bissau,GNB,1985,172208
Guinea-Bissau,GNB,1986,183200
Guinea-Bissau,GNB,1987,194192
Guinea-Bissau,GNB,1988,216176
Guinea-Bissau,GNB,1989,230832
Guinea-Bissau,GNB,1990,95264
Guinea-Bissau,GNB,1991,95264
Guinea-Bissau,GNB,1992,95264
Guinea-Bissau,GNB,1993,98928
Guinea-Bissau,GNB,1994,98928
Guinea-Bissau,GNB,1995,102592
Guinea-Bissau,GNB,1996,98928
Guinea-Bissau,GNB,1997,117248
Guinea-Bissau,GNB,1998,87936
Guinea-Bissau,GNB,1999,98928
Guinea-Bissau,GNB,2000,51296
Guinea-Bissau,GNB,2001,47632
Guinea-Bissau,GNB,2002,62288
Guinea-Bissau,GNB,2003,73280
Guinea-Bissau,GNB,2004,43968
Guinea-Bissau,GNB,2005,91600
Guinea-Bissau,GNB,2006,117248
Guinea-Bissau,GNB,2007,84272
Guinea-Bissau,GNB,2008,117248
Guinea-Bissau,GNB,2009,98928
Guinea-Bissau,GNB,2010,102592
Guinea-Bissau,GNB,2011,109920
Guinea-Bissau,GNB,2012,113584
Guinea-Bissau,GNB,2013,142896
Guinea-Bissau,GNB,2014,142896
Guinea-Bissau,GNB,2015,153888
Guinea-Bissau,GNB,2016,168544
Guinea-Bissau,GNB,2017,183200
Guinea-Bissau,GNB,2018,197856
Guinea-Bissau,GNB,2019,256480.02
Guinea-Bissau,GNB,2020,311440
Guinea-Bissau,GNB,2021,340752
Guinea-Bissau,GNB,2022,344416
Guinea-Bissau,GNB,2023,329342
Guinea-Bissau,GNB,2024,342189
Guyana,GUY,1950,260144
Guyana,GUY,1951,285792
Guyana,GUY,1952,337088
Guyana,GUY,1953,450672
Guyana,GUY,1954,472656
Guyana,GUY,1955,516623.97
Guyana,GUY,1956,549600
Guyana,GUY,1957,534944
Guyana,GUY,1958,458000
Guyana,GUY,1959,553264
Guyana,GUY,1960,659520
Guyana,GUY,1961,736464
Guyana,GUY,1962,677840
Guyana,GUY,1963,615552
Guyana,GUY,1964,648528
Guyana,GUY,1965,1077216
Guyana,GUY,1966,1179808
Guyana,GUY,1967,1322704
Guyana,GUY,1968,1330032
Guyana,GUY,1969,1366672
Guyana,GUY,1970,1579184
Guyana,GUY,1971,1498576
Guyana,GUY,1972,1560864
Guyana,GUY,1973,1802688
Guyana,GUY,1974,1553536
Guyana,GUY,1975,1824672
Guyana,GUY,1976,1751392
Guyana,GUY,1977,1897952
Guyana,GUY,1978,2055504.1
Guyana,GUY,1979,1520560
Guyana,GUY,1980,1788032
Guyana,GUY,1981,1799024
Guyana,GUY,1982,1403312
Guyana,GUY,1983,1245760
Guyana,GUY,1984,1403312
Guyana,GUY,1985,1417968
Guyana,GUY,1986,1044240
Guyana,GUY,1987,1308048
Guyana,GUY,1988,1403312
Guyana,GUY,1989,1183472
Guyana,GUY,1990,1128512
Guyana,GUY,1991,1106528
Guyana,GUY,1992,1040576
Guyana,GUY,1993,1044240
Guyana,GUY,1994,1458272
Guyana,GUY,1995,1564528
Guyana,GUY,1996,1656128
Guyana,GUY,1997,1806352
Guyana,GUY,1998,1828336
Guyana,GUY,1999,1835664
Guyana,GUY,2000,1747728
Guyana,GUY,2001,1740400
Guyana,GUY,2002,1711088
Guyana,GUY,2003,1868640
Guyana,GUY,2004,1927264
Guyana,GUY,2005,1615824
Guyana,GUY,2006,1509568
Guyana,GUY,2007,1780704
Guyana,GUY,2008,1703760
Guyana,GUY,2009,1905280
Guyana,GUY,2010,1883296
Guyana,GUY,2011,1956576
Guyana,GUY,2012,1956576
Guyana,GUY,2013,1901616
Guyana,GUY,2014,1974896
Guyana,GUY,2015,1963904
Guyana,GUY,2016,2209158
Guyana,GUY,2017,2158096
Guyana,GUY,2018,2319312
Guyana,GUY,2019,2645206
Guyana,GUY,2020,3100269
Guyana,GUY,2021,2932778
Guyana,GUY,2022,4396635
Guyana,GUY,2023,4378933
Guyana,GUY,2024,4510330
Haiti,HTI,1870,0
Haiti,HTI,1871,333
Haiti,HTI,1872,782
Haiti,HTI,1873,454
Haiti,HTI,1874,567
Haiti,HTI,1875,495
Haiti,HTI,1876,233
Haiti,HTI,1877,2742
Haiti,HTI,1878,4796
Haiti,HTI,1879,1898
Haiti,HTI,1880,1377
Haiti,HTI,1881,1582
Haiti,HTI,1882,1267
Haiti,HTI,1883,1064
Haiti,HTI,1884,1447
Haiti,HTI,1885,1406
Haiti,HTI,1886,513
Haiti,HTI,1887,69
Haiti,HTI,1888,3819
Haiti,HTI,1889,7117
Haiti,HTI,1890,11498
Haiti,HTI,1891,11249
Haiti,HTI,1892,5222
Haiti,HTI,1893,3757
Haiti,HTI,1894,12860
Haiti,HTI,1895,12147
Haiti,HTI,1896,18569
Haiti,HTI,1897,14627
Haiti,HTI,1898,10139
Haiti,HTI,1899,8128.0005
Haiti,HTI,1900,6338
Haiti,HTI,1901,7307
Haiti,HTI,1902,7112
Haiti,HTI,1903,4299
Haiti,HTI,1904,1847
Haiti,HTI,1905,4104
Haiti,HTI,1906,4591
Haiti,HTI,1907,5925
Haiti,HTI,1908,7120
Haiti,HTI,1909,8205
Haiti,HTI,1910,13104
Haiti,HTI,1911,15709
Haiti,HTI,1912,21514
Haiti,HTI,1913,16951
Haiti,HTI,1914,5820
Haiti,HTI,1915,2136
Haiti,HTI,1916,969
Haiti,HTI,1917,3555
Haiti,HTI,1918,2365
Haiti,HTI,1919,10
Haiti,HTI,1920,13
Haiti,HTI,1921,192
Haiti,HTI,1922,8
Haiti,HTI,1923,7320
Haiti,HTI,1924,664
Haiti,HTI,1925,382
Haiti,HTI,1926,382
Haiti,HTI,1927,305
Haiti,HTI,1928,767
Haiti,HTI,1929,382
Haiti,HTI,1930,77
Haiti,HTI,1931,231
Haiti,HTI,1932,382
Haiti,HTI,1933,77
Haiti,HTI,1934,38
Haiti,HTI,1935,77
Haiti,HTI,1936,77
Haiti,HTI,1937,77
Haiti,HTI,1938,77
Haiti,HTI,1939,115
Haiti,HTI,1940,154
Haiti,HTI,1941,77
Haiti,HTI,1942,38
Haiti,HTI,1943,77
Haiti,HTI,1944,38
Haiti,HTI,1945,154
Haiti,HTI,1946,95
Haiti,HTI,1947,95
Haiti,HTI,1948,38
Haiti,HTI,1949,77
Haiti,HTI,1950,113699
Haiti,HTI,1951,131904
Haiti,HTI,1952,146560
Haiti,HTI,1953,157552
Haiti,HTI,1954,216176
Haiti,HTI,1955,267353
Haiti,HTI,1956,263630
Haiti,HTI,1957,252696.98
Haiti,HTI,1958,274651
Haiti,HTI,1959,252667.02
Haiti,HTI,1960,285584
Haiti,HTI,1961,296606
Haiti,HTI,1962,303874
Haiti,HTI,1963,248944
Haiti,HTI,1964,300210
Haiti,HTI,1965,303934
Haiti,HTI,1966,303963
Haiti,HTI,1967,259995.02
Haiti,HTI,1968,263630
Haiti,HTI,1969,314896
Haiti,HTI,1970,384482
Haiti,HTI,1971,402743
Haiti,HTI,1972,391721
Haiti,HTI,1973,420914
Haiti,HTI,1974,472091
Haiti,HTI,1975,483024
Haiti,HTI,1976,672081
Haiti,HTI,1977,703943
Haiti,HTI,1978,750329
Haiti,HTI,1979,749511
Haiti,HTI,1980,744568
Haiti,HTI,1981,758342
Haiti,HTI,1982,816683
Haiti,HTI,1983,885320
Haiti,HTI,1984,902327
Haiti,HTI,1985,928422
Haiti,HTI,1986,829080
Haiti,HTI,1987,897548
Haiti,HTI,1988,1006320
Haiti,HTI,1989,1021837.94
Haiti,HTI,1990,993752
Haiti,HTI,1991,974190
Haiti,HTI,1992,886651
Haiti,HTI,1993,683106
Haiti,HTI,1994,183200
Haiti,HTI,1995,875696
Haiti,HTI,1996,1018592
Haiti,HTI,1997,1348352
Haiti,HTI,1998,1234768
Haiti,HTI,1999,1271408
Haiti,HTI,2000,1634144
Haiti,HTI,2001,1466420
Haiti,HTI,2002,1777726
Haiti,HTI,2003,1692084
Haiti,HTI,2004,1643023
Haiti,HTI,2005,1714766
Haiti,HTI,2006,1745753
Haiti,HTI,2007,1766459
Haiti,HTI,2008,1753709
Haiti,HTI,2009,1880965
Haiti,HTI,2010,2129435
Haiti,HTI,2011,2271659
Haiti,HTI,2012,2262254
Haiti,HTI,2013,2703215
Haiti,HTI,2014,2698433
Haiti,HTI,2015,2654465
Haiti,HTI,2016,2976897
Haiti,HTI,2017,3133482
Haiti,HTI,2018,3400954
Haiti,HTI,2019,3118826
Haiti,HTI,2020,3265386
Haiti,HTI,2021,3507210
Haiti,HTI,2022,2870341
Haiti,HTI,2023,2864751
Haiti,HTI,2024,2970693
High-income countries,,1750,9305937
High-income countries,,1751,9407229
High-income countries,,1752,9505168
High-income countries,,1753,9610490
High-income countries,,1754,9733580
High-income countries,,1755,9793468
High-income countries,,1756,9909914
High-income countries,,1757,10093936
High-income countries,,1758,10216358
High-income countries,,1759,10338854
High-income countries,,1760,10514331
High-income countries,,1761,10747885
High-income countries,,1762,10952198
High-income countries,,1763,11191592
High-income countries,,1764,11396982
High-income countries,,1765,11643486
High-income countries,,1766,11876080
High-income countries,,1767,12152509
High-income countries,,1768,12466936
High-income countries,,1769,12780074
High-income countries,,1770,13097216
High-income countries,,1771,13369488
High-income countries,,1772,13623507
High-income countries,,1773,13808138
High-income countries,,1774,14012415
High-income countries,,1775,14338920
High-income countries,,1776,14654124
High-income countries,,1777,14959537
High-income countries,,1778,15243483
High-income countries,,1779,15535235
High-income countries,,1780,15878726
High-income countries,,1781,16234383
High-income countries,,1782,16580954
High-income countries,,1783,17062752
High-income countries,,1784,17471092
High-income countries,,1785,17965128
High-income countries,,1786,18447496
High-income countries,,1787,18859130
High-income countries,,1788,19286228
High-income countries,,1789,19863424
High-income countries,,1790,20398094
High-income countries,,1791,20931750
High-income countries,,1792,21929214
High-income countries,,1793,22297262
High-income countries,,1794,22519656
High-income countries,,1795,22315246
High-income countries,,1796,22121376
High-income countries,,1797,22090078
High-income countries,,1798,23105930
High-income countries,,1799,27485208
High-income countries,,1800,32798352
High-income countries,,1801,31986050
High-income countries,,1802,40310470
High-income countries,,1803,29538506
High-income countries,,1804,31769178
High-income countries,,1805,31251818
High-income countries,,1806,32704622
High-income countries,,1807,36200652
High-income countries,,1808,35497788
High-income countries,,1809,36333812
High-income countries,,1810,39492310
High-income countries,,1811,40176684
High-income countries,,1812,40814524
High-income countries,,1813,41206140
High-income countries,,1814,42226650
High-income countries,,1815,43587264
High-income countries,,1816,45496576
High-income countries,,1817,49275924
High-income countries,,1818,51392010
High-income countries,,1819,50930164
High-income countries,,1820,50733076
High-income countries,,1821,52059350
High-income countries,,1822,54021716
High-income countries,,1823,56357764
High-income countries,,1824,57583636
High-income countries,,1825,60730868
High-income countries,,1826,61382132
High-income countries,,1827,65738572
High-income countries,,1828,66681788
High-income countries,,1829,66307410
High-income countries,,1830,88981880
High-income countries,,1831,83242960
High-income countries,,1832,82086456
High-income countries,,1833,83242330
High-income countries,,1834,88763120
High-income countries,,1835,97399590
High-income countries,,1836,106894500
High-income countries,,1837,106199416
High-income countries,,1838,105845260
High-income countries,,1839,109653030
High-income countries,,1840,118808510
High-income countries,,1841,122165544
High-income countries,,1842,129388790
High-income countries,,1843,132369390
High-income countries,,1844,141966430
High-income countries,,1845,155073400
High-income countries,,1846,157701800
High-income countries,,1847,170796750
High-income countries,,1848,173643490
High-income countries,,1849,185048030
High-income countries,,1850,196806560
High-income countries,,1851,198778560
High-income countries,,1852,207595090
High-income countries,,1853,217236960
High-income countries,,1854,255038560
High-income countries,,1855,260135460
High-income countries,,1856,277548830
High-income countries,,1857,280422820
High-income countries,,1858,284223040
High-income countries,,1859,300979840
High-income countries,,1860,330564160
High-income countries,,1861,347375000
High-income countries,,1862,354036160
High-income countries,,1863,377656700
High-income countries,,1864,407321000
High-income countries,,1865,432395140
High-income countries,,1866,445564800
High-income countries,,1867,477997980
High-income countries,,1868,491579700
High-income countries,,1869,521549280
High-income countries,,1870,532756580
High-income countries,,1871,565634400
High-income countries,,1872,626480000
High-income countries,,1873,665945700
High-income countries,,1874,623874750
High-income countries,,1875,675991360
High-income countries,,1876,685256960
High-income countries,,1877,698450600
High-income countries,,1878,701266370
High-income countries,,1879,751549440
High-income countries,,1880,849098300
High-income countries,,1881,878574500
High-income countries,,1882,927878100
High-income countries,,1883,986198900
High-income countries,,1884,997297200
High-income countries,,1885,1004602940
High-income countries,,1886,1019623740
High-income countries,,1887,1069380200
High-income countries,,1888,1185260800
High-income countries,,1889,1183591400
High-income countries,,1890,1287466500
High-income countries,,1891,1347635500
High-income countries,,1892,1355560200
High-income countries,,1893,1334408300
High-income countries,,1894,1381841200
High-income countries,,1895,1460822900
High-income countries,,1896,1507843300
High-income countries,,1897,1576314200
High-income countries,,1898,1659456600
High-income countries,,1899,1811932700
High-income countries,,1900,1908874600
High-income countries,,1901,1965819100
High-income countries,,1902,2014857500
High-income countries,,1903,2197625600
High-income countries,,1904,2215083000
High-income countries,,1905,2364046600
High-income countries,,1906,2461631700
High-income countries,,1907,2788543200
High-income countries,,1908,2666228500
High-income countries,,1909,2777306600
High-income countries,,1910,2915880200
High-income countries,,1911,2953626600
High-income countries,,1912,3108921300
High-income countries,,1913,3357250000
High-income countries,,1914,3038707000
High-income countries,,1915,2992130000
High-income countries,,1916,3230254600
High-income countries,,1917,3375876900
High-income countries,,1918,3335956500
High-income countries,,1919,2850114300
High-income countries,,1920,3317020700
High-income countries,,1921,2870359600
High-income countries,,1922,3018954000
High-income countries,,1923,3448122600
High-income countries,,1924,3448028000
High-income countries,,1925,3480948200
High-income countries,,1926,3418768100
High-income countries,,1927,3748442000
High-income countries,,1928,3724906800
High-income countries,,1929,4005931000
High-income countries,,1930,3666608600
High-income countries,,1931,3251875800
High-income countries,,1932,2900039400
High-income countries,,1933,3048384300
High-income countries,,1934,3294648800
High-income countries,,1935,3434512000
High-income countries,,1936,3778370300
High-income countries,,1937,4037916700
High-income countries,,1938,3766591200
High-income countries,,1939,3982255600
High-income countries,,1940,4343899000
High-income countries,,1941,4468472300
High-income countries,,1942,4520685600
High-income countries,,1943,4620288500
High-income countries,,1944,4657917400
High-income countries,,1945,3823323600
High-income countries,,1946,4130239700
High-income countries,,1947,4630737000
High-income countries,,1948,4878433300
High-income countries,,1949,4634993700
High-income countries,,1950,5115645400
High-income countries,,1951,5465522000
High-income countries,,1952,5476447000
High-income countries,,1953,5625541600
High-income countries,,1954,5677407000
High-income countries,,1955,6162749400
High-income countries,,1956,6528571400
High-income countries,,1957,6642084000
High-income countries,,1958,6572724700
High-income countries,,1959,6746242600
High-income countries,,1960,7108723000
High-income countries,,1961,7295226400
High-income countries,,1962,7656946000
High-income countries,,1963,8086051000
High-income countries,,1964,8511004700
High-income countries,,1965,8831183000
High-income countries,,1966,9199361000
High-income countries,,1967,9550461000
High-income countries,,1968,10027139000
High-income countries,,1969,10649794000
High-income countries,,1970,11408807000
High-income countries,,1971,11707312000
High-income countries,,1972,12239942000
High-income countries,,1973,12830880000
High-income countries,,1974,12657725000
High-income countries,,1975,12430597000
High-income countries,,1976,13098839000
High-income countries,,1977,13334148000
High-income countries,,1978,13693098000
High-income countries,,1979,13993646000
High-income countries,,1980,13838115000
High-income countries,,1981,13342395000
High-income countries,,1982,12982380000
High-income countries,,1983,12986074000
High-income countries,,1984,13279111000
High-income countries,,1985,13571279000
High-income countries,,1986,13599714000
High-income countries,,1987,13859903000
High-income countries,,1988,14290124000
High-income countries,,1989,14477018000
High-income countries,,1990,15006093000
High-income countries,,1991,15335967000
High-income countries,,1992,14510799000
High-income countries,,1993,14538071000
High-income countries,,1994,14511072000
High-income countries,,1995,14628969000
High-income countries,,1996,14979279000
High-income countries,,1997,14900450000
High-income countries,,1998,14859571000
High-income countries,,1999,15028272000
High-income countries,,2000,15461338000
High-income countries,,2001,15468816000
High-income countries,,2002,15564075000
High-income countries,,2003,15852177000
High-income countries,,2004,16053765000
High-income countries,,2005,16125542000
High-income countries,,2006,16189988000
High-income countries,,2007,16308890000
High-income countries,,2008,16049811000
High-income countries,,2009,15093003000
High-income countries,,2010,15713740000
High-income countries,,2011,15608247000
High-income countries,,2012,15520974000
High-income countries,,2013,15485766000
High-income countries,,2014,15294128000
High-income countries,,2015,15215525000
High-income countries,,2016,15070386000
High-income countries,,2017,15069183000
High-income countries,,2018,15204227000
High-income countries,,2019,14916665000
High-income countries,,2020,13694959000
High-income countries,,2021,14370719000
High-income countries,,2022,14274797000
High-income countries,,2023,13890804000
High-income countries,,2024,13867993000
Honduras,HND,1870,0
Honduras,HND,1871,0
Honduras,HND,1872,0
Honduras,HND,1873,3
Honduras,HND,1874,5
Honduras,HND,1875,3
Honduras,HND,1876,3
Honduras,HND,1877,8
Honduras,HND,1878,46
Honduras,HND,1879,80
Honduras,HND,1880,46
Honduras,HND,1881,8
Honduras,HND,1882,8
Honduras,HND,1883,56
Honduras,HND,1884,146
Honduras,HND,1885,95
Honduras,HND,1886,331
Honduras,HND,1887,167
Honduras,HND,1888,105
Honduras,HND,1889,213
Honduras,HND,1890,177
Honduras,HND,1891,21
Honduras,HND,1892,33
Honduras,HND,1893,15
Honduras,HND,1894,21
Honduras,HND,1895,410
Honduras,HND,1896,400
Honduras,HND,1897,282
Honduras,HND,1898,1282
Honduras,HND,1899,2603
Honduras,HND,1900,3068
Honduras,HND,1901,2857
Honduras,HND,1902,3727
Honduras,HND,1903,3355
Honduras,HND,1904,5048
Honduras,HND,1905,5471
Honduras,HND,1906,2939
Honduras,HND,1907,4568
Honduras,HND,1908,7202
Honduras,HND,1909,8041
Honduras,HND,1910,9995
Honduras,HND,1911,12132
Honduras,HND,1912,15166
Honduras,HND,1913,27246
Honduras,HND,1914,42509
Honduras,HND,1915,44007
Honduras,HND,1916,41119
Honduras,HND,1917,30973
Honduras,HND,1918,18608
Honduras,HND,1919,24586
Honduras,HND,1920,37500
Honduras,HND,1921,36928
Honduras,HND,1922,15455
Honduras,HND,1923,4276
Honduras,HND,1924,5283
Honduras,HND,1925,4976
Honduras,HND,1926,3447
Honduras,HND,1927,2660
Honduras,HND,1928,3852
Honduras,HND,1929,3498
Honduras,HND,1930,6820
Honduras,HND,1931,0
Honduras,HND,1932,0
Honduras,HND,1933,0
Honduras,HND,1934,0
Honduras,HND,1935,0
Honduras,HND,1936,0
Honduras,HND,1937,0
Honduras,HND,1938,0
Honduras,HND,1939,0
Honduras,HND,1940,0
Honduras,HND,1941,0
Honduras,HND,1942,767
Honduras,HND,1943,382
Honduras,HND,1944,767
Honduras,HND,1945,1149
Honduras,HND,1946,767
Honduras,HND,1947,767
Honduras,HND,1948,767
Honduras,HND,1949,767
Honduras,HND,1950,301215
Honduras,HND,1951,348080
Honduras,HND,1952,359072
Honduras,HND,1953,333424
Honduras,HND,1954,377392
Honduras,HND,1955,436016
Honduras,HND,1956,454336
Honduras,HND,1957,575248
Honduras,HND,1958,586240
Honduras,HND,1959,586210
Honduras,HND,1960,615403
Honduras,HND,1961,736286
Honduras,HND,1962,699586
Honduras,HND,1963,710578
Honduras,HND,1964,721511
Honduras,HND,1965,750734
Honduras,HND,1966,805664
Honduras,HND,1967,875250
Honduras,HND,1968,1223241
Honduras,HND,1969,1175609
Honduras,HND,1970,1388032
Honduras,HND,1971,1328811
Honduras,HND,1972,1533102
Honduras,HND,1973,1506141
Honduras,HND,1974,1553346
Honduras,HND,1975,1660773
Honduras,HND,1976,1770583
Honduras,HND,1977,1993395
Honduras,HND,1978,2039442
Honduras,HND,1979,1922810
Honduras,HND,1980,2037957
Honduras,HND,1981,1807843
Honduras,HND,1982,1749493
Honduras,HND,1983,1976452
Honduras,HND,1984,1957357
Honduras,HND,1985,1885699
Honduras,HND,1986,1824977
Honduras,HND,1987,2144191
Honduras,HND,1988,2464967
Honduras,HND,1989,2680274
Honduras,HND,1990,2504658
Honduras,HND,1991,2526966
Honduras,HND,1992,2803312
Honduras,HND,1993,2940777
Honduras,HND,1994,3231039
Honduras,HND,1995,3836235
Honduras,HND,1996,3875521
Honduras,HND,1997,4010334
Honduras,HND,1998,4810582
Honduras,HND,1999,4704557
Honduras,HND,2000,5031508
Honduras,HND,2001,5664895
Honduras,HND,2002,5945282
Honduras,HND,2003,6686778
Honduras,HND,2004,7194159
Honduras,HND,2005,6834857
Honduras,HND,2006,7698208
Honduras,HND,2007,8216418.5
Honduras,HND,2008,8532908
Honduras,HND,2009,8030408
Honduras,HND,2010,8106538
Honduras,HND,2011,8856650
Honduras,HND,2012,9108358
Honduras,HND,2013,9328258
Honduras,HND,2014,9503222
Honduras,HND,2015,10897808
Honduras,HND,2016,9938747
Honduras,HND,2017,10197924
Honduras,HND,2018,9876190
Honduras,HND,2019,10962543
Honduras,HND,2020,9976783
Honduras,HND,2021,11059747
Honduras,HND,2022,11742019
Honduras,HND,2023,12404354
Honduras,HND,2024,12854842
Hong Kong,HKG,1938,54514
Hong Kong,HKG,1939,54514
Hong Kong,HKG,1941,54514
Hong Kong,HKG,1947,18171
Hong Kong,HKG,1948,25440
Hong Kong,HKG,1949,29074
Hong Kong,HKG,1950,1318773
Hong Kong,HKG,1951,1556903
Hong Kong,HKG,1952,1534949
Hong Kong,HKG,1953,1729140
Hong Kong,HKG,1954,1798608
Hong Kong,HKG,1955,1879157
Hong Kong,HKG,1956,2120981
Hong Kong,HKG,1957,2362865
Hong Kong,HKG,1958,2373648
Hong Kong,HKG,1959,2703467
Hong Kong,HKG,1960,2952589
Hong Kong,HKG,1961,3370137
Hong Kong,HKG,1962,3681458
Hong Kong,HKG,1963,4245685
Hong Kong,HKG,1964,4220066
Hong Kong,HKG,1965,4802523
Hong Kong,HKG,1966,5161566
Hong Kong,HKG,1967,6052066
Hong Kong,HKG,1968,6197972
Hong Kong,HKG,1969,7751508
Hong Kong,HKG,1970,8392500
Hong Kong,HKG,1971,9150591
Hong Kong,HKG,1972,9275585
Hong Kong,HKG,1973,9286457
Hong Kong,HKG,1974,10667250
Hong Kong,HKG,1975,11008001
Hong Kong,HKG,1976,12490384
Hong Kong,HKG,1977,14203904
Hong Kong,HKG,1978,15714096
Hong Kong,HKG,1979,15837647
Hong Kong,HKG,1980,16600216
Hong Kong,HKG,1981,18616656
Hong Kong,HKG,1982,19622766
Hong Kong,HKG,1983,20912106
Hong Kong,HKG,1984,22224786
Hong Kong,HKG,1985,22881404
Hong Kong,HKG,1986,25525918
Hong Kong,HKG,1987,28085646
Hong Kong,HKG,1988,29284780
Hong Kong,HKG,1989,30141178
Hong Kong,HKG,1990,27147690
Hong Kong,HKG,1991,28463072
Hong Kong,HKG,1992,32922138
Hong Kong,HKG,1993,34777844
Hong Kong,HKG,1994,31079292
Hong Kong,HKG,1995,31270612
Hong Kong,HKG,1996,28908528
Hong Kong,HKG,1997,30496980
Hong Kong,HKG,1998,38924984
Hong Kong,HKG,1999,42549016
Hong Kong,HKG,2000,39765444
Hong Kong,HKG,2001,37288530
Hong Kong,HKG,2002,39003280
Hong Kong,HKG,2003,42733188
Hong Kong,HKG,2004,41157750
Hong Kong,HKG,2005,43334092
Hong Kong,HKG,2006,41914810
Hong Kong,HKG,2007,43572436
Hong Kong,HKG,2008,42794250
Hong Kong,HKG,2009,41583064
Hong Kong,HKG,2010,40062904
Hong Kong,HKG,2011,43149716
Hong Kong,HKG,2012,42738400
Hong Kong,HKG,2013,44310496
Hong Kong,HKG,2014,45491750
Hong Kong,HKG,2015,42403520
Hong Kong,HKG,2016,43365844
Hong Kong,HKG,2017,42431172
Hong Kong,HKG,2018,42597024
Hong Kong,HKG,2019,41896590
Hong Kong,HKG,2020,33512996
Hong Kong,HKG,2021,33636996
Hong Kong,HKG,2022,30763800
Hong Kong,HKG,2023,32957054
Hong Kong,HKG,2024,33323918
Hungary,HUN,1830,113584
Hungary,HUN,1831,69616
Hungary,HUN,1832,87936
Hungary,HUN,1833,65952
Hungary,HUN,1834,69616
Hungary,HUN,1835,51296
Hungary,HUN,1836,84272
Hungary,HUN,1837,69616
Hungary,HUN,1838,62288
Hungary,HUN,1839,139232
Hungary,HUN,1840,135568
Hungary,HUN,1841,142896
Hungary,HUN,1842,84272
Hungary,HUN,1843,87936
Hungary,HUN,1844,186864
Hungary,HUN,1845,87936
Hungary,HUN,1846,62288
Hungary,HUN,1847,164880
Hungary,HUN,1851,274800
Hungary,HUN,1852,344416
Hungary,HUN,1853,344416
Hungary,HUN,1854,436016
Hungary,HUN,1855,454336
Hungary,HUN,1856,476320
Hungary,HUN,1857,545936
Hungary,HUN,1858,381056
Hungary,HUN,1859,769440
Hungary,HUN,1860,905008
Hungary,HUN,1861,959968
Hungary,HUN,1862,1157824
Hungary,HUN,1863,1209120
Hungary,HUN,1864,1209120
Hungary,HUN,1865,1256752
Hungary,HUN,1866,1428960
Hungary,HUN,1867,1689104
Hungary,HUN,1868,1806352
Hungary,HUN,1869,1963904
Hungary,HUN,1870,2121456
Hungary,HUN,1871,2630752
Hungary,HUN,1872,2795632
Hungary,HUN,1873,2916544
Hungary,HUN,1874,2557472
Hungary,HUN,1875,2634416
Hungary,HUN,1876,2762656
Hungary,HUN,1877,2887232
Hungary,HUN,1878,2876240
Hungary,HUN,1879,2868912
Hungary,HUN,1880,3312256
Hungary,HUN,1881,3550416
Hungary,HUN,1882,3583392
Hungary,HUN,1883,4078032
Hungary,HUN,1884,4330848
Hungary,HUN,1885,4378480
Hungary,HUN,1886,4096352
Hungary,HUN,1887,4085360
Hungary,HUN,1888,4429776
Hungary,HUN,1889,4752208
Hungary,HUN,1890,5254176
Hungary,HUN,1891,5521648
Hungary,HUN,1892,5752480
Hungary,HUN,1893,5994304
Hungary,HUN,1894,6433984
Hungary,HUN,1895,6862672
Hungary,HUN,1896,7375632
Hungary,HUN,1897,7463568
Hungary,HUN,1898,8533456
Hungary,HUN,1899,8273311.5
Hungary,HUN,1900,9585024
Hungary,HUN,1901,9618000
Hungary,HUN,1902,8848560
Hungary,HUN,1903,9174656
Hungary,HUN,1904,9277248
Hungary,HUN,1905,9431136
Hungary,HUN,1906,10163936
Hungary,HUN,1907,10204240
Hungary,HUN,1908,10772160
Hungary,HUN,1909,11853040
Hungary,HUN,1910,11677168
Hungary,HUN,1911,11995936
Hungary,HUN,1912,12303712
Hungary,HUN,1913,13025520
Hungary,HUN,1914,11592896
Hungary,HUN,1915,11765104
Hungary,HUN,1916,11834720
Hungary,HUN,1917,11717472
Hungary,HUN,1918,10651248
Hungary,HUN,1919,4755872
Hungary,HUN,1920,5587600
Hungary,HUN,1921,9236944
Hungary,HUN,1922,11010320
Hungary,HUN,1923,11860368
Hungary,HUN,1924,11263136
Hungary,HUN,1925,10130960
Hungary,HUN,1926,11772432
Hungary,HUN,1927,13087808
Hungary,HUN,1928,13749268
Hungary,HUN,1929,15112366
Hungary,HUN,1930,12514887
Hungary,HUN,1931,11188667
Hungary,HUN,1932,10210766
Hungary,HUN,1933,10005641
Hungary,HUN,1934,10573383
Hungary,HUN,1935,11078807
Hungary,HUN,1936,11899810
Hungary,HUN,1937,13621177
Hungary,HUN,1938,14771643
Hungary,HUN,1939,14443488
Hungary,HUN,1940,15824816
Hungary,HUN,1941,17851968
Hungary,HUN,1942,18837346
Hungary,HUN,1943,19207528
Hungary,HUN,1944,15857168
Hungary,HUN,1945,8199883.5
Hungary,HUN,1946,10797154
Hungary,HUN,1947,13838096
Hungary,HUN,1948,16380526
Hungary,HUN,1949,20409916
Hungary,HUN,1950,18390042
Hungary,HUN,1951,22185350
Hungary,HUN,1952,27208248
Hungary,HUN,1953,31766266
Hungary,HUN,1954,34009080
Hungary,HUN,1955,35693540
Hungary,HUN,1956,33162518
Hungary,HUN,1957,38446052
Hungary,HUN,1958,39247172
Hungary,HUN,1959,41917628
Hungary,HUN,1960,45357690
Hungary,HUN,1961,48973816
Hungary,HUN,1962,50545132
Hungary,HUN,1963,56260828
Hungary,HUN,1964,62385068
Hungary,HUN,1965,61274436
Hungary,HUN,1966,61709560
Hungary,HUN,1967,58811050
Hungary,HUN,1968,61129844
Hungary,HUN,1969,62380224
Hungary,HUN,1970,69960136
Hungary,HUN,1971,69246664
Hungary,HUN,1972,69384310
Hungary,HUN,1973,73006824
Hungary,HUN,1974,74027600
Hungary,HUN,1975,75300210
Hungary,HUN,1976,79919500
Hungary,HUN,1977,83075160
Hungary,HUN,1978,88039896
Hungary,HUN,1979,86058320
Hungary,HUN,1980,86696860
Hungary,HUN,1981,86437240
Hungary,HUN,1982,86683830
Hungary,HUN,1983,88945736
Hungary,HUN,1984,90664780
Hungary,HUN,1985,85936230
Hungary,HUN,1986,83197760
Hungary,HUN,1987,84114870
Hungary,HUN,1988,78030710
Hungary,HUN,1989,75909400
Hungary,HUN,1990,73427330
Hungary,HUN,1991,69824900
Hungary,HUN,1992,62280756
Hungary,HUN,1993,62991350
Hungary,HUN,1994,61880370
Hungary,HUN,1995,61464130
Hungary,HUN,1996,63083060
Hungary,HUN,1997,61675956
Hungary,HUN,1998,61255404
Hungary,HUN,1999,61575150
Hungary,HUN,2000,58244410
Hungary,HUN,2001,59827756
Hungary,HUN,2002,58841980
Hungary,HUN,2003,61611250
Hungary,HUN,2004,59984924
Hungary,HUN,2005,60142084
Hungary,HUN,2006,59528564
Hungary,HUN,2007,58448584
Hungary,HUN,2008,57184428
Hungary,HUN,2009,51457530
Hungary,HUN,2010,51992716
Hungary,HUN,2011,50156010
Hungary,HUN,2012,46720180
Hungary,HUN,2013,43486532
Hungary,HUN,2014,43638876
Hungary,HUN,2015,46566910
Hungary,HUN,2016,47039120
Hungary,HUN,2017,49423524
Hungary,HUN,2018,49366230
Hungary,HUN,2019,49158950
Hungary,HUN,2020,47105320
Hungary,HUN,2021,48326284
Hungary,HUN,2022,45267340
Hungary,HUN,2023,40343864
Hungary,HUN,2024,40017292
Iceland,ISL,1936,21984
Iceland,ISL,1937,18320
Iceland,ISL,1940,425008
Iceland,ISL,1941,412226
Iceland,ISL,1942,437523
Iceland,ISL,1943,472023
Iceland,ISL,1944,453026
Iceland,ISL,1945,432367
Iceland,ISL,1946,509880
Iceland,ISL,1947,599716
Iceland,ISL,1948,721747
Iceland,ISL,1949,742837
Iceland,ISL,1950,740128
Iceland,ISL,1951,644864
Iceland,ISL,1952,776768
Iceland,ISL,1953,916000
Iceland,ISL,1954,780432
Iceland,ISL,1955,912336
Iceland,ISL,1956,948976
Iceland,ISL,1957,963632
Iceland,ISL,1958,1091753
Iceland,ISL,1959,1238105
Iceland,ISL,1960,1212488
Iceland,ISL,1961,1091575
Iceland,ISL,1962,1197742
Iceland,ISL,1963,1303997
Iceland,ISL,1964,1307601
Iceland,ISL,1965,1395538
Iceland,ISL,1966,1494437
Iceland,ISL,1967,1443139
Iceland,ISL,1968,1593425
Iceland,ISL,1969,1263694
Iceland,ISL,1970,1388300
Iceland,ISL,1971,1472206
Iceland,ISL,1972,1482832
Iceland,ISL,1973,1750026
Iceland,ISL,1974,1738479
Iceland,ISL,1975,1613472
Iceland,ISL,1976,1701313
Iceland,ISL,1977,1902662
Iceland,ISL,1978,1920842
Iceland,ISL,1979,1983021
Iceland,ISL,1980,1861846
Iceland,ISL,1981,1748000
Iceland,ISL,1982,1593849
Iceland,ISL,1983,1542530
Iceland,ISL,1984,1809746
Iceland,ISL,1985,1622635
Iceland,ISL,1986,1780225
Iceland,ISL,1987,1845061
Iceland,ISL,1988,1841119
Iceland,ISL,1989,1896457
Iceland,ISL,1990,2221979
Iceland,ISL,1991,2103066
Iceland,ISL,1992,2249322
Iceland,ISL,1993,2400140
Iceland,ISL,1994,2349279
Iceland,ISL,1995,2468948
Iceland,ISL,1996,2523004
Iceland,ISL,1997,2618382
Iceland,ISL,1998,2638281
Iceland,ISL,1999,2840944
Iceland,ISL,2000,2932741
Iceland,ISL,2001,2864992
Iceland,ISL,2002,2991995
Iceland,ISL,2003,2985437
Iceland,ISL,2004,3107170
Iceland,ISL,2005,2976360
Iceland,ISL,2006,3154382
Iceland,ISL,2007,3494320
Iceland,ISL,2008,3811488
Iceland,ISL,2009,3730449
Iceland,ISL,2010,3626637
Iceland,ISL,2011,3503479
Iceland,ISL,2012,3499153
Iceland,ISL,2013,3488797
Iceland,ISL,2014,3445281
Iceland,ISL,2015,3541014
Iceland,ISL,2016,3493663
Iceland,ISL,2017,3610949
Iceland,ISL,2018,3665355
Iceland,ISL,2019,3552640
Iceland,ISL,2020,3338906
Iceland,ISL,2021,3490635
Iceland,ISL,2022,3597685
Iceland,ISL,2023,3508235
Iceland,ISL,2024,3803011
India,IND,1858,394481
India,IND,1859,636474
India,IND,1860,643104
India,IND,1861,497245
India,IND,1862,550285
India,IND,1863,609954
India,IND,1864,576805
India,IND,1865,566860
India,IND,1866,639789
India,IND,1878,1766878
India,IND,1879,1684355
India,IND,1880,1886743
India,IND,1881,1839304
India,IND,1882,2196259
India,IND,1883,2440867
India,IND,1884,2729971
India,IND,1885,2459363
India,IND,1886,2772020
India,IND,1887,3065970
India,IND,1888,3409502
India,IND,1889,4021770
India,IND,1890,4431605
India,IND,1891,4772351
India,IND,1892,5247216
India,IND,1893,5543114
India,IND,1894,5616621
India,IND,1895,7034599
India,IND,1896,7607913
India,IND,1897,8253253
India,IND,1898,9125050
India,IND,1899,10054329
India,IND,1900,11929382
India,IND,1901,13179482
India,IND,1902,14515204
India,IND,1903,14801903
India,IND,1904,16560764
India,IND,1905,16930472
India,IND,1906,19549130
India,IND,1907,21772074
India,IND,1908,24907868
India,IND,1909,24142304
India,IND,1910,23486964
India,IND,1911,24782072
India,IND,1912,28521014
India,IND,1913,31466286
India,IND,1914,31697660
India,IND,1915,33141220
India,IND,1916,33517002
India,IND,1917,35019230
India,IND,1918,39358704
India,IND,1919,42974096
India,IND,1920,34867452
India,IND,1921,37504950
India,IND,1922,36902812
India,IND,1923,37971310
India,IND,1924,40627332
India,IND,1925,40084310
India,IND,1926,39941964
India,IND,1927,41883140
India,IND,1928,40072296
India,IND,1929,41707188
India,IND,1930,42398796
India,IND,1931,38850388
India,IND,1932,36128884
India,IND,1933,35466760
India,IND,1934,39610384
India,IND,1935,41392524
India,IND,1936,40683816
India,IND,1937,45066548
India,IND,1938,50378828
India,IND,1939,49311412
India,IND,1940,52308668
India,IND,1941,53580236
India,IND,1942,53528676
India,IND,1943,46643676
India,IND,1944,47695224
India,IND,1945,52873180
India,IND,1946,52224150
India,IND,1947,53179404
India,IND,1948,53203210
India,IND,1949,56186924
India,IND,1950,60942560
India,IND,1951,63805724
India,IND,1952,67249430
India,IND,1953,68607650
India,IND,1954,72306530
India,IND,1955,78693850
India,IND,1956,81618800
India,IND,1957,91617590
India,IND,1958,95801250
India,IND,1959,101436020
India,IND,1960,111320210
India,IND,1961,120399360
India,IND,1962,132579760
India,IND,1963,142438960
India,IND,1964,139483200
India,IND,1965,153696700
India,IND,1966,159371420
India,IND,1967,159557100
India,IND,1968,174070540
India,IND,1969,177411300
India,IND,1970,181723860
India,IND,1971,191964860
India,IND,1972,203037040
India,IND,1973,209096030
India,IND,1974,215854050
India,IND,1975,234209710
India,IND,1976,244749840
India,IND,1977,258962060
India,IND,1978,263149940
India,IND,1979,276285000
India,IND,1980,291714430
India,IND,1981,314969280
India,IND,1982,325383070
India,IND,1983,352204860
India,IND,1984,361568800
India,IND,1985,397601120
India,IND,1986,426318050
India,IND,1987,455354720
India,IND,1988,491700100
India,IND,1989,540661900
India,IND,1990,577986560
India,IND,1991,615388160
India,IND,1992,655423550
India,IND,1993,677262100
India,IND,1994,714042800
India,IND,1995,760480200
India,IND,1996,823602200
India,IND,1997,857975740
India,IND,1998,875783360
India,IND,1999,961193860
India,IND,2000,987065100
India,IND,2001,1001198400
India,IND,2002,1032750340
India,IND,2003,1068397950
India,IND,2004,1134611000
India,IND,2005,1195393300
India,IND,2006,1293321500
India,IND,2007,1393485200
India,IND,2008,1490366500
India,IND,2009,1613327600
India,IND,2010,1678529500
India,IND,2011,1765694800
India,IND,2012,1926986400
India,IND,2013,1995337200
India,IND,2014,2148052000
India,IND,2015,2231817500
India,IND,2016,2352540200
India,IND,2017,2425721900
India,IND,2018,2595227100
India,IND,2019,2611174700
India,IND,2020,2422732000
India,IND,2021,2675778000
India,IND,2022,2831131600
India,IND,2023,3062756400
India,IND,2024,3193478100
Indonesia,IDN,1889,3664
Indonesia,IDN,1890,14656
Indonesia,IDN,1891,21984
Indonesia,IDN,1892,190757
Indonesia,IDN,1893,403040
Indonesia,IDN,1894,479984
Indonesia,IDN,1895,769440
Indonesia,IDN,1896,861040
Indonesia,IDN,1897,1106528
Indonesia,IDN,1898,1289728
Indonesia,IDN,1899,1124848
Indonesia,IDN,1900,1209120
Indonesia,IDN,1901,2242368
Indonesia,IDN,1902,1538880
Indonesia,IDN,1903,3000816
Indonesia,IDN,1904,3367216
Indonesia,IDN,1905,4132991.8
Indonesia,IDN,1906,4451760
Indonesia,IDN,1907,5294480
Indonesia,IDN,1908,5492336
Indonesia,IDN,1909,5986976
Indonesia,IDN,1910,6111552
Indonesia,IDN,1911,6727104
Indonesia,IDN,1912,5840416
Indonesia,IDN,1913,5899040
Indonesia,IDN,1914,6016288
Indonesia,IDN,1915,6030944
Indonesia,IDN,1916,6763744
Indonesia,IDN,1917,7137472
Indonesia,IDN,1918,7130144
Indonesia,IDN,1919,7635776
Indonesia,IDN,1920,8262319.5
Indonesia,IDN,1921,8756960
Indonesia,IDN,1922,8298959.5
Indonesia,IDN,1923,9588688
Indonesia,IDN,1924,10585296
Indonesia,IDN,1925,11079936
Indonesia,IDN,1926,11098256
Indonesia,IDN,1927,12886288
Indonesia,IDN,1928,14831872
Indonesia,IDN,1929,18539246
Indonesia,IDN,1930,18084938
Indonesia,IDN,1931,16894168
Indonesia,IDN,1932,16586601
Indonesia,IDN,1933,17861704
Indonesia,IDN,1934,19235554
Indonesia,IDN,1935,20001212
Indonesia,IDN,1936,21767288
Indonesia,IDN,1937,25343888
Indonesia,IDN,1938,26732544
Indonesia,IDN,1939,29201396
Indonesia,IDN,1940,28733088
Indonesia,IDN,1941,26486372
Indonesia,IDN,1942,9456784
Indonesia,IDN,1943,19027152
Indonesia,IDN,1944,8771616
Indonesia,IDN,1945,3806896
Indonesia,IDN,1946,1344688
Indonesia,IDN,1947,4056018
Indonesia,IDN,1948,15494907
Indonesia,IDN,1949,21903392
Indonesia,IDN,1950,9830512
Indonesia,IDN,1951,9390416
Indonesia,IDN,1952,12720844
Indonesia,IDN,1953,13079886
Indonesia,IDN,1954,14747006
Indonesia,IDN,1955,20843902
Indonesia,IDN,1956,21811198
Indonesia,IDN,1957,22411678
Indonesia,IDN,1958,22206286
Indonesia,IDN,1959,23862234
Indonesia,IDN,1960,21385192
Indonesia,IDN,1961,26001594
Indonesia,IDN,1962,22974894
Indonesia,IDN,1963,22763096
Indonesia,IDN,1964,22374266
Indonesia,IDN,1965,24668226
Indonesia,IDN,1966,23374952
Indonesia,IDN,1967,24540046
Indonesia,IDN,1968,27562608
Indonesia,IDN,1969,33362214
Indonesia,IDN,1970,35791384
Indonesia,IDN,1971,38955104
Indonesia,IDN,1972,43305892
Indonesia,IDN,1973,49097380
Indonesia,IDN,1974,51225420
Indonesia,IDN,1975,53930784
Indonesia,IDN,1976,61784716
Indonesia,IDN,1977,82410330
Indonesia,IDN,1978,93928460
Indonesia,IDN,1979,95123190
Indonesia,IDN,1980,94853850
Indonesia,IDN,1981,100272300
Indonesia,IDN,1982,105554590
Indonesia,IDN,1983,105149100
Indonesia,IDN,1984,112419730
Indonesia,IDN,1985,121548010
Indonesia,IDN,1986,122108910
Indonesia,IDN,1987,123812710
Indonesia,IDN,1988,132649250
Indonesia,IDN,1989,131586056
Indonesia,IDN,1990,154990690
Indonesia,IDN,1991,174754220
Indonesia,IDN,1992,199298020
Indonesia,IDN,1993,214962850
Indonesia,IDN,1994,219199950
Indonesia,IDN,1995,222225300
Indonesia,IDN,1996,252855740
Indonesia,IDN,1997,279695600
Indonesia,IDN,1998,244315330
Indonesia,IDN,1999,291770660
Indonesia,IDN,2000,281054430
Indonesia,IDN,2001,316759360
Indonesia,IDN,2002,308201300
Indonesia,IDN,2003,339023900
Indonesia,IDN,2004,342708600
Indonesia,IDN,2005,347361280
Indonesia,IDN,2006,346365760
Indonesia,IDN,2007,387577250
Indonesia,IDN,2008,365384030
Indonesia,IDN,2009,398624420
Indonesia,IDN,2010,445370080
Indonesia,IDN,2011,500457660
Indonesia,IDN,2012,515769600
Indonesia,IDN,2013,493435140
Indonesia,IDN,2014,498028800
Indonesia,IDN,2015,551160060
Indonesia,IDN,2016,547968900
Indonesia,IDN,2017,570928200
Indonesia,IDN,2018,607378370
Indonesia,IDN,2019,665049340
Indonesia,IDN,2020,623304000
Indonesia,IDN,2021,632946050
Indonesia,IDN,2022,758020500
Indonesia,IDN,2023,762357570
Indonesia,IDN,2024,812220200
International aviation,,1950,3574737
International aviation,,1951,3948892
International aviation,,1952,4187213
International aviation,,1953,4897329
International aviation,,1954,5782141
International aviation,,1955,6604370
International aviation,,1956,7694650
International aviation,,1957,8449984
International aviation,,1958,9604960
International aviation,,1959,11038127
International aviation,,1960,14573868
International aviation,,1961,18088222
International aviation,,1962,21277978
International aviation,,1963,23064838
International aviation,,1964,26721336
International aviation,,1965,31001420
International aviation,,1966,36947916
International aviation,,1967,46080330
International aviation,,1968,53202776
International aviation,,1969,51708396
International aviation,,1970,74597880
International aviation,,1971,81961220
International aviation,,1972,86019300
International aviation,,1973,90442140
International aviation,,1974,84805400
International aviation,,1975,83016690
International aviation,,1976,84496456
International aviation,,1977,95444610
International aviation,,1978,98576790
International aviation,,1979,102515400
International aviation,,1980,104853300
International aviation,,1981,105619704
International aviation,,1982,105521930
International aviation,,1983,107984870
International aviation,,1984,115691070
International aviation,,1985,117394130
International aviation,,1986,124020740
International aviation,,1987,216498910
International aviation,,1988,225669920
International aviation,,1989,241417060
International aviation,,1990,188996430
International aviation,,1991,197357420
International aviation,,1992,218755220
International aviation,,1993,225994560
International aviation,,1994,240028530
International aviation,,1995,253752050
International aviation,,1996,268669570
International aviation,,1997,287072770
International aviation,,1998,306863140
International aviation,,1999,315129380
International aviation,,2000,320342240
International aviation,,2001,322690240
International aviation,,2002,341556220
International aviation,,2003,355305800
International aviation,,2004,386366460
International aviation,,2005,407805660
International aviation,,2006,421489760
International aviation,,2007,436283500
International aviation,,2008,442281250
International aviation,,2009,425129280
International aviation,,2010,448827100
International aviation,,2011,466315550
International aviation,,2012,480940130
International aviation,,2013,494791970
International aviation,,2014,494140770
International aviation,,2015,514843680
International aviation,,2016,536873700
International aviation,,2017,555844740
International aviation,,2018,593353150
International aviation,,2019,597521500
International aviation,,2020,258859520
International aviation,,2021,281428900
International aviation,,2022,407078460
International aviation,,2023,501515680
International aviation,,2024,569039300
International shipping,,1950,127138460
International shipping,,1951,151514640
International shipping,,1952,153940030
International shipping,,1953,158780880
International shipping,,1954,158299100
International shipping,,1955,181681260
International shipping,,1956,194385940
International shipping,,1957,215918720
International shipping,,1958,198829010
International shipping,,1959,202745280
International shipping,,1960,222078600
International shipping,,1961,243427090
International shipping,,1962,249768700
International shipping,,1963,260974030
International shipping,,1964,284644260
International shipping,,1965,290896900
International shipping,,1966,311402270
International shipping,,1967,326617540
International shipping,,1968,340866370
International shipping,,1969,360665500
International shipping,,1970,359846100
International shipping,,1971,376970500
International shipping,,1972,403573100
International shipping,,1973,433333280
International shipping,,1974,401568350
International shipping,,1975,362020320
International shipping,,1976,351658750
International shipping,,1977,350666050
International shipping,,1978,354643300
International shipping,,1979,352343140
International shipping,,1980,339462080
International shipping,,1981,304549060
International shipping,,1982,265863740
International shipping,,1983,248772370
International shipping,,1984,242461170
International shipping,,1985,248468270
International shipping,,1986,268159300
International shipping,,1987,309610400
International shipping,,1988,318638940
International shipping,,1989,322534000
International shipping,,1990,358873180
International shipping,,1991,345312160
International shipping,,1992,335062180
International shipping,,1993,331439870
International shipping,,1994,344800860
International shipping,,1995,363505300
International shipping,,1996,399846080
International shipping,,1997,416210660
International shipping,,1998,439391360
International shipping,,1999,458289900
International shipping,,2000,463177540
International shipping,,2001,454812770
International shipping,,2002,455289500
International shipping,,2003,473953700
International shipping,,2004,517099900
International shipping,,2005,531421630
International shipping,,2006,569105200
International shipping,,2007,611969500
International shipping,,2008,615900000
International shipping,,2009,588920100
International shipping,,2010,623204740
International shipping,,2011,639740500
International shipping,,2012,613153000
International shipping,,2013,615403650
International shipping,,2014,621706050
International shipping,,2015,637774850
International shipping,,2016,632205440
International shipping,,2017,645270700
International shipping,,2018,643022460
International shipping,,2019,642052540
International shipping,,2020,580691200
International shipping,,2021,597654400
International shipping,,2022,558590600
International shipping,,2023,581238100
International shipping,,2024,623424500
Iran,IRN,1906,3664
Iran,IRN,1911,135568
Iran,IRN,1912,252815.98
Iran,IRN,1913,853712
Iran,IRN,1914,1172480
Iran,IRN,1915,1403312
Iran,IRN,1916,2007872.1
Iran,IRN,1917,2799296
Iran,IRN,1918,3447824
Iran,IRN,1919,4319856
Iran,IRN,1920,5437376
Iran,IRN,1921,7254720
Iran,IRN,1922,9225952
Iran,IRN,1923,11578240
Iran,IRN,1924,13505504
Iran,IRN,1925,14201664
Iran,IRN,1926,15059040
Iran,IRN,1927,16700512
Iran,IRN,1928,17678800
Iran,IRN,1929,17022944
Iran,IRN,1930,18514192
Iran,IRN,1931,17924288
Iran,IRN,1932,20089712
Iran,IRN,1933,22086592
Iran,IRN,1934,23493568
Iran,IRN,1935,23339680
Iran,IRN,1936,25552736
Iran,IRN,1937,31689936
Iran,IRN,1938,31777872
Iran,IRN,1939,30052128
Iran,IRN,1940,27127988
Iran,IRN,1941,20822304
Iran,IRN,1942,29531632
Iran,IRN,1943,30455018
Iran,IRN,1944,41659532
Iran,IRN,1945,52897080
Iran,IRN,1946,60232320
Iran,IRN,1947,63467628
Iran,IRN,1948,77951336
Iran,IRN,1949,8129619.5
Iran,IRN,1950,9600773
Iran,IRN,1951,6913701
Iran,IRN,1952,4092480.2
Iran,IRN,1953,3828612
Iran,IRN,1954,1043973
Iran,IRN,1955,15813289
Iran,IRN,1956,22807508
Iran,IRN,1957,21799522
Iran,IRN,1958,25228640
Iran,IRN,1959,25568708
Iran,IRN,1960,37358600
Iran,IRN,1961,36508760
Iran,IRN,1962,37428424
Iran,IRN,1963,41304936
Iran,IRN,1964,47519076
Iran,IRN,1965,53718388
Iran,IRN,1966,64103364
Iran,IRN,1967,67880940
Iran,IRN,1968,82329560
Iran,IRN,1969,83038744
Iran,IRN,1970,91787460
Iran,IRN,1971,101627830
Iran,IRN,1972,106015140
Iran,IRN,1973,129475310
Iran,IRN,1974,143771800
Iran,IRN,1975,139213900
Iran,IRN,1976,156490420
Iran,IRN,1977,163806430
Iran,IRN,1978,162288690
Iran,IRN,1979,163137300
Iran,IRN,1980,120695336
Iran,IRN,1981,113273220
Iran,IRN,1982,138132320
Iran,IRN,1983,150028200
Iran,IRN,1984,150400530
Iran,IRN,1985,160485800
Iran,IRN,1986,148304880
Iran,IRN,1987,159340080
Iran,IRN,1988,175958340
Iran,IRN,1989,191114460
Iran,IRN,1990,211074610
Iran,IRN,1991,223042000
Iran,IRN,1992,228193820
Iran,IRN,1993,236992530
Iran,IRN,1994,264821940
Iran,IRN,1995,270875330
Iran,IRN,1996,276620320
Iran,IRN,1997,269262880
Iran,IRN,1998,305641630
Iran,IRN,1999,374452260
Iran,IRN,2000,367213340
Iran,IRN,2001,389912400
Iran,IRN,2002,397031420
Iran,IRN,2003,410966720
Iran,IRN,2004,442119400
Iran,IRN,2005,466795330
Iran,IRN,2006,501014980
Iran,IRN,2007,507771070
Iran,IRN,2008,528528200
Iran,IRN,2009,543405950
Iran,IRN,2010,561496060
Iran,IRN,2011,576365700
Iran,IRN,2012,599278340
Iran,IRN,2013,609996540
Iran,IRN,2014,644227600
Iran,IRN,2015,641958700
Iran,IRN,2016,644680500
Iran,IRN,2017,696407500
Iran,IRN,2018,664523260
Iran,IRN,2019,727268540
Iran,IRN,2020,745595800
Iran,IRN,2021,779525250
Iran,IRN,2022,767178500
Iran,IRN,2023,789675840
Iran,IRN,2024,792631200
Iraq,IRQ,1927,139232
Iraq,IRQ,1928,289456
Iraq,IRQ,1929,370064
Iraq,IRQ,1930,370064
Iraq,IRQ,1931,366400
Iraq,IRQ,1932,373728
Iraq,IRQ,1933,351744
Iraq,IRQ,1934,2865248
Iraq,IRQ,1935,5723168
Iraq,IRQ,1936,5792784
Iraq,IRQ,1937,6243456
Iraq,IRQ,1938,5917360
Iraq,IRQ,1939,12157152
Iraq,IRQ,1940,7690736
Iraq,IRQ,1941,4807168
Iraq,IRQ,1942,7961872
Iraq,IRQ,1943,10959024
Iraq,IRQ,1944,12772704
Iraq,IRQ,1945,14132048
Iraq,IRQ,1946,14355552
Iraq,IRQ,1947,14425168
Iraq,IRQ,1948,0
Iraq,IRQ,1949,1128482
Iraq,IRQ,1950,1648533
Iraq,IRQ,1951,2428935
Iraq,IRQ,1952,1959824
Iraq,IRQ,1953,2527448
Iraq,IRQ,1954,3047647
Iraq,IRQ,1955,4098736.8
Iraq,IRQ,1956,6395353
Iraq,IRQ,1957,5969883
Iraq,IRQ,1958,6665776
Iraq,IRQ,1959,7314334
Iraq,IRQ,1960,8256160
Iraq,IRQ,1961,8709218
Iraq,IRQ,1962,9020836
Iraq,IRQ,1963,9383364
Iraq,IRQ,1964,9063972
Iraq,IRQ,1965,19293088
Iraq,IRQ,1966,27676082
Iraq,IRQ,1967,18372978
Iraq,IRQ,1968,19695680
Iraq,IRQ,1969,22601294
Iraq,IRQ,1970,23883784
Iraq,IRQ,1971,28831858
Iraq,IRQ,1972,29520482
Iraq,IRQ,1973,30612708
Iraq,IRQ,1974,30909492
Iraq,IRQ,1975,33120258
Iraq,IRQ,1976,48746876
Iraq,IRQ,1977,43656004
Iraq,IRQ,1978,42250740
Iraq,IRQ,1979,52908308
Iraq,IRQ,1980,45472990
Iraq,IRQ,1981,32041828
Iraq,IRQ,1982,30537960
Iraq,IRQ,1983,38652030
Iraq,IRQ,1984,40071040
Iraq,IRQ,1985,44529812
Iraq,IRQ,1986,47596268
Iraq,IRQ,1987,52683630
Iraq,IRQ,1988,67698500
Iraq,IRQ,1989,72973680
Iraq,IRQ,1990,49683310
Iraq,IRQ,1991,45505268
Iraq,IRQ,1992,59019990
Iraq,IRQ,1993,63263100
Iraq,IRQ,1994,76572620
Iraq,IRQ,1995,79841260
Iraq,IRQ,1996,74822970
Iraq,IRQ,1997,76296350
Iraq,IRQ,1998,80983930
Iraq,IRQ,1999,82416240
Iraq,IRQ,2000,83721656
Iraq,IRQ,2001,96802000
Iraq,IRQ,2002,97090500
Iraq,IRQ,2003,101424340
Iraq,IRQ,2004,113015840
Iraq,IRQ,2005,114281864
Iraq,IRQ,2006,98838120
Iraq,IRQ,2007,61361420
Iraq,IRQ,2008,94335400
Iraq,IRQ,2009,105211460
Iraq,IRQ,2010,113983430
Iraq,IRQ,2011,123525610
Iraq,IRQ,2012,134039550
Iraq,IRQ,2013,141704380
Iraq,IRQ,2014,137512700
Iraq,IRQ,2015,142530000
Iraq,IRQ,2016,153132140
Iraq,IRQ,2017,167472350
Iraq,IRQ,2018,186156450
Iraq,IRQ,2019,191777620
Iraq,IRQ,2020,172098030
Iraq,IRQ,2021,193115150
Iraq,IRQ,2022,217643900
Iraq,IRQ,2023,227909700
Iraq,IRQ,2024,233635500
Ireland,IRL,1850,395712
Ireland,IRL,1880,351744
Ireland,IRL,1881,351744
Ireland,IRL,1910,216176
Ireland,IRL,1913,223504
Ireland,IRL,1914,249152
Ireland,IRL,1915,227168
Ireland,IRL,1916,241824
Ireland,IRL,1917,256480.02
Ireland,IRL,1918,245488
Ireland,IRL,1919,249152
Ireland,IRL,1920,293120
Ireland,IRL,1921,238160
Ireland,IRL,1924,6686800
Ireland,IRL,1925,6034608
Ireland,IRL,1926,8097440
Ireland,IRL,1927,6730768
Ireland,IRL,1928,6485280
Ireland,IRL,1929,9999056
Ireland,IRL,1930,9552048
Ireland,IRL,1931,9841504
Ireland,IRL,1932,6426656
Ireland,IRL,1933,9266256
Ireland,IRL,1934,9482432
Ireland,IRL,1935,9533728
Ireland,IRL,1936,10145616
Ireland,IRL,1937,10354464
Ireland,IRL,1938,9965634
Ireland,IRL,1939,11529568
Ireland,IRL,1940,11522181
Ireland,IRL,1941,8447995
Ireland,IRL,1942,7015757
Ireland,IRL,1943,7110814
Ireland,IRL,1944,6356149
Ireland,IRL,1945,6832587
Ireland,IRL,1946,8195150.5
Ireland,IRL,1947,8810732
Ireland,IRL,1948,8443915
Ireland,IRL,1949,8344839
Ireland,IRL,1950,9726138
Ireland,IRL,1951,10506628
Ireland,IRL,1952,9619792
Ireland,IRL,1953,9535490
Ireland,IRL,1954,9091640
Ireland,IRL,1955,11714768
Ireland,IRL,1956,10923165
Ireland,IRL,1957,9718482
Ireland,IRL,1958,8956370
Ireland,IRL,1959,12312178
Ireland,IRL,1960,11168414
Ireland,IRL,1961,12352601
Ireland,IRL,1962,13106731
Ireland,IRL,1963,13447196
Ireland,IRL,1964,14215937
Ireland,IRL,1965,13717431
Ireland,IRL,1966,15094724
Ireland,IRL,1967,16394835
Ireland,IRL,1968,17798046
Ireland,IRL,1969,18494394
Ireland,IRL,1970,19390076
Ireland,IRL,1971,22476182
Ireland,IRL,1972,22036418
Ireland,IRL,1973,22846356
Ireland,IRL,1974,23293276
Ireland,IRL,1975,22051382
Ireland,IRL,1976,22289698
Ireland,IRL,1977,23565180
Ireland,IRL,1978,23575976
Ireland,IRL,1979,27399212
Ireland,IRL,1980,26275082
Ireland,IRL,1981,26061508
Ireland,IRL,1982,25566268
Ireland,IRL,1983,25725018
Ireland,IRL,1984,25549450
Ireland,IRL,1985,26746140
Ireland,IRL,1986,28550302
Ireland,IRL,1987,30226336
Ireland,IRL,1988,29883636
Ireland,IRL,1989,30061098
Ireland,IRL,1990,32945302
Ireland,IRL,1991,33675164
Ireland,IRL,1992,33496132
Ireland,IRL,1993,33717148
Ireland,IRL,1994,34838990
Ireland,IRL,1995,35853360
Ireland,IRL,1996,37469464
Ireland,IRL,1997,38804936
Ireland,IRL,1998,40708444
Ireland,IRL,1999,42440316
Ireland,IRL,2000,45249516
Ireland,IRL,2001,47607710
Ireland,IRL,2002,46081388
Ireland,IRL,2003,45683964
Ireland,IRL,2004,46166736
Ireland,IRL,2005,48152990
Ireland,IRL,2006,47597384
Ireland,IRL,2007,47658190
Ireland,IRL,2008,47361076
Ireland,IRL,2009,42177070
Ireland,IRL,2010,41790900
Ireland,IRL,2011,38054388
Ireland,IRL,2012,38223920
Ireland,IRL,2013,37278704
Ireland,IRL,2014,36849876
Ireland,IRL,2015,38715396
Ireland,IRL,2016,40369024
Ireland,IRL,2017,39040450
Ireland,IRL,2018,38922364
Ireland,IRL,2019,37199836
Ireland,IRL,2020,35052570
Ireland,IRL,2021,37473684
Ireland,IRL,2022,36675670
Ireland,IRL,2023,33567940
Ireland,IRL,2024,33310624
Israel,ISR,1930,39977
Israel,ISR,1931,39977
Israel,ISR,1932,50880
Israel,ISR,1933,65417
Israel,ISR,1934,69051
Israel,ISR,1935,90857
Israel,ISR,1936,76320
Israel,ISR,1937,79954
Israel,ISR,1938,47246
Israel,ISR,1939,54514
Israel,ISR,1940,72686
Israel,ISR,1941,58149
Israel,ISR,1942,109029
Israel,ISR,1943,83589
Israel,ISR,1944,87223
Israel,ISR,1945,72686
Israel,ISR,1946,130834
Israel,ISR,1947,163543
Israel,ISR,1948,79954
Israel,ISR,1949,119931
Israel,ISR,1950,1669239
Israel,ISR,1951,2918425
Israel,ISR,1952,3658523
Israel,ISR,1953,4039519.8
Israel,ISR,1954,4324896
Israel,ISR,1955,4815486
Israel,ISR,1956,4793710
Israel,ISR,1957,5170656
Israel,ISR,1958,5537086
Israel,ISR,1959,5602770
Israel,ISR,1960,6460027
Israel,ISR,1961,7060775
Israel,ISR,1962,7932361
Israel,ISR,1963,8199567
Israel,ISR,1964,9137254
Israel,ISR,1965,12928839
Israel,ISR,1966,13581386
Israel,ISR,1967,13527913
Israel,ISR,1968,13794168
Israel,ISR,1969,14800936
Israel,ISR,1970,16559357
Israel,ISR,1971,16218946
Israel,ISR,1972,16890886
Israel,ISR,1973,19261170
Israel,ISR,1974,19368960
Israel,ISR,1975,19540482
Israel,ISR,1976,19496744
Israel,ISR,1977,19765916
Israel,ISR,1978,21031664
Israel,ISR,1979,20864376
Israel,ISR,1980,20984618
Israel,ISR,1981,21017606
Israel,ISR,1982,23854860
Israel,ISR,1983,23709024
Israel,ISR,1984,23498480
Israel,ISR,1985,24613012
Israel,ISR,1986,26348256
Israel,ISR,1987,27068916
Israel,ISR,1988,29702602
Israel,ISR,1989,31394252
Israel,ISR,1990,35824360
Israel,ISR,1991,36148456
Israel,ISR,1992,42082496
Israel,ISR,1993,44234508
Israel,ISR,1994,47474584
Israel,ISR,1995,49865530
Israel,ISR,1996,51935750
Israel,ISR,1997,54865704
Israel,ISR,1998,56009770
Israel,ISR,1999,54756052
Israel,ISR,2000,59519380
Israel,ISR,2001,63023570
Israel,ISR,2002,59304900
Israel,ISR,2003,62414676
Israel,ISR,2004,58679230
Israel,ISR,2005,56527670
Israel,ISR,2006,62148964
Israel,ISR,2007,62799790
Israel,ISR,2008,67980280
Israel,ISR,2009,63860948
Israel,ISR,2010,68286904
Israel,ISR,2011,68594740
Israel,ISR,2012,74781190
Israel,ISR,2013,63095308
Israel,ISR,2014,60278816
Israel,ISR,2015,62935624
Israel,ISR,2016,61164350
Israel,ISR,2017,58849100
Israel,ISR,2018,59985932
Israel,ISR,2019,58950148
Israel,ISR,2020,59285372
Israel,ISR,2021,58950084
Israel,ISR,2022,62267304
Israel,ISR,2023,55381996
Israel,ISR,2024,52637136
Italy,ITA,1860,29312
Italy,ITA,1861,670512
Italy,ITA,1862,1227440
Italy,ITA,1863,1069888
Italy,ITA,1864,1604832
Italy,ITA,1865,1271408
Italy,ITA,1866,1476592
Italy,ITA,1867,1469264
Italy,ITA,1868,1696432
Italy,ITA,1869,1872304
Italy,ITA,1870,2678384
Italy,ITA,1871,2308320
Italy,ITA,1872,2975168
Italy,ITA,1873,2769984
Italy,ITA,1874,2997152
Italy,ITA,1875,3066768
Italy,ITA,1876,4107344.2
Italy,ITA,1877,3803232
Italy,ITA,1878,3784912
Italy,ITA,1879,4356496
Italy,ITA,1880,5067312
Italy,ITA,1881,5957664
Italy,ITA,1882,6272768
Italy,ITA,1883,6646496
Italy,ITA,1884,7360976
Italy,ITA,1885,8375904
Italy,ITA,1886,8328272
Italy,ITA,1887,10149280
Italy,ITA,1888,10896736
Italy,ITA,1889,11255808
Italy,ITA,1890,12208448
Italy,ITA,1891,10999328
Italy,ITA,1892,10889408
Italy,ITA,1893,10523008
Italy,ITA,1894,13062160
Italy,ITA,1895,12021584
Italy,ITA,1896,11424352
Italy,ITA,1897,11918992
Italy,ITA,1898,12402640
Italy,ITA,1899,13589776
Italy,ITA,1900,13908544
Italy,ITA,1901,13520160
Italy,ITA,1902,15015072
Italy,ITA,1903,15315520
Italy,ITA,1904,16187551
Italy,ITA,1905,17843680
Italy,ITA,1906,21089984
Italy,ITA,1907,22808400
Italy,ITA,1908,23262736
Italy,ITA,1909,25702960
Italy,ITA,1910,25735936
Italy,ITA,1911,26538352
Italy,ITA,1912,27850064
Italy,ITA,1913,29964192
Italy,ITA,1914,27238176
Italy,ITA,1915,23779360
Italy,ITA,1916,23511888
Italy,ITA,1917,16121599
Italy,ITA,1918,18979520
Italy,ITA,1919,18609456
Italy,ITA,1920,17869328
Italy,ITA,1921,21881408
Italy,ITA,1922,25699296
Italy,ITA,1923,26824144
Italy,ITA,1924,32180912
Italy,ITA,1925,30968128
Italy,ITA,1926,35841250
Italy,ITA,1927,40384610
Italy,ITA,1928,38148140
Italy,ITA,1929,44027132
Italy,ITA,1930,39549784
Italy,ITA,1931,34172700
Italy,ITA,1932,28064604
Italy,ITA,1933,30473790
Italy,ITA,1934,39660990
Italy,ITA,1935,45376240
Italy,ITA,1936,31989586
Italy,ITA,1937,45174150
Italy,ITA,1938,44978956
Italy,ITA,1939,46120100
Italy,ITA,1940,49030564
Italy,ITA,1941,42894144
Italy,ITA,1942,41888780
Italy,ITA,1943,7112232
Italy,ITA,1944,3577930
Italy,ITA,1945,4351886
Italy,ITA,1946,22166356
Italy,ITA,1947,36786412
Italy,ITA,1948,35528084
Italy,ITA,1949,39771060
Italy,ITA,1950,41430596
Italy,ITA,1951,48822436
Italy,ITA,1952,50620580
Italy,ITA,1953,55998240
Italy,ITA,1954,64945404
Italy,ITA,1955,73273290
Italy,ITA,1956,83478720
Italy,ITA,1957,87081630
Italy,ITA,1958,87602310
Italy,ITA,1959,94095600
Italy,ITA,1960,109217740
Italy,ITA,1961,124393220
Italy,ITA,1962,146269900
Italy,ITA,1963,164574560
Italy,ITA,1964,175743300
Italy,ITA,1965,189543020
Italy,ITA,1966,213997100
Italy,ITA,1967,234148060
Italy,ITA,1968,249186820
Italy,ITA,1969,269675620
Italy,ITA,1970,296379200
Italy,ITA,1971,311060200
Italy,ITA,1972,328244800
Italy,ITA,1973,353356260
Italy,ITA,1974,358260260
Italy,ITA,1975,341056130
Italy,ITA,1976,365799140
Italy,ITA,1977,354421280
Italy,ITA,1978,371277500
Italy,ITA,1979,385259200
Italy,ITA,1980,386436670
Italy,ITA,1981,375307260
Italy,ITA,1982,366882900
Italy,ITA,1983,358409100
Italy,ITA,1984,364604740
Italy,ITA,1985,368986050
Italy,ITA,1986,363187620
Italy,ITA,1987,380098750
Italy,ITA,1988,385962240
Italy,ITA,1989,404741950
Italy,ITA,1990,438208030
Italy,ITA,1991,437741820
Italy,ITA,1992,437936500
Italy,ITA,1993,430267780
Italy,ITA,1994,424506720
Italy,ITA,1995,448595840
Italy,ITA,1996,442842900
Italy,ITA,1997,448570940
Italy,ITA,1998,460824400
Italy,ITA,1999,465507840
Italy,ITA,2000,469598270
Italy,ITA,2001,469679260
Italy,ITA,2002,477136320
Italy,ITA,2003,495093800
Italy,ITA,2004,500687230
Italy,ITA,2005,501365470
Italy,ITA,2006,496074620
Italy,ITA,2007,489793630
Italy,ITA,2008,478131970
Italy,ITA,2009,424032030
Italy,ITA,2010,435672030
Italy,ITA,2011,423897120
Italy,ITA,2012,403443520
Italy,ITA,2013,369460540
Italy,ITA,2014,349388960
Italy,ITA,2015,361243700
Italy,ITA,2016,358133150
Italy,ITA,2017,352666240
Italy,ITA,2018,349048350
Italy,ITA,2019,339637950
Italy,ITA,2020,302600100
Italy,ITA,2021,335930430
Italy,ITA,2022,340114720
Italy,ITA,2023,312290660
Italy,ITA,2024,301929760
Jamaica,JAM,1950,271136
Jamaica,JAM,1951,520288
Jamaica,JAM,1952,563959
Jamaica,JAM,1953,615136
Jamaica,JAM,1954,791038
Jamaica,JAM,1955,985170
Jamaica,JAM,1956,1259881
Jamaica,JAM,1957,1604238
Jamaica,JAM,1958,1354969
Jamaica,JAM,1959,1838526
Jamaica,JAM,1960,1468402
Jamaica,JAM,1961,2127922
Jamaica,JAM,1962,2116990
Jamaica,JAM,1963,2395454
Jamaica,JAM,1964,4062248.2
Jamaica,JAM,1965,2988577
Jamaica,JAM,1966,3516015
Jamaica,JAM,1967,3864153
Jamaica,JAM,1968,3878512
Jamaica,JAM,1969,4266897
Jamaica,JAM,1970,4988584
Jamaica,JAM,1971,5747217
Jamaica,JAM,1972,6282311
Jamaica,JAM,1973,8290351
Jamaica,JAM,1974,7594310
Jamaica,JAM,1975,8180667
Jamaica,JAM,1976,7275862
Jamaica,JAM,1977,7440922
Jamaica,JAM,1978,9111866
Jamaica,JAM,1979,8529469
Jamaica,JAM,1980,8445355
Jamaica,JAM,1981,7408473
Jamaica,JAM,1982,6214029
Jamaica,JAM,1983,6444906
Jamaica,JAM,1984,5140603
Jamaica,JAM,1985,5041745
Jamaica,JAM,1986,4547176
Jamaica,JAM,1987,5379035
Jamaica,JAM,1988,4525484
Jamaica,JAM,1989,6724091
Jamaica,JAM,1990,7527165
Jamaica,JAM,1991,7750991
Jamaica,JAM,1992,7708731
Jamaica,JAM,1993,8000958.5
Jamaica,JAM,1994,8188610
Jamaica,JAM,1995,9173406
Jamaica,JAM,1996,9687622
Jamaica,JAM,1997,10068187
Jamaica,JAM,1998,9694035
Jamaica,JAM,1999,9958188
Jamaica,JAM,2000,10313990
Jamaica,JAM,2001,10576440
Jamaica,JAM,2002,10202580
Jamaica,JAM,2003,10667060
Jamaica,JAM,2004,10574223
Jamaica,JAM,2005,10412875
Jamaica,JAM,2006,11573642
Jamaica,JAM,2007,10749231
Jamaica,JAM,2008,10775971
Jamaica,JAM,2009,7937452
Jamaica,JAM,2010,7677295
Jamaica,JAM,2011,8226292.5
Jamaica,JAM,2012,7887181
Jamaica,JAM,2013,8466728
Jamaica,JAM,2014,7675470
Jamaica,JAM,2015,7966219
Jamaica,JAM,2016,8134120
Jamaica,JAM,2017,7768234
Jamaica,JAM,2018,8060650
Jamaica,JAM,2019,9439483
Jamaica,JAM,2020,6865834
Jamaica,JAM,2021,7312535
Jamaica,JAM,2022,7907611
Jamaica,JAM,2023,8068915.5
Jamaica,JAM,2024,8401763
Japan,JPN,1868,10992
Japan,JPN,1869,18320
Japan,JPN,1870,18320
Japan,JPN,1871,25648
Japan,JPN,1872,32976
Japan,JPN,1873,40304
Japan,JPN,1874,586240
Japan,JPN,1875,1439952
Japan,JPN,1876,1403312
Japan,JPN,1877,1289728
Japan,JPN,1878,1857648
Japan,JPN,1879,2315648
Japan,JPN,1880,2348624
Japan,JPN,1881,2414576
Japan,JPN,1882,2513504
Japan,JPN,1883,2711360
Japan,JPN,1884,2956848
Japan,JPN,1885,3348896
Japan,JPN,1886,3605376
Japan,JPN,1887,4473744
Japan,JPN,1888,5169904
Japan,JPN,1889,6254448
Japan,JPN,1890,6756416
Japan,JPN,1891,8123088
Japan,JPN,1892,8075455.5
Japan,JPN,1893,8573760
Japan,JPN,1894,11024976
Japan,JPN,1895,12226768
Japan,JPN,1896,12915600
Japan,JPN,1897,13542144
Japan,JPN,1898,17246448
Japan,JPN,1899,17272096
Japan,JPN,1900,19411872
Japan,JPN,1901,23273728
Japan,JPN,1902,24944512
Japan,JPN,1903,25787232
Japan,JPN,1904,29051856
Japan,JPN,1905,29931216
Japan,JPN,1906,32855088
Japan,JPN,1907,35071810
Japan,JPN,1908,37632944
Japan,JPN,1909,38255824
Japan,JPN,1910,39384336
Japan,JPN,1911,44209824
Japan,JPN,1912,49280800
Japan,JPN,1913,54315136
Japan,JPN,1914,58015776
Japan,JPN,1915,52842210
Japan,JPN,1916,58598350
Japan,JPN,1917,67483550
Japan,JPN,1918,71543260
Japan,JPN,1919,79193700
Japan,JPN,1920,74280270
Japan,JPN,1921,66809380
Japan,JPN,1922,71429680
Japan,JPN,1923,75907090
Japan,JPN,1924,79347580
Japan,JPN,1925,82011310
Japan,JPN,1926,82604880
Japan,JPN,1927,89482210
Japan,JPN,1928,92390570
Japan,JPN,1929,94880340
Japan,JPN,1930,86165784
Japan,JPN,1931,77904010
Japan,JPN,1932,77980500
Japan,JPN,1933,91342500
Japan,JPN,1934,101202820
Japan,JPN,1935,106382490
Japan,JPN,1936,116849070
Japan,JPN,1937,125430960
Japan,JPN,1938,131735120
Japan,JPN,1939,127746840
Japan,JPN,1940,153244270
Japan,JPN,1941,154604580
Japan,JPN,1942,147791840
Japan,JPN,1943,150637470
Japan,JPN,1944,138732700
Japan,JPN,1945,76635160
Japan,JPN,1946,52706560
Japan,JPN,1947,70032370
Japan,JPN,1948,88082370
Japan,JPN,1949,98420104
Japan,JPN,1950,102540984
Japan,JPN,1951,123380700
Japan,JPN,1952,130362000
Japan,JPN,1953,145868600
Japan,JPN,1954,142662190
Japan,JPN,1955,142006910
Japan,JPN,1956,160800780
Japan,JPN,1957,188279260
Japan,JPN,1958,181420860
Japan,JPN,1959,192920450
Japan,JPN,1960,232829570
Japan,JPN,1961,283131330
Japan,JPN,1962,293278460
Japan,JPN,1963,325267800
Japan,JPN,1964,359352600
Japan,JPN,1965,386969630
Japan,JPN,1966,419780260
Japan,JPN,1967,489915650
Japan,JPN,1968,562568260
Japan,JPN,1969,653852800
Japan,JPN,1970,769747650
Japan,JPN,1971,799647100
Japan,JPN,1972,861053600
Japan,JPN,1973,914265900
Japan,JPN,1974,914306240
Japan,JPN,1975,869814900
Japan,JPN,1976,909575100
Japan,JPN,1977,935554000
Japan,JPN,1978,905087550
Japan,JPN,1979,957147100
Japan,JPN,1980,948551700
Japan,JPN,1981,930377400
Japan,JPN,1982,900724400
Japan,JPN,1983,884423800
Japan,JPN,1984,940541800
Japan,JPN,1985,915276160
Japan,JPN,1986,914048900
Japan,JPN,1987,902207500
Japan,JPN,1988,984698500
Japan,JPN,1989,1021297860
Japan,JPN,1990,1154853200
Japan,JPN,1991,1166552400
Japan,JPN,1992,1175454300
Japan,JPN,1993,1169328000
Japan,JPN,1994,1223158300
Japan,JPN,1995,1235873200
Japan,JPN,1996,1248690000
Japan,JPN,1997,1240980400
Japan,JPN,1998,1201334400
Japan,JPN,1999,1238121000
Japan,JPN,2000,1260203000
Japan,JPN,2001,1245935200
Japan,JPN,2002,1275420300
Japan,JPN,2003,1283845000
Japan,JPN,2004,1279121500
Japan,JPN,2005,1286412300
Japan,JPN,2006,1263440400
Japan,JPN,2007,1298973600
Japan,JPN,2008,1228686700
Japan,JPN,2009,1160252800
Japan,JPN,2010,1211090300
Japan,JPN,2011,1261180500
Japan,JPN,2012,1302112500
Japan,JPN,2013,1311875600
Japan,JPN,2014,1260272400
Japan,JPN,2015,1219982500
Japan,JPN,2016,1199932900
Japan,JPN,2017,1184391700
Japan,JPN,2018,1138549800
Japan,JPN,2019,1102063000
Japan,JPN,2020,1037284700
Japan,JPN,2021,1058501800
Japan,JPN,2022,1029644900
Japan,JPN,2023,986910140
Japan,JPN,2024,961867300
Jordan,JOR,1950,172208
Jordan,JOR,1951,161216
Jordan,JOR,1952,194192
Jordan,JOR,1953,212512
Jordan,JOR,1954,252549
Jordan,JOR,1955,380699
Jordan,JOR,1956,450345
Jordan,JOR,1957,494194
Jordan,JOR,1958,523506
Jordan,JOR,1959,655410
Jordan,JOR,1960,743138
Jordan,JOR,1961,977397
Jordan,JOR,1962,1046952.94
Jordan,JOR,1963,1218953
Jordan,JOR,1964,1240848
Jordan,JOR,1965,1420414
Jordan,JOR,1966,1581332
Jordan,JOR,1967,1412997
Jordan,JOR,1968,1503972
Jordan,JOR,1969,1756788
Jordan,JOR,1970,1555684
Jordan,JOR,1971,1654434
Jordan,JOR,1972,1913598
Jordan,JOR,1973,2199568
Jordan,JOR,1974,2225305
Jordan,JOR,1975,2489202
Jordan,JOR,1976,2946837
Jordan,JOR,1977,3158660
Jordan,JOR,1978,3634438
Jordan,JOR,1979,3787321
Jordan,JOR,1980,4714848
Jordan,JOR,1981,5849312
Jordan,JOR,1982,6278894
Jordan,JOR,1983,7342431
Jordan,JOR,1984,8321468.5
Jordan,JOR,1985,8505931
Jordan,JOR,1986,9247445
Jordan,JOR,1987,9619477
Jordan,JOR,1988,9276380
Jordan,JOR,1989,9192353
Jordan,JOR,1990,10590403
Jordan,JOR,1991,9991096
Jordan,JOR,1992,12188864
Jordan,JOR,1993,12008472
Jordan,JOR,1994,13521499
Jordan,JOR,1995,13451244
Jordan,JOR,1996,14073579
Jordan,JOR,1997,14308130
Jordan,JOR,1998,14447417
Jordan,JOR,1999,14467326
Jordan,JOR,2000,15400890
Jordan,JOR,2001,15857936
Jordan,JOR,2002,16707088
Jordan,JOR,2003,17273348
Jordan,JOR,2004,19003282
Jordan,JOR,2005,20790354
Jordan,JOR,2006,20829494
Jordan,JOR,2007,21700136
Jordan,JOR,2008,20987296
Jordan,JOR,2009,21545008
Jordan,JOR,2010,20838342
Jordan,JOR,2011,21409422
Jordan,JOR,2012,24069098
Jordan,JOR,2013,24060996
Jordan,JOR,2014,26164846
Jordan,JOR,2015,25799390
Jordan,JOR,2016,24949460
Jordan,JOR,2017,26079932
Jordan,JOR,2018,25419166
Jordan,JOR,2019,24569784
Jordan,JOR,2020,20621556
Jordan,JOR,2021,21190126
Jordan,JOR,2022,22427682
Jordan,JOR,2023,23119264
Jordan,JOR,2024,23219138
Kazakhstan,KAZ,1830,1216
Kazakhstan,KAZ,1831,1459
Kazakhstan,KAZ,1832,973
Kazakhstan,KAZ,1833,1216
Kazakhstan,KAZ,1850,7537
Kazakhstan,KAZ,1855,22856
Kazakhstan,KAZ,1858,32095
Kazakhstan,KAZ,1859,34040
Kazakhstan,KAZ,1860,44982
Kazakhstan,KAZ,1861,57139
Kazakhstan,KAZ,1862,51547
Kazakhstan,KAZ,1863,53978
Kazakhstan,KAZ,1864,60543
Kazakhstan,KAZ,1865,57868
Kazakhstan,KAZ,1866,182845
Kazakhstan,KAZ,1867,209834
Kazakhstan,KAZ,1868,174578
Kazakhstan,KAZ,1869,236823
Kazakhstan,KAZ,1870,257004
Kazakhstan,KAZ,1871,346967
Kazakhstan,KAZ,1872,356207
Kazakhstan,KAZ,1873,334324
Kazakhstan,KAZ,1874,405808
Kazakhstan,KAZ,1875,467081
Kazakhstan,KAZ,1876,579900
Kazakhstan,KAZ,1877,591814
Kazakhstan,KAZ,1878,773443
Kazakhstan,KAZ,1879,793624
Kazakhstan,KAZ,1880,931001
Kazakhstan,KAZ,1881,980603
Kazakhstan,KAZ,1882,1032879
Kazakhstan,KAZ,1883,1175605
Kazakhstan,KAZ,1884,1193597
Kazakhstan,KAZ,1885,1300095
Kazakhstan,KAZ,1886,1333405
Kazakhstan,KAZ,1887,1410969
Kazakhstan,KAZ,1888,1471755
Kazakhstan,KAZ,1889,1589437
Kazakhstan,KAZ,1890,1800000
Kazakhstan,KAZ,1891,1981872
Kazakhstan,KAZ,1892,2097852
Kazakhstan,KAZ,1893,2458922
Kazakhstan,KAZ,1894,2504390
Kazakhstan,KAZ,1895,2877617
Kazakhstan,KAZ,1896,2929407
Kazakhstan,KAZ,1897,3387005
Kazakhstan,KAZ,1898,3798649
Kazakhstan,KAZ,1899,4406754
Kazakhstan,KAZ,1900,4992004
Kazakhstan,KAZ,1901,5125004
Kazakhstan,KAZ,1902,4949940
Kazakhstan,KAZ,1903,4841983
Kazakhstan,KAZ,1904,5387114
Kazakhstan,KAZ,1905,4808672
Kazakhstan,KAZ,1906,5484858
Kazakhstan,KAZ,1907,6143537
Kazakhstan,KAZ,1908,6181224
Kazakhstan,KAZ,1909,6525031
Kazakhstan,KAZ,1910,6399082
Kazakhstan,KAZ,1911,6634446
Kazakhstan,KAZ,1912,7515359
Kazakhstan,KAZ,1913,8164069
Kazakhstan,KAZ,1914,7368257
Kazakhstan,KAZ,1915,6763069
Kazakhstan,KAZ,1916,7208267
Kazakhstan,KAZ,1917,6633960
Kazakhstan,KAZ,1918,2645657
Kazakhstan,KAZ,1919,2259787
Kazakhstan,KAZ,1920,2060651.1
Kazakhstan,KAZ,1921,2234743
Kazakhstan,KAZ,1922,2725409
Kazakhstan,KAZ,1923,3010618
Kazakhstan,KAZ,1924,3586870
Kazakhstan,KAZ,1925,3540187
Kazakhstan,KAZ,1926,5129380
Kazakhstan,KAZ,1927,6377199
Kazakhstan,KAZ,1928,7103472
Kazakhstan,KAZ,1929,7651669
Kazakhstan,KAZ,1930,10395429
Kazakhstan,KAZ,1931,12485385
Kazakhstan,KAZ,1932,14069241
Kazakhstan,KAZ,1933,15715148
Kazakhstan,KAZ,1934,19012654
Kazakhstan,KAZ,1935,21527010
Kazakhstan,KAZ,1936,24692850
Kazakhstan,KAZ,1937,25243852
Kazakhstan,KAZ,1938,26643024
Kazakhstan,KAZ,1939,26969240
Kazakhstan,KAZ,1940,32325200
Kazakhstan,KAZ,1941,28405022
Kazakhstan,KAZ,1942,15410267
Kazakhstan,KAZ,1943,16083048
Kazakhstan,KAZ,1944,23323412
Kazakhstan,KAZ,1945,24712652
Kazakhstan,KAZ,1946,27787980
Kazakhstan,KAZ,1947,33469296
Kazakhstan,KAZ,1948,35630964
Kazakhstan,KAZ,1949,40509256
Kazakhstan,KAZ,1950,45172436
Kazakhstan,KAZ,1951,48969176
Kazakhstan,KAZ,1952,52446890
Kazakhstan,KAZ,1953,55497036
Kazakhstan,KAZ,1954,60628756
Kazakhstan,KAZ,1955,68757180
Kazakhstan,KAZ,1956,75382990
Kazakhstan,KAZ,1957,82503340
Kazakhstan,KAZ,1958,88075490
Kazakhstan,KAZ,1959,92625870
Kazakhstan,KAZ,1960,96467340
Kazakhstan,KAZ,1961,99489820
Kazakhstan,KAZ,1962,104415490
Kazakhstan,KAZ,1963,111949260
Kazakhstan,KAZ,1964,119029920
Kazakhstan,KAZ,1965,126268980
Kazakhstan,KAZ,1966,133350820
Kazakhstan,KAZ,1967,139409340
Kazakhstan,KAZ,1968,143288750
Kazakhstan,KAZ,1969,149192270
Kazakhstan,KAZ,1970,156965000
Kazakhstan,KAZ,1971,166437680
Kazakhstan,KAZ,1972,175003420
Kazakhstan,KAZ,1973,182271620
Kazakhstan,KAZ,1974,189074980
Kazakhstan,KAZ,1975,198610240
Kazakhstan,KAZ,1976,206067310
Kazakhstan,KAZ,1977,212882820
Kazakhstan,KAZ,1978,219991650
Kazakhstan,KAZ,1979,221656770
Kazakhstan,KAZ,1980,230263420
Kazakhstan,KAZ,1981,225577980
Kazakhstan,KAZ,1982,229742240
Kazakhstan,KAZ,1983,232791630
Kazakhstan,KAZ,1984,234663020
Kazakhstan,KAZ,1985,253150020
Kazakhstan,KAZ,1986,258133600
Kazakhstan,KAZ,1987,256684910
Kazakhstan,KAZ,1988,273732860
Kazakhstan,KAZ,1989,264606140
Kazakhstan,KAZ,1990,267405360
Kazakhstan,KAZ,1991,260420500
Kazakhstan,KAZ,1992,233523400
Kazakhstan,KAZ,1993,207558720
Kazakhstan,KAZ,1994,174671120
Kazakhstan,KAZ,1995,168467980
Kazakhstan,KAZ,1996,154715700
Kazakhstan,KAZ,1997,147293120
Kazakhstan,KAZ,1998,145621870
Kazakhstan,KAZ,1999,118761624
Kazakhstan,KAZ,2000,142196980
Kazakhstan,KAZ,2001,138036500
Kazakhstan,KAZ,2002,156768220
Kazakhstan,KAZ,2003,175021970
Kazakhstan,KAZ,2004,185475840
Kazakhstan,KAZ,2005,198448540
Kazakhstan,KAZ,2006,219633150
Kazakhstan,KAZ,2007,225712400
Kazakhstan,KAZ,2008,226102380
Kazakhstan,KAZ,2009,223189230
Kazakhstan,KAZ,2010,248092770
Kazakhstan,KAZ,2011,238156960
Kazakhstan,KAZ,2012,245262910
Kazakhstan,KAZ,2013,253532740
Kazakhstan,KAZ,2014,299137340
Kazakhstan,KAZ,2015,303052300
Kazakhstan,KAZ,2016,301738800
Kazakhstan,KAZ,2017,317720420
Kazakhstan,KAZ,2018,329572130
Kazakhstan,KAZ,2019,296039600
Kazakhstan,KAZ,2020,281789200
Kazakhstan,KAZ,2021,244903710
Kazakhstan,KAZ,2022,274345570
Kazakhstan,KAZ,2023,286174900
Kazakhstan,KAZ,2024,287005950
Kenya,KEN,1950,908672
Kenya,KEN,1951,1392231
Kenya,KEN,1952,1590057
Kenya,KEN,1953,1513083
Kenya,KEN,1954,1699799
Kenya,KEN,1955,1985353
Kenya,KEN,1956,2219641
Kenya,KEN,1957,2281840
Kenya,KEN,1958,2087589
Kenya,KEN,1959,2208112
Kenya,KEN,1960,2424144
Kenya,KEN,1961,2398585
Kenya,KEN,1962,2622025
Kenya,KEN,1963,2852859
Kenya,KEN,1964,2823250
Kenya,KEN,1965,2463914
Kenya,KEN,1966,2680084
Kenya,KEN,1967,2698436
Kenya,KEN,1968,2815420
Kenya,KEN,1969,3126468
Kenya,KEN,1970,3078215
Kenya,KEN,1971,3678457
Kenya,KEN,1972,3864626
Kenya,KEN,1973,3911642
Kenya,KEN,1974,4940146
Kenya,KEN,1975,4964733
Kenya,KEN,1976,4596803
Kenya,KEN,1977,5041415
Kenya,KEN,1978,5308186
Kenya,KEN,1979,5024581
Kenya,KEN,1980,6176564
Kenya,KEN,1981,6504883
Kenya,KEN,1982,4671812
Kenya,KEN,1983,4638105
Kenya,KEN,1984,4298116
Kenya,KEN,1985,3752740
Kenya,KEN,1986,4136123.2
Kenya,KEN,1987,5146062
Kenya,KEN,1988,4761761
Kenya,KEN,1989,5164357
Kenya,KEN,1990,5788842
Kenya,KEN,1991,4804756
Kenya,KEN,1992,5504709
Kenya,KEN,1993,6311647
Kenya,KEN,1994,6522694
Kenya,KEN,1995,7515300
Kenya,KEN,1996,9283094
Kenya,KEN,1997,8226742
Kenya,KEN,1998,9998502
Kenya,KEN,1999,10020533
Kenya,KEN,2000,10384895
Kenya,KEN,2001,9223600
Kenya,KEN,2002,7819113
Kenya,KEN,2003,6716151
Kenya,KEN,2004,7621342
Kenya,KEN,2005,8454166
Kenya,KEN,2006,9566836
Kenya,KEN,2007,9734023
Kenya,KEN,2008,10098609
Kenya,KEN,2009,12184812
Kenya,KEN,2010,11856819
Kenya,KEN,2011,12217645
Kenya,KEN,2012,11245819
Kenya,KEN,2013,12162930
Kenya,KEN,2014,13214406
Kenya,KEN,2015,15212208
Kenya,KEN,2016,16288698
Kenya,KEN,2017,16181103
Kenya,KEN,2018,17002858
Kenya,KEN,2019,18158882
Kenya,KEN,2020,19989572
Kenya,KEN,2021,20589818
Kenya,KEN,2022,20544366
Kenya,KEN,2023,21185722
Kenya,KEN,2024,21225434
Kiribati,KIR,1961,7328
Kiribati,KIR,1962,10992
Kiribati,KIR,1963,18320
Kiribati,KIR,1964,18320
Kiribati,KIR,1965,10992
Kiribati,KIR,1966,10992
Kiribati,KIR,1967,21984
Kiribati,KIR,1968,32976
Kiribati,KIR,1969,10992
Kiribati,KIR,1970,21984
Kiribati,KIR,1971,29312
Kiribati,KIR,1972,25648
Kiribati,KIR,1973,36640
Kiribati,KIR,1974,32976
Kiribati,KIR,1975,32976
Kiribati,KIR,1976,32976
Kiribati,KIR,1977,21984
Kiribati,KIR,1978,21984
Kiribati,KIR,1979,25648
Kiribati,KIR,1980,29312
Kiribati,KIR,1981,29312
Kiribati,KIR,1982,25648
Kiribati,KIR,1983,21984
Kiribati,KIR,1984,21984
Kiribati,KIR,1985,21984
Kiribati,KIR,1986,18320
Kiribati,KIR,1987,21984
Kiribati,KIR,1988,21984
Kiribati,KIR,1989,21984
Kiribati,KIR,1990,21984
Kiribati,KIR,1991,21984
Kiribati,KIR,1992,25648
Kiribati,KIR,1993,29312
Kiribati,KIR,1994,29312
Kiribati,KIR,1995,29312
Kiribati,KIR,1996,32976
Kiribati,KIR,1997,29312
Kiribati,KIR,1998,29312
Kiribati,KIR,1999,29312
Kiribati,KIR,2000,36640
Kiribati,KIR,2001,32976
Kiribati,KIR,2002,40304
Kiribati,KIR,2003,40304
Kiribati,KIR,2004,43968
Kiribati,KIR,2005,47632
Kiribati,KIR,2006,51296
Kiribati,KIR,2007,51296
Kiribati,KIR,2008,47632
Kiribati,KIR,2009,47632
Kiribati,KIR,2010,58624
Kiribati,KIR,2011,54960
Kiribati,KIR,2012,54960
Kiribati,KIR,2013,54960
Kiribati,KIR,2014,54960
Kiribati,KIR,2015,58624
Kiribati,KIR,2016,54960
Kiribati,KIR,2017,69616
Kiribati,KIR,2018,69616
Kiribati,KIR,2019,69616
Kiribati,KIR,2020,69616
Kiribati,KIR,2021,69616
Kiribati,KIR,2022,69616
Kiribati,KIR,2023,69287
Kiribati,KIR,2024,72456
Kosovo,OWID_KOS,1994,0
Kosovo,OWID_KOS,1995,0
Kosovo,OWID_KOS,1996,0
Kosovo,OWID_KOS,1997,0
Kosovo,OWID_KOS,1998,0
Kosovo,OWID_KOS,1999,0
Kosovo,OWID_KOS,2000,4807168
Kosovo,OWID_KOS,2001,6093232
Kosovo,OWID_KOS,2002,6060256
Kosovo,OWID_KOS,2003,6437648
Kosovo,OWID_KOS,2004,6616505
Kosovo,OWID_KOS,2005,6435256
Kosovo,OWID_KOS,2006,6488504
Kosovo,OWID_KOS,2007,6801637
Kosovo,OWID_KOS,2008,7358432
Kosovo,OWID_KOS,2009,8109154.5
Kosovo,OWID_KOS,2010,8354617
Kosovo,OWID_KOS,2011,8294393.5
Kosovo,OWID_KOS,2012,7847680
Kosovo,OWID_KOS,2013,7965702
Kosovo,OWID_KOS,2014,7129107
Kosovo,OWID_KOS,2015,8290589.5
Kosovo,OWID_KOS,2016,8793503
Kosovo,OWID_KOS,2017,8022662
Kosovo,OWID_KOS,2018,8044655
Kosovo,OWID_KOS,2019,8385858.5
Kosovo,OWID_KOS,2020,8451526
Kosovo,OWID_KOS,2021,8815831
Kosovo,OWID_KOS,2022,8569356
Kosovo,OWID_KOS,2023,8220213
Kosovo,OWID_KOS,2024,8049940
Kuwait,KWT,1946,2454880
Kuwait,KWT,1947,6749088
Kuwait,KWT,1948,337088
Kuwait,KWT,1949,1062560
Kuwait,KWT,1950,384720
Kuwait,KWT,1951,117248
Kuwait,KWT,1952,0
Kuwait,KWT,1953,0
Kuwait,KWT,1954,1403312
Kuwait,KWT,1955,1846656
Kuwait,KWT,1956,1040576
Kuwait,KWT,1957,2198400
Kuwait,KWT,1958,3689648
Kuwait,KWT,1959,3799568
Kuwait,KWT,1960,7796992
Kuwait,KWT,1961,9973408
Kuwait,KWT,1962,14278608
Kuwait,KWT,1963,17011952
Kuwait,KWT,1964,25314576
Kuwait,KWT,1965,35390576
Kuwait,KWT,1966,35123104
Kuwait,KWT,1967,25420832
Kuwait,KWT,1968,23149272
Kuwait,KWT,1969,26809488
Kuwait,KWT,1970,25021456
Kuwait,KWT,1971,27117264
Kuwait,KWT,1972,27611904
Kuwait,KWT,1973,24222704
Kuwait,KWT,1974,19312024
Kuwait,KWT,1975,16812936
Kuwait,KWT,1976,18457578
Kuwait,KWT,1977,17204174
Kuwait,KWT,1978,20979408
Kuwait,KWT,1979,17644994
Kuwait,KWT,1980,24643504
Kuwait,KWT,1981,25178484
Kuwait,KWT,1982,21135610
Kuwait,KWT,1983,21578792
Kuwait,KWT,1984,28329722
Kuwait,KWT,1985,29119912
Kuwait,KWT,1986,35276864
Kuwait,KWT,1987,31428694
Kuwait,KWT,1988,32873398
Kuwait,KWT,1989,35836540
Kuwait,KWT,1990,37863400
Kuwait,KWT,1991,492979420
Kuwait,KWT,1992,29683202
Kuwait,KWT,1993,49162756
Kuwait,KWT,1994,57264612
Kuwait,KWT,1995,56262870
Kuwait,KWT,1996,51768196
Kuwait,KWT,1997,56764860
Kuwait,KWT,1998,52910390
Kuwait,KWT,1999,55085210
Kuwait,KWT,2000,54979880
Kuwait,KWT,2001,59119360
Kuwait,KWT,2002,60113544
Kuwait,KWT,2003,62490804
Kuwait,KWT,2004,65855196
Kuwait,KWT,2005,74615270
Kuwait,KWT,2006,76221900
Kuwait,KWT,2007,77294950
Kuwait,KWT,2008,84442376
Kuwait,KWT,2009,88832100
Kuwait,KWT,2010,89721000
Kuwait,KWT,2011,87150870
Kuwait,KWT,2012,101200580
Kuwait,KWT,2013,83046690
Kuwait,KWT,2014,74993736
Kuwait,KWT,2015,93317470
Kuwait,KWT,2016,104018830
Kuwait,KWT,2017,100010360
Kuwait,KWT,2018,102453010
Kuwait,KWT,2019,104654216
Kuwait,KWT,2020,90102610
Kuwait,KWT,2021,87868850
Kuwait,KWT,2022,115848890
Kuwait,KWT,2023,123168720
Kuwait,KWT,2024,129518650
Kuwaiti Oil Fires (GCP),,1991,477924830
Kuwaiti Oil Fires (GCP),,1994,0
Kuwaiti Oil Fires (GCP),,1995,0
Kuwaiti Oil Fires (GCP),,1996,0
Kuwaiti Oil Fires (GCP),,1997,0
Kuwaiti Oil Fires (GCP),,1998,0
Kuwaiti Oil Fires (GCP),,1999,0
Kuwaiti Oil Fires (GCP),,2000,0
Kuwaiti Oil Fires (GCP),,2001,0
Kuwaiti Oil Fires (GCP),,2002,0
Kuwaiti Oil Fires (GCP),,2003,0
Kuwaiti Oil Fires (GCP),,2004,0
Kuwaiti Oil Fires (GCP),,2005,0
Kuwaiti Oil Fires (GCP),,2006,0
Kuwaiti Oil Fires (GCP),,2007,0
Kuwaiti Oil Fires (GCP),,2008,0
Kuwaiti Oil Fires (GCP),,2009,0
Kuwaiti Oil Fires (GCP),,2010,0
Kuwaiti Oil Fires (GCP),,2011,0
Kuwaiti Oil Fires (GCP),,2012,0
Kuwaiti Oil Fires (GCP),,2013,0
Kuwaiti Oil Fires (GCP),,2014,0
Kuwaiti Oil Fires (GCP),,2015,0
Kuwaiti Oil Fires (GCP),,2016,0
Kuwaiti Oil Fires (GCP),,2017,0
Kuwaiti Oil Fires (GCP),,2018,0
Kuwaiti Oil Fires (GCP),,2019,0
Kuwaiti Oil Fires (GCP),,2020,0
Kuwaiti Oil Fires (GCP),,2021,0
Kuwaiti Oil Fires (GCP),,2022,0
Kuwaiti Oil Fires (GCP),,2023,0
Kuwaiti Oil Fires (GCP),,2024,0
Kyrgyzstan,KGZ,1830,104
Kyrgyzstan,KGZ,1831,125.00001
Kyrgyzstan,KGZ,1832,83
Kyrgyzstan,KGZ,1833,104
Kyrgyzstan,KGZ,1850,647
Kyrgyzstan,KGZ,1855,1962
Kyrgyzstan,KGZ,1858,2755
Kyrgyzstan,KGZ,1859,2922
Kyrgyzstan,KGZ,1860,3861
Kyrgyzstan,KGZ,1861,4904
Kyrgyzstan,KGZ,1862,4424
Kyrgyzstan,KGZ,1863,4633
Kyrgyzstan,KGZ,1864,5196
Kyrgyzstan,KGZ,1865,4967
Kyrgyzstan,KGZ,1866,15693
Kyrgyzstan,KGZ,1867,18009
Kyrgyzstan,KGZ,1868,14983
Kyrgyzstan,KGZ,1869,20326
Kyrgyzstan,KGZ,1870,22058
Kyrgyzstan,KGZ,1871,29779
Kyrgyzstan,KGZ,1872,30572
Kyrgyzstan,KGZ,1873,28694
Kyrgyzstan,KGZ,1874,34829
Kyrgyzstan,KGZ,1875,40088
Kyrgyzstan,KGZ,1876,49771
Kyrgyzstan,KGZ,1877,50793
Kyrgyzstan,KGZ,1878,66382
Kyrgyzstan,KGZ,1879,68114
Kyrgyzstan,KGZ,1880,79905
Kyrgyzstan,KGZ,1881,84162
Kyrgyzstan,KGZ,1882,88648
Kyrgyzstan,KGZ,1883,100898
Kyrgyzstan,KGZ,1884,102442
Kyrgyzstan,KGZ,1885,111583
Kyrgyzstan,KGZ,1886,114441
Kyrgyzstan,KGZ,1887,121098
Kyrgyzstan,KGZ,1888,126315.99
Kyrgyzstan,KGZ,1889,136416
Kyrgyzstan,KGZ,1890,154488
Kyrgyzstan,KGZ,1891,170097
Kyrgyzstan,KGZ,1892,180051
Kyrgyzstan,KGZ,1893,211041
Kyrgyzstan,KGZ,1894,214943
Kyrgyzstan,KGZ,1895,246976
Kyrgyzstan,KGZ,1896,251421
Kyrgyzstan,KGZ,1897,290695
Kyrgyzstan,KGZ,1898,326025
Kyrgyzstan,KGZ,1899,378216
Kyrgyzstan,KGZ,1900,428446
Kyrgyzstan,KGZ,1901,439861
Kyrgyzstan,KGZ,1902,424836
Kyrgyzstan,KGZ,1903,415570
Kyrgyzstan,KGZ,1904,462357
Kyrgyzstan,KGZ,1905,412711
Kyrgyzstan,KGZ,1906,470746
Kyrgyzstan,KGZ,1907,527278
Kyrgyzstan,KGZ,1908,530513
Kyrgyzstan,KGZ,1909,560020
Kyrgyzstan,KGZ,1910,549211
Kyrgyzstan,KGZ,1911,569411
Kyrgyzstan,KGZ,1912,645017
Kyrgyzstan,KGZ,1913,700693
Kyrgyzstan,KGZ,1914,632391
Kyrgyzstan,KGZ,1915,580450
Kyrgyzstan,KGZ,1916,618660
Kyrgyzstan,KGZ,1917,569369
Kyrgyzstan,KGZ,1918,227067
Kyrgyzstan,KGZ,1919,193950
Kyrgyzstan,KGZ,1920,176858
Kyrgyzstan,KGZ,1921,191800
Kyrgyzstan,KGZ,1922,233912
Kyrgyzstan,KGZ,1923,258391
Kyrgyzstan,KGZ,1924,307848
Kyrgyzstan,KGZ,1925,303842
Kyrgyzstan,KGZ,1926,440237
Kyrgyzstan,KGZ,1927,547332
Kyrgyzstan,KGZ,1928,609317
Kyrgyzstan,KGZ,1929,656375
Kyrgyzstan,KGZ,1930,892079
Kyrgyzstan,KGZ,1931,1071436
Kyrgyzstan,KGZ,1932,1207130
Kyrgyzstan,KGZ,1933,1348363
Kyrgyzstan,KGZ,1934,1631190
Kyrgyzstan,KGZ,1935,1846753
Kyrgyzstan,KGZ,1936,2118152
Kyrgyzstan,KGZ,1937,2165533
Kyrgyzstan,KGZ,1938,2285579
Kyrgyzstan,KGZ,1939,2313568
Kyrgyzstan,KGZ,1940,2772938
Kyrgyzstan,KGZ,1941,2436871
Kyrgyzstan,KGZ,1942,1322609
Kyrgyzstan,KGZ,1943,1380351
Kyrgyzstan,KGZ,1944,2001766
Kyrgyzstan,KGZ,1945,2120466
Kyrgyzstan,KGZ,1946,2383986
Kyrgyzstan,KGZ,1947,2871237
Kyrgyzstan,KGZ,1948,3056398
Kyrgyzstan,KGZ,1949,3474833
Kyrgyzstan,KGZ,1950,3874508
Kyrgyzstan,KGZ,1951,4199987
Kyrgyzstan,KGZ,1952,4498353
Kyrgyzstan,KGZ,1953,4760020
Kyrgyzstan,KGZ,1954,5200088
Kyrgyzstan,KGZ,1955,5897370
Kyrgyzstan,KGZ,1956,6466082
Kyrgyzstan,KGZ,1957,7076848
Kyrgyzstan,KGZ,1958,7554927
Kyrgyzstan,KGZ,1959,7945421
Kyrgyzstan,KGZ,1960,8275396.5
Kyrgyzstan,KGZ,1961,8535374
Kyrgyzstan,KGZ,1962,8959523
Kyrgyzstan,KGZ,1963,9606445
Kyrgyzstan,KGZ,1964,10214127
Kyrgyzstan,KGZ,1965,10835712
Kyrgyzstan,KGZ,1966,11444406
Kyrgyzstan,KGZ,1967,11966843
Kyrgyzstan,KGZ,1968,12302215
Kyrgyzstan,KGZ,1969,12810962
Kyrgyzstan,KGZ,1970,13481653
Kyrgyzstan,KGZ,1971,14306076
Kyrgyzstan,KGZ,1972,15050849
Kyrgyzstan,KGZ,1973,15686771
Kyrgyzstan,KGZ,1974,16284117
Kyrgyzstan,KGZ,1975,17115124
Kyrgyzstan,KGZ,1976,17758716
Kyrgyzstan,KGZ,1977,18349320
Kyrgyzstan,KGZ,1978,18967164
Kyrgyzstan,KGZ,1979,19106486
Kyrgyzstan,KGZ,1980,19847288
Kyrgyzstan,KGZ,1981,19458402
Kyrgyzstan,KGZ,1982,19817096
Kyrgyzstan,KGZ,1983,20087730
Kyrgyzstan,KGZ,1984,20253148
Kyrgyzstan,KGZ,1985,21836838
Kyrgyzstan,KGZ,1986,21823764
Kyrgyzstan,KGZ,1987,21217606
Kyrgyzstan,KGZ,1988,21351716
Kyrgyzstan,KGZ,1989,20729724
Kyrgyzstan,KGZ,1990,19204034
Kyrgyzstan,KGZ,1991,15897467
Kyrgyzstan,KGZ,1992,11041681
Kyrgyzstan,KGZ,1993,8468166
Kyrgyzstan,KGZ,1994,6144479
Kyrgyzstan,KGZ,1995,4506950
Kyrgyzstan,KGZ,1996,5651918
Kyrgyzstan,KGZ,1997,5560681
Kyrgyzstan,KGZ,1998,5900999
Kyrgyzstan,KGZ,1999,4642439
Kyrgyzstan,KGZ,2000,4575258
Kyrgyzstan,KGZ,2001,3856740
Kyrgyzstan,KGZ,2002,4917247
Kyrgyzstan,KGZ,2003,5375527
Kyrgyzstan,KGZ,2004,5808160
Kyrgyzstan,KGZ,2005,5519072
Kyrgyzstan,KGZ,2006,5457268
Kyrgyzstan,KGZ,2007,6522285
Kyrgyzstan,KGZ,2008,7480887
Kyrgyzstan,KGZ,2009,6709287
Kyrgyzstan,KGZ,2010,6355656
Kyrgyzstan,KGZ,2011,7620172
Kyrgyzstan,KGZ,2012,10086689
Kyrgyzstan,KGZ,2013,9733813
Kyrgyzstan,KGZ,2014,10236388
Kyrgyzstan,KGZ,2015,10264781
Kyrgyzstan,KGZ,2016,9621676
Kyrgyzstan,KGZ,2017,9364119
Kyrgyzstan,KGZ,2018,11174909
Kyrgyzstan,KGZ,2019,9046661
Kyrgyzstan,KGZ,2020,8348490.5
Kyrgyzstan,KGZ,2021,10338292
Kyrgyzstan,KGZ,2022,11512894
Kyrgyzstan,KGZ,2023,11144427
Kyrgyzstan,KGZ,2024,11770158
Laos,LAO,1955,25648
Laos,LAO,1956,58624
Laos,LAO,1957,58624
Laos,LAO,1958,73280
Laos,LAO,1959,76944
Laos,LAO,1960,80608
Laos,LAO,1961,113584
Laos,LAO,1962,131904
Laos,LAO,1963,146560
Laos,LAO,1964,172208
Laos,LAO,1965,179536
Laos,LAO,1966,234496
Laos,LAO,1967,318768
Laos,LAO,1968,168544
Laos,LAO,1969,318768
Laos,LAO,1970,571584
Laos,LAO,1971,421360
Laos,LAO,1972,487312
Laos,LAO,1973,516623.97
Laos,LAO,1974,293120
Laos,LAO,1975,252815.98
Laos,LAO,1976,223504
Laos,LAO,1977,230832
Laos,LAO,1978,230832
Laos,LAO,1979,223504
Laos,LAO,1980,186864
Laos,LAO,1981,150224
Laos,LAO,1982,157552
Laos,LAO,1983,179536
Laos,LAO,1984,183200
Laos,LAO,1985,205184
Laos,LAO,1986,208848
Laos,LAO,1987,212512
Laos,LAO,1988,212512
Laos,LAO,1989,230832
Laos,LAO,1990,512960.03
Laos,LAO,1991,545936
Laos,LAO,1992,592750
Laos,LAO,1993,607425
Laos,LAO,1994,630600
Laos,LAO,1995,670880
Laos,LAO,1996,753378
Laos,LAO,1997,792409
Laos,LAO,1998,820068
Laos,LAO,1999,845680
Laos,LAO,2000,960400
Laos,LAO,2001,1059169
Laos,LAO,2002,1165768
Laos,LAO,2003,1220964
Laos,LAO,2004,1282484
Laos,LAO,2005,1337012
Laos,LAO,2006,1757335
Laos,LAO,2007,1835724
Laos,LAO,2008,2131341
Laos,LAO,2009,2667456
Laos,LAO,2010,3000849
Laos,LAO,2011,3096824
Laos,LAO,2012,3328366
Laos,LAO,2013,4198311
Laos,LAO,2014,4383017
Laos,LAO,2015,9184793
Laos,LAO,2016,16406527
Laos,LAO,2017,19624934
Laos,LAO,2018,20481498
Laos,LAO,2019,18339868
Laos,LAO,2020,18293558
Laos,LAO,2021,21836638
Laos,LAO,2022,22548782
Laos,LAO,2023,24157068
Laos,LAO,2024,24399926
Latvia,LVA,1830,122
Latvia,LVA,1831,147
Latvia,LVA,1832,98
Latvia,LVA,1833,122
Latvia,LVA,1850,759
Latvia,LVA,1855,2301
Latvia,LVA,1858,3231
Latvia,LVA,1859,3427
Latvia,LVA,1860,4529
Latvia,LVA,1861,5753
Latvia,LVA,1862,5190
Latvia,LVA,1863,5435
Latvia,LVA,1864,6095
Latvia,LVA,1865,5826
Latvia,LVA,1866,18409
Latvia,LVA,1867,21126
Latvia,LVA,1868,17577
Latvia,LVA,1869,23843
Latvia,LVA,1870,25875
Latvia,LVA,1871,34933
Latvia,LVA,1872,35863
Latvia,LVA,1873,33660
Latvia,LVA,1874,40857
Latvia,LVA,1875,47026
Latvia,LVA,1876,58385
Latvia,LVA,1877,59584
Latvia,LVA,1878,77871
Latvia,LVA,1879,79902
Latvia,LVA,1880,93734
Latvia,LVA,1881,98727
Latvia,LVA,1882,103991
Latvia,LVA,1883,118360
Latvia,LVA,1884,120172
Latvia,LVA,1885,130894.01
Latvia,LVA,1886,134248
Latvia,LVA,1887,142057
Latvia,LVA,1888,148177
Latvia,LVA,1889,160025
Latvia,LVA,1890,181225
Latvia,LVA,1891,199536
Latvia,LVA,1892,211213
Latvia,LVA,1893,247565
Latvia,LVA,1894,252143
Latvia,LVA,1895,289720
Latvia,LVA,1896,294934
Latvia,LVA,1897,341005
Latvia,LVA,1898,382449
Latvia,LVA,1899,443674
Latvia,LVA,1900,502596.97
Latvia,LVA,1901,515986.97
Latvia,LVA,1902,498362
Latvia,LVA,1903,487493
Latvia,LVA,1904,542377
Latvia,LVA,1905,484139
Latvia,LVA,1906,552217
Latvia,LVA,1907,618534
Latvia,LVA,1908,622328
Latvia,LVA,1909,656942
Latvia,LVA,1910,644262
Latvia,LVA,1911,667958
Latvia,LVA,1912,756649
Latvia,LVA,1913,821961
Latvia,LVA,1914,741839
Latvia,LVA,1915,680908
Latvia,LVA,1916,725731
Latvia,LVA,1917,667909
Latvia,LVA,1918,266366
Latvia,LVA,1919,227516
Latvia,LVA,1920,207467
Latvia,LVA,1921,224995
Latvia,LVA,1922,274395
Latvia,LVA,1923,303110
Latvia,LVA,1924,361127
Latvia,LVA,1925,356427
Latvia,LVA,1926,516428
Latvia,LVA,1927,642059
Latvia,LVA,1928,708716
Latvia,LVA,1929,762956
Latvia,LVA,1930,1043018
Latvia,LVA,1931,1253526
Latvia,LVA,1932,1409196
Latvia,LVA,1933,1573192
Latvia,LVA,1934,1899606
Latvia,LVA,1935,2149230
Latvia,LVA,1936,2458921
Latvia,LVA,1937,2513352
Latvia,LVA,1938,2647774
Latvia,LVA,1939,2678962
Latvia,LVA,1940,3245701
Latvia,LVA,1941,2852255
Latvia,LVA,1942,1551511
Latvia,LVA,1943,1619247
Latvia,LVA,1944,2348210
Latvia,LVA,1945,2484793
Latvia,LVA,1946,2791612
Latvia,LVA,1947,3361152
Latvia,LVA,1948,3576019
Latvia,LVA,1949,4065028.2
Latvia,LVA,1950,4530368
Latvia,LVA,1951,4909369
Latvia,LVA,1952,5257662
Latvia,LVA,1953,5562746
Latvia,LVA,1954,6075159
Latvia,LVA,1955,6889179
Latvia,LVA,1956,7555135
Latvia,LVA,1957,8268586
Latvia,LVA,1958,8827382
Latvia,LVA,1959,9282293
Latvia,LVA,1960,9666607
Latvia,LVA,1961,9972120
Latvia,LVA,1962,10470946
Latvia,LVA,1963,11231453
Latvia,LVA,1964,11946009
Latvia,LVA,1965,12674038
Latvia,LVA,1966,13386594
Latvia,LVA,1967,14002162
Latvia,LVA,1968,14399615
Latvia,LVA,1969,14999000
Latvia,LVA,1970,15779262
Latvia,LVA,1971,16752617
Latvia,LVA,1972,17636198
Latvia,LVA,1973,18392770
Latvia,LVA,1974,19106046
Latvia,LVA,1975,20093566
Latvia,LVA,1976,20867690
Latvia,LVA,1977,21580524
Latvia,LVA,1978,22326238
Latvia,LVA,1979,22509984
Latvia,LVA,1980,23394948
Latvia,LVA,1981,22964624
Latvia,LVA,1982,23396512
Latvia,LVA,1983,23736738
Latvia,LVA,1984,23951808
Latvia,LVA,1985,25819072
Latvia,LVA,1986,23608822
Latvia,LVA,1987,19294130
Latvia,LVA,1988,18865442
Latvia,LVA,1989,17943096
Latvia,LVA,1990,19661604
Latvia,LVA,1991,17919586
Latvia,LVA,1992,14193533
Latvia,LVA,1993,11921674
Latvia,LVA,1994,10370181
Latvia,LVA,1995,9133941
Latvia,LVA,1996,9211659
Latvia,LVA,1997,8679916
Latvia,LVA,1998,8306022.5
Latvia,LVA,1999,7717860
Latvia,LVA,2000,7081630
Latvia,LVA,2001,7496506
Latvia,LVA,2002,7520418
Latvia,LVA,2003,7726040
Latvia,LVA,2004,7731198
Latvia,LVA,2005,7810764
Latvia,LVA,2006,8310115
Latvia,LVA,2007,8637233
Latvia,LVA,2008,8198058
Latvia,LVA,2009,7456196
Latvia,LVA,2010,8554521
Latvia,LVA,2011,7808430
Latvia,LVA,2012,7519718
Latvia,LVA,2013,7368746
Latvia,LVA,2014,7172200
Latvia,LVA,2015,7262421
Latvia,LVA,2016,7210682
Latvia,LVA,2017,7215320
Latvia,LVA,2018,7843189
Latvia,LVA,2019,7633452
Latvia,LVA,2020,6999268
Latvia,LVA,2021,7218349
Latvia,LVA,2022,6607997
Latvia,LVA,2023,6589883
Latvia,LVA,2024,6461889
Lebanon,LBN,1931,3634
Lebanon,LBN,1932,10903
Lebanon,LBN,1933,14537
Lebanon,LBN,1935,50880
Lebanon,LBN,1936,58149
Lebanon,LBN,1937,61783
Lebanon,LBN,1938,61783
Lebanon,LBN,1939,58149
Lebanon,LBN,1940,21806
Lebanon,LBN,1941,21806
Lebanon,LBN,1942,348891
Lebanon,LBN,1943,36343
Lebanon,LBN,1944,65417
Lebanon,LBN,1945,72686
Lebanon,LBN,1946,72686
Lebanon,LBN,1947,83589
Lebanon,LBN,1948,101760
Lebanon,LBN,1949,116297
Lebanon,LBN,1950,1512165
Lebanon,LBN,1951,1457057
Lebanon,LBN,1952,1174985
Lebanon,LBN,1953,1248206
Lebanon,LBN,1954,1306681
Lebanon,LBN,1955,1621310
Lebanon,LBN,1956,1884999
Lebanon,LBN,1957,2064238.1
Lebanon,LBN,1958,1980174
Lebanon,LBN,1959,2448215
Lebanon,LBN,1960,2576004
Lebanon,LBN,1961,2678512
Lebanon,LBN,1962,2850779
Lebanon,LBN,1963,3022839
Lebanon,LBN,1964,3261058
Lebanon,LBN,1965,3311998
Lebanon,LBN,1966,3622932
Lebanon,LBN,1967,3564635
Lebanon,LBN,1968,3693317
Lebanon,LBN,1969,4344116
Lebanon,LBN,1970,3940725
Lebanon,LBN,1971,5300639
Lebanon,LBN,1972,5653358
Lebanon,LBN,1973,7066733
Lebanon,LBN,1974,7087861
Lebanon,LBN,1975,6265099
Lebanon,LBN,1976,5924023
Lebanon,LBN,1977,5385509
Lebanon,LBN,1978,5495880
Lebanon,LBN,1979,5785207
Lebanon,LBN,1980,5889758
Lebanon,LBN,1981,5844246
Lebanon,LBN,1982,5719422
Lebanon,LBN,1983,6942200
Lebanon,LBN,1984,6713183
Lebanon,LBN,1985,7764934
Lebanon,LBN,1986,7478448
Lebanon,LBN,1987,7670364
Lebanon,LBN,1988,7345655
Lebanon,LBN,1989,7720771
Lebanon,LBN,1990,7868195
Lebanon,LBN,1991,8115152.5
Lebanon,LBN,1992,9726913
Lebanon,LBN,1993,10354905
Lebanon,LBN,1994,11110825
Lebanon,LBN,1995,12254741
Lebanon,LBN,1996,12752780
Lebanon,LBN,1997,15098693
Lebanon,LBN,1998,16286495
Lebanon,LBN,1999,16429672
Lebanon,LBN,2000,15466264
Lebanon,LBN,2001,16406607
Lebanon,LBN,2002,16243744
Lebanon,LBN,2003,18529028
Lebanon,LBN,2004,17208414
Lebanon,LBN,2005,16650190
Lebanon,LBN,2006,14792376
Lebanon,LBN,2007,13746087
Lebanon,LBN,2008,17417774
Lebanon,LBN,2009,20957556
Lebanon,LBN,2010,19996596
Lebanon,LBN,2011,20264128
Lebanon,LBN,2012,22332032
Lebanon,LBN,2013,22163742
Lebanon,LBN,2014,23992028
Lebanon,LBN,2015,25731236
Lebanon,LBN,2016,26437870
Lebanon,LBN,2017,27820720
Lebanon,LBN,2018,25812102
Lebanon,LBN,2019,25141072
Lebanon,LBN,2020,23693950
Lebanon,LBN,2021,19474380
Lebanon,LBN,2022,15360705
Lebanon,LBN,2023,15558805
Lebanon,LBN,2024,15649973
Lesotho,LSO,1990,1472928
Lesotho,LSO,1991,1527888
Lesotho,LSO,1992,1586512
Lesotho,LSO,1993,1630480
Lesotho,LSO,1994,1674448
Lesotho,LSO,1995,1707424
Lesotho,LSO,1996,1736736
Lesotho,LSO,1997,1769712
Lesotho,LSO,1998,1802688
Lesotho,LSO,1999,1824672
Lesotho,LSO,2000,1850320
Lesotho,LSO,2001,1872304
Lesotho,LSO,2002,1905280
Lesotho,LSO,2003,1930928
Lesotho,LSO,2004,1978560
Lesotho,LSO,2005,2011535.9
Lesotho,LSO,2006,2033520
Lesotho,LSO,2007,2073823.9
Lesotho,LSO,2008,2121456
Lesotho,LSO,2009,2216720
Lesotho,LSO,2010,2275344
Lesotho,LSO,2011,2758992
Lesotho,LSO,2012,2791968
Lesotho,LSO,2013,2125120
Lesotho,LSO,2014,2242368
Lesotho,LSO,2015,2044512
Lesotho,LSO,2016,2026192
Lesotho,LSO,2017,2286336
Lesotho,LSO,2018,2165424
Lesotho,LSO,2019,2187408
Lesotho,LSO,2020,1985888
Lesotho,LSO,2021,3096080
Lesotho,LSO,2022,2551344
Lesotho,LSO,2023,2493633
Lesotho,LSO,2024,2571767
Liberia,LBR,1950,47632
Liberia,LBR,1951,43968
Liberia,LBR,1952,54960
Liberia,LBR,1953,58624
Liberia,LBR,1954,102592
Liberia,LBR,1955,58624
Liberia,LBR,1956,47632
Liberia,LBR,1957,84272
Liberia,LBR,1958,161216
Liberia,LBR,1959,142896
Liberia,LBR,1960,164880
Liberia,LBR,1961,161216
Liberia,LBR,1962,252815.98
Liberia,LBR,1963,355408
Liberia,LBR,1964,483648
Liberia,LBR,1965,556928
Liberia,LBR,1966,611888
Liberia,LBR,1967,611888
Liberia,LBR,1968,882816
Liberia,LBR,1969,1271111
Liberia,LBR,1970,1450587
Liberia,LBR,1971,1523867
Liberia,LBR,1972,1505547
Liberia,LBR,1973,1479899
Liberia,LBR,1974,1721723
Liberia,LBR,1975,1483563
Liberia,LBR,1976,1475601
Liberia,LBR,1977,1471362
Liberia,LBR,1978,1503152
Liberia,LBR,1979,1941899
Liberia,LBR,1980,2037558.1
Liberia,LBR,1981,1934943
Liberia,LBR,1982,597408
Liberia,LBR,1983,706518
Liberia,LBR,1984,695432
Liberia,LBR,1985,716084
Liberia,LBR,1986,722879
Liberia,LBR,1987,758462
Liberia,LBR,1988,809184
Liberia,LBR,1989,659594
Liberia,LBR,1990,456132
Liberia,LBR,1991,374548
Liberia,LBR,1992,391658
Liberia,LBR,1993,417301
Liberia,LBR,1994,415256
Liberia,LBR,1995,416069
Liberia,LBR,1996,427462
Liberia,LBR,1997,446187
Liberia,LBR,1998,473047
Liberia,LBR,1999,376138
Liberia,LBR,2000,402433
Liberia,LBR,2001,413754
Liberia,LBR,2002,432027
Liberia,LBR,2003,460659
Liberia,LBR,2004,542808
Liberia,LBR,2005,650572
Liberia,LBR,2006,669070
Liberia,LBR,2007,628785
Liberia,LBR,2008,530796
Liberia,LBR,2009,521983.03
Liberia,LBR,2010,709268
Liberia,LBR,2011,822404
Liberia,LBR,2012,915015
Liberia,LBR,2013,874265
Liberia,LBR,2014,733526
Liberia,LBR,2015,698691
Liberia,LBR,2016,646650
Liberia,LBR,2017,667364
Liberia,LBR,2018,608632
Liberia,LBR,2019,931662
Liberia,LBR,2020,776749
Liberia,LBR,2021,782557
Liberia,LBR,2022,863766
Liberia,LBR,2023,834001
Liberia,LBR,2024,859369
Libya,LBY,1950,142896
Libya,LBY,1951,168544
Libya,LBY,1952,164880
Libya,LBY,1953,249152
Libya,LBY,1954,300448
Libya,LBY,1955,428688
Libya,LBY,1956,329760
Libya,LBY,1957,311440
Libya,LBY,1958,351744
Libya,LBY,1959,432352
Libya,LBY,1960,692496
Libya,LBY,1961,1194464
Libya,LBY,1962,1047904
Libya,LBY,1963,1461936
Libya,LBY,1964,663184
Libya,LBY,1965,1014928
Libya,LBY,1966,2627088
Libya,LBY,1967,18492208
Libya,LBY,1968,30114416
Libya,LBY,1969,35522212
Libya,LBY,1970,32305104
Libya,LBY,1971,21628296
Libya,LBY,1972,15220018
Libya,LBY,1973,14575065
Libya,LBY,1974,9337575
Libya,LBY,1975,11568416
Libya,LBY,1976,17887864
Libya,LBY,1977,20198250
Libya,LBY,1978,21155382
Libya,LBY,1979,25926382
Libya,LBY,1980,26780556
Libya,LBY,1981,28667964
Libya,LBY,1982,30565102
Libya,LBY,1983,30146018
Libya,LBY,1984,28276210
Libya,LBY,1985,31002176
Libya,LBY,1986,33895492
Libya,LBY,1987,32348262
Libya,LBY,1988,36160364
Libya,LBY,1989,37068520
Libya,LBY,1990,36513784
Libya,LBY,1991,42619850
Libya,LBY,1992,37024420
Libya,LBY,1993,38708330
Libya,LBY,1994,51359944
Libya,LBY,1995,54595650
Libya,LBY,1996,53951944
Libya,LBY,1997,51778956
Libya,LBY,1998,51652640
Libya,LBY,1999,50259920
Libya,LBY,2000,53238540
Libya,LBY,2001,53113610
Libya,LBY,2002,52524996
Libya,LBY,2003,55480620
Libya,LBY,2004,56853804
Libya,LBY,2005,55985500
Libya,LBY,2006,51450012
Libya,LBY,2007,44391884
Libya,LBY,2008,49699240
Libya,LBY,2009,51626750
Libya,LBY,2010,59147924
Libya,LBY,2011,53542210
Libya,LBY,2012,61606492
Libya,LBY,2013,51343916
Libya,LBY,2014,68348400
Libya,LBY,2015,60866180
Libya,LBY,2016,57378880
Libya,LBY,2017,67092250
Libya,LBY,2018,62644524
Libya,LBY,2019,73778310
Libya,LBY,2020,36110628
Libya,LBY,2021,56312464
Libya,LBY,2022,58974004
Libya,LBY,2023,64219084
Libya,LBY,2024,65260070
Liechtenstein,LIE,1959,11707
Liechtenstein,LIE,1960,15447
Liechtenstein,LIE,1961,16863
Liechtenstein,LIE,1962,17356
Liechtenstein,LIE,1963,18768
Liechtenstein,LIE,1964,57505
Liechtenstein,LIE,1965,62467
Liechtenstein,LIE,1966,61096
Liechtenstein,LIE,1967,60649
Liechtenstein,LIE,1968,73834
Liechtenstein,LIE,1969,87555
Liechtenstein,LIE,1970,110996
Liechtenstein,LIE,1971,116195
Liechtenstein,LIE,1972,107516
Liechtenstein,LIE,1973,134552
Liechtenstein,LIE,1974,109170
Liechtenstein,LIE,1975,137450
Liechtenstein,LIE,1976,133660
Liechtenstein,LIE,1977,152267
Liechtenstein,LIE,1978,151880
Liechtenstein,LIE,1979,130660.99
Liechtenstein,LIE,1980,157815
Liechtenstein,LIE,1981,148209
Liechtenstein,LIE,1982,103785
Liechtenstein,LIE,1983,130692.01
Liechtenstein,LIE,1984,136431
Liechtenstein,LIE,1985,170211
Liechtenstein,LIE,1986,195124
Liechtenstein,LIE,1987,135103
Liechtenstein,LIE,1988,179001
Liechtenstein,LIE,1989,187125
Liechtenstein,LIE,1990,198971
Liechtenstein,LIE,1991,206329
Liechtenstein,LIE,1992,206950
Liechtenstein,LIE,1993,215034
Liechtenstein,LIE,1994,201111
Liechtenstein,LIE,1995,204202
Liechtenstein,LIE,1996,205960
Liechtenstein,LIE,1997,218373
Liechtenstein,LIE,1998,229235
Liechtenstein,LIE,1999,226562
Liechtenstein,LIE,2000,216857
Liechtenstein,LIE,2001,214668
Liechtenstein,LIE,2002,220015
Liechtenstein,LIE,2003,229349
Liechtenstein,LIE,2004,229383
Liechtenstein,LIE,2005,228962
Liechtenstein,LIE,2006,231089
Liechtenstein,LIE,2007,200734
Liechtenstein,LIE,2008,219470
Liechtenstein,LIE,2009,205338
Liechtenstein,LIE,2010,190783
Liechtenstein,LIE,2011,176727
Liechtenstein,LIE,2012,185263
Liechtenstein,LIE,2013,192493
Liechtenstein,LIE,2014,161186
Liechtenstein,LIE,2015,159668
Liechtenstein,LIE,2016,149653
Liechtenstein,LIE,2017,155476
Liechtenstein,LIE,2018,142573
Liechtenstein,LIE,2019,148655
Liechtenstein,LIE,2020,141605
Liechtenstein,LIE,2021,145595
Liechtenstein,LIE,2022,128336
Liechtenstein,LIE,2023,131221
Liechtenstein,LIE,2024,131624
Lithuania,LTU,1830,191
Lithuania,LTU,1831,229
Lithuania,LTU,1832,153
Lithuania,LTU,1833,191
Lithuania,LTU,1850,1184
Lithuania,LTU,1855,3589
Lithuania,LTU,1858,5040
Lithuania,LTU,1859,5345
Lithuania,LTU,1860,7064
Lithuania,LTU,1861,8973
Lithuania,LTU,1862,8093.9995
Lithuania,LTU,1863,8476
Lithuania,LTU,1864,9507
Lithuania,LTU,1865,9087
Lithuania,LTU,1866,28712
Lithuania,LTU,1867,32951
Lithuania,LTU,1868,27414
Lithuania,LTU,1869,37189
Lithuania,LTU,1870,40358
Lithuania,LTU,1871,54485
Lithuania,LTU,1872,55936
Lithuania,LTU,1873,52499
Lithuania,LTU,1874,63725.004
Lithuania,LTU,1875,73347
Lithuania,LTU,1876,91063
Lithuania,LTU,1877,92934
Lithuania,LTU,1878,121455
Lithuania,LTU,1879,124624
Lithuania,LTU,1880,146197
Lithuania,LTU,1881,153986
Lithuania,LTU,1882,162195
Lithuania,LTU,1883,184607
Lithuania,LTU,1884,187433
Lithuania,LTU,1885,204156
Lithuania,LTU,1886,209387
Lithuania,LTU,1887,221567
Lithuania,LTU,1888,231112
Lithuania,LTU,1889,249592
Lithuania,LTU,1890,282657
Lithuania,LTU,1891,311217
Lithuania,LTU,1892,329429
Lithuania,LTU,1893,386129
Lithuania,LTU,1894,393269
Lithuania,LTU,1895,451877
Lithuania,LTU,1896,460010
Lithuania,LTU,1897,531867
Lithuania,LTU,1898,596509
Lithuania,LTU,1899,692000
Lithuania,LTU,1900,783903
Lithuania,LTU,1901,804788
Lithuania,LTU,1902,777298
Lithuania,LTU,1903,760345
Lithuania,LTU,1904,845948
Lithuania,LTU,1905,755114
Lithuania,LTU,1906,861297
Lithuania,LTU,1907,964730
Lithuania,LTU,1908,970648
Lithuania,LTU,1909,1024637
Lithuania,LTU,1910,1004859
Lithuania,LTU,1911,1041819
Lithuania,LTU,1912,1180150
Lithuania,LTU,1913,1282018
Lithuania,LTU,1914,1157050
Lithuania,LTU,1915,1062017
Lithuania,LTU,1916,1131927
Lithuania,LTU,1917,1041741.94
Lithuania,LTU,1918,415452
Lithuania,LTU,1919,354858
Lithuania,LTU,1920,323588
Lithuania,LTU,1921,350926
Lithuania,LTU,1922,427976
Lithuania,LTU,1923,472762
Lithuania,LTU,1924,563252
Lithuania,LTU,1925,555922
Lithuania,LTU,1926,805476
Lithuania,LTU,1927,1001423
Lithuania,LTU,1928,1102934
Lithuania,LTU,1929,1188519
Lithuania,LTU,1930,1622475
Lithuania,LTU,1931,1950122
Lithuania,LTU,1932,2193778
Lithuania,LTU,1933,2453391
Lithuania,LTU,1934,2965089
Lithuania,LTU,1935,3351958
Lithuania,LTU,1936,3838049
Lithuania,LTU,1937,3928133
Lithuania,LTU,1938,4146428
Lithuania,LTU,1939,4197372
Lithuania,LTU,1940,5030329
Lithuania,LTU,1941,4421838
Lithuania,LTU,1942,2419901
Lithuania,LTU,1943,2525549
Lithuania,LTU,1944,3662516
Lithuania,LTU,1945,3863223
Lithuania,LTU,1946,4331518
Lithuania,LTU,1947,5210923
Lithuania,LTU,1948,5536428
Lithuania,LTU,1949,6291710
Lithuania,LTU,1950,7002975
Lithuania,LTU,1951,7582757
Lithuania,LTU,1952,8120311
Lithuania,LTU,1953,8589954
Lithuania,LTU,1954,9375104
Lithuania,LTU,1955,10630504
Lithuania,LTU,1956,11666252
Lithuania,LTU,1957,12767945
Lithuania,LTU,1958,13632305
Lithuania,LTU,1959,14331127
Lithuania,LTU,1960,14921524
Lithuania,LTU,1961,15398499
Lithuania,LTU,1962,16179802
Lithuania,LTU,1963,17366368
Lithuania,LTU,1964,18478924
Lithuania,LTU,1965,19603964
Lithuania,LTU,1966,20706378
Lithuania,LTU,1967,21673964
Lithuania,LTU,1968,22304778
Lithuania,LTU,1969,23247304
Lithuania,LTU,1970,24462224
Lithuania,LTU,1971,26009888
Lithuania,LTU,1972,27418106
Lithuania,LTU,1973,28633444
Lithuania,LTU,1974,29785214
Lithuania,LTU,1975,31358656
Lithuania,LTU,1976,32584964
Lithuania,LTU,1977,33721788
Lithuania,LTU,1978,34921790
Lithuania,LTU,1979,35219756
Lithuania,LTU,1980,36613720
Lithuania,LTU,1981,35991404
Lithuania,LTU,1982,36680820
Lithuania,LTU,1983,37242828
Lithuania,LTU,1984,37600516
Lithuania,LTU,1985,40510932
Lithuania,LTU,1986,36062584
Lithuania,LTU,1987,36071370
Lithuania,LTU,1988,36467444
Lithuania,LTU,1989,36816680
Lithuania,LTU,1990,35737676
Lithuania,LTU,1991,37820376
Lithuania,LTU,1992,21168442
Lithuania,LTU,1993,16319714
Lithuania,LTU,1994,15767042
Lithuania,LTU,1995,15057343
Lithuania,LTU,1996,15739963
Lithuania,LTU,1997,15162846
Lithuania,LTU,1998,15997053
Lithuania,LTU,1999,13449596
Lithuania,LTU,2000,11843035
Lithuania,LTU,2001,12593737
Lithuania,LTU,2002,12666029
Lithuania,LTU,2003,12659431
Lithuania,LTU,2004,13254143
Lithuania,LTU,2005,13862545
Lithuania,LTU,2006,14195265
Lithuania,LTU,2007,15473504
Lithuania,LTU,2008,14918791
Lithuania,LTU,2009,12829125
Lithuania,LTU,2010,13801892
Lithuania,LTU,2011,13959649
Lithuania,LTU,2012,14054137
Lithuania,LTU,2013,13148174
Lithuania,LTU,2014,12845803
Lithuania,LTU,2015,13045220
Lithuania,LTU,2016,13101518
Lithuania,LTU,2017,13277398
Lithuania,LTU,2018,13414424
Lithuania,LTU,2019,13647340
Lithuania,LTU,2020,13499604
Lithuania,LTU,2021,13778095
Lithuania,LTU,2022,12895064
Lithuania,LTU,2023,12507402
Lithuania,LTU,2024,12541509
Low-income countries,,1905,13885
Low-income countries,,1909,149260
Low-income countries,,1910,187443
Low-income countries,,1911,222154
Low-income countries,,1912,277693
Low-income countries,,1913,322818
Low-income countries,,1914,461664
Low-income countries,,1915,576212
Low-income countries,,1916,479020
Low-income countries,,1918,472077
Low-income countries,,1919,558856
Low-income countries,,1920,729136
Low-income countries,,1921,788339
Low-income countries,,1922,878974
Low-income countries,,1923,1115784
Low-income countries,,1924,1219341
Low-income countries,,1925,1772412
Low-income countries,,1926,1956383
Low-income countries,,1927,2055504
Low-income countries,,1928,2355329
Low-income countries,,1929,2671693
Low-income countries,,1930,2620561
Low-income countries,,1931,2616956
Low-income countries,,1932,2897794
Low-income countries,,1933,3342849
Low-income countries,,1934,4450871
Low-income countries,,1935,5213403
Low-income countries,,1936,6123519
Low-income countries,,1937,6645487
Low-income countries,,1938,8817427
Low-income countries,,1939,11443975
Low-income countries,,1940,14601361
Low-income countries,,1941,16288010
Low-income countries,,1942,18012496
Low-income countries,,1943,17547588
Low-income countries,,1944,18451552
Low-income countries,,1945,310314
Low-income countries,,1946,460454
Low-income countries,,1947,485870
Low-income countries,,1948,1853062
Low-income countries,,1949,2365862
Low-income countries,,1950,5435304
Low-income countries,,1951,5999042
Low-income countries,,1952,6830199
Low-income countries,,1953,8089855
Low-income countries,,1954,16327088
Low-income countries,,1955,19062526
Low-income countries,,1956,20955260
Low-income countries,,1957,25002124
Low-income countries,,1958,28226832
Low-income countries,,1959,33426684
Low-income countries,,1960,39731948
Low-income countries,,1961,41711684
Low-income countries,,1962,47095012
Low-income countries,,1963,49007016
Low-income countries,,1964,53910460
Low-income countries,,1965,63770170
Low-income countries,,1966,68814990
Low-income countries,,1967,73888856
Low-income countries,,1968,93906776
Low-income countries,,1969,95884320
Low-income countries,,1970,103298050
Low-income countries,,1971,140588260
Low-income countries,,1972,120632090
Low-income countries,,1973,130411800
Low-income countries,,1974,136628660
Low-income countries,,1975,142508260
Low-income countries,,1976,146233020
Low-income countries,,1977,152166960
Low-income countries,,1978,147497740
Low-income countries,,1979,159218130
Low-income countries,,1980,162019620
Low-income countries,,1981,167727900
Low-income countries,,1982,168160770
Low-income countries,,1983,181897090
Low-income countries,,1984,196388140
Low-income countries,,1985,205120300
Low-income countries,,1986,219073380
Low-income countries,,1987,243561820
Low-income countries,,1988,270453060
Low-income countries,,1989,277680540
Low-income countries,,1990,189064510
Low-income countries,,1991,186741650
Low-income countries,,1992,171486600
Low-income countries,,1993,163499660
Low-income countries,,1994,158377650
Low-income countries,,1995,155741280
Low-income countries,,1996,148531520
Low-income countries,,1997,149770900
Low-income countries,,1998,149220080
Low-income countries,,1999,159135470
Low-income countries,,2000,164490030
Low-income countries,,2001,166929140
Low-income countries,,2002,154973220
Low-income countries,,2003,177287710
Low-income countries,,2004,179401150
Low-income countries,,2005,184347550
Low-income countries,,2006,192839600
Low-income countries,,2007,197889970
Low-income countries,,2008,209908030
Low-income countries,,2009,209352480
Low-income countries,,2010,209248350
Low-income countries,,2011,191834460
Low-income countries,,2012,177457220
Low-income countries,,2013,167160110
Low-income countries,,2014,174600210
Low-income countries,,2015,152336100
Low-income countries,,2016,159129780
Low-income countries,,2017,201243520
Low-income countries,,2018,199088300
Low-income countries,,2019,214494140
Low-income countries,,2020,207230480
Low-income countries,,2021,199590140
Low-income countries,,2022,202699650
Low-income countries,,2023,209172480
Low-income countries,,2024,210953000
Lower-middle-income countries,,1830,641
Lower-middle-income countries,,1831,769
Lower-middle-income countries,,1832,512
Lower-middle-income countries,,1833,641
Lower-middle-income countries,,1850,3974
Lower-middle-income countries,,1855,12052
Lower-middle-income countries,,1858,411406
Lower-middle-income countries,,1859,654425
Lower-middle-income countries,,1860,666824
Lower-middle-income countries,,1861,527376
Lower-middle-income countries,,1862,581444
Lower-middle-income countries,,1863,638418
Lower-middle-income countries,,1864,609662
Lower-middle-income countries,,1865,603157
Lower-middle-income countries,,1866,738131
Lower-middle-income countries,,1867,113011
Lower-middle-income countries,,1868,97726
Lower-middle-income countries,,1869,128586
Lower-middle-income countries,,1870,137544
Lower-middle-income countries,,1871,188675
Lower-middle-income countries,,1872,198935
Lower-middle-income countries,,1873,190713
Lower-middle-income countries,,1874,222913
Lower-middle-income countries,,1875,257336
Lower-middle-income countries,,1876,322897
Lower-middle-income countries,,1877,327472
Lower-middle-income countries,,1878,2202252
Lower-middle-income countries,,1879,2134003
Lower-middle-income countries,,1880,2413924
Lower-middle-income countries,,1881,2401112
Lower-middle-income countries,,1882,2793809
Lower-middle-income countries,,1883,3106208
Lower-middle-income countries,,1884,3416727
Lower-middle-income countries,,1885,3185388
Lower-middle-income countries,,1886,3497525
Lower-middle-income countries,,1887,3844528
Lower-middle-income countries,,1888,4234767
Lower-middle-income countries,,1889,4874156
Lower-middle-income countries,,1890,5409313
Lower-middle-income countries,,1891,5856792
Lower-middle-income countries,,1892,6593185
Lower-middle-income countries,,1893,7517774
Lower-middle-income countries,,1894,7267626
Lower-middle-income countries,,1895,8753900
Lower-middle-income countries,,1896,9539850
Lower-middle-income countries,,1897,10583472
Lower-middle-income countries,,1898,11800860
Lower-middle-income countries,,1899,13127462
Lower-middle-income countries,,1900,15090986
Lower-middle-income countries,,1901,16402242
Lower-middle-income countries,,1902,17543328
Lower-middle-income countries,,1903,18041242
Lower-middle-income countries,,1904,20360966
Lower-middle-income countries,,1905,20507912
Lower-middle-income countries,,1906,23543176
Lower-middle-income countries,,1907,26162932
Lower-middle-income countries,,1908,29519804
Lower-middle-income countries,,1909,29087642
Lower-middle-income countries,,1910,28695672
Lower-middle-income countries,,1911,30033466
Lower-middle-income countries,,1912,34273730
Lower-middle-income countries,,1913,37801456
Lower-middle-income countries,,1914,38449350
Lower-middle-income countries,,1915,39641584
Lower-middle-income countries,,1916,40784660
Lower-middle-income countries,,1917,42395090
Lower-middle-income countries,,1918,45076784
Lower-middle-income countries,,1919,48370890
Lower-middle-income countries,,1920,40417336
Lower-middle-income countries,,1921,43849470
Lower-middle-income countries,,1922,43196820
Lower-middle-income countries,,1923,44955650
Lower-middle-income countries,,1924,48582290
Lower-middle-income countries,,1925,48730660
Lower-middle-income countries,,1926,49931576
Lower-middle-income countries,,1927,53272856
Lower-middle-income countries,,1928,57122950
Lower-middle-income countries,,1929,58775308
Lower-middle-income countries,,1930,60795828
Lower-middle-income countries,,1931,56548136
Lower-middle-income countries,,1932,54099772
Lower-middle-income countries,,1933,54036740
Lower-middle-income countries,,1934,60424264
Lower-middle-income countries,,1935,64072510
Lower-middle-income countries,,1936,66235972
Lower-middle-income countries,,1937,72594480
Lower-middle-income countries,,1938,79067020
Lower-middle-income countries,,1939,80226210
Lower-middle-income countries,,1940,87030104
Lower-middle-income countries,,1941,87289496
Lower-middle-income countries,,1942,76334950
Lower-middle-income countries,,1943,69162790
Lower-middle-income countries,,1944,73355170
Lower-middle-income countries,,1945,77825710
Lower-middle-income countries,,1946,79536540
Lower-middle-income countries,,1947,83497330
Lower-middle-income countries,,1948,87572780
Lower-middle-income countries,,1949,95525670
Lower-middle-income countries,,1950,126403500
Lower-middle-income countries,,1951,133872936
Lower-middle-income countries,,1952,144007980
Lower-middle-income countries,,1953,148380420
Lower-middle-income countries,,1954,159014450
Lower-middle-income countries,,1955,173984720
Lower-middle-income countries,,1956,182529150
Lower-middle-income countries,,1957,201261310
Lower-middle-income countries,,1958,213762000
Lower-middle-income countries,,1959,223914750
Lower-middle-income countries,,1960,244957700
Lower-middle-income countries,,1961,258016260
Lower-middle-income countries,,1962,280057150
Lower-middle-income countries,,1963,303277860
Lower-middle-income countries,,1964,316736600
Lower-middle-income countries,,1965,347297500
Lower-middle-income countries,,1966,369354400
Lower-middle-income countries,,1967,374231700
Lower-middle-income countries,,1968,398763300
Lower-middle-income countries,,1969,417533860
Lower-middle-income countries,,1970,446631740
Lower-middle-income countries,,1971,476532540
Lower-middle-income countries,,1972,504341800
Lower-middle-income countries,,1973,536990700
Lower-middle-income countries,,1974,560222460
Lower-middle-income countries,,1975,580004100
Lower-middle-income countries,,1976,603181060
Lower-middle-income countries,,1977,626430200
Lower-middle-income countries,,1978,642829440
Lower-middle-income countries,,1979,691378560
Lower-middle-income countries,,1980,721737900
Lower-middle-income countries,,1981,749748100
Lower-middle-income countries,,1982,773942660
Lower-middle-income countries,,1983,807840800
Lower-middle-income countries,,1984,831102600
Lower-middle-income countries,,1985,887537900
Lower-middle-income countries,,1986,927414400
Lower-middle-income countries,,1987,964548300
Lower-middle-income countries,,1988,1029840830
Lower-middle-income countries,,1989,1056438000
Lower-middle-income countries,,1990,1104190100
Lower-middle-income countries,,1991,1146940200
Lower-middle-income countries,,1992,1214147100
Lower-middle-income countries,,1993,1263717500
Lower-middle-income countries,,1994,1354622700
Lower-middle-income countries,,1995,1426848900
Lower-middle-income countries,,1996,1537595000
Lower-middle-income countries,,1997,1612397200
Lower-middle-income countries,,1998,1657265700
Lower-middle-income countries,,1999,1755396400
Lower-middle-income countries,,2000,1826763800
Lower-middle-income countries,,2001,1848145800
Lower-middle-income countries,,2002,1894994400
Lower-middle-income countries,,2003,1977685800
Lower-middle-income countries,,2004,2084532600
Lower-middle-income countries,,2005,2181040600
Lower-middle-income countries,,2006,2299003600
Lower-middle-income countries,,2007,2431339800
Lower-middle-income countries,,2008,2569336300
Lower-middle-income countries,,2009,2697513000
Lower-middle-income countries,,2010,2838991000
Lower-middle-income countries,,2011,3000531200
Lower-middle-income countries,,2012,3160159200
Lower-middle-income countries,,2013,3259565000
Lower-middle-income countries,,2014,3487512000
Lower-middle-income countries,,2015,3632174000
Lower-middle-income countries,,2016,3854897000
Lower-middle-income countries,,2017,4009564000
Lower-middle-income countries,,2018,4202011600
Lower-middle-income countries,,2019,4329724400
Lower-middle-income countries,,2020,4174302700
Lower-middle-income countries,,2021,4500257300
Lower-middle-income countries,,2022,4626043000
Lower-middle-income countries,,2023,4879772000
Lower-middle-income countries,,2024,5089165000
Luxembourg,LUX,1945,25440
Luxembourg,LUX,1946,36343
Luxembourg,LUX,1947,43611
Luxembourg,LUX,1948,50880
Luxembourg,LUX,1949,58149
Luxembourg,LUX,1950,7426393
Luxembourg,LUX,1951,9020233
Luxembourg,LUX,1952,9412370
Luxembourg,LUX,1953,8661102
Luxembourg,LUX,1954,8789312
Luxembourg,LUX,1955,9895840
Luxembourg,LUX,1956,10379458
Luxembourg,LUX,1957,10848331
Luxembourg,LUX,1958,10093554
Luxembourg,LUX,1959,10430635
Luxembourg,LUX,1960,11518754
Luxembourg,LUX,1961,11591975
Luxembourg,LUX,1962,11551671
Luxembourg,LUX,1963,11449168
Luxembourg,LUX,1964,12306544
Luxembourg,LUX,1965,12203860
Luxembourg,LUX,1966,11617682
Luxembourg,LUX,1967,11361292
Luxembourg,LUX,1968,12266300
Luxembourg,LUX,1969,13189539
Luxembourg,LUX,1970,13742651
Luxembourg,LUX,1971,13197676
Luxembourg,LUX,1972,13500482
Luxembourg,LUX,1973,14179017
Luxembourg,LUX,1974,14427709
Luxembourg,LUX,1975,11867550
Luxembourg,LUX,1976,11865494
Luxembourg,LUX,1977,10957610
Luxembourg,LUX,1978,11884497
Luxembourg,LUX,1979,12162284
Luxembourg,LUX,1980,11077174
Luxembourg,LUX,1981,9489622
Luxembourg,LUX,1982,8931505
Luxembourg,LUX,1983,8371279.5
Luxembourg,LUX,1984,9007821
Luxembourg,LUX,1985,9240506
Luxembourg,LUX,1986,9114821
Luxembourg,LUX,1987,8812367
Luxembourg,LUX,1988,9103279
Luxembourg,LUX,1989,9849941
Luxembourg,LUX,1990,11809167
Luxembourg,LUX,1991,12420411
Luxembourg,LUX,1992,12189432
Luxembourg,LUX,1993,12338294
Luxembourg,LUX,1994,11523991
Luxembourg,LUX,1995,9134483
Luxembourg,LUX,1996,9185693
Luxembourg,LUX,1997,8547978
Luxembourg,LUX,1998,7656827
Luxembourg,LUX,1999,8119314
Luxembourg,LUX,2000,8702319
Luxembourg,LUX,2001,9205365
Luxembourg,LUX,2002,9978491
Luxembourg,LUX,2003,10450939
Luxembourg,LUX,2004,11815994
Luxembourg,LUX,2005,12075892
Luxembourg,LUX,2006,11905623
Luxembourg,LUX,2007,11302203
Luxembourg,LUX,2008,11166763
Luxembourg,LUX,2009,10619787
Luxembourg,LUX,2010,11190507
Luxembourg,LUX,2011,11089509
Luxembourg,LUX,2012,10857971
Luxembourg,LUX,2013,10323408
Luxembourg,LUX,2014,9806854
Luxembourg,LUX,2015,9333977
Luxembourg,LUX,2016,9077205
Luxembourg,LUX,2017,9251006
Luxembourg,LUX,2018,9556162
Luxembourg,LUX,2019,9749969
Luxembourg,LUX,2020,8069083
Luxembourg,LUX,2021,8409505
Luxembourg,LUX,2022,7274379
Luxembourg,LUX,2023,6840733
Luxembourg,LUX,2024,7039783
Macao,MAC,1954,21984
Macao,MAC,1955,21984
Macao,MAC,1956,25648
Macao,MAC,1957,29312
Macao,MAC,1958,29312
Macao,MAC,1959,36640
Macao,MAC,1960,51296
Macao,MAC,1961,69616
Macao,MAC,1962,95264
Macao,MAC,1963,106256
Macao,MAC,1964,128240.01
Macao,MAC,1965,131904
Macao,MAC,1966,150224
Macao,MAC,1967,164880
Macao,MAC,1968,168544
Macao,MAC,1969,168544
Macao,MAC,1970,205184
Macao,MAC,1971,227168
Macao,MAC,1972,230832
Macao,MAC,1973,223504
Macao,MAC,1974,267472
Macao,MAC,1975,296784
Macao,MAC,1976,252815.98
Macao,MAC,1977,307776
Macao,MAC,1978,414032
Macao,MAC,1979,414032
Macao,MAC,1980,527616
Macao,MAC,1981,534944
Macao,MAC,1982,483648
Macao,MAC,1983,681504
Macao,MAC,1984,604560
Macao,MAC,1985,732800
Macao,MAC,1986,875696
Macao,MAC,1987,970960
Macao,MAC,1988,963632
Macao,MAC,1989,1029584.06
Macao,MAC,1990,901344
Macao,MAC,1991,967296
Macao,MAC,1992,978288
Macao,MAC,1993,1102864
Macao,MAC,1994,1179808
Macao,MAC,1995,1124848
Macao,MAC,1996,1300720
Macao,MAC,1997,1366672
Macao,MAC,1998,1443616
Macao,MAC,1999,1425296
Macao,MAC,2000,1527888
Macao,MAC,2001,1560864
Macao,MAC,2002,1388656
Macao,MAC,2003,1421632
Macao,MAC,2004,1582848
Macao,MAC,2005,1681776
Macao,MAC,2006,1454608
Macao,MAC,2007,1363008
Macao,MAC,2008,1128512
Macao,MAC,2009,1894288
Macao,MAC,2010,1234768
Macao,MAC,2011,1293392
Macao,MAC,2012,1132176
Macao,MAC,2013,989280
Macao,MAC,2014,1293392
Macao,MAC,2015,1773376
Macao,MAC,2016,1780704
Macao,MAC,2017,1927264
Macao,MAC,2018,1242096
Macao,MAC,2019,1212784
Macao,MAC,2020,1033247.94
Macao,MAC,2021,1029584.06
Macao,MAC,2022,1048775
Macao,MAC,2023,1042865.06
Macao,MAC,2024,1056328
Madagascar,MDG,1933,3634
Madagascar,MDG,1934,7269
Madagascar,MDG,1935,3634
Madagascar,MDG,1945,7328
Madagascar,MDG,1947,3634
Madagascar,MDG,1948,3634
Madagascar,MDG,1949,3634
Madagascar,MDG,1950,304082
Madagascar,MDG,1951,245458
Madagascar,MDG,1952,307776
Madagascar,MDG,1953,252815.98
Madagascar,MDG,1954,289456
Madagascar,MDG,1955,304112
Madagascar,MDG,1956,318768
Madagascar,MDG,1957,315104
Madagascar,MDG,1958,373728
Madagascar,MDG,1959,373728
Madagascar,MDG,1960,399376
Madagascar,MDG,1961,355408
Madagascar,MDG,1962,395653
Madagascar,MDG,1963,461486
Madagascar,MDG,1964,483468
Madagascar,MDG,1965,556779
Madagascar,MDG,1966,578704
Madagascar,MDG,1967,842482
Madagascar,MDG,1968,912069
Madagascar,MDG,1969,849751
Madagascar,MDG,1970,970663
Madagascar,MDG,1971,1025624.06
Madagascar,MDG,1972,1285797
Madagascar,MDG,1973,1073256
Madagascar,MDG,1974,1186898
Madagascar,MDG,1975,1692530
Madagascar,MDG,1976,992234
Madagascar,MDG,1977,845601
Madagascar,MDG,1978,1017215.94
Madagascar,MDG,1979,1130237
Madagascar,MDG,1980,1613940
Madagascar,MDG,1981,1024539.94
Madagascar,MDG,1982,1013337
Madagascar,MDG,1983,650391
Madagascar,MDG,1984,866372
Madagascar,MDG,1985,1053031
Madagascar,MDG,1986,1137097
Madagascar,MDG,1987,1282418
Madagascar,MDG,1988,1285795
Madagascar,MDG,1989,925801
Madagascar,MDG,1990,944296
Madagascar,MDG,1991,1024866
Madagascar,MDG,1992,1002845.06
Madagascar,MDG,1993,1028456
Madagascar,MDG,1994,1152219
Madagascar,MDG,1995,1192441
Madagascar,MDG,1996,1249003
Madagascar,MDG,1997,1535182
Madagascar,MDG,1998,1619053
Madagascar,MDG,1999,1766354
Madagascar,MDG,2000,1955170
Madagascar,MDG,2001,1746684
Madagascar,MDG,2002,1232145
Madagascar,MDG,2003,1699386
Madagascar,MDG,2004,1804376
Madagascar,MDG,2005,1741218
Madagascar,MDG,2006,1674711
Madagascar,MDG,2007,1727691
Madagascar,MDG,2008,1787286
Madagascar,MDG,2009,1699051
Madagascar,MDG,2010,1871714
Madagascar,MDG,2011,2329853
Madagascar,MDG,2012,2660200
Madagascar,MDG,2013,3060920
Madagascar,MDG,2014,2971004
Madagascar,MDG,2015,3121228
Madagascar,MDG,2016,3256796
Madagascar,MDG,2017,3803787
Madagascar,MDG,2018,3604454
Madagascar,MDG,2019,4146515
Madagascar,MDG,2020,3788076
Madagascar,MDG,2021,4246076
Madagascar,MDG,2022,4209640
Madagascar,MDG,2023,4446771
Madagascar,MDG,2024,4528381
Malawi,MWI,1950,234550
Malawi,MWI,1951,258634
Malawi,MWI,1952,290925
Malawi,MWI,1953,317085
Malawi,MWI,1954,348631
Malawi,MWI,1955,411140
Malawi,MWI,1956,448222
Malawi,MWI,1957,461358
Malawi,MWI,1958,412111
Malawi,MWI,1959,459741
Malawi,MWI,1960,438347
Malawi,MWI,1961,373318
Malawi,MWI,1962,360614
Malawi,MWI,1963,346705
Malawi,MWI,1964,329641
Malawi,MWI,1965,347961
Malawi,MWI,1966,428510
Malawi,MWI,1967,366222
Malawi,MWI,1968,388148
Malawi,MWI,1969,380756
Malawi,MWI,1970,454069
Malawi,MWI,1971,501672.03
Malawi,MWI,1972,545572
Malawi,MWI,1973,571115
Malawi,MWI,1974,549090
Malawi,MWI,1975,578272
Malawi,MWI,1976,581989
Malawi,MWI,1977,636859
Malawi,MWI,1978,669734
Malawi,MWI,1979,636722
Malawi,MWI,1980,710076
Malawi,MWI,1981,603851
Malawi,MWI,1982,593091
Malawi,MWI,1983,574535
Malawi,MWI,1984,556183
Malawi,MWI,1985,556311
Malawi,MWI,1986,552455
Malawi,MWI,1987,545095
Malawi,MWI,1988,541487
Malawi,MWI,1989,563351
Malawi,MWI,1990,736906
Malawi,MWI,1991,787355
Malawi,MWI,1992,787089
Malawi,MWI,1993,878576
Malawi,MWI,1994,901750
Malawi,MWI,1995,903090
Malawi,MWI,1996,919530
Malawi,MWI,1997,918222
Malawi,MWI,1998,901754
Malawi,MWI,1999,893264
Malawi,MWI,2000,853982
Malawi,MWI,2001,777288
Malawi,MWI,2002,856235
Malawi,MWI,2003,914835
Malawi,MWI,2004,901678
Malawi,MWI,2005,845319
Malawi,MWI,2006,851328
Malawi,MWI,2007,919179
Malawi,MWI,2008,998705
Malawi,MWI,2009,1017604.94
Malawi,MWI,2010,972162
Malawi,MWI,2011,1033844
Malawi,MWI,2012,1040751
Malawi,MWI,2013,1120229
Malawi,MWI,2014,1015111
Malawi,MWI,2015,1049909
Malawi,MWI,2016,1172440
Malawi,MWI,2017,1193033
Malawi,MWI,2018,1690049
Malawi,MWI,2019,1695354
Malawi,MWI,2020,1868050
Malawi,MWI,2021,1682495
Malawi,MWI,2022,1801388
Malawi,MWI,2023,1852568
Malawi,MWI,2024,1881479
Malaysia,MYS,1890,7328
Malaysia,MYS,1891,18320
Malaysia,MYS,1892,47632
Malaysia,MYS,1893,10992
Malaysia,MYS,1894,47632
Malaysia,MYS,1895,109920
Malaysia,MYS,1896,124576
Malaysia,MYS,1897,91600
Malaysia,MYS,1898,128240.01
Malaysia,MYS,1899,120912
Malaysia,MYS,1900,58624
Malaysia,MYS,1901,47632
Malaysia,MYS,1902,51296
Malaysia,MYS,1903,51296
Malaysia,MYS,1904,32976
Malaysia,MYS,1905,40304
Malaysia,MYS,1906,36640
Malaysia,MYS,1907,87936
Malaysia,MYS,1908,91600
Malaysia,MYS,1909,168544
Malaysia,MYS,1910,234496
Malaysia,MYS,1912,18320
Malaysia,MYS,1913,62288
Malaysia,MYS,1914,146560
Malaysia,MYS,1915,205184
Malaysia,MYS,1916,549600
Malaysia,MYS,1917,652192
Malaysia,MYS,1918,670512
Malaysia,MYS,1919,769440
Malaysia,MYS,1920,1110192
Malaysia,MYS,1921,1414304
Malaysia,MYS,1922,2004208.1
Malaysia,MYS,1923,2583120
Malaysia,MYS,1924,2506176
Malaysia,MYS,1925,2964176
Malaysia,MYS,1926,3400192
Malaysia,MYS,1927,3378208
Malaysia,MYS,1928,3806896
Malaysia,MYS,1929,4114672.2
Malaysia,MYS,1930,3671328
Malaysia,MYS,1931,2707696
Malaysia,MYS,1932,1795360
Malaysia,MYS,1933,1590176
Malaysia,MYS,1934,1733072
Malaysia,MYS,1935,1806352
Malaysia,MYS,1936,2048176
Malaysia,MYS,1937,2344960
Malaysia,MYS,1938,1912608
Malaysia,MYS,1939,1703760
Malaysia,MYS,1940,2568464
Malaysia,MYS,1941,2183744
Malaysia,MYS,1942,659520
Malaysia,MYS,1943,1319040
Malaysia,MYS,1944,1102864
Malaysia,MYS,1945,611888
Malaysia,MYS,1946,604560
Malaysia,MYS,1947,685168
Malaysia,MYS,1948,1190262
Malaysia,MYS,1949,1220112
Malaysia,MYS,1950,3655348
Malaysia,MYS,1951,5220367
Malaysia,MYS,1952,6370886
Malaysia,MYS,1953,6498899
Malaysia,MYS,1954,7004164
Malaysia,MYS,1955,7429726
Malaysia,MYS,1956,7562529
Malaysia,MYS,1957,3513331
Malaysia,MYS,1958,3832099
Malaysia,MYS,1959,3183244
Malaysia,MYS,1960,4201450
Malaysia,MYS,1961,4684919
Malaysia,MYS,1962,4776549
Malaysia,MYS,1963,5827968
Malaysia,MYS,1964,7399409
Malaysia,MYS,1965,8380229
Malaysia,MYS,1966,9834393
Malaysia,MYS,1967,10127602
Malaysia,MYS,1968,10530226
Malaysia,MYS,1969,9137758
Malaysia,MYS,1970,14585889
Malaysia,MYS,1971,16662594
Malaysia,MYS,1972,17900626
Malaysia,MYS,1973,17505126
Malaysia,MYS,1974,19044680
Malaysia,MYS,1975,19445158
Malaysia,MYS,1976,23897642
Malaysia,MYS,1977,22620840
Malaysia,MYS,1978,23260444
Malaysia,MYS,1979,27305936
Malaysia,MYS,1980,28032596
Malaysia,MYS,1981,30877660
Malaysia,MYS,1982,30641940
Malaysia,MYS,1983,38048304
Malaysia,MYS,1984,34794430
Malaysia,MYS,1985,36329770
Malaysia,MYS,1986,40101890
Malaysia,MYS,1987,40877684
Malaysia,MYS,1988,42869204
Malaysia,MYS,1989,50083868
Malaysia,MYS,1990,54269364
Malaysia,MYS,1991,65785132
Malaysia,MYS,1992,72961016
Malaysia,MYS,1993,86612380
Malaysia,MYS,1994,87497430
Malaysia,MYS,1995,109595210
Malaysia,MYS,1996,110108470
Malaysia,MYS,1997,118471340
Malaysia,MYS,1998,109781690
Malaysia,MYS,1999,103986550
Malaysia,MYS,2000,122881384
Malaysia,MYS,2001,130890050
Malaysia,MYS,2002,132035230
Malaysia,MYS,2003,153384340
Malaysia,MYS,2004,169674400
Malaysia,MYS,2005,169978320
Malaysia,MYS,2006,170166450
Malaysia,MYS,2007,175454450
Malaysia,MYS,2008,192847060
Malaysia,MYS,2009,192122740
Malaysia,MYS,2010,199346400
Malaysia,MYS,2011,203452770
Malaysia,MYS,2012,212993630
Malaysia,MYS,2013,241671090
Malaysia,MYS,2014,245053380
Malaysia,MYS,2015,235941760
Malaysia,MYS,2016,237293890
Malaysia,MYS,2017,244457090
Malaysia,MYS,2018,262647070
Malaysia,MYS,2019,277672900
Malaysia,MYS,2020,262158820
Malaysia,MYS,2021,273332160
Malaysia,MYS,2022,281883800
Malaysia,MYS,2023,276296770
Malaysia,MYS,2024,290223840
Maldives,MDV,1971,3664
Maldives,MDV,1972,3664
Maldives,MDV,1973,3664
Maldives,MDV,1974,3664
Maldives,MDV,1975,7328
Maldives,MDV,1976,10992
Maldives,MDV,1977,14656
Maldives,MDV,1978,21984
Maldives,MDV,1979,29312
Maldives,MDV,1980,43968
Maldives,MDV,1981,47632
Maldives,MDV,1982,47632
Maldives,MDV,1983,51296
Maldives,MDV,1984,58624
Maldives,MDV,1985,65952
Maldives,MDV,1986,80608
Maldives,MDV,1987,80608
Maldives,MDV,1988,95264
Maldives,MDV,1989,124576
Maldives,MDV,1990,168544
Maldives,MDV,1991,153888
Maldives,MDV,1992,230832
Maldives,MDV,1993,194192
Maldives,MDV,1994,197856
Maldives,MDV,1995,249152
Maldives,MDV,1996,289456
Maldives,MDV,1997,329760
Maldives,MDV,1998,300448
Maldives,MDV,1999,421360
Maldives,MDV,2000,450672
Maldives,MDV,2001,461664
Maldives,MDV,2002,589904
Maldives,MDV,2003,509296
Maldives,MDV,2004,663184
Maldives,MDV,2005,600896
Maldives,MDV,2006,743792
Maldives,MDV,2007,780432
Maldives,MDV,2008,839056
Maldives,MDV,2009,883024
Maldives,MDV,2010,930656
Maldives,MDV,2011,985616
Maldives,MDV,2012,1110192
Maldives,MDV,2013,1095536
Maldives,MDV,2014,1319040
Maldives,MDV,2015,1282400
Maldives,MDV,2016,1432624
Maldives,MDV,2017,1513232
Maldives,MDV,2018,1736736
Maldives,MDV,2019,1993216
Maldives,MDV,2020,1678112
Maldives,MDV,2021,1996880
Maldives,MDV,2022,2215800
Maldives,MDV,2023,2205334
Maldives,MDV,2024,2306210
Mali,MLI,1959,47632
Mali,MLI,1960,120912
Mali,MLI,1961,117248
Mali,MLI,1962,139232
Mali,MLI,1963,175872
Mali,MLI,1964,175872
Mali,MLI,1965,197856
Mali,MLI,1966,190528
Mali,MLI,1967,223504
Mali,MLI,1968,197856
Mali,MLI,1969,161216
Mali,MLI,1970,201520
Mali,MLI,1971,227168
Mali,MLI,1972,245488
Mali,MLI,1973,267294
Mali,MLI,1974,303934
Mali,MLI,1975,340544
Mali,MLI,1976,340257
Mali,MLI,1977,413473
Mali,MLI,1978,394948
Mali,MLI,1979,427912
Mali,MLI,1980,391343
Mali,MLI,1981,394884
Mali,MLI,1982,365132
Mali,MLI,1983,416621
Mali,MLI,1984,434818
Mali,MLI,1985,405383
Mali,MLI,1986,379612
Mali,MLI,1987,357505
Mali,MLI,1988,383030
Mali,MLI,1989,415882
Mali,MLI,1990,422243
Mali,MLI,1991,425894
Mali,MLI,1992,462522
Mali,MLI,1993,502812.97
Mali,MLI,1994,548393
Mali,MLI,1995,595200
Mali,MLI,1996,646081
Mali,MLI,1997,723001
Mali,MLI,1998,930656
Mali,MLI,1999,970960
Mali,MLI,2000,1066224
Mali,MLI,2001,1161488
Mali,MLI,2002,1209120
Mali,MLI,2003,1245760
Mali,MLI,2004,1414304
Mali,MLI,2005,1458272
Mali,MLI,2006,1535216
Mali,MLI,2007,1784368
Mali,MLI,2008,1956576
Mali,MLI,2009,1886960
Mali,MLI,2010,2088480
Mali,MLI,2011,2279008
Mali,MLI,2012,2436560
Mali,MLI,2013,2743394
Mali,MLI,2014,3139313
Mali,MLI,2015,3399103
Mali,MLI,2016,4286165
Mali,MLI,2017,4766551
Mali,MLI,2018,5198325
Mali,MLI,2019,5594037
Mali,MLI,2020,6330056
Mali,MLI,2021,7393170
Mali,MLI,2022,7019715
Mali,MLI,2023,6743016
Mali,MLI,2024,6978840
Malta,MLT,1950,245488
Malta,MLT,1951,256480.02
Malta,MLT,1952,241824
Malta,MLT,1953,230832
Malta,MLT,1954,307776
Malta,MLT,1955,340752
Malta,MLT,1956,296784
Malta,MLT,1957,311440
Malta,MLT,1958,329760
Malta,MLT,1959,388384
Malta,MLT,1960,340752
Malta,MLT,1961,293120
Malta,MLT,1962,329760
Malta,MLT,1963,410368
Malta,MLT,1964,498304
Malta,MLT,1965,472656
Malta,MLT,1966,414032
Malta,MLT,1967,520288
Malta,MLT,1968,637536
Malta,MLT,1969,652192
Malta,MLT,1970,663184
Malta,MLT,1971,659520
Malta,MLT,1972,839056
Malta,MLT,1973,806080
Malta,MLT,1974,743792
Malta,MLT,1975,666848
Malta,MLT,1976,762112
Malta,MLT,1977,802416
Malta,MLT,1978,934320
Malta,MLT,1979,905008
Malta,MLT,1980,1022256
Malta,MLT,1981,1143168
Malta,MLT,1982,1311712
Malta,MLT,1983,996608
Malta,MLT,1984,1363008
Malta,MLT,1985,1198128
Malta,MLT,1986,1483920
Malta,MLT,1987,1853984
Malta,MLT,1988,2011535.9
Malta,MLT,1989,2169088
Malta,MLT,1990,2427410
Malta,MLT,1991,2271858
Malta,MLT,1992,2293611
Malta,MLT,1993,2885604
Malta,MLT,1994,2658364
Malta,MLT,1995,2452147
Malta,MLT,1996,2533966
Malta,MLT,1997,2556266
Malta,MLT,1998,2524950
Malta,MLT,1999,2572876
Malta,MLT,2000,2468170
Malta,MLT,2001,2736578
Malta,MLT,2002,2747250
Malta,MLT,2003,2960865
Malta,MLT,2004,2849102
Malta,MLT,2005,2649810
Malta,MLT,2006,2655351
Malta,MLT,2007,2727800
Malta,MLT,2008,2721287
Malta,MLT,2009,2560864
Malta,MLT,2010,2619259
Malta,MLT,2011,2608196
Malta,MLT,2012,2749059
Malta,MLT,2013,2429647
Malta,MLT,2014,2417320
Malta,MLT,2015,1697468
Malta,MLT,2016,1375879
Malta,MLT,2017,1537206
Malta,MLT,2018,1547703
Malta,MLT,2019,1649196
Malta,MLT,2020,1600889
Malta,MLT,2021,1611409
Malta,MLT,2022,1774245
Malta,MLT,2023,1768002
Malta,MLT,2024,1728766
Marshall Islands,MHL,1992,76944
Marshall Islands,MHL,1993,80608
Marshall Islands,MHL,1994,84272
Marshall Islands,MHL,1995,87936
Marshall Islands,MHL,1996,91600
Marshall Islands,MHL,1997,91600
Marshall Islands,MHL,1998,91600
Marshall Islands,MHL,1999,91600
Marshall Islands,MHL,2000,98928
Marshall Islands,MHL,2001,102592
Marshall Islands,MHL,2002,109920
Marshall Islands,MHL,2003,109920
Marshall Islands,MHL,2004,113584
Marshall Islands,MHL,2005,113584
Marshall Islands,MHL,2006,120912
Marshall Islands,MHL,2007,128240.01
Marshall Islands,MHL,2008,128240.01
Marshall Islands,MHL,2009,131904
Marshall Islands,MHL,2010,135568
Marshall Islands,MHL,2011,135568
Marshall Islands,MHL,2012,135568
Marshall Islands,MHL,2013,139232
Marshall Islands,MHL,2014,139232
Marshall Islands,MHL,2015,142896
Marshall Islands,MHL,2016,142896
Marshall Islands,MHL,2017,146560
Marshall Islands,MHL,2018,146560
Marshall Islands,MHL,2019,146560
Marshall Islands,MHL,2020,146560
Marshall Islands,MHL,2021,146560
Marshall Islands,MHL,2022,148424
Marshall Islands,MHL,2023,147722
Marshall Islands,MHL,2024,154480
Mauritania,MRT,1959,32976
Mauritania,MRT,1960,36640
Mauritania,MRT,1961,47632
Mauritania,MRT,1962,62288
Mauritania,MRT,1963,87936
Mauritania,MRT,1964,117248
Mauritania,MRT,1965,161216
Mauritania,MRT,1966,179536
Mauritania,MRT,1967,197856
Mauritania,MRT,1968,234496
Mauritania,MRT,1969,274800
Mauritania,MRT,1970,428688
Mauritania,MRT,1971,399376
Mauritania,MRT,1972,447008
Mauritania,MRT,1973,468992
Mauritania,MRT,1974,483648
Mauritania,MRT,1975,509296
Mauritania,MRT,1976,516623.97
Mauritania,MRT,1977,556928
Mauritania,MRT,1978,582576
Mauritania,MRT,1979,604560
Mauritania,MRT,1980,630208
Mauritania,MRT,1981,633709
Mauritania,MRT,1982,883024
Mauritania,MRT,1983,937984
Mauritania,MRT,1984,872032
Mauritania,MRT,1985,655856
Mauritania,MRT,1986,373728
Mauritania,MRT,1987,3242640
Mauritania,MRT,1988,3184016
Mauritania,MRT,1989,2802960
Mauritania,MRT,1990,853518
Mauritania,MRT,1991,868368
Mauritania,MRT,1992,905008
Mauritania,MRT,1993,926799
Mauritania,MRT,1994,959409
Mauritania,MRT,1995,1014928
Mauritania,MRT,1996,1062560
Mauritania,MRT,1997,1077216
Mauritania,MRT,1998,1073552
Mauritania,MRT,1999,1095536
Mauritania,MRT,2000,1113856
Mauritania,MRT,2001,1172480
Mauritania,MRT,2002,1249424
Mauritania,MRT,2003,1286064
Mauritania,MRT,2004,1384992
Mauritania,MRT,2005,1433674
Mauritania,MRT,2006,1550078
Mauritania,MRT,2007,1757602
Mauritania,MRT,2008,1830772
Mauritania,MRT,2009,2012298.1
Mauritania,MRT,2010,2093519.9
Mauritania,MRT,2011,2226577
Mauritania,MRT,2012,2447571
Mauritania,MRT,2013,2168855
Mauritania,MRT,2014,2562746
Mauritania,MRT,2015,3002486
Mauritania,MRT,2016,2623861
Mauritania,MRT,2017,3581137
Mauritania,MRT,2018,4444432
Mauritania,MRT,2019,4613280
Mauritania,MRT,2020,4781520
Mauritania,MRT,2021,4499685
Mauritania,MRT,2022,5267432
Mauritania,MRT,2023,5036898
Mauritania,MRT,2024,5238679
Mauritius,MUS,1950,201520
Mauritius,MUS,1951,139232
Mauritius,MUS,1952,175872
Mauritius,MUS,1953,186864
Mauritius,MUS,1954,186864
Mauritius,MUS,1955,128240.01
Mauritius,MUS,1956,219840
Mauritius,MUS,1957,219840
Mauritius,MUS,1958,208848
Mauritius,MUS,1959,223504
Mauritius,MUS,1960,179536
Mauritius,MUS,1961,186864
Mauritius,MUS,1962,252815.98
Mauritius,MUS,1963,208848
Mauritius,MUS,1964,307776
Mauritius,MUS,1965,304112
Mauritius,MUS,1966,274800
Mauritius,MUS,1967,498304
Mauritius,MUS,1968,637536
Mauritius,MUS,1969,571584
Mauritius,MUS,1970,498304
Mauritius,MUS,1971,395712
Mauritius,MUS,1972,688832
Mauritius,MUS,1973,677840
Mauritius,MUS,1974,692496
Mauritius,MUS,1975,589904
Mauritius,MUS,1976,619216
Mauritius,MUS,1977,641200
Mauritius,MUS,1978,630208
Mauritius,MUS,1979,659520
Mauritius,MUS,1980,589904
Mauritius,MUS,1981,542272
Mauritius,MUS,1982,501968.03
Mauritius,MUS,1983,597232
Mauritius,MUS,1984,626544
Mauritius,MUS,1985,707152
Mauritius,MUS,1986,798752
Mauritius,MUS,1987,930656
Mauritius,MUS,1988,853712
Mauritius,MUS,1989,1051568
Mauritius,MUS,1990,1461936
Mauritius,MUS,1991,1520560
Mauritius,MUS,1992,1707424
Mauritius,MUS,1993,1773376
Mauritius,MUS,1994,1623152
Mauritius,MUS,1995,1828336
Mauritius,MUS,1996,1949248
Mauritius,MUS,1997,1996880
Mauritius,MUS,1998,2169088
Mauritius,MUS,1999,2425568
Mauritius,MUS,2000,2689376
Mauritius,MUS,2001,2861584
Mauritius,MUS,2002,2883568
Mauritius,MUS,2003,3059440
Mauritius,MUS,2004,3088752
Mauritius,MUS,2005,3293936
Mauritius,MUS,2006,3627360
Mauritius,MUS,2007,3685984
Mauritius,MUS,2008,3766592
Mauritius,MUS,2009,3707968
Mauritius,MUS,2010,3913152
Mauritius,MUS,2011,3916816
Mauritius,MUS,2012,3964448
Mauritius,MUS,2013,4067040
Mauritius,MUS,2014,4206272
Mauritius,MUS,2015,4209936
Mauritius,MUS,2016,4341840
Mauritius,MUS,2017,4539696
Mauritius,MUS,2018,4455424
Mauritius,MUS,2019,4525040
Mauritius,MUS,2020,3799568
Mauritius,MUS,2021,3968112
Mauritius,MUS,2022,4316741
Mauritius,MUS,2023,4587621
Mauritius,MUS,2024,4673616
Mexico,MEX,1856,7969.0005
Mexico,MEX,1857,7325
Mexico,MEX,1858,15481
Mexico,MEX,1859,7979
Mexico,MEX,1860,5040
Mexico,MEX,1861,11711
Mexico,MEX,1862,32768
Mexico,MEX,1863,21575
Mexico,MEX,1864,6127
Mexico,MEX,1865,20357
Mexico,MEX,1866,35192
Mexico,MEX,1867,15340
Mexico,MEX,1868,11595
Mexico,MEX,1869,3583
Mexico,MEX,1870,10454
Mexico,MEX,1871,12655
Mexico,MEX,1872,25230
Mexico,MEX,1873,33314
Mexico,MEX,1874,34471
Mexico,MEX,1875,37313
Mexico,MEX,1876,37844
Mexico,MEX,1877,46777
Mexico,MEX,1878,61573
Mexico,MEX,1879,80263
Mexico,MEX,1880,88427
Mexico,MEX,1881,57898
Mexico,MEX,1882,79114
Mexico,MEX,1883,83428
Mexico,MEX,1884,71496
Mexico,MEX,1885,63814.996
Mexico,MEX,1886,88327
Mexico,MEX,1887,172716
Mexico,MEX,1888,232112
Mexico,MEX,1889,297114
Mexico,MEX,1890,456209
Mexico,MEX,1891,1104052
Mexico,MEX,1892,1620459
Mexico,MEX,1893,1420225
Mexico,MEX,1894,1556654
Mexico,MEX,1895,1506848
Mexico,MEX,1896,1647261
Mexico,MEX,1897,2310492
Mexico,MEX,1898,2617837
Mexico,MEX,1899,3259902
Mexico,MEX,1900,3504230
Mexico,MEX,1901,4199414
Mexico,MEX,1902,4570518
Mexico,MEX,1903,5383771
Mexico,MEX,1904,5777833
Mexico,MEX,1905,6156636
Mexico,MEX,1906,6455764
Mexico,MEX,1907,7151416
Mexico,MEX,1908,7118767
Mexico,MEX,1909,7186217
Mexico,MEX,1910,7363978
Mexico,MEX,1911,11143016
Mexico,MEX,1912,10875470
Mexico,MEX,1913,13603184
Mexico,MEX,1914,11933138
Mexico,MEX,1915,15777556
Mexico,MEX,1916,18407630
Mexico,MEX,1917,27475374
Mexico,MEX,1918,32390640
Mexico,MEX,1919,42360896
Mexico,MEX,1920,77665340
Mexico,MEX,1921,91419170
Mexico,MEX,1922,86504696
Mexico,MEX,1923,73320120
Mexico,MEX,1924,68933880
Mexico,MEX,1925,57506010
Mexico,MEX,1926,45134012
Mexico,MEX,1927,32859714
Mexico,MEX,1928,24456444
Mexico,MEX,1929,22482310
Mexico,MEX,1930,20718980
Mexico,MEX,1931,16948686
Mexico,MEX,1932,16326145
Mexico,MEX,1933,17630242
Mexico,MEX,1934,19065008
Mexico,MEX,1935,21662626
Mexico,MEX,1936,22212920
Mexico,MEX,1937,25130572
Mexico,MEX,1938,24476150
Mexico,MEX,1939,22826158
Mexico,MEX,1940,23378442
Mexico,MEX,1941,22710594
Mexico,MEX,1942,19116282
Mexico,MEX,1943,19197288
Mexico,MEX,1944,20265532
Mexico,MEX,1945,22768986
Mexico,MEX,1946,25623044
Mexico,MEX,1947,29351926
Mexico,MEX,1948,30509422
Mexico,MEX,1949,28958958
Mexico,MEX,1950,30507610
Mexico,MEX,1951,34889400
Mexico,MEX,1952,37212196
Mexico,MEX,1953,36706536
Mexico,MEX,1954,36270280
Mexico,MEX,1955,39661988
Mexico,MEX,1956,42134116
Mexico,MEX,1957,49277788
Mexico,MEX,1958,54008100
Mexico,MEX,1959,58286970
Mexico,MEX,1960,63052290
Mexico,MEX,1961,65239908
Mexico,MEX,1962,63743710
Mexico,MEX,1963,66292190
Mexico,MEX,1964,74200130
Mexico,MEX,1965,75167900
Mexico,MEX,1966,80844570
Mexico,MEX,1967,90005530
Mexico,MEX,1968,93887230
Mexico,MEX,1969,102176184
Mexico,MEX,1970,113950680
Mexico,MEX,1971,126182310
Mexico,MEX,1972,132260760
Mexico,MEX,1973,144040500
Mexico,MEX,1974,154701440
Mexico,MEX,1975,164103730
Mexico,MEX,1976,183693500
Mexico,MEX,1977,192337710
Mexico,MEX,1978,222047580
Mexico,MEX,1979,240175380
Mexico,MEX,1980,267644690
Mexico,MEX,1981,283586700
Mexico,MEX,1982,303763700
Mexico,MEX,1983,277430430
Mexico,MEX,1984,276491070
Mexico,MEX,1985,287181100
Mexico,MEX,1986,293219400
Mexico,MEX,1987,305790180
Mexico,MEX,1988,305418270
Mexico,MEX,1989,323215970
Mexico,MEX,1990,316745800
Mexico,MEX,1991,329831040
Mexico,MEX,1992,332453400
Mexico,MEX,1993,337721920
Mexico,MEX,1994,351533920
Mexico,MEX,1995,330905300
Mexico,MEX,1996,341543740
Mexico,MEX,1997,362465900
Mexico,MEX,1998,381101800
Mexico,MEX,1999,386036350
Mexico,MEX,2000,391435260
Mexico,MEX,2001,407484670
Mexico,MEX,2002,410301060
Mexico,MEX,2003,435968700
Mexico,MEX,2004,438588450
Mexico,MEX,2005,463435520
Mexico,MEX,2006,474522560
Mexico,MEX,2007,473595230
Mexico,MEX,2008,472981280
Mexico,MEX,2009,460290180
Mexico,MEX,2010,456408960
Mexico,MEX,2011,483301600
Mexico,MEX,2012,501492300
Mexico,MEX,2013,495411550
Mexico,MEX,2014,484044500
Mexico,MEX,2015,479433730
Mexico,MEX,2016,478827740
Mexico,MEX,2017,464406620
Mexico,MEX,2018,468420600
Mexico,MEX,2019,468235840
Mexico,MEX,2020,428936830
Mexico,MEX,2021,446837570
Mexico,MEX,2022,453799100
Mexico,MEX,2023,458253860
Mexico,MEX,2024,460987650
Micronesia (country),FSM,1992,135568
Micronesia (country),FSM,1993,142896
Micronesia (country),FSM,1994,153888
Micronesia (country),FSM,1995,175872
Micronesia (country),FSM,1996,183200
Micronesia (country),FSM,1997,194192
Micronesia (country),FSM,1998,205184
Micronesia (country),FSM,1999,190528
Micronesia (country),FSM,2000,179536
Micronesia (country),FSM,2001,164880
Micronesia (country),FSM,2002,150224
Micronesia (country),FSM,2003,161216
Micronesia (country),FSM,2004,142896
Micronesia (country),FSM,2005,113584
Micronesia (country),FSM,2006,113584
Micronesia (country),FSM,2007,128240.01
Micronesia (country),FSM,2008,113584
Micronesia (country),FSM,2009,146560
Micronesia (country),FSM,2010,102592
Micronesia (country),FSM,2011,117248
Micronesia (country),FSM,2012,128240.01
Micronesia (country),FSM,2013,135568
Micronesia (country),FSM,2014,139232
Micronesia (country),FSM,2015,142896
Micronesia (country),FSM,2016,142896
Micronesia (country),FSM,2017,142896
Micronesia (country),FSM,2018,142896
Micronesia (country),FSM,2019,142896
Micronesia (country),FSM,2020,142896
Micronesia (country),FSM,2021,142896
Micronesia (country),FSM,2022,144721
Micronesia (country),FSM,2023,144037
Micronesia (country),FSM,2024,150626
Middle East (GCP),,1850,0
Middle East (GCP),,1851,0
Middle East (GCP),,1852,0
Middle East (GCP),,1853,0
Middle East (GCP),,1854,0
Middle East (GCP),,1855,0
Middle East (GCP),,1856,0
Middle East (GCP),,1857,0
Middle East (GCP),,1858,0
Middle East (GCP),,1859,0
Middle East (GCP),,1860,0
Middle East (GCP),,1861,0
Middle East (GCP),,1862,0
Middle East (GCP),,1863,0
Middle East (GCP),,1864,0
Middle East (GCP),,1865,150224
Middle East (GCP),,1866,208848
Middle East (GCP),,1867,227168
Middle East (GCP),,1868,175872
Middle East (GCP),,1869,267472
Middle East (GCP),,1870,157552
Middle East (GCP),,1871,197856
Middle East (GCP),,1872,245488
Middle East (GCP),,1873,238159.98
Middle East (GCP),,1874,256480
Middle East (GCP),,1875,351744
Middle East (GCP),,1876,274800
Middle East (GCP),,1877,447008
Middle East (GCP),,1878,326096
Middle East (GCP),,1879,124576.01
Middle East (GCP),,1880,139232
Middle East (GCP),,1881,183200
Middle East (GCP),,1882,153888
Middle East (GCP),,1883,161216
Middle East (GCP),,1884,175872
Middle East (GCP),,1885,194192
Middle East (GCP),,1886,135568
Middle East (GCP),,1887,245488
Middle East (GCP),,1888,267472
Middle East (GCP),,1889,403040
Middle East (GCP),,1890,366400
Middle East (GCP),,1891,403040
Middle East (GCP),,1892,410368
Middle East (GCP),,1893,425024
Middle East (GCP),,1894,392048
Middle East (GCP),,1895,373728
Middle East (GCP),,1896,443344
Middle East (GCP),,1897,315104
Middle East (GCP),,1898,523952.03
Middle East (GCP),,1899,670512
Middle East (GCP),,1900,1036912
Middle East (GCP),,1901,948976
Middle East (GCP),,1902,1047904.06
Middle East (GCP),,1903,1205456
Middle East (GCP),,1904,1366672
Middle East (GCP),,1905,1531552
Middle East (GCP),,1906,1582848
Middle East (GCP),,1907,1879632
Middle East (GCP),,1908,1722080
Middle East (GCP),,1909,1956575.9
Middle East (GCP),,1910,1883296
Middle East (GCP),,1911,2363280
Middle East (GCP),,1912,2249696
Middle East (GCP),,1913,2890896
Middle East (GCP),,1914,2835936
Middle East (GCP),,1915,2440224
Middle East (GCP),,1916,2520832
Middle East (GCP),,1917,3191344
Middle East (GCP),,1918,3905824
Middle East (GCP),,1919,5257840
Middle East (GCP),,1920,6840688
Middle East (GCP),,1921,8097440
Middle East (GCP),,1922,10237216
Middle East (GCP),,1923,13051168
Middle East (GCP),,1924,15956720
Middle East (GCP),,1925,16568607
Middle East (GCP),,1926,18067184
Middle East (GCP),,1927,20119024
Middle East (GCP),,1928,21093410
Middle East (GCP),,1929,20943156
Middle East (GCP),,1930,22895772
Middle East (GCP),,1931,22276318
Middle East (GCP),,1932,24536768
Middle East (GCP),,1933,27207616
Middle East (GCP),,1934,32351782
Middle East (GCP),,1935,35685544
Middle East (GCP),,1936,39331136
Middle East (GCP),,1937,45661908
Middle East (GCP),,1938,46182252
Middle East (GCP),,1939,52121508
Middle East (GCP),,1940,45519250
Middle East (GCP),,1941,36011316
Middle East (GCP),,1942,47469188
Middle East (GCP),,1943,52440720
Middle East (GCP),,1944,67704350
Middle East (GCP),,1945,86156376
Middle East (GCP),,1946,112803900
Middle East (GCP),,1947,134072920
Middle East (GCP),,1948,108714850
Middle East (GCP),,1949,41809060
Middle East (GCP),,1950,31821842
Middle East (GCP),,1951,26166518
Middle East (GCP),,1952,23568114
Middle East (GCP),,1953,27242066
Middle East (GCP),,1954,32736308
Middle East (GCP),,1955,50258990
Middle East (GCP),,1956,59259536
Middle East (GCP),,1957,61770310
Middle East (GCP),,1958,67165660
Middle East (GCP),,1959,70767736
Middle East (GCP),,1960,90275656
Middle East (GCP),,1961,94483810
Middle East (GCP),,1962,109295230
Middle East (GCP),,1963,123593176
Middle East (GCP),,1964,144772590
Middle East (GCP),,1965,172795070
Middle East (GCP),,1966,198950940
Middle East (GCP),,1967,205538850
Middle East (GCP),,1968,236682740
Middle East (GCP),,1969,268462820
Middle East (GCP),,1970,285360100
Middle East (GCP),,1971,334438050
Middle East (GCP),,1972,360850940
Middle East (GCP),,1973,428528930
Middle East (GCP),,1974,443752670
Middle East (GCP),,1975,434496960
Middle East (GCP),,1976,508130800
Middle East (GCP),,1977,534502050
Middle East (GCP),,1978,536659550
Middle East (GCP),,1979,569759740
Middle East (GCP),,1980,554904600
Middle East (GCP),,1981,552827700
Middle East (GCP),,1982,564995600
Middle East (GCP),,1983,595524700
Middle East (GCP),,1984,623952800
Middle East (GCP),,1985,672541900
Middle East (GCP),,1986,715503600
Middle East (GCP),,1987,731730100
Middle East (GCP),,1988,779401000
Middle East (GCP),,1989,824378940
Middle East (GCP),,1990,823259970
Middle East (GCP),,1991,893303230
Middle East (GCP),,1992,984961400
Middle East (GCP),,1993,1069788600
Middle East (GCP),,1994,1128994700
Middle East (GCP),,1995,1139909500
Middle East (GCP),,1996,1158875600
Middle East (GCP),,1997,1142882000
Middle East (GCP),,1998,1183069600
Middle East (GCP),,1999,1272757100
Middle East (GCP),,2000,1406759800
Middle East (GCP),,2001,1442250800
Middle East (GCP),,2002,1453808100
Middle East (GCP),,2003,1548713300
Middle East (GCP),,2004,1655777300
Middle East (GCP),,2005,1724578600
Middle East (GCP),,2006,1831428200
Middle East (GCP),,2007,1843028200
Middle East (GCP),,2008,1984284300
Middle East (GCP),,2009,2065631900
Middle East (GCP),,2010,2178652200
Middle East (GCP),,2011,2231887000
Middle East (GCP),,2012,2381427500
Middle East (GCP),,2013,2344290000
Middle East (GCP),,2014,2387180800
Middle East (GCP),,2015,2471521500
Middle East (GCP),,2016,2520702000
Middle East (GCP),,2017,2600109800
Middle East (GCP),,2018,2596707000
Middle East (GCP),,2019,2710946600
Middle East (GCP),,2020,2653588200
Middle East (GCP),,2021,2787511800
Middle East (GCP),,2022,2790370800
Middle East (GCP),,2023,2894337800
Middle East (GCP),,2024,2968607000
Moldova,MDA,1830,189
Moldova,MDA,1831,226
Moldova,MDA,1832,151
Moldova,MDA,1833,189
Moldova,MDA,1850,1170
Moldova,MDA,1855,3547
Moldova,MDA,1858,4981
Moldova,MDA,1859,5283
Moldova,MDA,1860,6981
Moldova,MDA,1861,8867
Moldova,MDA,1862,7999
Moldova,MDA,1863,8377
Moldova,MDA,1864,9396
Moldova,MDA,1865,8981
Moldova,MDA,1866,28375
Moldova,MDA,1867,32564
Moldova,MDA,1868,27093
Moldova,MDA,1869,36752
Moldova,MDA,1870,39884
Moldova,MDA,1871,53845
Moldova,MDA,1872,55279
Moldova,MDA,1873,51883
Moldova,MDA,1874,62977
Moldova,MDA,1875,72486
Moldova,MDA,1876,89994
Moldova,MDA,1877,91843
Moldova,MDA,1878,120030
Moldova,MDA,1879,123161
Moldova,MDA,1880,144481
Moldova,MDA,1881,152178
Moldova,MDA,1882,160291
Moldova,MDA,1883,182441
Moldova,MDA,1884,185233
Moldova,MDA,1885,201760
Moldova,MDA,1886,206929
Moldova,MDA,1887,218966
Moldova,MDA,1888,228400
Moldova,MDA,1889,246663
Moldova,MDA,1890,279340
Moldova,MDA,1891,307564
Moldova,MDA,1892,325563
Moldova,MDA,1893,381597
Moldova,MDA,1894,388653
Moldova,MDA,1895,446574
Moldova,MDA,1896,454611
Moldova,MDA,1897,525625
Moldova,MDA,1898,589507
Moldova,MDA,1899,683878
Moldova,MDA,1900,774702
Moldova,MDA,1901,795343
Moldova,MDA,1902,768175
Moldova,MDA,1903,751421
Moldova,MDA,1904,836019
Moldova,MDA,1905,746252
Moldova,MDA,1906,851188
Moldova,MDA,1907,953407
Moldova,MDA,1908,959256
Moldova,MDA,1909,1012611.06
Moldova,MDA,1910,993065
Moldova,MDA,1911,1029590.94
Moldova,MDA,1912,1166299
Moldova,MDA,1913,1266971
Moldova,MDA,1914,1143470
Moldova,MDA,1915,1049552
Moldova,MDA,1916,1118641
Moldova,MDA,1917,1029515
Moldova,MDA,1918,410576
Moldova,MDA,1919,350693
Moldova,MDA,1920,319790
Moldova,MDA,1921,346807
Moldova,MDA,1922,422953
Moldova,MDA,1923,467214
Moldova,MDA,1924,556642
Moldova,MDA,1925,549397
Moldova,MDA,1926,796022
Moldova,MDA,1927,989669
Moldova,MDA,1928,1098875
Moldova,MDA,1929,1183468
Moldova,MDA,1930,1609392
Moldova,MDA,1931,1933506
Moldova,MDA,1932,2178171
Moldova,MDA,1933,2434361
Moldova,MDA,1934,2944478
Moldova,MDA,1935,3332691
Moldova,MDA,1936,3821195
Moldova,MDA,1937,3907562
Moldova,MDA,1938,4124276.2
Moldova,MDA,1939,4174862
Moldova,MDA,1940,5005097
Moldova,MDA,1941,4398406
Moldova,MDA,1942,2391499
Moldova,MDA,1943,2495907
Moldova,MDA,1944,3619529
Moldova,MDA,1945,3831904
Moldova,MDA,1946,4306694
Moldova,MDA,1947,5186495
Moldova,MDA,1948,5520078
Moldova,MDA,1949,6276058
Moldova,MDA,1950,6997428
Moldova,MDA,1951,7585352
Moldova,MDA,1952,8125252
Moldova,MDA,1953,8599064
Moldova,MDA,1954,9394978
Moldova,MDA,1955,10656746
Moldova,MDA,1956,11688023
Moldova,MDA,1957,12796004
Moldova,MDA,1958,13666165
Moldova,MDA,1959,14378951
Moldova,MDA,1960,14985402
Moldova,MDA,1961,15468067
Moldova,MDA,1962,16251120
Moldova,MDA,1963,17434330
Moldova,MDA,1964,18547996
Moldova,MDA,1965,19690952
Moldova,MDA,1966,20811612
Moldova,MDA,1967,21776314
Moldova,MDA,1968,22400960
Moldova,MDA,1969,23336846
Moldova,MDA,1970,24561556
Moldova,MDA,1971,26071974
Moldova,MDA,1972,27441056
Moldova,MDA,1973,28616774
Moldova,MDA,1974,29726302
Moldova,MDA,1975,31261738
Moldova,MDA,1976,32462128
Moldova,MDA,1977,33569308
Moldova,MDA,1978,34719340
Moldova,MDA,1979,34994692
Moldova,MDA,1980,36366290
Moldova,MDA,1981,35704140
Moldova,MDA,1982,36359716
Moldova,MDA,1983,36892380
Moldova,MDA,1984,37226016
Moldova,MDA,1985,40105370
Moldova,MDA,1986,39112270
Moldova,MDA,1987,37497816
Moldova,MDA,1988,39037332
Moldova,MDA,1989,38141160
Moldova,MDA,1990,36505456
Moldova,MDA,1991,29617870
Moldova,MDA,1992,20978112
Moldova,MDA,1993,15845813
Moldova,MDA,1994,12426964
Moldova,MDA,1995,11405406
Moldova,MDA,1996,11687090
Moldova,MDA,1997,7301343
Moldova,MDA,1998,6443838
Moldova,MDA,1999,4684538
Moldova,MDA,2000,3572952
Moldova,MDA,2001,3786589
Moldova,MDA,2002,4051736
Moldova,MDA,2003,4404268
Moldova,MDA,2004,4613424
Moldova,MDA,2005,4937548
Moldova,MDA,2006,5029747
Moldova,MDA,2007,4978554
Moldova,MDA,2008,5190380
Moldova,MDA,2009,4539512
Moldova,MDA,2010,4830905
Moldova,MDA,2011,4944974
Moldova,MDA,2012,4765682
Moldova,MDA,2013,4899358
Moldova,MDA,2014,4755152
Moldova,MDA,2015,4785084
Moldova,MDA,2016,4907333
Moldova,MDA,2017,5090404
Moldova,MDA,2018,5351240
Moldova,MDA,2019,5378353
Moldova,MDA,2020,5113134
Moldova,MDA,2021,5760043
Moldova,MDA,2022,5173479
Moldova,MDA,2023,5329303
Moldova,MDA,2024,5326843
Mongolia,MNG,1950,285792
Mongolia,MNG,1951,293120
Mongolia,MNG,1952,300448
Mongolia,MNG,1953,304112
Mongolia,MNG,1954,487312
Mongolia,MNG,1955,589904
Mongolia,MNG,1956,688832
Mongolia,MNG,1957,762112
Mongolia,MNG,1958,1135840
Mongolia,MNG,1959,1344688
Mongolia,MNG,1960,1293392
Mongolia,MNG,1961,1392320
Mongolia,MNG,1962,1971232
Mongolia,MNG,1963,1601168
Mongolia,MNG,1964,2044512
Mongolia,MNG,1965,1956576
Mongolia,MNG,1966,1952912
Mongolia,MNG,1967,2150560
Mongolia,MNG,1968,2480231
Mongolia,MNG,1969,2681751
Mongolia,MNG,1970,2846542
Mongolia,MNG,1971,3032441
Mongolia,MNG,1972,3275977
Mongolia,MNG,1973,3472096
Mongolia,MNG,1974,3740771
Mongolia,MNG,1975,4054571.2
Mongolia,MNG,1976,4390020
Mongolia,MNG,1977,4960706
Mongolia,MNG,1978,5763810
Mongolia,MNG,1979,6277336
Mongolia,MNG,1980,6855166
Mongolia,MNG,1981,6614668
Mongolia,MNG,1982,6712307
Mongolia,MNG,1983,6969065
Mongolia,MNG,1984,6424712
Mongolia,MNG,1985,8997952
Mongolia,MNG,1986,9595142
Mongolia,MNG,1987,10482516
Mongolia,MNG,1988,11492876
Mongolia,MNG,1989,10459013
Mongolia,MNG,1990,9791058
Mongolia,MNG,1991,11959794
Mongolia,MNG,1992,10942613
Mongolia,MNG,1993,9193024
Mongolia,MNG,1994,7864772
Mongolia,MNG,1995,7837062
Mongolia,MNG,1996,7935414
Mongolia,MNG,1997,7615103
Mongolia,MNG,1998,7621516
Mongolia,MNG,1999,7487592
Mongolia,MNG,2000,7431864
Mongolia,MNG,2001,7803958
Mongolia,MNG,2002,8196567.5
Mongolia,MNG,2003,7934596
Mongolia,MNG,2004,8501100
Mongolia,MNG,2005,8515106
Mongolia,MNG,2006,9281176
Mongolia,MNG,2007,11957832
Mongolia,MNG,2008,11917791
Mongolia,MNG,2009,13030046
Mongolia,MNG,2010,13772353
Mongolia,MNG,2011,21367836
Mongolia,MNG,2012,34996204
Mongolia,MNG,2013,43478044
Mongolia,MNG,2014,29629786
Mongolia,MNG,2015,23278636
Mongolia,MNG,2016,25629114
Mongolia,MNG,2017,34138988
Mongolia,MNG,2018,45319308
Mongolia,MNG,2019,47118988
Mongolia,MNG,2020,42477500
Mongolia,MNG,2021,35971700
Mongolia,MNG,2022,40443170
Mongolia,MNG,2023,44183664
Mongolia,MNG,2024,44693890
Montenegro,MNE,1885,501.99997
Montenegro,MNE,1890,1505
Montenegro,MNE,1891,1756
Montenegro,MNE,1892,1944
Montenegro,MNE,1893,3450
Montenegro,MNE,1894,6586
Montenegro,MNE,1895,6586
Montenegro,MNE,1896,7339
Montenegro,MNE,1897,5708
Montenegro,MNE,1898,8656
Montenegro,MNE,1899,10098
Montenegro,MNE,1900,13674
Montenegro,MNE,1901,14928
Montenegro,MNE,1902,13987
Montenegro,MNE,1903,15179
Montenegro,MNE,1904,16183
Montenegro,MNE,1905,17563
Montenegro,MNE,1906,21012
Montenegro,MNE,1907,21389
Montenegro,MNE,1908,23020
Montenegro,MNE,1909,23647
Montenegro,MNE,1910,23396
Montenegro,MNE,1911,25340
Montenegro,MNE,1912,25968
Montenegro,MNE,1913,71317
Montenegro,MNE,1919,51120
Montenegro,MNE,1920,67867
Montenegro,MNE,1921,72258
Montenegro,MNE,1922,104999
Montenegro,MNE,1923,114533
Montenegro,MNE,1924,117418
Montenegro,MNE,1925,128897
Montenegro,MNE,1926,125510.01
Montenegro,MNE,1927,141818
Montenegro,MNE,1928,161074
Montenegro,MNE,1929,175689
Montenegro,MNE,1930,165339
Montenegro,MNE,1931,152795
Montenegro,MNE,1932,139309
Montenegro,MNE,1933,128897
Montenegro,MNE,1934,134166
Montenegro,MNE,1935,140438
Montenegro,MNE,1936,138494
Montenegro,MNE,1937,154300
Montenegro,MNE,1938,146146
Montenegro,MNE,1939,153359
Montenegro,MNE,1940,176379
Montenegro,MNE,1943,6461
Montenegro,MNE,1944,1568
Montenegro,MNE,1945,89130
Montenegro,MNE,1946,176128
Montenegro,MNE,1947,245061
Montenegro,MNE,1948,276234
Montenegro,MNE,1949,315562
Montenegro,MNE,1950,302327
Montenegro,MNE,1951,286145
Montenegro,MNE,1952,287399
Montenegro,MNE,1953,285392
Montenegro,MNE,1954,340589
Montenegro,MNE,1955,390140
Montenegro,MNE,1956,446215
Montenegro,MNE,1957,484539
Montenegro,MNE,1958,477326
Montenegro,MNE,1959,547639
Montenegro,MNE,1960,598320
Montenegro,MNE,1961,627674
Montenegro,MNE,1962,644108
Montenegro,MNE,1963,716554
Montenegro,MNE,1964,811831
Montenegro,MNE,1965,835352
Montenegro,MNE,1966,827762
Montenegro,MNE,1967,836105
Montenegro,MNE,1968,894249
Montenegro,MNE,1969,927242
Montenegro,MNE,1970,1211630
Montenegro,MNE,1971,1305904
Montenegro,MNE,1972,1223924
Montenegro,MNE,1973,1462148
Montenegro,MNE,1974,1468546
Montenegro,MNE,1975,1532461
Montenegro,MNE,1976,1581636
Montenegro,MNE,1977,1538232
Montenegro,MNE,1978,1718876
Montenegro,MNE,1979,1869537
Montenegro,MNE,1980,1838301
Montenegro,MNE,1981,2000567
Montenegro,MNE,1982,1837925
Montenegro,MNE,1983,1979115
Montenegro,MNE,1984,2087188
Montenegro,MNE,1985,2129087
Montenegro,MNE,1986,2223486
Montenegro,MNE,1987,2170799
Montenegro,MNE,1988,2239983
Montenegro,MNE,1989,2233146
Montenegro,MNE,1990,2209123
Montenegro,MNE,1991,1562945
Montenegro,MNE,1992,1671268
Montenegro,MNE,1993,1457577
Montenegro,MNE,1994,1416060
Montenegro,MNE,1995,1495702
Montenegro,MNE,1996,1749554
Montenegro,MNE,1997,1881161
Montenegro,MNE,1998,1980069
Montenegro,MNE,1999,1365453
Montenegro,MNE,2000,1515511
Montenegro,MNE,2001,1627038
Montenegro,MNE,2002,1740464
Montenegro,MNE,2003,1863251
Montenegro,MNE,2004,2034068.1
Montenegro,MNE,2005,1934177
Montenegro,MNE,2006,2062832.1
Montenegro,MNE,2007,2055504.1
Montenegro,MNE,2008,2605104
Montenegro,MNE,2009,1681776
Montenegro,MNE,2010,2421904
Montenegro,MNE,2011,2407248
Montenegro,MNE,2012,2213056
Montenegro,MNE,2013,2150768
Montenegro,MNE,2014,2106800
Montenegro,MNE,2015,2238704
Montenegro,MNE,2016,2015199.9
Montenegro,MNE,2017,2103136
Montenegro,MNE,2018,2403584
Montenegro,MNE,2019,2476864
Montenegro,MNE,2020,2403584
Montenegro,MNE,2021,2410912
Montenegro,MNE,2022,2495184
Montenegro,MNE,2023,2406849
Montenegro,MNE,2024,2376258
Montserrat,MSR,1962,3664
Montserrat,MSR,1963,3664
Montserrat,MSR,1964,7328
Montserrat,MSR,1965,3664
Montserrat,MSR,1966,7328
Montserrat,MSR,1967,7328
Montserrat,MSR,1968,7328
Montserrat,MSR,1969,7328
Montserrat,MSR,1970,14656
Montserrat,MSR,1971,14656
Montserrat,MSR,1972,14656
Montserrat,MSR,1973,14656
Montserrat,MSR,1974,14656
Montserrat,MSR,1975,10992
Montserrat,MSR,1976,10992
Montserrat,MSR,1977,25648
Montserrat,MSR,1978,25648
Montserrat,MSR,1979,25648
Montserrat,MSR,1980,14656
Montserrat,MSR,1981,18320
Montserrat,MSR,1982,18320
Montserrat,MSR,1983,21984
Montserrat,MSR,1984,21984
Montserrat,MSR,1985,25648
Montserrat,MSR,1986,29312
Montserrat,MSR,1987,29312
Montserrat,MSR,1988,29312
Montserrat,MSR,1989,29312
Montserrat,MSR,1990,29312
Montserrat,MSR,1991,29312
Montserrat,MSR,1992,29312
Montserrat,MSR,1993,29312
Montserrat,MSR,1994,32976
Montserrat,MSR,1995,32976
Montserrat,MSR,1996,36640
Montserrat,MSR,1997,32976
Montserrat,MSR,1998,29312
Montserrat,MSR,1999,36640
Montserrat,MSR,2000,25648
Montserrat,MSR,2001,25648
Montserrat,MSR,2002,43968
Montserrat,MSR,2003,36640
Montserrat,MSR,2004,47632
Montserrat,MSR,2005,40304
Montserrat,MSR,2006,40304
Montserrat,MSR,2007,40304
Montserrat,MSR,2008,43968
Montserrat,MSR,2009,43968
Montserrat,MSR,2010,58624
Montserrat,MSR,2011,36640
Montserrat,MSR,2012,40304
Montserrat,MSR,2013,51296
Montserrat,MSR,2014,43968
Montserrat,MSR,2015,51296
Montserrat,MSR,2016,29312
Montserrat,MSR,2017,25648
Montserrat,MSR,2018,29312
Montserrat,MSR,2019,25648
Montserrat,MSR,2020,21984
Montserrat,MSR,2021,21984
Montserrat,MSR,2022,25648
Montserrat,MSR,2023,25596
Montserrat,MSR,2024,26579
Morocco,MAR,1928,29074
Morocco,MAR,1929,32708.998
Morocco,MAR,1930,40007
Morocco,MAR,1931,90981
Morocco,MAR,1932,149333
Morocco,MAR,1933,175070
Morocco,MAR,1934,189785
Morocco,MAR,1935,233723
Morocco,MAR,1936,211858
Morocco,MAR,1937,369440
Morocco,MAR,1938,464674
Morocco,MAR,1939,318768
Morocco,MAR,1940,395712
Morocco,MAR,1941,388384
Morocco,MAR,1942,329760
Morocco,MAR,1943,354843
Morocco,MAR,1944,420914
Morocco,MAR,1945,523655
Morocco,MAR,1946,684459
Morocco,MAR,1947,830840
Morocco,MAR,1948,940578
Morocco,MAR,1949,1087138
Morocco,MAR,1950,2559830
Morocco,MAR,1951,2926020
Morocco,MAR,1952,3563319
Morocco,MAR,1953,4170829.8
Morocco,MAR,1954,3584382
Morocco,MAR,1955,3554802
Morocco,MAR,1956,3518551
Morocco,MAR,1957,3053728
Morocco,MAR,1958,3266652
Morocco,MAR,1959,3368859
Morocco,MAR,1960,3636004
Morocco,MAR,1961,3771367
Morocco,MAR,1962,3074934
Morocco,MAR,1963,3954059
Morocco,MAR,1964,4415040
Morocco,MAR,1965,4254388
Morocco,MAR,1966,5459547
Morocco,MAR,1967,5408251
Morocco,MAR,1968,5620228
Morocco,MAR,1969,5817401
Morocco,MAR,1970,7282020
Morocco,MAR,1971,8186280.5
Morocco,MAR,1972,8027626
Morocco,MAR,1973,9612593
Morocco,MAR,1974,11098529
Morocco,MAR,1975,11065450
Morocco,MAR,1976,11489691
Morocco,MAR,1977,12624541
Morocco,MAR,1978,12991673
Morocco,MAR,1979,15850193
Morocco,MAR,1980,15817737
Morocco,MAR,1981,15718117
Morocco,MAR,1982,16904630
Morocco,MAR,1983,17626518
Morocco,MAR,1984,17645234
Morocco,MAR,1985,17681776
Morocco,MAR,1986,18683950
Morocco,MAR,1987,19904884
Morocco,MAR,1988,20930808
Morocco,MAR,1989,22660664
Morocco,MAR,1990,22297998
Morocco,MAR,1991,23688164
Morocco,MAR,1992,24736784
Morocco,MAR,1993,26782156
Morocco,MAR,1994,28123800
Morocco,MAR,1995,28750270
Morocco,MAR,1996,29524522
Morocco,MAR,1997,29977578
Morocco,MAR,1998,30881156
Morocco,MAR,1999,31989332
Morocco,MAR,2000,33199036
Morocco,MAR,2001,36808930
Morocco,MAR,2002,37309516
Morocco,MAR,2003,36570124
Morocco,MAR,2004,42225556
Morocco,MAR,2005,44660772
Morocco,MAR,2006,46249416
Morocco,MAR,2007,48912716
Morocco,MAR,2008,51372324
Morocco,MAR,2009,50859732
Morocco,MAR,2010,54365200
Morocco,MAR,2011,54867636
Morocco,MAR,2012,56953540
Morocco,MAR,2013,56606420
Morocco,MAR,2014,57174916
Morocco,MAR,2015,58498840
Morocco,MAR,2016,58457476
Morocco,MAR,2017,61103764
Morocco,MAR,2018,62314932
Morocco,MAR,2019,68743490
Morocco,MAR,2020,64541824
Morocco,MAR,2021,70275310
Morocco,MAR,2022,69779460
Morocco,MAR,2023,68961176
Morocco,MAR,2024,69062344
Mozambique,MOZ,1927,43968
Mozambique,MOZ,1928,21925
Mozambique,MOZ,1929,10903
Mozambique,MOZ,1930,10903
Mozambique,MOZ,1931,10903
Mozambique,MOZ,1932,62199
Mozambique,MOZ,1933,51213
Mozambique,MOZ,1934,65893
Mozambique,MOZ,1935,47573
Mozambique,MOZ,1936,51237
Mozambique,MOZ,1937,58565
Mozambique,MOZ,1938,40206
Mozambique,MOZ,1939,65833
Mozambique,MOZ,1940,65833
Mozambique,MOZ,1941,58505
Mozambique,MOZ,1942,29223
Mozambique,MOZ,1943,51168
Mozambique,MOZ,1944,54849
Mozambique,MOZ,1945,47494
Mozambique,MOZ,1946,54849
Mozambique,MOZ,1947,58484
Mozambique,MOZ,1948,43819
Mozambique,MOZ,1949,58434
Mozambique,MOZ,1950,901137
Mozambique,MOZ,1951,930329
Mozambique,MOZ,1952,1073225
Mozambique,MOZ,1953,1080523
Mozambique,MOZ,1954,1142753
Mozambique,MOZ,1955,1373434
Mozambique,MOZ,1956,1552910
Mozambique,MOZ,1957,1769029
Mozambique,MOZ,1958,1816631
Mozambique,MOZ,1959,1794498
Mozambique,MOZ,1960,1882405
Mozambique,MOZ,1961,2629890
Mozambique,MOZ,1962,1985174
Mozambique,MOZ,1963,1659109
Mozambique,MOZ,1964,2139033
Mozambique,MOZ,1965,2003317.1
Mozambique,MOZ,1966,2124199
Mozambique,MOZ,1967,1871294
Mozambique,MOZ,1968,2776153
Mozambique,MOZ,1969,3237758
Mozambique,MOZ,1970,2980891
Mozambique,MOZ,1971,3611010
Mozambique,MOZ,1972,3295698
Mozambique,MOZ,1973,3558942
Mozambique,MOZ,1974,3145504
Mozambique,MOZ,1975,2882439
Mozambique,MOZ,1976,2555417
Mozambique,MOZ,1977,2706439
Mozambique,MOZ,1978,2865849
Mozambique,MOZ,1979,2634568
Mozambique,MOZ,1980,3198489
Mozambique,MOZ,1981,2479035
Mozambique,MOZ,1982,2523930
Mozambique,MOZ,1983,1954480
Mozambique,MOZ,1984,1510863
Mozambique,MOZ,1985,1134944
Mozambique,MOZ,1986,977139
Mozambique,MOZ,1987,976747
Mozambique,MOZ,1988,1006193.06
Mozambique,MOZ,1989,1034531
Mozambique,MOZ,1990,1025375.94
Mozambique,MOZ,1991,941464
Mozambique,MOZ,1992,1027205.94
Mozambique,MOZ,1993,1140326
Mozambique,MOZ,1994,1098034
Mozambique,MOZ,1995,1130973
Mozambique,MOZ,1996,1091814
Mozambique,MOZ,1997,1170237
Mozambique,MOZ,1998,1111895
Mozambique,MOZ,1999,1168343
Mozambique,MOZ,2000,1321945
Mozambique,MOZ,2001,1553994
Mozambique,MOZ,2002,1537057
Mozambique,MOZ,2003,1855517
Mozambique,MOZ,2004,1863973
Mozambique,MOZ,2005,1769698
Mozambique,MOZ,2006,1915622
Mozambique,MOZ,2007,2188943
Mozambique,MOZ,2008,2179852
Mozambique,MOZ,2009,2439006
Mozambique,MOZ,2010,2637635
Mozambique,MOZ,2011,3106628
Mozambique,MOZ,2012,3051742
Mozambique,MOZ,2013,3578664
Mozambique,MOZ,2014,8118426.5
Mozambique,MOZ,2015,6730549
Mozambique,MOZ,2016,8547749
Mozambique,MOZ,2017,6905362
Mozambique,MOZ,2018,7010116
Mozambique,MOZ,2019,7097435
Mozambique,MOZ,2020,6340353
Mozambique,MOZ,2021,7722039
Mozambique,MOZ,2022,9295686
Mozambique,MOZ,2023,9093456
Mozambique,MOZ,2024,8612630
Myanmar,MMR,1928,3158368
Myanmar,MMR,1929,3048448
Myanmar,MMR,1930,3085088
Myanmar,MMR,1931,2934864
Myanmar,MMR,1932,2978832
Myanmar,MMR,1933,2997152
Myanmar,MMR,1934,3063104
Myanmar,MMR,1935,3026464
Myanmar,MMR,1936,3110736
Myanmar,MMR,1937,3216992
Myanmar,MMR,1938,3088752
Myanmar,MMR,1939,3231648
Myanmar,MMR,1940,3173024
Myanmar,MMR,1941,3184016
Myanmar,MMR,1942,1025920.06
Myanmar,MMR,1943,410368
Myanmar,MMR,1944,307776
Myanmar,MMR,1945,296784
Myanmar,MMR,1946,7328
Myanmar,MMR,1947,25648
Myanmar,MMR,1948,153888
Myanmar,MMR,1949,102592
Myanmar,MMR,1950,802416
Myanmar,MMR,1951,915941
Myanmar,MMR,1952,1131998
Myanmar,MMR,1953,1304206
Myanmar,MMR,1954,1461698
Myanmar,MMR,1955,1421394
Myanmar,MMR,1956,1655979
Myanmar,MMR,1957,2099323
Myanmar,MMR,1958,2410763
Myanmar,MMR,1959,2777163
Myanmar,MMR,1960,2714846
Myanmar,MMR,1961,2590299
Myanmar,MMR,1962,2879696
Myanmar,MMR,1963,2633911
Myanmar,MMR,1964,2857385
Myanmar,MMR,1965,2725481
Myanmar,MMR,1966,2806059
Myanmar,MMR,1967,3615833
Myanmar,MMR,1968,2926823
Myanmar,MMR,1969,3212585
Myanmar,MMR,1970,4612293
Myanmar,MMR,1971,5099486
Myanmar,MMR,1972,4894302
Myanmar,MMR,1973,4106571.2
Myanmar,MMR,1974,4670917
Myanmar,MMR,1975,4582922
Myanmar,MMR,1976,4892791
Myanmar,MMR,1977,5165654
Myanmar,MMR,1978,5146074
Myanmar,MMR,1979,5086024
Myanmar,MMR,1980,5508783
Myanmar,MMR,1981,5622979
Myanmar,MMR,1982,5579515
Myanmar,MMR,1983,5753767
Myanmar,MMR,1984,6548548
Myanmar,MMR,1985,6675517
Myanmar,MMR,1986,6756346
Myanmar,MMR,1987,4943397
Myanmar,MMR,1988,4086656
Myanmar,MMR,1989,4425299
Myanmar,MMR,1990,4235719
Myanmar,MMR,1991,4137416
Myanmar,MMR,1992,4841915
Myanmar,MMR,1993,5303029
Myanmar,MMR,1994,6173965
Myanmar,MMR,1995,6892622
Myanmar,MMR,1996,7187982
Myanmar,MMR,1997,7419640
Myanmar,MMR,1998,8046166.5
Myanmar,MMR,1999,8933607
Myanmar,MMR,2000,10219368
Myanmar,MMR,2001,8855704
Myanmar,MMR,2002,9328067
Myanmar,MMR,2003,9997118
Myanmar,MMR,2004,12565488
Myanmar,MMR,2005,11547761
Myanmar,MMR,2006,12817119
Myanmar,MMR,2007,12844723
Myanmar,MMR,2008,9772056
Myanmar,MMR,2009,10210863
Myanmar,MMR,2010,13125187
Myanmar,MMR,2011,15122017
Myanmar,MMR,2012,11825691
Myanmar,MMR,2013,12714823
Myanmar,MMR,2014,15849346
Myanmar,MMR,2015,21879816
Myanmar,MMR,2016,21144082
Myanmar,MMR,2017,23633410
Myanmar,MMR,2018,34016840
Myanmar,MMR,2019,33616924
Myanmar,MMR,2020,34587800
Myanmar,MMR,2021,29284832
Myanmar,MMR,2022,31638664
Myanmar,MMR,2023,31792970
Myanmar,MMR,2024,31603438
Namibia,NAM,1991,1044240
Namibia,NAM,1992,1139504
Namibia,NAM,1993,1374000
Namibia,NAM,1994,1557183
Namibia,NAM,1995,1619488
Namibia,NAM,1996,1718416
Namibia,NAM,1997,1813724
Namibia,NAM,1998,1864976
Namibia,NAM,1999,1740400
Namibia,NAM,2000,1718416
Namibia,NAM,2001,2231376
Namibia,NAM,2002,1971232
Namibia,NAM,2003,2092144
Namibia,NAM,2004,2238704
Namibia,NAM,2005,2531824
Namibia,NAM,2006,2524496
Namibia,NAM,2007,2326640
Namibia,NAM,2008,2857920
Namibia,NAM,2009,2660064
Namibia,NAM,2010,2788304
Namibia,NAM,2011,2785549
Namibia,NAM,2012,3194064
Namibia,NAM,2013,3003744
Namibia,NAM,2014,3099139
Namibia,NAM,2015,3393660
Namibia,NAM,2016,3582204
Namibia,NAM,2017,3589609
Namibia,NAM,2018,3635037
Namibia,NAM,2019,3730077
Namibia,NAM,2020,3440421
Namibia,NAM,2021,3607799
Namibia,NAM,2022,3413848
Namibia,NAM,2023,3442664
Namibia,NAM,2024,3469112
Nauru,NRU,1964,29312
Nauru,NRU,1965,32976
Nauru,NRU,1966,32976
Nauru,NRU,1967,47632
Nauru,NRU,1968,47632
Nauru,NRU,1969,65952
Nauru,NRU,1970,65952
Nauru,NRU,1971,87936
Nauru,NRU,1972,76944
Nauru,NRU,1973,84272
Nauru,NRU,1974,98928
Nauru,NRU,1975,102592
Nauru,NRU,1976,102592
Nauru,NRU,1977,113584
Nauru,NRU,1978,113584
Nauru,NRU,1979,113584
Nauru,NRU,1980,124576
Nauru,NRU,1981,124576
Nauru,NRU,1982,124576
Nauru,NRU,1983,124576
Nauru,NRU,1984,124576
Nauru,NRU,1985,124576
Nauru,NRU,1986,161216
Nauru,NRU,1987,157552
Nauru,NRU,1988,157552
Nauru,NRU,1989,157552
Nauru,NRU,1990,124576
Nauru,NRU,1991,124576
Nauru,NRU,1992,120912
Nauru,NRU,1993,113584
Nauru,NRU,1994,109920
Nauru,NRU,1995,106256
Nauru,NRU,1996,102592
Nauru,NRU,1997,102592
Nauru,NRU,1998,98928
Nauru,NRU,1999,91600
Nauru,NRU,2000,87936
Nauru,NRU,2001,80608
Nauru,NRU,2002,76944
Nauru,NRU,2003,65952
Nauru,NRU,2004,62288
Nauru,NRU,2005,62288
Nauru,NRU,2006,43968
Nauru,NRU,2007,40304
Nauru,NRU,2008,40304
Nauru,NRU,2009,40304
Nauru,NRU,2010,43968
Nauru,NRU,2011,40304
Nauru,NRU,2012,40304
Nauru,NRU,2013,47632
Nauru,NRU,2014,51296
Nauru,NRU,2015,54960
Nauru,NRU,2016,51296
Nauru,NRU,2017,54960
Nauru,NRU,2018,54960
Nauru,NRU,2019,51296
Nauru,NRU,2020,54960
Nauru,NRU,2021,54960
Nauru,NRU,2022,58984
Nauru,NRU,2023,58705
Nauru,NRU,2024,61390
Nepal,NPL,1950,25648
Nepal,NPL,1951,29312
Nepal,NPL,1952,29312
Nepal,NPL,1953,36640
Nepal,NPL,1954,40304
Nepal,NPL,1955,43968
Nepal,NPL,1956,47632
Nepal,NPL,1957,54960
Nepal,NPL,1958,58624
Nepal,NPL,1959,65952
Nepal,NPL,1960,80608
Nepal,NPL,1961,80608
Nepal,NPL,1962,87936
Nepal,NPL,1963,98928
Nepal,NPL,1964,150224
Nepal,NPL,1965,179536
Nepal,NPL,1966,190528
Nepal,NPL,1967,212512
Nepal,NPL,1968,252815.98
Nepal,NPL,1969,399376
Nepal,NPL,1970,227168
Nepal,NPL,1971,197856
Nepal,NPL,1972,267472
Nepal,NPL,1973,421360
Nepal,NPL,1974,424875
Nepal,NPL,1975,351714
Nepal,NPL,1976,281839
Nepal,NPL,1977,336399
Nepal,NPL,1978,328981
Nepal,NPL,1979,512359.97
Nepal,NPL,1980,541295
Nepal,NPL,1981,453186
Nepal,NPL,1982,442361
Nepal,NPL,1983,492418
Nepal,NPL,1984,701424
Nepal,NPL,1985,676018
Nepal,NPL,1986,697014
Nepal,NPL,1987,860680
Nepal,NPL,1988,975970
Nepal,NPL,1989,893564
Nepal,NPL,1990,721436
Nepal,NPL,1991,1026311.06
Nepal,NPL,1992,1232929
Nepal,NPL,1993,1397333
Nepal,NPL,1994,1619432
Nepal,NPL,1995,2308915
Nepal,NPL,1996,2352779
Nepal,NPL,1997,2641111
Nepal,NPL,1998,2223327
Nepal,NPL,1999,3191083
Nepal,NPL,2000,3037431
Nepal,NPL,2001,3236078
Nepal,NPL,2002,2596383
Nepal,NPL,2003,2810383
Nepal,NPL,2004,2582410
Nepal,NPL,2005,2986772
Nepal,NPL,2006,2456469
Nepal,NPL,2007,2570341
Nepal,NPL,2008,3355316
Nepal,NPL,2009,4126129.2
Nepal,NPL,2010,4827968
Nepal,NPL,2011,5216765
Nepal,NPL,2012,5470253
Nepal,NPL,2013,6217840
Nepal,NPL,2014,7587670
Nepal,NPL,2015,6904651
Nepal,NPL,2016,10088048
Nepal,NPL,2017,12421580
Nepal,NPL,2018,14038992
Nepal,NPL,2019,12750490
Nepal,NPL,2020,15630800
Nepal,NPL,2021,15486231
Nepal,NPL,2022,17608968
Nepal,NPL,2023,18347820
Nepal,NPL,2024,18776082
Netherlands,NLD,1846,2868912
Netherlands,NLD,1847,3869184
Netherlands,NLD,1848,3649344
Netherlands,NLD,1849,3330576
Netherlands,NLD,1850,3136384
Netherlands,NLD,1851,3118064
Netherlands,NLD,1852,3762928
Netherlands,NLD,1853,4169632
Netherlands,NLD,1854,5946672
Netherlands,NLD,1855,4649616
Netherlands,NLD,1856,4722896
Netherlands,NLD,1857,4217264
Netherlands,NLD,1858,3707968
Netherlands,NLD,1859,3524768
Netherlands,NLD,1860,4796176
Netherlands,NLD,1861,4404128
Netherlands,NLD,1862,5671872
Netherlands,NLD,1863,4085360
Netherlands,NLD,1864,3403856
Netherlands,NLD,1865,3847200
Netherlands,NLD,1866,4217264
Netherlands,NLD,1867,4041391.8
Netherlands,NLD,1868,4239248
Netherlands,NLD,1869,4371152
Netherlands,NLD,1870,4942736
Netherlands,NLD,1871,4979376
Netherlands,NLD,1872,5331120
Netherlands,NLD,1873,5140592
Netherlands,NLD,1874,4741216
Netherlands,NLD,1875,5419056
Netherlands,NLD,1876,6210480
Netherlands,NLD,1877,6309408
Netherlands,NLD,1878,6686800
Netherlands,NLD,1879,7210752
Netherlands,NLD,1880,7972864
Netherlands,NLD,1881,8027824.5
Netherlands,NLD,1882,8130416
Netherlands,NLD,1883,9009776
Netherlands,NLD,1884,9017104
Netherlands,NLD,1885,9420144
Netherlands,NLD,1886,9618000
Netherlands,NLD,1887,9786544
Netherlands,NLD,1888,10860096
Netherlands,NLD,1889,10610944
Netherlands,NLD,1890,10284848
Netherlands,NLD,1891,11908000
Netherlands,NLD,1892,11321760
Netherlands,NLD,1893,11460992
Netherlands,NLD,1894,11618544
Netherlands,NLD,1895,11625872
Netherlands,NLD,1896,12494240
Netherlands,NLD,1897,13102464
Netherlands,NLD,1898,12933920
Netherlands,NLD,1899,13278336
Netherlands,NLD,1900,14634016
Netherlands,NLD,1901,14311584
Netherlands,NLD,1902,14300592
Netherlands,NLD,1903,15297200
Netherlands,NLD,1904,16165567
Netherlands,NLD,1905,16594255
Netherlands,NLD,1906,18056192
Netherlands,NLD,1907,18576480
Netherlands,NLD,1908,18920896
Netherlands,NLD,1909,19917504
Netherlands,NLD,1910,20833504
Netherlands,NLD,1911,22079264
Netherlands,NLD,1912,24922528
Netherlands,NLD,1913,27549616
Netherlands,NLD,1914,25823872
Netherlands,NLD,1915,24534144
Netherlands,NLD,1916,22398032
Netherlands,NLD,1917,8654368
Netherlands,NLD,1918,14527760
Netherlands,NLD,1919,21980336
Netherlands,NLD,1920,22170864
Netherlands,NLD,1921,23233424
Netherlands,NLD,1922,27271152
Netherlands,NLD,1923,27197872
Netherlands,NLD,1924,30594400
Netherlands,NLD,1925,33591550
Netherlands,NLD,1926,34328016
Netherlands,NLD,1927,37966370
Netherlands,NLD,1928,38006670
Netherlands,NLD,1929,41266770
Netherlands,NLD,1930,40779430
Netherlands,NLD,1931,44956480
Netherlands,NLD,1932,41416816
Netherlands,NLD,1933,38569470
Netherlands,NLD,1934,38627948
Netherlands,NLD,1935,37265090
Netherlands,NLD,1936,39892000
Netherlands,NLD,1937,43999190
Netherlands,NLD,1938,43306636
Netherlands,NLD,1939,40701176
Netherlands,NLD,1940,33437664
Netherlands,NLD,1941,37125440
Netherlands,NLD,1942,34594000
Netherlands,NLD,1943,34927456
Netherlands,NLD,1944,23335154
Netherlands,NLD,1945,14651415
Netherlands,NLD,1946,31102062
Netherlands,NLD,1947,44603428
Netherlands,NLD,1948,47263220
Netherlands,NLD,1949,50498684
Netherlands,NLD,1950,51300924
Netherlands,NLD,1951,54986490
Netherlands,NLD,1952,54733170
Netherlands,NLD,1953,55275320
Netherlands,NLD,1954,58411228
Netherlands,NLD,1955,61004810
Netherlands,NLD,1956,65096870
Netherlands,NLD,1957,64426124
Netherlands,NLD,1958,66708588
Netherlands,NLD,1959,67136320
Netherlands,NLD,1960,73455920
Netherlands,NLD,1961,75833440
Netherlands,NLD,1962,83300220
Netherlands,NLD,1963,91162904
Netherlands,NLD,1964,96787544
Netherlands,NLD,1965,100414580
Netherlands,NLD,1966,103564780
Netherlands,NLD,1967,106689430
Netherlands,NLD,1968,113452820
Netherlands,NLD,1969,115805730
Netherlands,NLD,1970,141810580
Netherlands,NLD,1971,140669760
Netherlands,NLD,1972,157499020
Netherlands,NLD,1973,165263500
Netherlands,NLD,1974,159988820
Netherlands,NLD,1975,152529100
Netherlands,NLD,1976,169130820
Netherlands,NLD,1977,163609310
Netherlands,NLD,1978,169793040
Netherlands,NLD,1979,187007090
Netherlands,NLD,1980,176635440
Netherlands,NLD,1981,164113470
Netherlands,NLD,1982,133490750
Netherlands,NLD,1983,137361000
Netherlands,NLD,1984,144072860
Netherlands,NLD,1985,146980000
Netherlands,NLD,1986,144014380
Netherlands,NLD,1987,151484030
Netherlands,NLD,1988,145602780
Netherlands,NLD,1989,161664200
Netherlands,NLD,1990,163032750
Netherlands,NLD,1991,171469150
Netherlands,NLD,1992,171277390
Netherlands,NLD,1993,171185020
Netherlands,NLD,1994,171951920
Netherlands,NLD,1995,173482380
Netherlands,NLD,1996,182542600
Netherlands,NLD,1997,175466190
Netherlands,NLD,1998,176396200
Netherlands,NLD,1999,171053000
Netherlands,NLD,2000,172153890
Netherlands,NLD,2001,177464220
Netherlands,NLD,2002,176738240
Netherlands,NLD,2003,180168660
Netherlands,NLD,2004,182090420
Netherlands,NLD,2005,178129760
Netherlands,NLD,2006,173279360
Netherlands,NLD,2007,173028180
Netherlands,NLD,2008,175903660
Netherlands,NLD,2009,170433400
Netherlands,NLD,2010,182478750
Netherlands,NLD,2011,169346110
Netherlands,NLD,2012,165751870
Netherlands,NLD,2013,164925380
Netherlands,NLD,2014,157502820
Netherlands,NLD,2015,163958100
Netherlands,NLD,2016,164811760
Netherlands,NLD,2017,162295740
Netherlands,NLD,2018,158264260
Netherlands,NLD,2019,152727100
Netherlands,NLD,2020,136974140
Netherlands,NLD,2021,139885680
Netherlands,NLD,2022,127503144
Netherlands,NLD,2023,117016380
Netherlands,NLD,2024,114784730
New Caledonia,NCL,1950,219840
New Caledonia,NCL,1951,282128
New Caledonia,NCL,1952,472656
New Caledonia,NCL,1953,399376
New Caledonia,NCL,1954,520288
New Caledonia,NCL,1955,699824
New Caledonia,NCL,1956,1165152
New Caledonia,NCL,1957,1066224
New Caledonia,NCL,1958,740128
New Caledonia,NCL,1959,589904
New Caledonia,NCL,1960,861040
New Caledonia,NCL,1961,886688
New Caledonia,NCL,1962,564256
New Caledonia,NCL,1963,619216
New Caledonia,NCL,1964,1099200
New Caledonia,NCL,1965,1231104
New Caledonia,NCL,1966,1509568
New Caledonia,NCL,1967,1472928
New Caledonia,NCL,1968,1839328
New Caledonia,NCL,1969,1557200
New Caledonia,NCL,1970,2392592
New Caledonia,NCL,1971,2418240
New Caledonia,NCL,1972,1703760
New Caledonia,NCL,1973,2597568
New Caledonia,NCL,1974,2780709
New Caledonia,NCL,1975,2527922
New Caledonia,NCL,1976,2388422
New Caledonia,NCL,1977,2138972
New Caledonia,NCL,1978,1541285
New Caledonia,NCL,1979,1639872
New Caledonia,NCL,1980,1998603
New Caledonia,NCL,1981,1390324
New Caledonia,NCL,1982,1261786
New Caledonia,NCL,1983,1151198
New Caledonia,NCL,1984,1202153
New Caledonia,NCL,1985,1450955
New Caledonia,NCL,1986,1400822
New Caledonia,NCL,1987,1454488
New Caledonia,NCL,1988,1501239
New Caledonia,NCL,1989,1639444
New Caledonia,NCL,1990,1576355
New Caledonia,NCL,1991,1758709
New Caledonia,NCL,1992,1575469
New Caledonia,NCL,1993,1831821
New Caledonia,NCL,1994,1974764
New Caledonia,NCL,1995,2066711.9
New Caledonia,NCL,1996,2183915
New Caledonia,NCL,1997,1817470
New Caledonia,NCL,1998,1810016
New Caledonia,NCL,1999,2055504.1
New Caledonia,NCL,2000,2224040
New Caledonia,NCL,2001,1876642
New Caledonia,NCL,2002,2392238
New Caledonia,NCL,2003,2725557
New Caledonia,NCL,2004,2514913
New Caledonia,NCL,2005,2806102
New Caledonia,NCL,2006,2710306
New Caledonia,NCL,2007,2926788
New Caledonia,NCL,2008,2847959
New Caledonia,NCL,2009,3035808
New Caledonia,NCL,2010,3657625
New Caledonia,NCL,2011,3694428
New Caledonia,NCL,2012,3705562
New Caledonia,NCL,2013,3970129
New Caledonia,NCL,2014,5009068
New Caledonia,NCL,2015,4876909
New Caledonia,NCL,2016,5481737
New Caledonia,NCL,2017,5583765
New Caledonia,NCL,2018,5913008
New Caledonia,NCL,2019,5672867
New Caledonia,NCL,2020,5109173
New Caledonia,NCL,2021,4536780
New Caledonia,NCL,2022,5115597
New Caledonia,NCL,2023,5068005
New Caledonia,NCL,2024,5286637
New Zealand,NZL,1750,0
New Zealand,NZL,1751,0
New Zealand,NZL,1752,0
New Zealand,NZL,1753,0
New Zealand,NZL,1754,0
New Zealand,NZL,1755,0
New Zealand,NZL,1756,0
New Zealand,NZL,1757,0
New Zealand,NZL,1758,0
New Zealand,NZL,1759,0
New Zealand,NZL,1760,0
New Zealand,NZL,1761,0
New Zealand,NZL,1762,0
New Zealand,NZL,1763,0
New Zealand,NZL,1764,0
New Zealand,NZL,1765,0
New Zealand,NZL,1766,0
New Zealand,NZL,1767,0
New Zealand,NZL,1768,0
New Zealand,NZL,1769,0
New Zealand,NZL,1770,0
New Zealand,NZL,1771,0
New Zealand,NZL,1772,0
New Zealand,NZL,1773,0
New Zealand,NZL,1774,0
New Zealand,NZL,1775,0
New Zealand,NZL,1776,0
New Zealand,NZL,1777,0
New Zealand,NZL,1778,0
New Zealand,NZL,1779,0
New Zealand,NZL,1780,0
New Zealand,NZL,1781,0
New Zealand,NZL,1782,0
New Zealand,NZL,1783,0
New Zealand,NZL,1784,0
New Zealand,NZL,1785,0
New Zealand,NZL,1786,0
New Zealand,NZL,1787,0
New Zealand,NZL,1788,0
New Zealand,NZL,1789,0
New Zealand,NZL,1790,0
New Zealand,NZL,1791,0
New Zealand,NZL,1792,0
New Zealand,NZL,1793,0
New Zealand,NZL,1794,0
New Zealand,NZL,1795,0
New Zealand,NZL,1796,0
New Zealand,NZL,1797,0
New Zealand,NZL,1798,0
New Zealand,NZL,1799,0
New Zealand,NZL,1800,0
New Zealand,NZL,1801,0
New Zealand,NZL,1802,0
New Zealand,NZL,1803,0
New Zealand,NZL,1804,0
New Zealand,NZL,1805,0
New Zealand,NZL,1806,0
New Zealand,NZL,1807,0
New Zealand,NZL,1808,0
New Zealand,NZL,1809,0
New Zealand,NZL,1810,0
New Zealand,NZL,1811,0
New Zealand,NZL,1812,0
New Zealand,NZL,1813,0
New Zealand,NZL,1814,0
New Zealand,NZL,1815,0
New Zealand,NZL,1816,0
New Zealand,NZL,1817,0
New Zealand,NZL,1818,0
New Zealand,NZL,1819,0
New Zealand,NZL,1820,0
New Zealand,NZL,1821,0
New Zealand,NZL,1822,0
New Zealand,NZL,1823,0
New Zealand,NZL,1824,0
New Zealand,NZL,1825,0
New Zealand,NZL,1826,0
New Zealand,NZL,1827,0
New Zealand,NZL,1828,0
New Zealand,NZL,1829,0
New Zealand,NZL,1830,0
New Zealand,NZL,1831,0
New Zealand,NZL,1832,0
New Zealand,NZL,1833,0
New Zealand,NZL,1834,0
New Zealand,NZL,1835,0
New Zealand,NZL,1836,0
New Zealand,NZL,1837,0
New Zealand,NZL,1838,0
New Zealand,NZL,1839,0
New Zealand,NZL,1840,0
New Zealand,NZL,1841,0
New Zealand,NZL,1842,0
New Zealand,NZL,1843,0
New Zealand,NZL,1844,0
New Zealand,NZL,1845,0
New Zealand,NZL,1846,0
New Zealand,NZL,1847,0
New Zealand,NZL,1848,0
New Zealand,NZL,1849,0
New Zealand,NZL,1850,0
New Zealand,NZL,1851,0
New Zealand,NZL,1852,0
New Zealand,NZL,1853,0
New Zealand,NZL,1854,0
New Zealand,NZL,1855,0
New Zealand,NZL,1856,0
New Zealand,NZL,1857,0
New Zealand,NZL,1858,0
New Zealand,NZL,1859,0
New Zealand,NZL,1860,0
New Zealand,NZL,1861,0
New Zealand,NZL,1862,0
New Zealand,NZL,1863,0
New Zealand,NZL,1864,0
New Zealand,NZL,1865,0
New Zealand,NZL,1866,0
New Zealand,NZL,1867,0
New Zealand,NZL,1868,0
New Zealand,NZL,1869,0
New Zealand,NZL,1870,0
New Zealand,NZL,1871,0
New Zealand,NZL,1872,0
New Zealand,NZL,1873,0
New Zealand,NZL,1874,0
New Zealand,NZL,1875,0
New Zealand,NZL,1876,0
New Zealand,NZL,1877,0
New Zealand,NZL,1878,355408
New Zealand,NZL,1879,505631.97
New Zealand,NZL,1880,655856
New Zealand,NZL,1881,736464
New Zealand,NZL,1882,828064
New Zealand,NZL,1883,926992
New Zealand,NZL,1884,1058896
New Zealand,NZL,1885,1128512
New Zealand,NZL,1886,1179808
New Zealand,NZL,1887,1238432
New Zealand,NZL,1888,1363008
New Zealand,NZL,1889,1311712
New Zealand,NZL,1890,1421632
New Zealand,NZL,1891,1491248
New Zealand,NZL,1892,1502240
New Zealand,NZL,1893,1542544
New Zealand,NZL,1894,1608496
New Zealand,NZL,1895,1623152
New Zealand,NZL,1896,1769712
New Zealand,NZL,1897,1875968
New Zealand,NZL,1898,2022527.9
New Zealand,NZL,1899,2176416
New Zealand,NZL,1900,2440224
New Zealand,NZL,1901,2740672
New Zealand,NZL,1902,3041120
New Zealand,NZL,1903,3169360
New Zealand,NZL,1904,3433168
New Zealand,NZL,1905,3539424
New Zealand,NZL,1906,3861856
New Zealand,NZL,1907,4085360
New Zealand,NZL,1908,4151311.8
New Zealand,NZL,1909,4264896
New Zealand,NZL,1910,4902432
New Zealand,NZL,1911,4609312
New Zealand,NZL,1912,4862128
New Zealand,NZL,1913,4213600
New Zealand,NZL,1914,5081968
New Zealand,NZL,1915,4931744
New Zealand,NZL,1916,5038000
New Zealand,NZL,1917,4616640
New Zealand,NZL,1918,4543360
New Zealand,NZL,1919,4129327.8
New Zealand,NZL,1920,3557744
New Zealand,NZL,1921,3499120
New Zealand,NZL,1922,3561408
New Zealand,NZL,1923,3836208
New Zealand,NZL,1924,3990096
New Zealand,NZL,1925,4089024
New Zealand,NZL,1926,4272224
New Zealand,NZL,1927,4495728
New Zealand,NZL,1928,4714737
New Zealand,NZL,1929,4894302
New Zealand,NZL,1930,4865019
New Zealand,NZL,1931,4238625
New Zealand,NZL,1932,3538830
New Zealand,NZL,1933,3546040
New Zealand,NZL,1934,3982768
New Zealand,NZL,1935,4150807
New Zealand,NZL,1936,4176335.8
New Zealand,NZL,1937,4381431
New Zealand,NZL,1938,4245685
New Zealand,NZL,1939,4461801
New Zealand,NZL,1940,4758645
New Zealand,NZL,1941,5000469
New Zealand,NZL,1942,5095733
New Zealand,NZL,1943,5370503
New Zealand,NZL,1944,5469431
New Zealand,NZL,1945,5619624
New Zealand,NZL,1946,5531719
New Zealand,NZL,1947,5451141
New Zealand,NZL,1948,5502318
New Zealand,NZL,1949,5608545
New Zealand,NZL,1950,8569056
New Zealand,NZL,1951,8170066
New Zealand,NZL,1952,9320146
New Zealand,NZL,1953,8550647
New Zealand,NZL,1954,9070691
New Zealand,NZL,1955,9392832
New Zealand,NZL,1956,9674811
New Zealand,NZL,1957,10304663
New Zealand,NZL,1958,10179998
New Zealand,NZL,1959,10319230
New Zealand,NZL,1960,11531776
New Zealand,NZL,1961,11755131
New Zealand,NZL,1962,11198292
New Zealand,NZL,1963,12216528
New Zealand,NZL,1964,13091956
New Zealand,NZL,1965,13685286
New Zealand,NZL,1966,14000272
New Zealand,NZL,1967,13626782
New Zealand,NZL,1968,13473102
New Zealand,NZL,1969,14257049
New Zealand,NZL,1970,14179986
New Zealand,NZL,1971,15049003
New Zealand,NZL,1972,16189594
New Zealand,NZL,1973,18200338
New Zealand,NZL,1974,18759972
New Zealand,NZL,1975,18270304
New Zealand,NZL,1976,19248512
New Zealand,NZL,1977,20313414
New Zealand,NZL,1978,18024024
New Zealand,NZL,1979,16494432
New Zealand,NZL,1980,17482464
New Zealand,NZL,1981,16560961
New Zealand,NZL,1982,18270238
New Zealand,NZL,1983,17998090
New Zealand,NZL,1984,19336614
New Zealand,NZL,1985,21857954
New Zealand,NZL,1986,22945982
New Zealand,NZL,1987,24165260
New Zealand,NZL,1988,25445732
New Zealand,NZL,1989,25453206
New Zealand,NZL,1990,25490110
New Zealand,NZL,1991,26169858
New Zealand,NZL,1992,28153966
New Zealand,NZL,1993,27745960
New Zealand,NZL,1994,27885176
New Zealand,NZL,1995,27989446
New Zealand,NZL,1996,29287784
New Zealand,NZL,1997,31261426
New Zealand,NZL,1998,29837288
New Zealand,NZL,1999,31442578
New Zealand,NZL,2000,32221126
New Zealand,NZL,2001,34356280
New Zealand,NZL,2002,34519210
New Zealand,NZL,2003,36219564
New Zealand,NZL,2004,35805760
New Zealand,NZL,2005,37401250
New Zealand,NZL,2006,37304428
New Zealand,NZL,2007,36382660
New Zealand,NZL,2008,37485452
New Zealand,NZL,2009,34594220
New Zealand,NZL,2010,34786920
New Zealand,NZL,2011,34241144
New Zealand,NZL,2012,35918250
New Zealand,NZL,2013,35219212
New Zealand,NZL,2014,35399336
New Zealand,NZL,2015,35805096
New Zealand,NZL,2016,34134956
New Zealand,NZL,2017,35661264
New Zealand,NZL,2018,35686796
New Zealand,NZL,2019,36710612
New Zealand,NZL,2020,34108960
New Zealand,NZL,2021,34596516
New Zealand,NZL,2022,31965866
New Zealand,NZL,2023,31559814
New Zealand,NZL,2024,32479432
Nicaragua,NIC,1870,0
Nicaragua,NIC,1871,8
Nicaragua,NIC,1872,8
Nicaragua,NIC,1873,23
Nicaragua,NIC,1874,62
Nicaragua,NIC,1875,26
Nicaragua,NIC,1876,28
Nicaragua,NIC,1877,87
Nicaragua,NIC,1878,513
Nicaragua,NIC,1879,887
Nicaragua,NIC,1880,516
Nicaragua,NIC,1881,87
Nicaragua,NIC,1882,77
Nicaragua,NIC,1883,641
Nicaragua,NIC,1884,1652
Nicaragua,NIC,1885,1077
Nicaragua,NIC,1886,336
Nicaragua,NIC,1887,913
Nicaragua,NIC,1888,1624
Nicaragua,NIC,1889,6915
Nicaragua,NIC,1890,16858
Nicaragua,NIC,1891,28092
Nicaragua,NIC,1892,21965
Nicaragua,NIC,1893,11067
Nicaragua,NIC,1894,13399
Nicaragua,NIC,1895,9785
Nicaragua,NIC,1896,5499
Nicaragua,NIC,1897,5325
Nicaragua,NIC,1898,5432
Nicaragua,NIC,1899,5837
Nicaragua,NIC,1900,6858
Nicaragua,NIC,1901,8115
Nicaragua,NIC,1902,7710
Nicaragua,NIC,1903,7902
Nicaragua,NIC,1904,7266
Nicaragua,NIC,1905,6240
Nicaragua,NIC,1906,6038
Nicaragua,NIC,1907,4922
Nicaragua,NIC,1908,4440
Nicaragua,NIC,1909,4399
Nicaragua,NIC,1910,4896
Nicaragua,NIC,1911,6668
Nicaragua,NIC,1912,5314
Nicaragua,NIC,1913,3678
Nicaragua,NIC,1914,3988
Nicaragua,NIC,1915,3982.9998
Nicaragua,NIC,1916,5535
Nicaragua,NIC,1917,7397
Nicaragua,NIC,1918,6751
Nicaragua,NIC,1919,5737
Nicaragua,NIC,1920,2970
Nicaragua,NIC,1921,4771
Nicaragua,NIC,1922,2649
Nicaragua,NIC,1923,9297
Nicaragua,NIC,1924,14042
Nicaragua,NIC,1925,6786
Nicaragua,NIC,1926,17194
Nicaragua,NIC,1927,2626
Nicaragua,NIC,1928,1403
Nicaragua,NIC,1929,957
Nicaragua,NIC,1930,544
Nicaragua,NIC,1931,354
Nicaragua,NIC,1932,195
Nicaragua,NIC,1933,357
Nicaragua,NIC,1934,192
Nicaragua,NIC,1935,267
Nicaragua,NIC,1936,344
Nicaragua,NIC,1937,459
Nicaragua,NIC,1938,154
Nicaragua,NIC,1939,192
Nicaragua,NIC,1940,192
Nicaragua,NIC,1941,231
Nicaragua,NIC,1942,0
Nicaragua,NIC,1943,7882
Nicaragua,NIC,1944,3939
Nicaragua,NIC,1945,7422
Nicaragua,NIC,1946,3634
Nicaragua,NIC,1947,7422
Nicaragua,NIC,1948,7574
Nicaragua,NIC,1949,7612
Nicaragua,NIC,1950,190661
Nicaragua,NIC,1951,201431
Nicaragua,NIC,1952,274711
Nicaragua,NIC,1953,285703
Nicaragua,NIC,1954,315015
Nicaragua,NIC,1955,391929
Nicaragua,NIC,1956,377214
Nicaragua,NIC,1957,417518
Nicaragua,NIC,1958,600747
Nicaragua,NIC,1959,479835
Nicaragua,NIC,1960,531161
Nicaragua,NIC,1961,560443
Nicaragua,NIC,1962,659342
Nicaragua,NIC,1963,842512
Nicaragua,NIC,1964,948738
Nicaragua,NIC,1965,780165
Nicaragua,NIC,1966,959641
Nicaragua,NIC,1967,1080494
Nicaragua,NIC,1968,1230688
Nicaragua,NIC,1969,1285618
Nicaragua,NIC,1970,1402807
Nicaragua,NIC,1971,1505429
Nicaragua,NIC,1972,1604357
Nicaragua,NIC,1973,1827563
Nicaragua,NIC,1974,1948297
Nicaragua,NIC,1975,1926551
Nicaragua,NIC,1976,2222080
Nicaragua,NIC,1977,2832921
Nicaragua,NIC,1978,2627214
Nicaragua,NIC,1979,1709111
Nicaragua,NIC,1980,2022022
Nicaragua,NIC,1981,2134433
Nicaragua,NIC,1982,2110403
Nicaragua,NIC,1983,1996346
Nicaragua,NIC,1984,1845649
Nicaragua,NIC,1985,1984408
Nicaragua,NIC,1986,2255072
Nicaragua,NIC,1987,2430471
Nicaragua,NIC,1988,2239470
Nicaragua,NIC,1989,1467548
Nicaragua,NIC,1990,2042579.9
Nicaragua,NIC,1991,1984461
Nicaragua,NIC,1992,2370025
Nicaragua,NIC,1993,2279613
Nicaragua,NIC,1994,2514102
Nicaragua,NIC,1995,2750504
Nicaragua,NIC,1996,2841622
Nicaragua,NIC,1997,3107987
Nicaragua,NIC,1998,3385655
Nicaragua,NIC,1999,3590062
Nicaragua,NIC,2000,3709726
Nicaragua,NIC,2001,3909472
Nicaragua,NIC,2002,3975589
Nicaragua,NIC,2003,4310426
Nicaragua,NIC,2004,4362256
Nicaragua,NIC,2005,4253188
Nicaragua,NIC,2006,4406583
Nicaragua,NIC,2007,4539816
Nicaragua,NIC,2008,4353261
Nicaragua,NIC,2009,4432131
Nicaragua,NIC,2010,4453063
Nicaragua,NIC,2011,4788554
Nicaragua,NIC,2012,4533836
Nicaragua,NIC,2013,4585682
Nicaragua,NIC,2014,4719788
Nicaragua,NIC,2015,5408233
Nicaragua,NIC,2016,5378534
Nicaragua,NIC,2017,5440822
Nicaragua,NIC,2018,5177981
Nicaragua,NIC,2019,5208109
Nicaragua,NIC,2020,4641018
Nicaragua,NIC,2021,5132574
Nicaragua,NIC,2022,5131236
Nicaragua,NIC,2023,5428299
Nicaragua,NIC,2024,5630346
Niger,NER,1950,28373
Niger,NER,1951,23724
Niger,NER,1952,26530
Niger,NER,1953,22041
Niger,NER,1954,25969
Niger,NER,1955,25888
Niger,NER,1956,29976
Niger,NER,1957,30697
Niger,NER,1958,25648
Niger,NER,1959,21984
Niger,NER,1960,29312
Niger,NER,1961,54960
Niger,NER,1962,65952
Niger,NER,1963,87936
Niger,NER,1964,95264
Niger,NER,1965,91600
Niger,NER,1966,135509
Niger,NER,1967,131815
Niger,NER,1968,161127
Niger,NER,1969,190439
Niger,NER,1970,216057
Niger,NER,1971,230371
Niger,NER,1972,252013
Niger,NER,1973,326897
Niger,NER,1974,288341
Niger,NER,1975,332509
Niger,NER,1976,330710
Niger,NER,1977,363259
Niger,NER,1978,413413
Niger,NER,1979,475987
Niger,NER,1980,566275
Niger,NER,1981,680342
Niger,NER,1982,742202
Niger,NER,1983,957925
Niger,NER,1984,986810
Niger,NER,1985,990022
Niger,NER,1986,894383
Niger,NER,1987,992855
Niger,NER,1988,983004
Niger,NER,1989,1033957.94
Niger,NER,1990,598802
Niger,NER,1991,566288
Niger,NER,1992,520943
Niger,NER,1993,602075
Niger,NER,1994,577108
Niger,NER,1995,558041
Niger,NER,1996,638863
Niger,NER,1997,647858
Niger,NER,1998,696173
Niger,NER,1999,681637
Niger,NER,2000,683499
Niger,NER,2001,646167
Niger,NER,2002,684661
Niger,NER,2003,743704
Niger,NER,2004,795380
Niger,NER,2005,691319
Niger,NER,2006,670964
Niger,NER,2007,705882
Niger,NER,2008,792046
Niger,NER,2009,952182
Niger,NER,2010,1159981
Niger,NER,2011,1313027
Niger,NER,2012,1851814
Niger,NER,2013,2078361
Niger,NER,2014,2256260
Niger,NER,2015,2198770
Niger,NER,2016,2141519
Niger,NER,2017,2242503
Niger,NER,2018,1803409
Niger,NER,2019,2513365
Niger,NER,2020,3040036
Niger,NER,2021,2588205
Niger,NER,2022,3200732
Niger,NER,2023,3133399
Niger,NER,2024,3169958
Nigeria,NGA,1915,18320
Nigeria,NGA,1916,65952
Nigeria,NGA,1917,223504
Nigeria,NGA,1918,399376
Nigeria,NGA,1919,370064
Nigeria,NGA,1920,487312
Nigeria,NGA,1921,571584
Nigeria,NGA,1922,304112
Nigeria,NGA,1923,472656
Nigeria,NGA,1924,542272
Nigeria,NGA,1925,644864
Nigeria,NGA,1926,875696
Nigeria,NGA,1927,967296
Nigeria,NGA,1928,967296
Nigeria,NGA,1929,930656
Nigeria,NGA,1930,937984
Nigeria,NGA,1931,883024
Nigeria,NGA,1932,677840
Nigeria,NGA,1933,633872
Nigeria,NGA,1934,699824
Nigeria,NGA,1935,696160
Nigeria,NGA,1936,787760
Nigeria,NGA,1937,978288
Nigeria,NGA,1938,974624
Nigeria,NGA,1939,820736
Nigeria,NGA,1940,835392
Nigeria,NGA,1941,989280
Nigeria,NGA,1942,1242096
Nigeria,NGA,1943,1363008
Nigeria,NGA,1944,1656128
Nigeria,NGA,1945,1381328
Nigeria,NGA,1946,1637808
Nigeria,NGA,1947,1560864
Nigeria,NGA,1948,1637808
Nigeria,NGA,1949,1483920
Nigeria,NGA,1950,2257024
Nigeria,NGA,1951,1685440
Nigeria,NGA,1952,2180080
Nigeria,NGA,1953,2436560
Nigeria,NGA,1954,2572128
Nigeria,NGA,1955,2696704
Nigeria,NGA,1956,3011808
Nigeria,NGA,1957,3184016
Nigeria,NGA,1958,3722178
Nigeria,NGA,1959,3564567
Nigeria,NGA,1960,3403173
Nigeria,NGA,1961,4109552
Nigeria,NGA,1962,4174999.2
Nigeria,NGA,1963,5343636
Nigeria,NGA,1964,7266700
Nigeria,NGA,1965,11750129
Nigeria,NGA,1966,12893237
Nigeria,NGA,1967,12824484
Nigeria,NGA,1968,6625858
Nigeria,NGA,1969,12099904
Nigeria,NGA,1970,21519958
Nigeria,NGA,1971,32248070
Nigeria,NGA,1972,41375724
Nigeria,NGA,1973,49513264
Nigeria,NGA,1974,62210356
Nigeria,NGA,1975,47316030
Nigeria,NGA,1976,55156908
Nigeria,NGA,1977,50468170
Nigeria,NGA,1978,48184590
Nigeria,NGA,1979,70142770
Nigeria,NGA,1980,67986780
Nigeria,NGA,1981,65750932
Nigeria,NGA,1982,65309068
Nigeria,NGA,1983,59622080
Nigeria,NGA,1984,69337910
Nigeria,NGA,1985,69561390
Nigeria,NGA,1986,73107380
Nigeria,NGA,1987,58942336
Nigeria,NGA,1988,70347070
Nigeria,NGA,1989,42046410
Nigeria,NGA,1990,38785600
Nigeria,NGA,1991,41841452
Nigeria,NGA,1992,46161516
Nigeria,NGA,1993,44704576
Nigeria,NGA,1994,80360184
Nigeria,NGA,1995,84230400
Nigeria,NGA,1996,97767470
Nigeria,NGA,1997,95648950
Nigeria,NGA,1998,86338210
Nigeria,NGA,1999,84837704
Nigeria,NGA,2000,96831040
Nigeria,NGA,2001,100218150
Nigeria,NGA,2002,89906310
Nigeria,NGA,2003,100029690
Nigeria,NGA,2004,94961840
Nigeria,NGA,2005,101666030
Nigeria,NGA,2006,90097150
Nigeria,NGA,2007,82170030
Nigeria,NGA,2008,86488856
Nigeria,NGA,2009,77031380
Nigeria,NGA,2010,112049800
Nigeria,NGA,2011,126115480
Nigeria,NGA,2012,110124550
Nigeria,NGA,2013,117400790
Nigeria,NGA,2014,123971240
Nigeria,NGA,2015,110524590
Nigeria,NGA,2016,116396000
Nigeria,NGA,2017,112540370
Nigeria,NGA,2018,106785730
Nigeria,NGA,2019,127859300
Nigeria,NGA,2020,124899300
Nigeria,NGA,2021,147776620
Nigeria,NGA,2022,131440936
Nigeria,NGA,2023,129376100
Nigeria,NGA,2024,135824000
Niue,NIU,1970,3664
Niue,NIU,1971,3664
Niue,NIU,1972,3664
Niue,NIU,1973,3664
Niue,NIU,1974,3664
Niue,NIU,1975,3664
Niue,NIU,1976,3664
Niue,NIU,1977,3664
Niue,NIU,1978,3664
Niue,NIU,1979,3664
Niue,NIU,1980,3664
Niue,NIU,1981,3664
Niue,NIU,1982,3664
Niue,NIU,1983,3664
Niue,NIU,1984,3664
Niue,NIU,1985,3664
Niue,NIU,1986,3664
Niue,NIU,1987,3664
Niue,NIU,1988,3664
Niue,NIU,1989,3664
Niue,NIU,1990,7328
Niue,NIU,1991,7328
Niue,NIU,1992,7328
Niue,NIU,1993,7328
Niue,NIU,1994,7328
Niue,NIU,1995,3664
Niue,NIU,1996,3664
Niue,NIU,1997,3664
Niue,NIU,1998,7328
Niue,NIU,1999,7328
Niue,NIU,2000,7328
Niue,NIU,2001,7328
Niue,NIU,2002,7328
Niue,NIU,2003,3664
Niue,NIU,2004,3664
Niue,NIU,2005,3664
Niue,NIU,2006,3664
Niue,NIU,2007,3664
Niue,NIU,2008,7328
Niue,NIU,2009,3664
Niue,NIU,2010,3664
Niue,NIU,2011,3664
Niue,NIU,2012,3664
Niue,NIU,2013,7328
Niue,NIU,2014,7328
Niue,NIU,2015,7328
Niue,NIU,2016,7328
Niue,NIU,2017,7328
Niue,NIU,2018,7328
Niue,NIU,2019,7328
Niue,NIU,2020,7328
Niue,NIU,2021,7328
Niue,NIU,2022,7328
Niue,NIU,2023,7293
Niue,NIU,2024,7627
Non-OECD (GCP),,1850,112439.32
Non-OECD (GCP),,1851,0
Non-OECD (GCP),,1852,0
Non-OECD (GCP),,1853,0
Non-OECD (GCP),,1854,0
Non-OECD (GCP),,1855,340945.03
Non-OECD (GCP),,1856,721665.5
Non-OECD (GCP),,1857,797686.1
Non-OECD (GCP),,1858,1726796.4
Non-OECD (GCP),,1859,1972083.5
Non-OECD (GCP),,1860,2227267.8
Non-OECD (GCP),,1861,2452949.2
Non-OECD (GCP),,1862,2505869.8
Non-OECD (GCP),,1863,2505509.2
Non-OECD (GCP),,1864,2894162.2
Non-OECD (GCP),,1865,3014658
Non-OECD (GCP),,1866,5312960
Non-OECD (GCP),,1867,4902805
Non-OECD (GCP),,1868,4873264.5
Non-OECD (GCP),,1869,5611054
Non-OECD (GCP),,1870,5987782.5
Non-OECD (GCP),,1871,7507747.5
Non-OECD (GCP),,1872,7961869.5
Non-OECD (GCP),,1873,7726023.5
Non-OECD (GCP),,1874,8848280
Non-OECD (GCP),,1875,9444126
Non-OECD (GCP),,1876,10865174
Non-OECD (GCP),,1877,11105682
Non-OECD (GCP),,1878,15708294
Non-OECD (GCP),,1879,15910269
Non-OECD (GCP),,1880,18126910
Non-OECD (GCP),,1881,19128396
Non-OECD (GCP),,1882,20405672
Non-OECD (GCP),,1883,23414282
Non-OECD (GCP),,1884,24559152
Non-OECD (GCP),,1885,26064386
Non-OECD (GCP),,1886,26718188
Non-OECD (GCP),,1887,29044010
Non-OECD (GCP),,1888,30922072
Non-OECD (GCP),,1889,34770076
Non-OECD (GCP),,1890,37594730
Non-OECD (GCP),,1891,41006244
Non-OECD (GCP),,1892,44471404
Non-OECD (GCP),,1893,52079700
Non-OECD (GCP),,1894,54149636
Non-OECD (GCP),,1895,62527468
Non-OECD (GCP),,1896,65383344
Non-OECD (GCP),,1897,73710340
Non-OECD (GCP),,1898,83383950
Non-OECD (GCP),,1899,93225360
Non-OECD (GCP),,1900,99708970
Non-OECD (GCP),,1901,106671800
Non-OECD (GCP),,1902,107358580
Non-OECD (GCP),,1903,110247576
Non-OECD (GCP),,1904,123016610
Non-OECD (GCP),,1905,118787140
Non-OECD (GCP),,1906,137426180
Non-OECD (GCP),,1907,173417280
Non-OECD (GCP),,1908,182136030
Non-OECD (GCP),,1909,191227760
Non-OECD (GCP),,1910,194844420
Non-OECD (GCP),,1911,203414620
Non-OECD (GCP),,1912,213908580
Non-OECD (GCP),,1913,241105970
Non-OECD (GCP),,1914,225191980
Non-OECD (GCP),,1915,211740320
Non-OECD (GCP),,1916,225963740
Non-OECD (GCP),,1917,222416000
Non-OECD (GCP),,1918,170914180
Non-OECD (GCP),,1919,179760930
Non-OECD (GCP),,1920,182394930
Non-OECD (GCP),,1921,186130540
Non-OECD (GCP),,1922,199610350
Non-OECD (GCP),,1923,225980060
Non-OECD (GCP),,1924,250635180
Non-OECD (GCP),,1925,255490000
Non-OECD (GCP),,1926,284167900
Non-OECD (GCP),,1927,315914460
Non-OECD (GCP),,1928,340989120
Non-OECD (GCP),,1929,361912860
Non-OECD (GCP),,1930,400966700
Non-OECD (GCP),,1931,421916400
Non-OECD (GCP),,1932,444152770
Non-OECD (GCP),,1933,480619100
Non-OECD (GCP),,1934,561724100
Non-OECD (GCP),,1935,623342000
Non-OECD (GCP),,1936,685228700
Non-OECD (GCP),,1937,717552700
Non-OECD (GCP),,1938,735959500
Non-OECD (GCP),,1939,770217400
Non-OECD (GCP),,1940,874855300
Non-OECD (GCP),,1941,823058240
Non-OECD (GCP),,1942,636197600
Non-OECD (GCP),,1943,634147650
Non-OECD (GCP),,1944,742393400
Non-OECD (GCP),,1945,721894600
Non-OECD (GCP),,1946,778913600
Non-OECD (GCP),,1947,908658900
Non-OECD (GCP),,1948,940960100
Non-OECD (GCP),,1949,1003137600
Non-OECD (GCP),,1950,1129765600
Non-OECD (GCP),,1951,1241930100
Non-OECD (GCP),,1952,1348383900
Non-OECD (GCP),,1953,1411244700
Non-OECD (GCP),,1954,1561060100
Non-OECD (GCP),,1955,1783860600
Non-OECD (GCP),,1956,1955155500
Non-OECD (GCP),,1957,2138980400
Non-OECD (GCP),,1958,2511230700
Non-OECD (GCP),,1959,2817117000
Non-OECD (GCP),,1960,3004148700
Non-OECD (GCP),,1961,2861646600
Non-OECD (GCP),,1962,2892469000
Non-OECD (GCP),,1963,3053673500
Non-OECD (GCP),,1964,3241076200
Non-OECD (GCP),,1965,3482825200
Non-OECD (GCP),,1966,3705295600
Non-OECD (GCP),,1967,3785769700
Non-OECD (GCP),,1968,4006294300
Non-OECD (GCP),,1969,4324855000
Non-OECD (GCP),,1970,4779512300
Non-OECD (GCP),,1971,5174237000
Non-OECD (GCP),,1972,5437049000
Non-OECD (GCP),,1973,5776475000
Non-OECD (GCP),,1974,5964370000
Non-OECD (GCP),,1975,6306494500
Non-OECD (GCP),,1976,6642769000
Non-OECD (GCP),,1977,6964048400
Non-OECD (GCP),,1978,7351437300
Non-OECD (GCP),,1979,7559338500
Non-OECD (GCP),,1980,7719243000
Non-OECD (GCP),,1981,7647864000
Non-OECD (GCP),,1982,7894855700
Non-OECD (GCP),,1983,8142821400
Non-OECD (GCP),,1984,8430647300
Non-OECD (GCP),,1985,9009604000
Non-OECD (GCP),,1986,9272381000
Non-OECD (GCP),,1987,9523895000
Non-OECD (GCP),,1988,10007497000
Non-OECD (GCP),,1989,10050847000
Non-OECD (GCP),,1990,10130485000
Non-OECD (GCP),,1991,10619170000
Non-OECD (GCP),,1992,9857377000
Non-OECD (GCP),,1993,10007537000
Non-OECD (GCP),,1994,10023255000
Non-OECD (GCP),,1995,10369266000
Non-OECD (GCP),,1996,10643441000
Non-OECD (GCP),,1997,10676362000
Non-OECD (GCP),,1998,10538351000
Non-OECD (GCP),,1999,10928062000
Non-OECD (GCP),,2000,11242157000
Non-OECD (GCP),,2001,11491049000
Non-OECD (GCP),,2002,11949756000
Non-OECD (GCP),,2003,13075206000
Non-OECD (GCP),,2004,13823908000
Non-OECD (GCP),,2005,14716296000
Non-OECD (GCP),,2006,15710910000
Non-OECD (GCP),,2007,16430569000
Non-OECD (GCP),,2008,17325910000
Non-OECD (GCP),,2009,17695033000
Non-OECD (GCP),,2010,19017867000
Non-OECD (GCP),,2011,20287478000
Non-OECD (GCP),,2012,20934554000
Non-OECD (GCP),,2013,21177151000
Non-OECD (GCP),,2014,21552882000
Non-OECD (GCP),,2015,21584740000
Non-OECD (GCP),,2016,21700915000
Non-OECD (GCP),,2017,22268627000
Non-OECD (GCP),,2018,22922353000
Non-OECD (GCP),,2019,23620557000
Non-OECD (GCP),,2020,23176333000
Non-OECD (GCP),,2021,24228293000
Non-OECD (GCP),,2022,24901667000
Non-OECD (GCP),,2023,25758966000
Non-OECD (GCP),,2024,26233051000
North America,,1785,3664
North America,,1786,3664
North America,,1787,3664
North America,,1788,3664
North America,,1789,3664
North America,,1790,3664
North America,,1791,3664
North America,,1792,3664
North America,,1793,3664
North America,,1794,3664
North America,,1795,3664
North America,,1796,3664
North America,,1797,3664
North America,,1798,3664
North America,,1799,3664
North America,,1800,256479.98
North America,,1801,271136
North America,,1802,293120
North America,,1803,300448
North America,,1804,337088
North America,,1805,344416
North America,,1806,337088
North America,,1807,381056
North America,,1808,395712
North America,,1809,406704
North America,,1810,421360
North America,,1811,450672
North America,,1812,487312
North America,,1813,523952
North America,,1814,564256
North America,,1815,604560
North America,,1816,666848
North America,,1817,721808
North America,,1818,784096
North America,,1819,765776
North America,,1820,795088
North America,,1821,831728
North America,,1822,868368
North America,,1823,905008
North America,,1824,1018592
North America,,1825,1139504
North America,,1826,1319040
North America,,1827,1450944
North America,,1828,1597504
North America,,1829,1799024
North America,,1830,2092144
North America,,1831,2268016
North America,,1832,3026464
North America,,1833,3532096
North America,,1834,3385536
North America,,1835,4319856
North America,,1836,4733888
North America,,1837,5309136
North America,,1838,5034336
North America,,1839,5521648
North America,,1840,5877056
North America,,1841,6217808
North America,,1842,6921296
North America,,1843,7767680
North America,,1844,9310224
North America,,1845,11208176
North America,,1846,12736064
North America,,1847,15103008
North America,,1848,16825088
North America,,1849,18268704
North America,,1850,19851552
North America,,1851,24702688
North America,,1852,26875440
North America,,1853,30264640
North America,,1854,33283774
North America,,1855,38310784
North America,,1856,40608550
North America,,1857,41639350
North America,,1858,42266390
North America,,1859,45960576
North America,,1860,48121740
North America,,1861,46590956
North America,,1862,48634420
North America,,1863,55905530
North America,,1864,60117110
North America,,1865,60449588
North America,,1866,61101436
North America,,1867,75109410
North America,,1868,83908930
North America,,1869,95069656
North America,,1870,100493880
North America,,1871,105424984
North America,,1872,128799670
North America,,1873,141792420
North America,,1874,136606960
North America,,1875,138314050
North America,,1876,135277740
North America,,1877,149839310
North America,,1878,146594990
North America,,1879,178436500
North America,,1880,204774640
North America,,1881,216661440
North America,,1882,242977010
North America,,1883,262347040
North America,,1884,277187650
North America,,1885,281432450
North America,,1886,297307330
North America,,1887,318908220
North America,,1888,388686100
North America,,1889,348532450
North America,,1890,416105630
North America,,1891,444136320
North America,,1892,467781400
North America,,1893,472057700
North America,,1894,442608900
North America,,1895,496785800
North America,,1896,498858240
North America,,1897,519146020
North America,,1898,565555650
North America,,1899,650259800
North America,,1900,689274560
North America,,1901,752325400
North America,,1902,797930940
North America,,1903,931599300
North America,,1904,925116500
North America,,1905,1033274000
North America,,1906,1085844200
North America,,1907,1264722700
North America,,1908,1114123300
North America,,1909,1226393700
North America,,1910,1340182400
North America,,1911,1340375900
North America,,1912,1432892400
North America,,1913,1547516200
North America,,1914,1409811800
North America,,1915,1456051600
North America,,1916,1626382000
North America,,1917,1796726100
North America,,1918,1880819000
North America,,1919,1608359600
North America,,1920,1913851800
North America,,1921,1607007500
North America,,1922,1604141800
North America,,1923,2078408700
North America,,1924,1861292900
North America,,1925,1894640500
North America,,1926,2039605600
North America,,1927,1991507100
North America,,1928,1954095500
North America,,1929,2089554600
North America,,1930,1864992600
North America,,1931,1581821700
North America,,1932,1348415700
North America,,1933,1440842900
North America,,1934,1540829700
North America,,1935,1598686300
North America,,1936,1828468600
North America,,1937,1919474000
North America,,1938,1635000700
North America,,1939,1798916200
North America,,1940,2018418800
North America,,1941,2196926200
North America,,1942,2359614700
North America,,1943,2440362500
North America,,1944,2616900000
North America,,1945,2524446500
North America,,1946,2432982800
North America,,1947,2671360000
North America,,1948,2784729000
North America,,1949,2353018400
North America,,1950,2744908300
North America,,1951,2840856000
North America,,1952,2768359700
North America,,1953,2832029000
North America,,1954,2718288000
North America,,1955,2966306600
North America,,1956,3124124700
North America,,1957,3103315200
North America,,1958,3022798800
North America,,1959,3115066000
North America,,1960,3189234400
North America,,1961,3184431000
North America,,1962,3309483800
North America,,1963,3442642200
North America,,1964,3621586000
North America,,1965,3771806500
North America,,1966,3956434200
North America,,1967,4127059700
North America,,1968,4289618200
North America,,1969,4501628400
North America,,1970,4862542000
North America,,1971,4915969000
North America,,1972,5161936000
North America,,1973,5389427700
North America,,1974,5238351000
North America,,1975,5064188400
North America,,1976,5308195300
North America,,1977,5450855400
North America,,1978,5632973300
North America,,1979,5692481000
North America,,1980,5541655000
North America,,1981,5351420400
North America,,1982,5126822000
North America,,1983,5118913500
North America,,1984,5276948500
North America,,1985,5306051600
North America,,1986,5282712000
North America,,1987,5520225000
North America,,1988,5750680600
North America,,1989,5843614000
North America,,1990,5999264000
North America,,1991,5947688000
North America,,1992,6065276000
North America,,1993,6172271600
North America,,1994,6286338600
North America,,1995,6349420000
North America,,1996,6557365000
North America,,1997,6671063000
North America,,1998,6760881000
North America,,1999,6849317000
North America,,2000,7111529000
North America,,2001,7005433000
North America,,2002,7062446000
North America,,2003,7170593000
North America,,2004,7269825500
North America,,2005,7313038300
North America,,2006,7249320400
North America,,2007,7352746500
North America,,2008,7133121500
North America,,2009,6653199400
North America,,2010,6851848700
North America,,2011,6757270500
North America,,2012,6565685000
North America,,2013,6708860000
North America,,2014,6754714000
North America,,2015,6592755700
North America,,2016,6453526000
North America,,2017,6397038600
North America,,2018,6576287000
North America,,2019,6463362000
North America,,2020,5798350000
North America,,2021,6176851500
North America,,2022,6236024000
North America,,2023,6104680400
North America,,2024,6084276000
North America (GCP),,1850,19851552
North America (GCP),,1851,24702688
North America (GCP),,1852,26875440
North America (GCP),,1853,30264640
North America (GCP),,1854,33283774
North America (GCP),,1855,38310784
North America (GCP),,1856,40224030
North America (GCP),,1857,41278620
North America (GCP),,1858,41927976
North America (GCP),,1859,45643100
North America (GCP),,1860,47823904
North America (GCP),,1861,46148796
North America (GCP),,1862,48042160
North America (GCP),,1863,55534836
North America (GCP),,1864,59505828
North America (GCP),,1865,59860810
North America (GCP),,1866,60509510
North America (GCP),,1867,74475150
North America (GCP),,1868,83308980
North America (GCP),,1869,94384560
North America (GCP),,1870,99854456
North America (GCP),,1871,104814040
North America (GCP),,1872,128177300
North America (GCP),,1873,141148620
North America (GCP),,1874,135954200
North America (GCP),,1875,137660820
North America (GCP),,1876,134715500
North America (GCP),,1877,149244850
North America (GCP),,1878,145899760
North America (GCP),,1879,177732960
North America (GCP),,1880,204177010
North America (GCP),,1881,216049680
North America (GCP),,1882,242360160
North America (GCP),,1883,261744560
North America (GCP),,1884,276592670
North America (GCP),,1885,280814720
North America (GCP),,1886,296722460
North America (GCP),,1887,318258660
North America (GCP),,1888,387958600
North America (GCP),,1889,347713280
North America (GCP),,1890,415281500
North America (GCP),,1891,443153060
North America (GCP),,1892,466687300
North America (GCP),,1893,471033500
North America (GCP),,1894,441481150
North America (GCP),,1895,495711200
North America (GCP),,1896,497968480
North America (GCP),,1897,518309200
North America (GCP),,1898,564652700
North America (GCP),,1899,649252900
North America (GCP),,1900,688264100
North America (GCP),,1901,751236800
North America (GCP),,1902,796870140
North America (GCP),,1903,930296600
North America (GCP),,1904,923678140
North America (GCP),,1905,1031534660
North America (GCP),,1906,1083807200
North America (GCP),,1907,1262628500
North America (GCP),,1908,1112048800
North America (GCP),,1909,1224223100
North America (GCP),,1910,1337515500
North America (GCP),,1911,1337188400
North America (GCP),,1912,1429164200
North America (GCP),,1913,1543740300
North America (GCP),,1914,1406258700
North America (GCP),,1915,1452344700
North America (GCP),,1916,1622104400
North America (GCP),,1917,1792049700
North America (GCP),,1918,1876026600
North America (GCP),,1919,1604884500
North America (GCP),,1920,1909210400
North America (GCP),,1921,1604381400
North America (GCP),,1922,1601727100
North America (GCP),,1923,2075335800
North America (GCP),,1924,1858004000
North America (GCP),,1925,1890938900
North America (GCP),,1926,2035938200
North America (GCP),,1927,1987698000
North America (GCP),,1928,1949198000
North America (GCP),,1929,2085018600
North America (GCP),,1930,1859983100
North America (GCP),,1931,1577757000
North America (GCP),,1932,1344346900
North America (GCP),,1933,1435989600
North America (GCP),,1934,1535216900
North America (GCP),,1935,1592779300
North America (GCP),,1936,1821787600
North America (GCP),,1937,1911223600
North America (GCP),,1938,1625769500
North America (GCP),,1939,1788750500
North America (GCP),,1940,2006985300
North America (GCP),,1941,2186447400
North America (GCP),,1942,2348458800
North America (GCP),,1943,2429318700
North America (GCP),,1944,2605576200
North America (GCP),,1945,2512841500
North America (GCP),,1946,2421539000
North America (GCP),,1947,2658754300
North America (GCP),,1948,2771574500
North America (GCP),,1949,2338843100
North America (GCP),,1950,2726240300
North America (GCP),,1951,2816396300
North America (GCP),,1952,2747976000
North America (GCP),,1953,2810439700
North America (GCP),,1954,2688835600
North America (GCP),,1955,2937892400
North America (GCP),,1956,3092100000
North America (GCP),,1957,3068066300
North America (GCP),,1958,2983538400
North America (GCP),,1959,3074944300
North America (GCP),,1960,3153336600
North America (GCP),,1961,3146443000
North America (GCP),,1962,3264929800
North America (GCP),,1963,3404053200
North America (GCP),,1964,3576447000
North America (GCP),,1965,3727009000
North America (GCP),,1966,3911769000
North America (GCP),,1967,4077572600
North America (GCP),,1968,4238654500
North America (GCP),,1969,4444891000
North America (GCP),,1970,4795305000
North America (GCP),,1971,4844499000
North America (GCP),,1972,5086731000
North America (GCP),,1973,5303661600
North America (GCP),,1974,5153396000
North America (GCP),,1975,4975888000
North America (GCP),,1976,5204466000
North America (GCP),,1977,5350387700
North America (GCP),,1978,5535344000
North America (GCP),,1979,5591233500
North America (GCP),,1980,5441307000
North America (GCP),,1981,5257410000
North America (GCP),,1982,5030694000
North America (GCP),,1983,5032541700
North America (GCP),,1984,5181712400
North America (GCP),,1985,5204827600
North America (GCP),,1986,5196443600
North America (GCP),,1987,5428988400
North America (GCP),,1988,5659478500
North America (GCP),,1989,5746918000
North America (GCP),,1990,5907240000
North America (GCP),,1991,5856732000
North America (GCP),,1992,5975305700
North America (GCP),,1993,6081933000
North America (GCP),,1994,6192430000
North America (GCP),,1995,6248651300
North America (GCP),,1996,6451079000
North America (GCP),,1997,6558293500
North America (GCP),,1998,6647728000
North America (GCP),,1999,6730827000
North America (GCP),,2000,6981995000
North America (GCP),,2001,6870700000
North America (GCP),,2002,6923014000
North America (GCP),,2003,7024311000
North America (GCP),,2004,7127101000
North America (GCP),,2005,7161424000
North America (GCP),,2006,7086870000
North America (GCP),,2007,7185791500
North America (GCP),,2008,6967132700
North America (GCP),,2009,6488163300
North America (GCP),,2010,6680689700
North America (GCP),,2011,6585878000
North America (GCP),,2012,6395342000
North America (GCP),,2013,6538066000
North America (GCP),,2014,6580936000
North America (GCP),,2015,6411546600
North America (GCP),,2016,6278471700
North America (GCP),,2017,6227086300
North America (GCP),,2018,6405330000
North America (GCP),,2019,6283747000
North America (GCP),,2020,5643710500
North America (GCP),,2021,6005028400
North America (GCP),,2022,6057500000
North America (GCP),,2023,5922801700
North America (GCP),,2024,5899121700
North America (excl. USA),,1785,3664
North America (excl. USA),,1786,3664
North America (excl. USA),,1787,3664
North America (excl. USA),,1788,3664
North America (excl. USA),,1789,3664
North America (excl. USA),,1790,3664
North America (excl. USA),,1791,3664
North America (excl. USA),,1792,3664
North America (excl. USA),,1793,3664
North America (excl. USA),,1794,3664
North America (excl. USA),,1795,3664
North America (excl. USA),,1796,3664
North America (excl. USA),,1797,3664
North America (excl. USA),,1798,3664
North America (excl. USA),,1799,3664
North America (excl. USA),,1800,3664
North America (excl. USA),,1801,3664
North America (excl. USA),,1802,3664
North America (excl. USA),,1803,3664
North America (excl. USA),,1804,3664
North America (excl. USA),,1805,3664
North America (excl. USA),,1806,3664
North America (excl. USA),,1807,3664
North America (excl. USA),,1808,3664
North America (excl. USA),,1809,3664
North America (excl. USA),,1810,3664
North America (excl. USA),,1811,3664
North America (excl. USA),,1812,3664
North America (excl. USA),,1813,3664
North America (excl. USA),,1814,3664
North America (excl. USA),,1815,3664
North America (excl. USA),,1816,3664
North America (excl. USA),,1817,3664
North America (excl. USA),,1818,3664
North America (excl. USA),,1819,3664
North America (excl. USA),,1820,3664
North America (excl. USA),,1821,3664
North America (excl. USA),,1822,3664
North America (excl. USA),,1823,3664
North America (excl. USA),,1824,3664
North America (excl. USA),,1825,3664
North America (excl. USA),,1826,3664
North America (excl. USA),,1827,3664
North America (excl. USA),,1828,3664
North America (excl. USA),,1829,3664
North America (excl. USA),,1830,3664
North America (excl. USA),,1831,3664
North America (excl. USA),,1832,3664
North America (excl. USA),,1833,3664
North America (excl. USA),,1834,3664
North America (excl. USA),,1835,3664
North America (excl. USA),,1836,3664
North America (excl. USA),,1837,3664
North America (excl. USA),,1838,3664
North America (excl. USA),,1839,3664
North America (excl. USA),,1840,3664
North America (excl. USA),,1841,3664
North America (excl. USA),,1842,3664
North America (excl. USA),,1843,3664
North America (excl. USA),,1844,3664
North America (excl. USA),,1845,3664
North America (excl. USA),,1846,25648
North America (excl. USA),,1847,32976
North America (excl. USA),,1848,40304
North America (excl. USA),,1849,47632
North America (excl. USA),,1850,58624
North America (excl. USA),,1851,69616
North America (excl. USA),,1852,84272
North America (excl. USA),,1853,102592
North America (excl. USA),,1854,124576
North America (excl. USA),,1855,150224
North America (excl. USA),,1856,572025
North America (excl. USA),,1857,584232
North America (excl. USA),,1858,617702
North America (excl. USA),,1859,640559
North America (excl. USA),,1860,683931
North America (excl. USA),,1861,911867
North America (excl. USA),,1862,1185621
North America (excl. USA),,1863,1095754
North America (excl. USA),,1864,1460136
North America (excl. USA),,1865,1627732
North America (excl. USA),,1866,1869213
North America (excl. USA),,1867,2243440
North America (excl. USA),,1868,1556862
North America (excl. USA),,1869,1373848
North America (excl. USA),,1870,1873653
North America (excl. USA),,1871,2404297
North America (excl. USA),,1872,2494261
North America (excl. USA),,1873,2285622
North America (excl. USA),,1874,2310368
North America (excl. USA),,1875,2566516
North America (excl. USA),,1876,2457737
North America (excl. USA),,1877,2663757
North America (excl. USA),,1878,2691394
North America (excl. USA),,1879,2967541
North America (excl. USA),,1880,5918256
North America (excl. USA),,1881,6260934
North America (excl. USA),,1882,7313149
North America (excl. USA),,1883,8116495
North America (excl. USA),,1884,9265894
North America (excl. USA),,1885,8925540
North America (excl. USA),,1886,9470438
North America (excl. USA),,1887,10971588
North America (excl. USA),,1888,14270897
North America (excl. USA),,1889,12408777
North America (excl. USA),,1890,13693983
North America (excl. USA),,1891,16028847
North America (excl. USA),,1892,16604811
North America (excl. USA),,1893,17298276
North America (excl. USA),,1894,16864088
North America (excl. USA),,1895,16112594
North America (excl. USA),,1896,17185708
North America (excl. USA),,1897,17946254
North America (excl. USA),,1898,19228328
North America (excl. USA),,1899,23436864
North America (excl. USA),,1900,25142960
North America (excl. USA),,1901,29133338
North America (excl. USA),,1902,31279352
North America (excl. USA),,1903,34646436
North America (excl. USA),,1904,40313080
North America (excl. USA),,1905,43282830
North America (excl. USA),,1906,45880230
North America (excl. USA),,1907,56236480
North America (excl. USA),,1908,56601708
North America (excl. USA),,1909,54742856
North America (excl. USA),,1910,61652892
North America (excl. USA),,1911,74599810
North America (excl. USA),,1912,81874664
North America (excl. USA),,1913,96660730
North America (excl. USA),,1914,83867520
North America (excl. USA),,1915,80599940
North America (excl. USA),,1916,99141970
North America (excl. USA),,1917,117394840
North America (excl. USA),,1918,126701630
North America (excl. USA),,1919,121926270
North America (excl. USA),,1920,166685100
North America (excl. USA),,1921,174528450
North America (excl. USA),,1922,158128830
North America (excl. USA),,1923,169374270
North America (excl. USA),,1924,149606450
North America (excl. USA),,1925,136455040
North America (excl. USA),,1926,133557100
North America (excl. USA),,1927,128667920
North America (excl. USA),,1928,123130440
North America (excl. USA),,1929,126048370
North America (excl. USA),,1930,120076440
North America (excl. USA),,1931,96862616
North America (excl. USA),,1932,90601620
North America (excl. USA),,1933,91966110
North America (excl. USA),,1934,104591110
North America (excl. USA),,1935,106365460
North America (excl. USA),,1936,115056856
North America (excl. USA),,1937,126864170
North America (excl. USA),,1938,119250776
North America (excl. USA),,1939,127995740
North America (excl. USA),,1940,143433740
North America (excl. USA),,1941,153341220
North America (excl. USA),,1942,161349940
North America (excl. USA),,1943,168303280
North America (excl. USA),,1944,171996400
North America (excl. USA),,1945,164894960
North America (excl. USA),,1946,175489140
North America (excl. USA),,1947,185505550
North America (excl. USA),,1948,202170460
North America (excl. USA),,1949,188156130
North America (excl. USA),,1950,203422850
North America (excl. USA),,1951,222151760
North America (excl. USA),,1952,217143820
North America (excl. USA),,1953,219057680
North America (excl. USA),,1954,228825540
North America (excl. USA),,1955,237798080
North America (excl. USA),,1956,264137340
North America (excl. USA),,1957,267543150
North America (excl. USA),,1958,275691330
North America (excl. USA),,1959,283157730
North America (excl. USA),,1960,291926620
North America (excl. USA),,1961,297569400
North America (excl. USA),,1962,315585340
North America (excl. USA),,1963,316158100
North America (excl. USA),,1964,357279580
North America (excl. USA),,1965,372267200
North America (excl. USA),,1966,385016480
North America (excl. USA),,1967,421598750
North America (excl. USA),,1968,448694880
North America (excl. USA),,1969,466472030
North America (excl. USA),,1970,522837400
North America (excl. USA),,1971,550485600
North America (excl. USA),,1972,588902340
North America (excl. USA),,1973,611703040
North America (excl. USA),,1974,629888600
North America (excl. USA),,1975,649733200
North America (excl. USA),,1976,686656300
North America (excl. USA),,1977,701354430
North America (excl. USA),,1978,735634240
North America (excl. USA),,1979,783714900
North America (excl. USA),,1980,811436500
North America (excl. USA),,1981,807786940
North America (excl. USA),,1982,814903040
North America (excl. USA),,1983,772532500
North America (excl. USA),,1984,797568960
North America (excl. USA),,1985,810673150
North America (excl. USA),,1986,784576640
North America (excl. USA),,1987,828294800
North America (excl. USA),,1988,852904500
North America (excl. USA),,1989,883376830
North America (excl. USA),,1990,867502850
North America (excl. USA),,1991,871275700
North America (excl. USA),,1992,886506240
North America (excl. USA),,1993,892751170
North America (excl. USA),,1994,924475200
North America (excl. USA),,1995,923582340
North America (excl. USA),,1996,956270900
North America (excl. USA),,1997,997919040
North America (excl. USA),,1998,1024521300
North America (excl. USA),,1999,1049035800
North America (excl. USA),,2000,1088371300
North America (excl. USA),,2001,1101870300
North America (excl. USA),,2002,1114626300
North America (excl. USA),,2003,1164152600
North America (excl. USA),,2004,1158280800
North America (excl. USA),,2005,1186135300
North America (excl. USA),,2006,1203994100
North America (excl. USA),,2007,1231203700
North America (excl. USA),,2008,1213900500
North America (excl. USA),,2009,1167095000
North America (excl. USA),,2010,1182598700
North America (excl. USA),,2011,1218297600
North America (excl. USA),,2012,1234218200
North America (excl. USA),,2013,1235423700
North America (excl. USA),,2014,1223328900
North America (excl. USA),,2015,1224259300
North America (excl. USA),,2016,1208164500
North America (excl. USA),,2017,1201621200
North America (excl. USA),,2018,1215050900
North America (excl. USA),,2019,1227450100
North America (excl. USA),,2020,1108396000
North America (excl. USA),,2021,1156740700
North America (excl. USA),,2022,1180621000
North America (excl. USA),,2023,1186273900
North America (excl. USA),,2024,1180156500
North Korea,PRK,1905,13885
North Korea,PRK,1909,149260
North Korea,PRK,1910,187443
North Korea,PRK,1911,222154
North Korea,PRK,1912,277693
North Korea,PRK,1913,322818
North Korea,PRK,1914,461664
North Korea,PRK,1915,576212
North Korea,PRK,1916,479020
North Korea,PRK,1918,472077
North Korea,PRK,1919,558856
North Korea,PRK,1920,725472
North Korea,PRK,1921,781011
North Korea,PRK,1922,798366
North Korea,PRK,1923,954568
North Korea,PRK,1924,1003165
North Korea,PRK,1925,1600204
North Korea,PRK,1926,1718223
North Korea,PRK,1927,1780704
North Korea,PRK,1928,2051454.1
North Korea,PRK,1929,2356916
North Korea,PRK,1930,2221541
North Korea,PRK,1931,2353445
North Korea,PRK,1932,2773455
North Korea,PRK,1933,3269831
North Korea,PRK,1934,4348516
North Korea,PRK,1935,5114713
North Korea,PRK,1936,6002934
North Korea,PRK,1937,6422578
North Korea,PRK,1938,8594587
North Korea,PRK,1939,11217663
North Korea,PRK,1940,14429603
North Korea,PRK,1941,16090748
North Korea,PRK,1942,17764324
North Korea,PRK,1943,17215064
North Korea,PRK,1944,18188508
North Korea,PRK,1945,65417
North Korea,PRK,1946,72686
North Korea,PRK,1947,72686
North Korea,PRK,1948,1403312
North Korea,PRK,1949,1780704
North Korea,PRK,1950,780432
North Korea,PRK,1951,995984
North Korea,PRK,1952,889758
North Korea,PRK,1953,1735518
North Korea,PRK,1954,4786826
North Korea,PRK,1955,7344864
North Korea,PRK,1956,8963401
North Korea,PRK,1957,11288823
North Korea,PRK,1958,15633019
North Korea,PRK,1959,19865750
North Korea,PRK,1960,23788438
North Korea,PRK,1961,26426608
North Korea,PRK,1962,30687394
North Korea,PRK,1963,32826546
North Korea,PRK,1964,35618188
North Korea,PRK,1965,44222124
North Korea,PRK,1966,47599916
North Korea,PRK,1967,52392036
North Korea,PRK,1968,59268980
North Korea,PRK,1969,64079370
North Korea,PRK,1970,73476320
North Korea,PRK,1971,107453010
North Korea,PRK,1972,89504900
North Korea,PRK,1973,97325340
North Korea,PRK,1974,101611500
North Korea,PRK,1975,107623760
North Korea,PRK,1976,110030860
North Korea,PRK,1977,113665180
North Korea,PRK,1978,108209256
North Korea,PRK,1979,110262984
North Korea,PRK,1980,114082190
North Korea,PRK,1981,114398610
North Korea,PRK,1982,116884770
North Korea,PRK,1983,125163144
North Korea,PRK,1984,134657970
North Korea,PRK,1985,144288370
North Korea,PRK,1986,156835300
North Korea,PRK,1987,175625980
North Korea,PRK,1988,199234110
North Korea,PRK,1989,209252460
North Korea,PRK,1990,118382584
North Korea,PRK,1991,112818820
North Korea,PRK,1992,97985270
North Korea,PRK,1993,89585224
North Korea,PRK,1994,81584010
North Korea,PRK,1995,76085464
North Korea,PRK,1996,66291536
North Korea,PRK,1997,63678850
North Korea,PRK,1998,58749300
North Korea,PRK,1999,64143470
North Korea,PRK,2000,69165050
North Korea,PRK,2001,71668020
North Korea,PRK,2002,68641730
North Korea,PRK,2003,70142750
North Korea,PRK,2004,71721960
North Korea,PRK,2005,75010104
North Korea,PRK,2006,76170210
North Korea,PRK,2007,63478052
North Korea,PRK,2008,70325970
North Korea,PRK,2009,67660150
North Korea,PRK,2010,65355172
North Korea,PRK,2011,47866716
North Korea,PRK,2012,46754656
North Korea,PRK,2013,36144310
North Korea,PRK,2014,39824550
North Korea,PRK,2015,31277754
North Korea,PRK,2016,34236420
North Korea,PRK,2017,69707920
North Korea,PRK,2018,62608284
North Korea,PRK,2019,69512190
North Korea,PRK,2020,65576750
North Korea,PRK,2021,53969788
North Korea,PRK,2022,56289484
North Korea,PRK,2023,62024996
North Korea,PRK,2024,62550270
North Macedonia,MKD,1885,2584
North Macedonia,MKD,1890,7752
North Macedonia,MKD,1891,9044
North Macedonia,MKD,1892,10013
North Macedonia,MKD,1893,17766
North Macedonia,MKD,1894,33917
North Macedonia,MKD,1895,33917
North Macedonia,MKD,1896,37793
North Macedonia,MKD,1897,29394
North Macedonia,MKD,1898,44576
North Macedonia,MKD,1899,52005
North Macedonia,MKD,1900,70417
North Macedonia,MKD,1901,76878
North Macedonia,MKD,1902,72032
North Macedonia,MKD,1903,78170
North Macedonia,MKD,1904,83338
North Macedonia,MKD,1905,90444
North Macedonia,MKD,1906,108210
North Macedonia,MKD,1907,110148
North Macedonia,MKD,1908,118547
North Macedonia,MKD,1909,121777
North Macedonia,MKD,1910,120485
North Macedonia,MKD,1911,130498.01
North Macedonia,MKD,1912,133728
North Macedonia,MKD,1913,367268
North Macedonia,MKD,1919,263257
North Macedonia,MKD,1920,349502
North Macedonia,MKD,1921,372113
North Macedonia,MKD,1922,540727
North Macedonia,MKD,1923,589825
North Macedonia,MKD,1924,604684
North Macedonia,MKD,1925,663796
North Macedonia,MKD,1926,646353
North Macedonia,MKD,1927,730337
North Macedonia,MKD,1928,793307
North Macedonia,MKD,1929,904765
North Macedonia,MKD,1930,851468
North Macedonia,MKD,1931,746821
North Macedonia,MKD,1932,687925
North Macedonia,MKD,1933,634964
North Macedonia,MKD,1934,661041
North Macedonia,MKD,1935,687994
North Macedonia,MKD,1936,684744
North Macedonia,MKD,1937,767000
North Macedonia,MKD,1938,719961
North Macedonia,MKD,1939,759433
North Macedonia,MKD,1940,908318
North Macedonia,MKD,1943,463
North Macedonia,MKD,1944,8075
North Macedonia,MKD,1945,452968
North Macedonia,MKD,1946,880133
North Macedonia,MKD,1947,1205569
North Macedonia,MKD,1948,1368125
North Macedonia,MKD,1949,1566404
North Macedonia,MKD,1950,1503101
North Macedonia,MKD,1951,1422406
North Macedonia,MKD,1952,1421444
North Macedonia,MKD,1953,1413656
North Macedonia,MKD,1954,1692853
North Macedonia,MKD,1955,1939930
North Macedonia,MKD,1956,2229352
North Macedonia,MKD,1957,2407836
North Macedonia,MKD,1958,2371549
North Macedonia,MKD,1959,2722931
North Macedonia,MKD,1960,2976716
North Macedonia,MKD,1961,3130202
North Macedonia,MKD,1962,3207627
North Macedonia,MKD,1963,3566615
North Macedonia,MKD,1964,4049335
North Macedonia,MKD,1965,4169194.2
North Macedonia,MKD,1966,4126354.2
North Macedonia,MKD,1967,4169895.2
North Macedonia,MKD,1968,4452561
North Macedonia,MKD,1969,4615270
North Macedonia,MKD,1970,6062912
North Macedonia,MKD,1971,6523842
North Macedonia,MKD,1972,6066006
North Macedonia,MKD,1973,7280150
North Macedonia,MKD,1974,7300244
North Macedonia,MKD,1975,7611223
North Macedonia,MKD,1976,7844489
North Macedonia,MKD,1977,7605898
North Macedonia,MKD,1978,8514796
North Macedonia,MKD,1979,9276815
North Macedonia,MKD,1980,9101291
North Macedonia,MKD,1981,9896738
North Macedonia,MKD,1982,9062760
North Macedonia,MKD,1983,9791704
North Macedonia,MKD,1984,10351730
North Macedonia,MKD,1985,10578751
North Macedonia,MKD,1986,11063710
North Macedonia,MKD,1987,10792861
North Macedonia,MKD,1988,11157818
North Macedonia,MKD,1989,11130195
North Macedonia,MKD,1990,11098236
North Macedonia,MKD,1991,7788779
North Macedonia,MKD,1992,8394224
North Macedonia,MKD,1993,7599232
North Macedonia,MKD,1994,7903248
North Macedonia,MKD,1995,7925232
North Macedonia,MKD,1996,9416480
North Macedonia,MKD,1997,8445520
North Macedonia,MKD,1998,9647242
North Macedonia,MKD,1999,8782695
North Macedonia,MKD,2000,8467603
North Macedonia,MKD,2001,8291524
North Macedonia,MKD,2002,7837296
North Macedonia,MKD,2003,8533328
North Macedonia,MKD,2004,8229344.5
North Macedonia,MKD,2005,8595744
North Macedonia,MKD,2006,8650704
North Macedonia,MKD,2007,9013295
North Macedonia,MKD,2008,8936496
North Macedonia,MKD,2009,8247513
North Macedonia,MKD,2010,8181847.5
North Macedonia,MKD,2011,8822912
North Macedonia,MKD,2012,8456512
North Macedonia,MKD,2013,7452442
North Macedonia,MKD,2014,7166784
North Macedonia,MKD,2015,6719776
North Macedonia,MKD,2016,6606192
North Macedonia,MKD,2017,7090023
North Macedonia,MKD,2018,6653824
North Macedonia,MKD,2019,7624613
North Macedonia,MKD,2020,6979920
North Macedonia,MKD,2021,6518256
North Macedonia,MKD,2022,7352171
North Macedonia,MKD,2023,7338385
North Macedonia,MKD,2024,6619636
Norway,NOR,1750,0
Norway,NOR,1751,0
Norway,NOR,1752,0
Norway,NOR,1753,0
Norway,NOR,1754,0
Norway,NOR,1755,0
Norway,NOR,1756,0
Norway,NOR,1757,0
Norway,NOR,1758,0
Norway,NOR,1759,0
Norway,NOR,1760,0
Norway,NOR,1761,0
Norway,NOR,1762,0
Norway,NOR,1763,0
Norway,NOR,1764,0
Norway,NOR,1765,0
Norway,NOR,1766,0
Norway,NOR,1767,0
Norway,NOR,1768,0
Norway,NOR,1769,0
Norway,NOR,1770,0
Norway,NOR,1771,0
Norway,NOR,1772,0
Norway,NOR,1773,0
Norway,NOR,1774,0
Norway,NOR,1775,0
Norway,NOR,1776,0
Norway,NOR,1777,0
Norway,NOR,1778,0
Norway,NOR,1779,0
Norway,NOR,1780,0
Norway,NOR,1781,0
Norway,NOR,1782,0
Norway,NOR,1783,0
Norway,NOR,1784,0
Norway,NOR,1785,0
Norway,NOR,1786,0
Norway,NOR,1787,0
Norway,NOR,1788,0
Norway,NOR,1789,0
Norway,NOR,1790,0
Norway,NOR,1791,0
Norway,NOR,1792,0
Norway,NOR,1793,0
Norway,NOR,1794,0
Norway,NOR,1795,0
Norway,NOR,1796,0
Norway,NOR,1797,0
Norway,NOR,1798,0
Norway,NOR,1799,0
Norway,NOR,1800,0
Norway,NOR,1801,0
Norway,NOR,1802,0
Norway,NOR,1803,0
Norway,NOR,1804,0
Norway,NOR,1805,0
Norway,NOR,1806,0
Norway,NOR,1807,0
Norway,NOR,1808,0
Norway,NOR,1809,0
Norway,NOR,1810,0
Norway,NOR,1811,0
Norway,NOR,1812,0
Norway,NOR,1813,0
Norway,NOR,1814,0
Norway,NOR,1815,0
Norway,NOR,1816,0
Norway,NOR,1817,0
Norway,NOR,1818,0
Norway,NOR,1819,0
Norway,NOR,1820,0
Norway,NOR,1821,0
Norway,NOR,1822,0
Norway,NOR,1823,0
Norway,NOR,1824,0
Norway,NOR,1825,0
Norway,NOR,1826,0
Norway,NOR,1827,0
Norway,NOR,1828,0
Norway,NOR,1829,10992
Norway,NOR,1830,7328
Norway,NOR,1831,3664
Norway,NOR,1832,0
Norway,NOR,1833,0
Norway,NOR,1834,0
Norway,NOR,1835,14656
Norway,NOR,1836,18320
Norway,NOR,1837,25648
Norway,NOR,1838,51296
Norway,NOR,1839,40304
Norway,NOR,1840,43968
Norway,NOR,1841,58624
Norway,NOR,1842,73280
Norway,NOR,1843,62288
Norway,NOR,1844,65952
Norway,NOR,1845,98928
Norway,NOR,1846,98928
Norway,NOR,1847,102592
Norway,NOR,1848,131904
Norway,NOR,1849,106256
Norway,NOR,1850,139232
Norway,NOR,1851,150224
Norway,NOR,1852,150224
Norway,NOR,1853,164880
Norway,NOR,1854,234496
Norway,NOR,1855,256480.02
Norway,NOR,1856,304112
Norway,NOR,1857,304112
Norway,NOR,1858,267472
Norway,NOR,1859,326096
Norway,NOR,1860,333424
Norway,NOR,1861,428688
Norway,NOR,1862,370064
Norway,NOR,1863,362736
Norway,NOR,1864,479984
Norway,NOR,1865,472656
Norway,NOR,1866,520288
Norway,NOR,1867,619216
Norway,NOR,1868,633872
Norway,NOR,1869,553264
Norway,NOR,1870,630208
Norway,NOR,1871,611888
Norway,NOR,1872,655856
Norway,NOR,1873,659520
Norway,NOR,1874,817072
Norway,NOR,1875,1025920.06
Norway,NOR,1876,905008
Norway,NOR,1877,1220112
Norway,NOR,1878,1088208
Norway,NOR,1879,1143168
Norway,NOR,1880,1249424
Norway,NOR,1881,1293392
Norway,NOR,1882,1414304
Norway,NOR,1883,1524224
Norway,NOR,1884,1560864
Norway,NOR,1885,1784368
Norway,NOR,1886,1744064
Norway,NOR,1887,1681776
Norway,NOR,1888,1945584
Norway,NOR,1889,2220384
Norway,NOR,1890,2077488
Norway,NOR,1891,2414576
Norway,NOR,1892,2465872
Norway,NOR,1893,2462208
Norway,NOR,1894,2905552
Norway,NOR,1895,3059440
Norway,NOR,1896,3125392
Norway,NOR,1897,3385536
Norway,NOR,1898,3385536
Norway,NOR,1899,4048720
Norway,NOR,1900,4154976
Norway,NOR,1901,3894832
Norway,NOR,1902,4242912
Norway,NOR,1903,4239248
Norway,NOR,1904,4158640
Norway,NOR,1905,4147647.8
Norway,NOR,1906,4224592
Norway,NOR,1907,4781520
Norway,NOR,1908,5715840
Norway,NOR,1909,5763472
Norway,NOR,1910,5939344
Norway,NOR,1911,6078576
Norway,NOR,1912,6877328
Norway,NOR,1913,6917632
Norway,NOR,1914,7709056
Norway,NOR,1915,8449184
Norway,NOR,1916,7895920
Norway,NOR,1917,3495456
Norway,NOR,1918,4451760
Norway,NOR,1919,5290816
Norway,NOR,1920,5301808
Norway,NOR,1921,3374544
Norway,NOR,1922,6481616
Norway,NOR,1923,6793056
Norway,NOR,1924,7727376
Norway,NOR,1925,7595472
Norway,NOR,1926,6360704
Norway,NOR,1927,8667718
Norway,NOR,1928,8453624
Norway,NOR,1929,9520614
Norway,NOR,1930,8726636
Norway,NOR,1931,8086297
Norway,NOR,1932,8643426
Norway,NOR,1933,9179236
Norway,NOR,1934,9485086
Norway,NOR,1935,9781810
Norway,NOR,1936,10441182
Norway,NOR,1937,11760133
Norway,NOR,1938,10477702
Norway,NOR,1939,12514649
Norway,NOR,1940,6509561
Norway,NOR,1941,4813218
Norway,NOR,1942,4626115
Norway,NOR,1943,5443456
Norway,NOR,1944,4879141
Norway,NOR,1945,4011515.2
Norway,NOR,1946,7073431
Norway,NOR,1947,10627362
Norway,NOR,1948,10982533
Norway,NOR,1949,10407017
Norway,NOR,1950,8432180
Norway,NOR,1951,9475946
Norway,NOR,1952,9684764
Norway,NOR,1953,9783482
Norway,NOR,1954,9882352
Norway,NOR,1955,11413785
Norway,NOR,1956,11952007
Norway,NOR,1957,11357963
Norway,NOR,1958,11185696
Norway,NOR,1959,11808160
Norway,NOR,1960,13086807
Norway,NOR,1961,13335483
Norway,NOR,1962,14060391
Norway,NOR,1963,14965280
Norway,NOR,1964,16170321
Norway,NOR,1965,16389921
Norway,NOR,1966,19540070
Norway,NOR,1967,19304238
Norway,NOR,1968,21113690
Norway,NOR,1969,22193766
Norway,NOR,1970,27978744
Norway,NOR,1971,27166050
Norway,NOR,1972,29395056
Norway,NOR,1973,30491832
Norway,NOR,1974,27690220
Norway,NOR,1975,30602088
Norway,NOR,1976,33332158
Norway,NOR,1977,33309498
Norway,NOR,1978,32624504
Norway,NOR,1979,34625172
Norway,NOR,1980,31777006
Norway,NOR,1981,31804670
Norway,NOR,1982,30912102
Norway,NOR,1983,31947258
Norway,NOR,1984,33810250
Norway,NOR,1985,32285598
Norway,NOR,1986,34785340
Norway,NOR,1987,33207004
Norway,NOR,1988,35591656
Norway,NOR,1989,34147852
Norway,NOR,1990,35009000
Norway,NOR,1991,33466000
Norway,NOR,1992,34402000
Norway,NOR,1993,35948000
Norway,NOR,1994,37863000
Norway,NOR,1995,38469000
Norway,NOR,1996,41540000
Norway,NOR,1997,41644000
Norway,NOR,1998,41838000
Norway,NOR,1999,42609000
Norway,NOR,2000,42131000
Norway,NOR,2001,43519000
Norway,NOR,2002,42571000
Norway,NOR,2003,43919000
Norway,NOR,2004,44257000
Norway,NOR,2005,43279000
Norway,NOR,2006,43859000
Norway,NOR,2007,45605000
Norway,NOR,2008,44692000
Norway,NOR,2009,43098000
Norway,NOR,2010,45659000
Norway,NOR,2011,44775000
Norway,NOR,2012,44258000
Norway,NOR,2013,44539000
Norway,NOR,2014,44975000
Norway,NOR,2015,45523000
Norway,NOR,2016,44708000
Norway,NOR,2017,44197000
Norway,NOR,2018,44472000
Norway,NOR,2019,42866000
Norway,NOR,2020,41275000
Norway,NOR,2021,41058000
Norway,NOR,2022,40833000
Norway,NOR,2023,38869000
Norway,NOR,2024,37183000
OECD (GCP),,1850,196735150
OECD (GCP),,1851,198778540
OECD (GCP),,1852,207595100
OECD (GCP),,1853,217236980
OECD (GCP),,1854,255038540
OECD (GCP),,1855,259918910
OECD (GCP),,1856,277523970
OECD (GCP),,1857,280383360
OECD (GCP),,1858,283821600
OECD (GCP),,1859,300600060
OECD (GCP),,1860,330071200
OECD (GCP),,1861,346737200
OECD (GCP),,1862,353485220
OECD (GCP),,1863,377029380
OECD (GCP),,1864,406631260
OECD (GCP),,1865,431836670
OECD (GCP),,1866,443754050
OECD (GCP),,1867,475911070
OECD (GCP),,1868,489620300
OECD (GCP),,1869,519120030
OECD (GCP),,1870,530135500
OECD (GCP),,1871,562268860
OECD (GCP),,1872,622999600
OECD (GCP),,1873,662741200
OECD (GCP),,1874,619813950
OECD (GCP),,1875,671603840
OECD (GCP),,1876,679717300
OECD (GCP),,1877,692927170
OECD (GCP),,1878,693941250
OECD (GCP),,1879,743884100
OECD (GCP),,1880,840100860
OECD (GCP),,1881,869044160
OECD (GCP),,1882,917752450
OECD (GCP),,1883,974448260
OECD (GCP),,1884,985202800
OECD (GCP),,1885,991424800
OECD (GCP),,1886,1006269200
OECD (GCP),,1887,1055239300
OECD (GCP),,1888,1170419600
OECD (GCP),,1889,1167327400
OECD (GCP),,1890,1269660800
OECD (GCP),,1891,1328592100
OECD (GCP),,1892,1336064800
OECD (GCP),,1893,1311099800
OECD (GCP),,1894,1358077700
OECD (GCP),,1895,1433436300
OECD (GCP),,1896,1480067500
OECD (GCP),,1897,1544695000
OECD (GCP),,1898,1623582600
OECD (GCP),,1899,1771198800
OECD (GCP),,1900,1863174900
OECD (GCP),,1901,1918956300
OECD (GCP),,1902,1969597400
OECD (GCP),,1903,2154344400
OECD (GCP),,1904,2167238400
OECD (GCP),,1905,2321783300
OECD (GCP),,1906,2411552000
OECD (GCP),,1907,2731531800
OECD (GCP),,1908,2608259000
OECD (GCP),,1909,2715883800
OECD (GCP),,1910,2855428600
OECD (GCP),,1911,2893792800
OECD (GCP),,1912,3040020200
OECD (GCP),,1913,3283740000
OECD (GCP),,1914,2972558000
OECD (GCP),,1915,2936290300
OECD (GCP),,1916,3174268400
OECD (GCP),,1917,3334082600
OECD (GCP),,1918,3335170600
OECD (GCP),,1919,2861352200
OECD (GCP),,1920,3364363000
OECD (GCP),,1921,2928863200
OECD (GCP),,1922,3065106700
OECD (GCP),,1923,3477015800
OECD (GCP),,1924,3465507600
OECD (GCP),,1925,3485143000
OECD (GCP),,1926,3393239000
OECD (GCP),,1927,3697032400
OECD (GCP),,1928,3655321600
OECD (GCP),,1929,3926297000
OECD (GCP),,1930,3557127700
OECD (GCP),,1931,3117402400
OECD (GCP),,1932,2748437200
OECD (GCP),,1933,2882062800
OECD (GCP),,1934,3094461700
OECD (GCP),,1935,3212398800
OECD (GCP),,1936,3522700000
OECD (GCP),,1937,3779160600
OECD (GCP),,1938,3493657300
OECD (GCP),,1939,3699915000
OECD (GCP),,1940,4009806000
OECD (GCP),,1941,4176032000
OECD (GCP),,1942,4346325500
OECD (GCP),,1943,4441125400
OECD (GCP),,1944,4420092400
OECD (GCP),,1945,3567417000
OECD (GCP),,1946,3829631700
OECD (GCP),,1947,4256545000
OECD (GCP),,1948,4506922500
OECD (GCP),,1949,4200895500
OECD (GCP),,1950,4669927000
OECD (GCP),,1951,4984257000
OECD (GCP),,1952,4961189000
OECD (GCP),,1953,5076116000
OECD (GCP),,1954,5064592400
OECD (GCP),,1955,5471956500
OECD (GCP),,1956,5769039400
OECD (GCP),,1957,5822627300
OECD (GCP),,1958,5697852400
OECD (GCP),,1959,5824212000
OECD (GCP),,1960,6146150000
OECD (GCP),,1961,6291828700
OECD (GCP),,1962,6583725000
OECD (GCP),,1963,6929065500
OECD (GCP),,1964,7272027600
OECD (GCP),,1965,7505879600
OECD (GCP),,1966,7808979500
OECD (GCP),,1967,8078903300
OECD (GCP),,1968,8504911000
OECD (GCP),,1969,9024569000
OECD (GCP),,1970,9685182000
OECD (GCP),,1971,9870694000
OECD (GCP),,1972,10297939000
OECD (GCP),,1973,10777036000
OECD (GCP),,1974,10547168000
OECD (GCP),,1975,10236945000
OECD (GCP),,1976,10783567000
OECD (GCP),,1977,10947880000
OECD (GCP),,1978,11220084000
OECD (GCP),,1979,11494394000
OECD (GCP),,1980,11246235000
OECD (GCP),,1981,10821723000
OECD (GCP),,1982,10463501000
OECD (GCP),,1983,10402196000
OECD (GCP),,1984,10668451000
OECD (GCP),,1985,10769398000
OECD (GCP),,1986,10773484000
OECD (GCP),,1987,11056186000
OECD (GCP),,1988,11366951000
OECD (GCP),,1989,11585415000
OECD (GCP),,1990,12053789000
OECD (GCP),,1991,12043750000
OECD (GCP),,1992,12109229000
OECD (GCP),,1993,12184902000
OECD (GCP),,1994,12366514000
OECD (GCP),,1995,12530115000
OECD (GCP),,1996,12921521000
OECD (GCP),,1997,13000676000
OECD (GCP),,1998,13011107000
OECD (GCP),,1999,13136289000
OECD (GCP),,2000,13485808000
OECD (GCP),,2001,13424440000
OECD (GCP),,2002,13518729000
OECD (GCP),,2003,13748225000
OECD (GCP),,2004,13882650000
OECD (GCP),,2005,13943427000
OECD (GCP),,2006,13892647000
OECD (GCP),,2007,14020433000
OECD (GCP),,2008,13665571000
OECD (GCP),,2009,12803931000
OECD (GCP),,2010,13227774000
OECD (GCP),,2011,13086457000
OECD (GCP),,2012,12926088000
OECD (GCP),,2013,12988471000
OECD (GCP),,2014,12796966000
OECD (GCP),,2015,12666168000
OECD (GCP),,2016,12522836000
OECD (GCP),,2017,12504867000
OECD (GCP),,2018,12575275000
OECD (GCP),,2019,12226434000
OECD (GCP),,2020,11142346000
OECD (GCP),,2021,11759488000
OECD (GCP),,2022,11660434000
OECD (GCP),,2023,11252323000
OECD (GCP),,2024,11173063000
Oceania,,1750,0
Oceania,,1751,0
Oceania,,1752,0
Oceania,,1753,0
Oceania,,1754,0
Oceania,,1755,0
Oceania,,1756,0
Oceania,,1757,0
Oceania,,1758,0
Oceania,,1759,0
Oceania,,1760,0
Oceania,,1761,0
Oceania,,1762,0
Oceania,,1763,0
Oceania,,1764,0
Oceania,,1765,0
Oceania,,1766,0
Oceania,,1767,0
Oceania,,1768,0
Oceania,,1769,0
Oceania,,1770,0
Oceania,,1771,0
Oceania,,1772,0
Oceania,,1773,0
Oceania,,1774,0
Oceania,,1775,0
Oceania,,1776,0
Oceania,,1777,0
Oceania,,1778,0
Oceania,,1779,0
Oceania,,1780,0
Oceania,,1781,0
Oceania,,1782,0
Oceania,,1783,0
Oceania,,1784,0
Oceania,,1785,0
Oceania,,1786,0
Oceania,,1787,0
Oceania,,1788,0
Oceania,,1789,0
Oceania,,1790,0
Oceania,,1791,0
Oceania,,1792,0
Oceania,,1793,0
Oceania,,1794,0
Oceania,,1795,0
Oceania,,1796,0
Oceania,,1797,0
Oceania,,1798,0
Oceania,,1799,0
Oceania,,1800,0
Oceania,,1801,0
Oceania,,1802,0
Oceania,,1803,0
Oceania,,1804,0
Oceania,,1805,236
Oceania,,1806,661
Oceania,,1807,629
Oceania,,1808,787
Oceania,,1809,1259
Oceania,,1810,1259
Oceania,,1811,2203
Oceania,,1812,2203
Oceania,,1813,2832
Oceania,,1814,3451
Oceania,,1815,2753
Oceania,,1816,2281
Oceania,,1817,2045
Oceania,,1818,1888
Oceania,,1819,3540
Oceania,,1820,6160
Oceania,,1821,3147
Oceania,,1822,3934.0002
Oceania,,1823,4720
Oceania,,1824,4720
Oceania,,1825,2870
Oceania,,1826,6360
Oceania,,1827,5902
Oceania,,1828,3786
Oceania,,1829,6031
Oceania,,1830,5748
Oceania,,1831,1421
Oceania,,1832,11239
Oceania,,1833,10718
Oceania,,1834,13358
Oceania,,1835,19498
Oceania,,1836,19897
Oceania,,1837,25305
Oceania,,1838,27094
Oceania,,1839,33487
Oceania,,1840,47605
Oceania,,1841,54819
Oceania,,1842,62779
Oceania,,1843,40692
Oceania,,1844,36374
Oceania,,1845,35125
Oceania,,1846,61308
Oceania,,1847,64088
Oceania,,1848,71507
Oceania,,1849,76336
Oceania,,1850,112052
Oceania,,1851,106379
Oceania,,1852,106055
Oceania,,1853,152321
Oceania,,1854,183526
Oceania,,1855,215678
Oceania,,1856,298886
Oceania,,1857,331100
Oceania,,1858,340483
Oceania,,1859,484948
Oceania,,1860,599769
Oceania,,1861,560575
Oceania,,1862,787635
Oceania,,1863,720450
Oceania,,1864,903160
Oceania,,1865,973508
Oceania,,1866,1280060
Oceania,,1867,1239852
Oceania,,1868,1532259
Oceania,,1869,1464684
Oceania,,1870,1402391
Oceania,,1871,1440910
Oceania,,1872,1636610
Oceania,,1873,1930549
Oceania,,1874,2125629
Oceania,,1875,2142736
Oceania,,1876,2158161
Oceania,,1877,2372097
Oceania,,1878,2917052
Oceania,,1879,3083507
Oceania,,1880,3073339
Oceania,,1881,3641577
Oceania,,1882,4277829
Oceania,,1883,5073743
Oceania,,1884,5590824
Oceania,,1885,5999834
Oceania,,1886,6009109
Oceania,,1887,6261250
Oceania,,1888,6972248
Oceania,,1889,7562008
Oceania,,1890,6872483
Oceania,,1891,8375925
Oceania,,1892,7961785
Oceania,,1893,7315646
Oceania,,1894,8130214
Oceania,,1895,8373957
Oceania,,1896,8936921
Oceania,,1897,9782685
Oceania,,1898,10536444
Oceania,,1899,10873019
Oceania,,1900,12607824
Oceania,,1901,14179680
Oceania,,1902,14436160
Oceania,,1903,14393768
Oceania,,1904,14977158
Oceania,,1905,15591857
Oceania,,1906,18219918
Oceania,,1907,19572344
Oceania,,1908,20943384
Oceania,,1909,18845024
Oceania,,1910,22609452
Oceania,,1911,24136106
Oceania,,1912,26073290
Oceania,,1913,27014900
Oceania,,1914,30004424
Oceania,,1915,27201164
Oceania,,1916,24891626
Oceania,,1917,25951116
Oceania,,1918,27907988
Oceania,,1919,26314662
Oceania,,1920,29863852
Oceania,,1921,27284434
Oceania,,1922,28483052
Oceania,,1923,29520592
Oceania,,1924,32180746
Oceania,,1925,33720956
Oceania,,1926,33859450
Oceania,,1927,35764830
Oceania,,1928,33733316
Oceania,,1929,31800364
Oceania,,1930,30764512
Oceania,,1931,26789996
Oceania,,1932,26589732
Oceania,,1933,28327570
Oceania,,1934,30191492
Oceania,,1935,33108736
Oceania,,1936,35690024
Oceania,,1937,38137220
Oceania,,1938,37942420
Oceania,,1939,42445464
Oceania,,1940,40105132
Oceania,,1941,44335188
Oceania,,1942,47122844
Oceania,,1943,46564212
Oceania,,1944,46496400
Oceania,,1945,44779228
Oceania,,1946,48271880
Oceania,,1947,50227836
Oceania,,1948,52515016
Oceania,,1949,53672830
Oceania,,1950,64611340
Oceania,,1951,69708776
Oceania,,1952,72459270
Oceania,,1953,72235040
Oceania,,1954,77786380
Oceania,,1955,82423610
Oceania,,1956,86718080
Oceania,,1957,87255750
Oceania,,1958,89266810
Oceania,,1959,94413280
Oceania,,1960,100295090
Oceania,,1961,100181430
Oceania,,1962,103294030
Oceania,,1963,109548400
Oceania,,1964,118717740
Oceania,,1965,129478890
Oceania,,1966,132279140
Oceania,,1967,138611220
Oceania,,1968,145432300
Oceania,,1969,153718830
Oceania,,1970,166215820
Oceania,,1971,170643970
Oceania,,1972,174019410
Oceania,,1973,193617860
Oceania,,1974,190731230
Oceania,,1975,196819650
Oceania,,1976,194205660
Oceania,,1977,207570140
Oceania,,1978,213846820
Oceania,,1979,213960100
Oceania,,1980,227391700
Oceania,,1981,235787900
Oceania,,1982,241295580
Oceania,,1983,230603340
Oceania,,1984,241781630
Oceania,,1985,251883520
Oceania,,1986,252363400
Oceania,,1987,264343070
Oceania,,1988,271769540
Oceania,,1989,287941500
Oceania,,1990,309442460
Oceania,,1991,311575040
Oceania,,1992,318601150
Oceania,,1993,322868100
Oceania,,1994,328001730
Oceania,,1995,339459460
Oceania,,1996,347997860
Oceania,,1997,358440900
Oceania,,1998,371734300
Oceania,,1999,382514900
Oceania,,2000,390033800
Oceania,,2001,400263140
Oceania,,2002,405900700
Oceania,,2003,416901060
Oceania,,2004,428453020
Oceania,,2005,433427400
Oceania,,2006,439754140
Oceania,,2007,448106370
Oceania,,2008,453125120
Oceania,,2009,452832260
Oceania,,2010,451559740
Oceania,,2011,450376670
Oceania,,2012,452247680
Oceania,,2013,445004350
Oceania,,2014,442693300
Oceania,,2015,451376030
Oceania,,2016,460059040
Oceania,,2017,465086850
Oceania,,2018,467918750
Oceania,,2019,468925470
Oceania,,2020,449486300
Oceania,,2021,439095170
Oceania,,2022,433489800
Oceania,,2023,433177120
Oceania,,2024,436896640
Oceania (GCP),,1850,112052.45
Oceania (GCP),,1851,106378.71
Oceania (GCP),,1852,106054.586
Oceania (GCP),,1853,152320.9
Oceania (GCP),,1854,183526.48
Oceania (GCP),,1855,215677.69
Oceania (GCP),,1856,298886.25
Oceania (GCP),,1857,331100.38
Oceania (GCP),,1858,340482.7
Oceania (GCP),,1859,484947.53
Oceania (GCP),,1860,599769.2
Oceania (GCP),,1861,560575.4
Oceania (GCP),,1862,787635.1
Oceania (GCP),,1863,720450.25
Oceania (GCP),,1864,903160.1
Oceania (GCP),,1865,973507.56
Oceania (GCP),,1866,1280059.6
Oceania (GCP),,1867,1239852.4
Oceania (GCP),,1868,1532259.4
Oceania (GCP),,1869,1464684.2
Oceania (GCP),,1870,1402391.1
Oceania (GCP),,1871,1440909.9
Oceania (GCP),,1872,1636610
Oceania (GCP),,1873,1930549.4
Oceania (GCP),,1874,2125629.5
Oceania (GCP),,1875,2142735.5
Oceania (GCP),,1876,2158161.5
Oceania (GCP),,1877,2372097.2
Oceania (GCP),,1878,2917051.8
Oceania (GCP),,1879,3083507
Oceania (GCP),,1880,3073338.5
Oceania (GCP),,1881,3641576.8
Oceania (GCP),,1882,4277829.5
Oceania (GCP),,1883,5073743
Oceania (GCP),,1884,5590824
Oceania (GCP),,1885,5999834
Oceania (GCP),,1886,6009109
Oceania (GCP),,1887,6261250.5
Oceania (GCP),,1888,6972248
Oceania (GCP),,1889,7562008
Oceania (GCP),,1890,6872482.5
Oceania (GCP),,1891,8375925
Oceania (GCP),,1892,7961785
Oceania (GCP),,1893,7315646.5
Oceania (GCP),,1894,8130214.5
Oceania (GCP),,1895,8373957
Oceania (GCP),,1896,8936921
Oceania (GCP),,1897,9782685
Oceania (GCP),,1898,10536443
Oceania (GCP),,1899,10873019
Oceania (GCP),,1900,12607824
Oceania (GCP),,1901,14179680
Oceania (GCP),,1902,14436160
Oceania (GCP),,1903,14393768
Oceania (GCP),,1904,14977158
Oceania (GCP),,1905,15591856
Oceania (GCP),,1906,18219918
Oceania (GCP),,1907,19572344
Oceania (GCP),,1908,20943384
Oceania (GCP),,1909,18845026
Oceania (GCP),,1910,22609452
Oceania (GCP),,1911,24136106
Oceania (GCP),,1912,26073292
Oceania (GCP),,1913,27014900
Oceania (GCP),,1914,30004424
Oceania (GCP),,1915,27201164
Oceania (GCP),,1916,24891624
Oceania (GCP),,1917,25951116
Oceania (GCP),,1918,27907986
Oceania (GCP),,1919,26314662
Oceania (GCP),,1920,29863852
Oceania (GCP),,1921,27284434
Oceania (GCP),,1922,28483052
Oceania (GCP),,1923,29520590
Oceania (GCP),,1924,32180744
Oceania (GCP),,1925,33720956
Oceania (GCP),,1926,33859450
Oceania (GCP),,1927,35764830
Oceania (GCP),,1928,33733316
Oceania (GCP),,1929,31800362
Oceania (GCP),,1930,30764512
Oceania (GCP),,1931,26789996
Oceania (GCP),,1932,26589730
Oceania (GCP),,1933,28327570
Oceania (GCP),,1934,30191492
Oceania (GCP),,1935,33108736
Oceania (GCP),,1936,35690020
Oceania (GCP),,1937,38137220
Oceania (GCP),,1938,37942420
Oceania (GCP),,1939,42445464
Oceania (GCP),,1940,40105136
Oceania (GCP),,1941,44335188
Oceania (GCP),,1942,47122844
Oceania (GCP),,1943,46564210
Oceania (GCP),,1944,46496404
Oceania (GCP),,1945,44779230
Oceania (GCP),,1946,48271880
Oceania (GCP),,1947,50227836
Oceania (GCP),,1948,52515012
Oceania (GCP),,1949,53672836
Oceania (GCP),,1950,64556376
Oceania (GCP),,1951,69646480
Oceania (GCP),,1952,72375000
Oceania (GCP),,1953,72139784
Oceania (GCP),,1954,77691120
Oceania (GCP),,1955,82295380
Oceania (GCP),,1956,86589840
Oceania (GCP),,1957,87109180
Oceania (GCP),,1958,89120250
Oceania (GCP),,1959,94252060
Oceania (GCP),,1960,100115550
Oceania (GCP),,1961,99979920
Oceania (GCP),,1962,103096184
Oceania (GCP),,1963,109291920
Oceania (GCP),,1964,118450264
Oceania (GCP),,1965,129174780
Oceania (GCP),,1966,131938380
Oceania (GCP),,1967,138175220
Oceania (GCP),,1968,144930340
Oceania (GCP),,1969,153161900
Oceania (GCP),,1970,165592940
Oceania (GCP),,1971,169903840
Oceania (GCP),,1972,172835940
Oceania (GCP),,1973,192342780
Oceania (GCP),,1974,189269310
Oceania (GCP),,1975,195423660
Oceania (GCP),,1976,192758380
Oceania (GCP),,1977,206082580
Oceania (GCP),,1978,212263970
Oceania (GCP),,1979,212263650
Oceania (GCP),,1980,225662290
Oceania (GCP),,1981,233959570
Oceania (GCP),,1982,239423280
Oceania (GCP),,1983,228676060
Oceania (GCP),,1984,239737120
Oceania (GCP),,1985,249758380
Oceania (GCP),,1986,250300540
Oceania (GCP),,1987,262009120
Oceania (GCP),,1988,269571140
Oceania (GCP),,1989,285907970
Oceania (GCP),,1990,307288030
Oceania (GCP),,1991,309402300
Oceania (GCP),,1992,316410100
Oceania (GCP),,1993,320673380
Oceania (GCP),,1994,325815780
Oceania (GCP),,1995,337407600
Oceania (GCP),,1996,345800480
Oceania (GCP),,1997,355829760
Oceania (GCP),,1998,368198080
Oceania (GCP),,1999,379966400
Oceania (GCP),,2000,387095940
Oceania (GCP),,2001,396927200
Oceania (GCP),,2002,402234620
Oceania (GCP),,2003,412847580
Oceania (GCP),,2004,423765920
Oceania (GCP),,2005,428443550
Oceania (GCP),,2006,434703200
Oceania (GCP),,2007,441525300
Oceania (GCP),,2008,447580500
Oceania (GCP),,2009,447567650
Oceania (GCP),,2010,446845020
Oceania (GCP),,2011,445078240
Oceania (GCP),,2012,447875260
Oceania (GCP),,2013,440472400
Oceania (GCP),,2014,436568420
Oceania (GCP),,2015,445059740
Oceania (GCP),,2016,453034980
Oceania (GCP),,2017,458536700
Oceania (GCP),,2018,460322850
Oceania (GCP),,2019,461342750
Oceania (GCP),,2020,441575520
Oceania (GCP),,2021,431222080
Oceania (GCP),,2022,425053730
Oceania (GCP),,2023,424819360
Oceania (GCP),,2024,428551200
Oman,OMN,1964,10992
Oman,OMN,1965,25648
Oman,OMN,1966,29312
Oman,OMN,1967,135568
Oman,OMN,1968,161216
Oman,OMN,1969,234496
Oman,OMN,1970,234496
Oman,OMN,1971,2092144
Oman,OMN,1972,2088480
Oman,OMN,1973,2110464
Oman,OMN,1974,2333968
Oman,OMN,1975,7251056
Oman,OMN,1976,8320944
Oman,OMN,1977,8500480
Oman,OMN,1978,7789664
Oman,OMN,1979,7716384
Oman,OMN,1980,6041936
Oman,OMN,1981,6012624
Oman,OMN,1982,5730496
Oman,OMN,1983,7525856
Oman,OMN,1984,8053471.5
Oman,OMN,1985,8645560
Oman,OMN,1986,9856971
Oman,OMN,1987,9443774
Oman,OMN,1988,10563666
Oman,OMN,1989,10041137
Oman,OMN,1990,11285067
Oman,OMN,1991,11658472
Oman,OMN,1992,11956003
Oman,OMN,1993,13291398
Oman,OMN,1994,17465970
Oman,OMN,1995,18816350
Oman,OMN,1996,18197204
Oman,OMN,1997,18144510
Oman,OMN,1998,18543088
Oman,OMN,1999,22076124
Oman,OMN,2000,23984356
Oman,OMN,2001,22511740
Oman,OMN,2002,26978980
Oman,OMN,2003,34563364
Oman,OMN,2004,29247372
Oman,OMN,2005,31835340
Oman,OMN,2006,40449716
Oman,OMN,2007,45308412
Oman,OMN,2008,47435624
Oman,OMN,2009,44503908
Oman,OMN,2010,51429150
Oman,OMN,2011,57305132
Oman,OMN,2012,63104910
Oman,OMN,2013,65586984
Oman,OMN,2014,66190040
Oman,OMN,2015,67883224
Oman,OMN,2016,66239816
Oman,OMN,2017,66343720
Oman,OMN,2018,70677940
Oman,OMN,2019,72034904
Oman,OMN,2020,71845150
Oman,OMN,2021,75041400
Oman,OMN,2022,77993790
Oman,OMN,2023,79810640
Oman,OMN,2024,82661976
Pakistan,PAK,1946,633646
Pakistan,PAK,1947,655283
Pakistan,PAK,1948,722012
Pakistan,PAK,1949,1024536
Pakistan,PAK,1950,5354962
Pakistan,PAK,1951,6612636
Pakistan,PAK,1952,6983431
Pakistan,PAK,1953,7106796
Pakistan,PAK,1954,7217736
Pakistan,PAK,1955,7437157
Pakistan,PAK,1956,8812264
Pakistan,PAK,1957,9104665
Pakistan,PAK,1958,10223614
Pakistan,PAK,1959,9921033
Pakistan,PAK,1960,11926437
Pakistan,PAK,1961,12349572
Pakistan,PAK,1962,13569882
Pakistan,PAK,1963,15600216
Pakistan,PAK,1964,16038961
Pakistan,PAK,1965,16829590
Pakistan,PAK,1966,17125746
Pakistan,PAK,1967,18175904
Pakistan,PAK,1968,20841790
Pakistan,PAK,1969,20213412
Pakistan,PAK,1970,20504408
Pakistan,PAK,1971,19440704
Pakistan,PAK,1972,18903050
Pakistan,PAK,1973,20008478
Pakistan,PAK,1974,21387398
Pakistan,PAK,1975,23187848
Pakistan,PAK,1976,22788524
Pakistan,PAK,1977,24319874
Pakistan,PAK,1978,26050556
Pakistan,PAK,1979,28134454
Pakistan,PAK,1980,31931550
Pakistan,PAK,1981,34232830
Pakistan,PAK,1982,37189620
Pakistan,PAK,1983,40022190
Pakistan,PAK,1984,42557330
Pakistan,PAK,1985,46813544
Pakistan,PAK,1986,49058620
Pakistan,PAK,1987,52988736
Pakistan,PAK,1988,57607376
Pakistan,PAK,1989,60316616
Pakistan,PAK,1990,67827370
Pakistan,PAK,1991,67477100
Pakistan,PAK,1992,72014920
Pakistan,PAK,1993,77175720
Pakistan,PAK,1994,84018296
Pakistan,PAK,1995,83614360
Pakistan,PAK,1996,93542460
Pakistan,PAK,1997,93788160
Pakistan,PAK,1998,96740740
Pakistan,PAK,1999,99389330
Pakistan,PAK,2000,103939720
Pakistan,PAK,2001,105400680
Pakistan,PAK,2002,110566250
Pakistan,PAK,2003,113141820
Pakistan,PAK,2004,124636830
Pakistan,PAK,2005,129947430
Pakistan,PAK,2006,137911580
Pakistan,PAK,2007,148349010
Pakistan,PAK,2008,147901400
Pakistan,PAK,2009,148354980
Pakistan,PAK,2010,147503980
Pakistan,PAK,2011,149488300
Pakistan,PAK,2012,150555070
Pakistan,PAK,2013,148183040
Pakistan,PAK,2014,150809500
Pakistan,PAK,2015,144895550
Pakistan,PAK,2016,176740980
Pakistan,PAK,2017,211980740
Pakistan,PAK,2018,203499680
Pakistan,PAK,2019,190825870
Pakistan,PAK,2020,215509550
Pakistan,PAK,2021,243552350
Pakistan,PAK,2022,211969710
Pakistan,PAK,2023,186860880
Pakistan,PAK,2024,179800380
Palau,PLW,1955,10992
Palau,PLW,1956,10992
Palau,PLW,1957,14656
Palau,PLW,1958,14656
Palau,PLW,1959,14656
Palau,PLW,1960,14656
Palau,PLW,1961,51296
Palau,PLW,1962,51296
Palau,PLW,1963,54960
Palau,PLW,1964,58624
Palau,PLW,1965,65952
Palau,PLW,1966,65952
Palau,PLW,1967,73280
Palau,PLW,1968,76944
Palau,PLW,1969,131904
Palau,PLW,1970,135568
Palau,PLW,1971,164880
Palau,PLW,1972,172208
Palau,PLW,1973,175872
Palau,PLW,1974,194192
Palau,PLW,1975,194192
Palau,PLW,1976,113584
Palau,PLW,1977,183200
Palau,PLW,1978,109920
Palau,PLW,1979,124576
Palau,PLW,1980,157552
Palau,PLW,1981,157552
Palau,PLW,1982,157552
Palau,PLW,1983,157552
Palau,PLW,1984,157552
Palau,PLW,1985,161216
Palau,PLW,1986,161216
Palau,PLW,1987,161216
Palau,PLW,1988,183200
Palau,PLW,1989,227168
Palau,PLW,1990,234496
Palau,PLW,1991,234496
Palau,PLW,1992,194192
Palau,PLW,1993,194192
Palau,PLW,1994,197856
Palau,PLW,1995,194192
Palau,PLW,1996,197856
Palau,PLW,1997,197856
Palau,PLW,1998,201520
Palau,PLW,1999,201520
Palau,PLW,2000,208848
Palau,PLW,2001,212512
Palau,PLW,2002,212512
Palau,PLW,2003,212512
Palau,PLW,2004,212512
Palau,PLW,2005,223504
Palau,PLW,2006,227168
Palau,PLW,2007,252815.98
Palau,PLW,2008,205184
Palau,PLW,2009,194192
Palau,PLW,2010,208848
Palau,PLW,2011,212512
Palau,PLW,2012,223504
Palau,PLW,2013,227168
Palau,PLW,2014,219840
Palau,PLW,2015,201520
Palau,PLW,2016,208848
Palau,PLW,2017,216176
Palau,PLW,2018,212512
Palau,PLW,2019,216176
Palau,PLW,2020,208848
Palau,PLW,2021,212512
Palau,PLW,2022,217235
Palau,PLW,2023,216209
Palau,PLW,2024,226099
Palestine,PSE,1990,861040
Palestine,PSE,1991,883024
Palestine,PSE,1992,912336
Palestine,PSE,1993,934320
Palestine,PSE,1994,963632
Palestine,PSE,1995,945312
Palestine,PSE,1996,1036911.94
Palestine,PSE,1997,864704
Palestine,PSE,1998,1458272
Palestine,PSE,1999,1366672
Palestine,PSE,2000,1659792
Palestine,PSE,2001,1344688
Palestine,PSE,2002,1154160
Palestine,PSE,2003,1275072
Palestine,PSE,2004,2191072
Palestine,PSE,2005,2737008
Palestine,PSE,2006,2268016
Palestine,PSE,2007,2326640
Palestine,PSE,2008,2051840.1
Palestine,PSE,2009,2088480
Palestine,PSE,2010,2033520
Palestine,PSE,2011,2246032
Palestine,PSE,2012,2194736
Palestine,PSE,2013,2436560
Palestine,PSE,2014,2835936
Palestine,PSE,2015,3000816
Palestine,PSE,2016,3235312
Palestine,PSE,2017,3264624
Palestine,PSE,2018,2956848
Palestine,PSE,2019,3264624
Palestine,PSE,2020,3326912
Palestine,PSE,2021,3634688
Palestine,PSE,2022,4702034
Palestine,PSE,2023,4755358
Palestine,PSE,2024,4780046
Panama,PAN,1904,2221
Panama,PAN,1905,2762
Panama,PAN,1906,4886
Panama,PAN,1907,9015
Panama,PAN,1908,10721
Panama,PAN,1909,12424
Panama,PAN,1910,14648
Panama,PAN,1911,14732
Panama,PAN,1912,14463
Panama,PAN,1913,12611
Panama,PAN,1914,10698
Panama,PAN,1915,12011
Panama,PAN,1916,14658
Panama,PAN,1917,16722
Panama,PAN,1918,14753
Panama,PAN,1919,2565
Panama,PAN,1920,4912
Panama,PAN,1921,7133
Panama,PAN,1922,3534
Panama,PAN,1923,634
Panama,PAN,1924,8000.0005
Panama,PAN,1925,11475
Panama,PAN,1926,17123
Panama,PAN,1927,13278
Panama,PAN,1928,12483
Panama,PAN,1929,15499
Panama,PAN,1930,11198
Panama,PAN,1931,8774
Panama,PAN,1932,6876
Panama,PAN,1933,5386
Panama,PAN,1934,4222
Panama,PAN,1935,3309
Panama,PAN,1936,2593
Panama,PAN,1937,2031.0001
Panama,PAN,1938,1590
Panama,PAN,1939,1246
Panama,PAN,1940,977
Panama,PAN,1941,767
Panama,PAN,1942,767
Panama,PAN,1943,382
Panama,PAN,1944,382
Panama,PAN,1945,382
Panama,PAN,1946,382
Panama,PAN,1947,382
Panama,PAN,1948,22188
Panama,PAN,1949,25822
Panama,PAN,1950,710990
Panama,PAN,1951,750823
Panama,PAN,1952,908286
Panama,PAN,1953,816925
Panama,PAN,1954,717847
Panama,PAN,1955,790956
Panama,PAN,1956,739831
Panama,PAN,1957,915673
Panama,PAN,1958,1121046
Panama,PAN,1959,1300467
Panama,PAN,1960,1263634
Panama,PAN,1961,1344092
Panama,PAN,1962,1461431
Panama,PAN,1963,1739835
Panama,PAN,1964,2033015
Panama,PAN,1965,2124291
Panama,PAN,1966,2106239
Panama,PAN,1967,2150025
Panama,PAN,1968,2600704
Panama,PAN,1969,2384416
Panama,PAN,1970,2677403
Panama,PAN,1971,3078753
Panama,PAN,1972,3502346
Panama,PAN,1973,3959178
Panama,PAN,1974,3840496
Panama,PAN,1975,4765354
Panama,PAN,1976,4617252
Panama,PAN,1977,4579384
Panama,PAN,1978,3913282
Panama,PAN,1979,4190019.2
Panama,PAN,1980,3088200
Panama,PAN,1981,3304108
Panama,PAN,1982,3265476
Panama,PAN,1983,3467277
Panama,PAN,1984,2855398
Panama,PAN,1985,2714502
Panama,PAN,1986,2720436
Panama,PAN,1987,3164139
Panama,PAN,1988,2904736
Panama,PAN,1989,2502445
Panama,PAN,1990,2617690
Panama,PAN,1991,3088691
Panama,PAN,1992,4097877
Panama,PAN,1993,3749194
Panama,PAN,1994,4135693
Panama,PAN,1995,3608348
Panama,PAN,1996,4396612
Panama,PAN,1997,4572321
Panama,PAN,1998,5835110
Panama,PAN,1999,5551975
Panama,PAN,2000,5635844
Panama,PAN,2001,6909412
Panama,PAN,2002,5710004
Panama,PAN,2003,5928724
Panama,PAN,2004,5504644
Panama,PAN,2005,6741980
Panama,PAN,2006,7281958
Panama,PAN,2007,7133544
Panama,PAN,2008,6809098
Panama,PAN,2009,8051362
Panama,PAN,2010,9059720
Panama,PAN,2011,9899392
Panama,PAN,2012,9540322
Panama,PAN,2013,10273632
Panama,PAN,2014,10688621
Panama,PAN,2015,10652060
Panama,PAN,2016,10333790
Panama,PAN,2017,9567928
Panama,PAN,2018,9121047
Panama,PAN,2019,12448774
Panama,PAN,2020,6557340
Panama,PAN,2021,10144616
Panama,PAN,2022,11707350
Panama,PAN,2023,13002121
Panama,PAN,2024,12664428
Papua New Guinea,PNG,1950,54960
Papua New Guinea,PNG,1951,62288
Papua New Guinea,PNG,1952,84272
Papua New Guinea,PNG,1953,95264
Papua New Guinea,PNG,1954,95264
Papua New Guinea,PNG,1955,128240.01
Papua New Guinea,PNG,1956,128240.01
Papua New Guinea,PNG,1957,146560
Papua New Guinea,PNG,1958,146560
Papua New Guinea,PNG,1959,161216
Papua New Guinea,PNG,1960,179536
Papua New Guinea,PNG,1961,201520
Papua New Guinea,PNG,1962,197856
Papua New Guinea,PNG,1963,256480.02
Papua New Guinea,PNG,1964,267472
Papua New Guinea,PNG,1965,304112
Papua New Guinea,PNG,1966,340752
Papua New Guinea,PNG,1967,436016
Papua New Guinea,PNG,1968,501968.03
Papua New Guinea,PNG,1969,556928
Papua New Guinea,PNG,1970,692496
Papua New Guinea,PNG,1971,824400
Papua New Guinea,PNG,1972,1267744
Papua New Guinea,PNG,1973,1344688
Papua New Guinea,PNG,1974,1586512
Papua New Guinea,PNG,1975,1531552
Papua New Guinea,PNG,1976,1571856
Papua New Guinea,PNG,1977,1579184
Papua New Guinea,PNG,1978,1674448
Papua New Guinea,PNG,1979,1795360
Papua New Guinea,PNG,1980,1828336
Papua New Guinea,PNG,1981,1930928
Papua New Guinea,PNG,1982,1945584
Papua New Guinea,PNG,1983,2007872.1
Papua New Guinea,PNG,1984,2044512
Papua New Guinea,PNG,1985,2125120
Papua New Guinea,PNG,1986,2062832.1
Papua New Guinea,PNG,1987,2333968
Papua New Guinea,PNG,1988,2198400
Papua New Guinea,PNG,1989,2033520
Papua New Guinea,PNG,1990,2154432
Papua New Guinea,PNG,1991,2172752
Papua New Guinea,PNG,1992,2191072
Papua New Guinea,PNG,1993,2194736
Papua New Guinea,PNG,1994,2185931
Papua New Guinea,PNG,1995,2051840.1
Papua New Guinea,PNG,1996,2197386
Papua New Guinea,PNG,1997,2611134
Papua New Guinea,PNG,1998,3536205
Papua New Guinea,PNG,1999,2548491
Papua New Guinea,PNG,2000,2937897
Papua New Guinea,PNG,2001,3335971
Papua New Guinea,PNG,2002,3666106
Papua New Guinea,PNG,2003,4053443
Papua New Guinea,PNG,2004,4687092
Papua New Guinea,PNG,2005,4983829
Papua New Guinea,PNG,2006,5050944
Papua New Guinea,PNG,2007,6581091
Papua New Guinea,PNG,2008,5544582
Papua New Guinea,PNG,2009,5264624
Papua New Guinea,PNG,2010,4714717
Papua New Guinea,PNG,2011,5298421
Papua New Guinea,PNG,2012,4372445
Papua New Guinea,PNG,2013,4531958
Papua New Guinea,PNG,2014,6124890
Papua New Guinea,PNG,2015,6316259
Papua New Guinea,PNG,2016,7024071
Papua New Guinea,PNG,2017,6550140
Papua New Guinea,PNG,2018,7595904
Papua New Guinea,PNG,2019,7582732
Papua New Guinea,PNG,2020,7910788
Papua New Guinea,PNG,2021,7873085
Papua New Guinea,PNG,2022,8436025
Papua New Guinea,PNG,2023,8357750
Papua New Guinea,PNG,2024,8345442
Paraguay,PRY,1890,0
Paraguay,PRY,1891,0
Paraguay,PRY,1892,0
Paraguay,PRY,1893,0
Paraguay,PRY,1894,0
Paraguay,PRY,1895,0
Paraguay,PRY,1896,0
Paraguay,PRY,1897,0
Paraguay,PRY,1898,0
Paraguay,PRY,1899,0
Paraguay,PRY,1900,3
Paraguay,PRY,1901,0
Paraguay,PRY,1902,0
Paraguay,PRY,1903,0
Paraguay,PRY,1904,0
Paraguay,PRY,1905,0
Paraguay,PRY,1906,0
Paraguay,PRY,1907,0
Paraguay,PRY,1908,0
Paraguay,PRY,1909,0
Paraguay,PRY,1910,0
Paraguay,PRY,1911,385
Paraguay,PRY,1912,0
Paraguay,PRY,1913,0
Paraguay,PRY,1914,0
Paraguay,PRY,1915,0
Paraguay,PRY,1916,0
Paraguay,PRY,1917,0
Paraguay,PRY,1918,5
Paraguay,PRY,1919,10
Paraguay,PRY,1920,18097
Paraguay,PRY,1921,0
Paraguay,PRY,1922,74
Paraguay,PRY,1923,80
Paraguay,PRY,1924,62
Paraguay,PRY,1925,59
Paraguay,PRY,1926,62
Paraguay,PRY,1927,0
Paraguay,PRY,1928,0
Paraguay,PRY,1929,0
Paraguay,PRY,1930,0
Paraguay,PRY,1931,1762
Paraguay,PRY,1932,4327
Paraguay,PRY,1933,6738
Paraguay,PRY,1934,8038
Paraguay,PRY,1935,7274
Paraguay,PRY,1936,11867
Paraguay,PRY,1937,11100
Paraguay,PRY,1938,11485
Paraguay,PRY,1939,10336
Paraguay,PRY,1940,2680
Paraguay,PRY,1941,1913
Paraguay,PRY,1942,382
Paraguay,PRY,1943,1149
Paraguay,PRY,1944,0
Paraguay,PRY,1945,382
Paraguay,PRY,1946,0
Paraguay,PRY,1947,382
Paraguay,PRY,1948,382
Paraguay,PRY,1949,767
Paraguay,PRY,1950,62670
Paraguay,PRY,1951,48014
Paraguay,PRY,1952,102944
Paraguay,PRY,1953,120912
Paraguay,PRY,1954,183170
Paraguay,PRY,1955,190469
Paraguay,PRY,1956,197797
Paraguay,PRY,1957,212453
Paraguay,PRY,1958,241794
Paraguay,PRY,1959,304053
Paraguay,PRY,1960,304053
Paraguay,PRY,1961,362677
Paraguay,PRY,1962,391989
Paraguay,PRY,1963,410309
Paraguay,PRY,1964,432263
Paraguay,PRY,1965,549481
Paraguay,PRY,1966,512841
Paraguay,PRY,1967,487253
Paraguay,PRY,1968,589815
Paraguay,PRY,1969,520138.97
Paraguay,PRY,1970,743435
Paraguay,PRY,1971,633413
Paraguay,PRY,1972,713629
Paraguay,PRY,1973,867239
Paraguay,PRY,1974,950672
Paraguay,PRY,1975,835858
Paraguay,PRY,1976,1029132
Paraguay,PRY,1977,1151783
Paraguay,PRY,1978,1452489
Paraguay,PRY,1979,1324169
Paraguay,PRY,1980,1483883
Paraguay,PRY,1981,1381629
Paraguay,PRY,1982,1361237
Paraguay,PRY,1983,1406113
Paraguay,PRY,1984,1488646
Paraguay,PRY,1985,1547199
Paraguay,PRY,1986,1652100
Paraguay,PRY,1987,1872591
Paraguay,PRY,1988,2138501
Paraguay,PRY,1989,2217889
Paraguay,PRY,1990,2129776
Paraguay,PRY,1991,2097850
Paraguay,PRY,1992,2570868
Paraguay,PRY,1993,2905452
Paraguay,PRY,1994,3393407
Paraguay,PRY,1995,3925149
Paraguay,PRY,1996,3706345
Paraguay,PRY,1997,4091602.8
Paraguay,PRY,1998,4373731
Paraguay,PRY,1999,4362408
Paraguay,PRY,2000,3592481
Paraguay,PRY,2001,3687271
Paraguay,PRY,2002,3853273
Paraguay,PRY,2003,4025905.2
Paraguay,PRY,2004,4057538
Paraguay,PRY,2005,3772472
Paraguay,PRY,2006,3900522
Paraguay,PRY,2007,4041216.8
Paraguay,PRY,2008,4269575
Paraguay,PRY,2009,4524971
Paraguay,PRY,2010,5010840
Paraguay,PRY,2011,5191523
Paraguay,PRY,2012,5159120
Paraguay,PRY,2013,5169061
Paraguay,PRY,2014,5451217
Paraguay,PRY,2015,6045473
Paraguay,PRY,2016,7186516
Paraguay,PRY,2017,7939465
Paraguay,PRY,2018,8503592
Paraguay,PRY,2019,8268412.5
Paraguay,PRY,2020,7443761
Paraguay,PRY,2021,8186967
Paraguay,PRY,2022,7533381
Paraguay,PRY,2023,7645687
Paraguay,PRY,2024,7936718
Peru,PER,1856,50729
Peru,PER,1857,62158
Peru,PER,1858,44946
Peru,PER,1859,33271
Peru,PER,1860,57723
Peru,PER,1861,80414
Peru,PER,1862,70622
Peru,PER,1863,70701
Peru,PER,1864,128768
Peru,PER,1865,138086
Peru,PER,1866,163344
Peru,PER,1867,91191
Peru,PER,1868,194874
Peru,PER,1869,132280
Peru,PER,1870,244046
Peru,PER,1871,288486
Peru,PER,1872,507305.03
Peru,PER,1873,473529
Peru,PER,1874,328648
Peru,PER,1875,316671
Peru,PER,1876,237470
Peru,PER,1877,210498
Peru,PER,1878,207574
Peru,PER,1879,233907
Peru,PER,1880,122605
Peru,PER,1881,123677
Peru,PER,1882,179290
Peru,PER,1883,171303
Peru,PER,1884,232770
Peru,PER,1885,152248
Peru,PER,1886,142829
Peru,PER,1887,207990
Peru,PER,1888,470436
Peru,PER,1889,165407
Peru,PER,1890,184262
Peru,PER,1891,171922
Peru,PER,1892,218912
Peru,PER,1893,162350
Peru,PER,1894,151668
Peru,PER,1895,140244
Peru,PER,1896,131290
Peru,PER,1897,105419
Peru,PER,1898,176691
Peru,PER,1899,244359
Peru,PER,1900,283483
Peru,PER,1901,299496
Peru,PER,1902,295440
Peru,PER,1903,327765
Peru,PER,1904,461489
Peru,PER,1905,420968
Peru,PER,1906,506719
Peru,PER,1907,940402
Peru,PER,1908,1504462
Peru,PER,1909,1547684
Peru,PER,1910,1436402
Peru,PER,1911,1616499
Peru,PER,1912,1546172
Peru,PER,1913,1712101
Peru,PER,1914,1636065
Peru,PER,1915,1920770
Peru,PER,1916,2173128
Peru,PER,1917,2241069
Peru,PER,1918,2028328
Peru,PER,1919,2170677
Peru,PER,1920,2255411
Peru,PER,1921,2546784
Peru,PER,1922,3074222
Peru,PER,1923,3057655
Peru,PER,1924,3702117
Peru,PER,1925,4861794
Peru,PER,1926,4800699
Peru,PER,1927,4785192
Peru,PER,1928,5407921
Peru,PER,1929,7144172
Peru,PER,1930,5659205
Peru,PER,1931,4592557
Peru,PER,1932,4152478.2
Peru,PER,1933,6706794
Peru,PER,1934,6810378
Peru,PER,1935,7241789
Peru,PER,1936,7457412
Peru,PER,1937,8835484
Peru,PER,1938,8037337.5
Peru,PER,1939,5867372
Peru,PER,1940,5307257
Peru,PER,1941,5252282
Peru,PER,1942,6035904
Peru,PER,1943,6509864
Peru,PER,1944,6429258
Peru,PER,1945,6192759
Peru,PER,1946,5625049
Peru,PER,1947,5812075
Peru,PER,1948,6338495
Peru,PER,1949,6593429
Peru,PER,1950,4545396
Peru,PER,1951,4772736
Peru,PER,1952,5186739
Peru,PER,1953,5512507
Peru,PER,1954,6234168
Peru,PER,1955,6124009
Peru,PER,1956,6310843
Peru,PER,1957,6673609
Peru,PER,1958,7373195
Peru,PER,1959,7215732
Peru,PER,1960,8164620.5
Peru,PER,1961,8633641
Peru,PER,1962,9959593
Peru,PER,1963,10223164
Peru,PER,1964,12252782
Peru,PER,1965,11951530
Peru,PER,1966,13241052
Peru,PER,1967,13640338
Peru,PER,1968,14486633
Peru,PER,1969,15285267
Peru,PER,1970,17765824
Peru,PER,1971,18590718
Peru,PER,1972,18147972
Peru,PER,1973,19722846
Peru,PER,1974,21325154
Peru,PER,1975,21927228
Peru,PER,1976,22400364
Peru,PER,1977,23295968
Peru,PER,1978,22412698
Peru,PER,1979,22217276
Peru,PER,1980,24064700
Peru,PER,1981,24026774
Peru,PER,1982,23600102
Peru,PER,1983,20392858
Peru,PER,1984,20632454
Peru,PER,1985,19454626
Peru,PER,1986,21775106
Peru,PER,1987,25693674
Peru,PER,1988,25018144
Peru,PER,1989,21762108
Peru,PER,1990,21400794
Peru,PER,1991,20757894
Peru,PER,1992,20985784
Peru,PER,1993,23884756
Peru,PER,1994,24176558
Peru,PER,1995,25143060
Peru,PER,1996,24717086
Peru,PER,1997,27747166
Peru,PER,1998,28065826
Peru,PER,1999,29562408
Peru,PER,2000,28677526
Peru,PER,2001,25260150
Peru,PER,2002,25591744
Peru,PER,2003,24914172
Peru,PER,2004,28503630
Peru,PER,2005,30321106
Peru,PER,2006,28299266
Peru,PER,2007,34566920
Peru,PER,2008,35572416
Peru,PER,2009,39423844
Peru,PER,2010,42505100
Peru,PER,2011,42326790
Peru,PER,2012,45508680
Peru,PER,2013,42717744
Peru,PER,2014,49388020
Peru,PER,2015,49204056
Peru,PER,2016,52697668
Peru,PER,2017,54726350
Peru,PER,2018,56013570
Peru,PER,2019,58668280
Peru,PER,2020,47236736
Peru,PER,2021,59961856
Peru,PER,2022,64784804
Peru,PER,2023,66064750
Peru,PER,2024,70246650
Philippines,PHL,1907,7328
Philippines,PHL,1908,18320
Philippines,PHL,1909,54960
Philippines,PHL,1910,51296
Philippines,PHL,1911,36640
Philippines,PHL,1912,3664
Philippines,PHL,1913,7328
Philippines,PHL,1914,18320
Philippines,PHL,1915,54960
Philippines,PHL,1916,51296
Philippines,PHL,1917,10992
Philippines,PHL,1918,29312
Philippines,PHL,1919,58624
Philippines,PHL,1920,102592
Philippines,PHL,1921,69616
Philippines,PHL,1922,76944
Philippines,PHL,1923,76944
Philippines,PHL,1924,84272
Philippines,PHL,1925,84272
Philippines,PHL,1926,51296
Philippines,PHL,1927,40304
Philippines,PHL,1928,80341
Philippines,PHL,1929,69302
Philippines,PHL,1930,87520
Philippines,PHL,1931,80222
Philippines,PHL,1932,87480
Philippines,PHL,1933,76558
Philippines,PHL,1934,87550
Philippines,PHL,1935,98482
Philippines,PHL,1936,120377
Philippines,PHL,1937,120318
Philippines,PHL,1938,156869
Philippines,PHL,1939,84272
Philippines,PHL,1940,113584
Philippines,PHL,1941,90857
Philippines,PHL,1945,14537
Philippines,PHL,1946,113346
Philippines,PHL,1947,197321
Philippines,PHL,1948,215701
Philippines,PHL,1949,317966
Philippines,PHL,1950,3604187
Philippines,PHL,1951,3552832
Philippines,PHL,1952,4051136
Philippines,PHL,1953,4032875
Philippines,PHL,1954,5329872
Philippines,PHL,1955,6615580
Philippines,PHL,1956,6252694
Philippines,PHL,1957,6728718
Philippines,PHL,1958,7559911
Philippines,PHL,1959,7226130
Philippines,PHL,1960,8325063
Philippines,PHL,1961,8712524
Philippines,PHL,1962,10335915
Philippines,PHL,1963,11471815
Philippines,PHL,1964,12822820
Philippines,PHL,1965,13964649
Philippines,PHL,1966,16104099
Philippines,PHL,1967,18208880
Philippines,PHL,1968,22222780
Philippines,PHL,1969,22829460
Philippines,PHL,1970,24751418
Philippines,PHL,1971,27551672
Philippines,PHL,1972,26409366
Philippines,PHL,1973,31501326
Philippines,PHL,1974,30492320
Philippines,PHL,1975,32482444
Philippines,PHL,1976,35059840
Philippines,PHL,1977,36664212
Philippines,PHL,1978,37361770
Philippines,PHL,1979,38008588
Philippines,PHL,1980,36836760
Philippines,PHL,1981,34493372
Philippines,PHL,1982,34795250
Philippines,PHL,1983,35189280
Philippines,PHL,1984,30784570
Philippines,PHL,1985,27855376
Philippines,PHL,1986,28969364
Philippines,PHL,1987,32439126
Philippines,PHL,1988,37409076
Philippines,PHL,1989,38834464
Philippines,PHL,1990,40774044
Philippines,PHL,1991,42874456
Philippines,PHL,1992,47771740
Philippines,PHL,1993,48341996
Philippines,PHL,1994,53478676
Philippines,PHL,1995,59219920
Philippines,PHL,1996,60436716
Philippines,PHL,1997,69147080
Philippines,PHL,1998,67378680
Philippines,PHL,1999,67295010
Philippines,PHL,2000,71466690
Philippines,PHL,2001,69798890
Philippines,PHL,2002,69491704
Philippines,PHL,2003,69500720
Philippines,PHL,2004,71998710
Philippines,PHL,2005,72333944
Philippines,PHL,2006,65645516
Philippines,PHL,2007,70009960
Philippines,PHL,2008,76605016
Philippines,PHL,2009,75580700
Philippines,PHL,2010,82245890
Philippines,PHL,2011,82980290
Philippines,PHL,2012,87476270
Philippines,PHL,2013,94825430
Philippines,PHL,2014,100073816
Philippines,PHL,2015,111046296
Philippines,PHL,2016,120215624
Philippines,PHL,2017,133575610
Philippines,PHL,2018,139856770
Philippines,PHL,2019,142601220
Philippines,PHL,2020,131457416
Philippines,PHL,2021,140269500
Philippines,PHL,2022,150963020
Philippines,PHL,2023,160980460
Philippines,PHL,2024,174878000
Poland,POL,1800,406704
Poland,POL,1801,443344
Poland,POL,1802,450672
Poland,POL,1803,461664
Poland,POL,1804,458000
Poland,POL,1805,571584
Poland,POL,1806,520288
Poland,POL,1807,377392
Poland,POL,1808,501968.03
Poland,POL,1809,472656
Poland,POL,1810,567920
Poland,POL,1811,589904
Poland,POL,1812,454336
Poland,POL,1813,381056
Poland,POL,1814,501968.03
Poland,POL,1815,589904
Poland,POL,1816,677840
Poland,POL,1817,743792
Poland,POL,1818,923328
Poland,POL,1819,758448
Poland,POL,1820,747456
Poland,POL,1821,828064
Poland,POL,1822,908672
Poland,POL,1823,1220112
Poland,POL,1824,1275072
Poland,POL,1825,1326368
Poland,POL,1826,1220112
Poland,POL,1827,1308048
Poland,POL,1828,1209120
Poland,POL,1829,1066224
Poland,POL,1830,989280
Poland,POL,1831,809744
Poland,POL,1832,1033247.94
Poland,POL,1833,1073552
Poland,POL,1834,1128512
Poland,POL,1835,1209120
Poland,POL,1836,1370336
Poland,POL,1837,1472928
Poland,POL,1838,1586512
Poland,POL,1839,1681776
Poland,POL,1840,1967568
Poland,POL,1841,2139776
Poland,POL,1842,2282672
Poland,POL,1843,2246032
Poland,POL,1844,2392592
Poland,POL,1845,2791968
Poland,POL,1846,2949520
Poland,POL,1847,3022800
Poland,POL,1848,3044784
Poland,POL,1849,3004480
Poland,POL,1850,3202336
Poland,POL,1851,3458816
Poland,POL,1852,4129327.8
Poland,POL,1853,4316192
Poland,POL,1854,4777856
Poland,POL,1855,5620576
Poland,POL,1856,6316736
Poland,POL,1857,6716112
Poland,POL,1858,7705392
Poland,POL,1859,7111824
Poland,POL,1860,7485552
Poland,POL,1861,7668752
Poland,POL,1862,8804592
Poland,POL,1863,10054016
Poland,POL,1864,11219168
Poland,POL,1865,12420960
Poland,POL,1866,12153488
Poland,POL,1867,13292992
Poland,POL,1868,15117664
Poland,POL,1869,15612304
Poland,POL,1870,16663872
Poland,POL,1871,18972192
Poland,POL,1872,20631984
Poland,POL,1873,22350400
Poland,POL,1874,24497504
Poland,POL,1875,24057824
Poland,POL,1876,24589104
Poland,POL,1877,23134496
Poland,POL,1878,24332624
Poland,POL,1879,26487056
Poland,POL,1880,26347824
Poland,POL,1881,26230576
Poland,POL,1882,27245504
Poland,POL,1883,29927552
Poland,POL,1884,31202624
Poland,POL,1885,32598606
Poland,POL,1886,33430336
Poland,POL,1887,33675824
Poland,POL,1888,37501040
Poland,POL,1889,40516510
Poland,POL,1890,41864864
Poland,POL,1891,45342000
Poland,POL,1892,43095970
Poland,POL,1893,45334670
Poland,POL,1894,46093120
Poland,POL,1895,48991344
Poland,POL,1896,52724960
Poland,POL,1897,55091904
Poland,POL,1898,59844110
Poland,POL,1899,61917936
Poland,POL,1900,63306590
Poland,POL,1901,66897308
Poland,POL,1902,65490332
Poland,POL,1903,68487490
Poland,POL,1904,69381500
Poland,POL,1905,74884830
Poland,POL,1906,78691730
Poland,POL,1907,87195870
Poland,POL,1908,93021630
Poland,POL,1909,95535140
Poland,POL,1910,94545860
Poland,POL,1911,99602180
Poland,POL,1912,110934930
Poland,POL,1913,116207420
Poland,POL,1914,97004400
Poland,POL,1915,94743710
Poland,POL,1916,108776830
Poland,POL,1917,120882690
Poland,POL,1918,101525780
Poland,POL,1919,2729680
Poland,POL,1920,76379740
Poland,POL,1921,74947120
Poland,POL,1922,71770430
Poland,POL,1923,52549090
Poland,POL,1924,47837184
Poland,POL,1925,48075344
Poland,POL,1926,48130304
Poland,POL,1927,60668510
Poland,POL,1928,62888132
Poland,POL,1929,72689690
Poland,POL,1930,56565140
Poland,POL,1931,54825896
Poland,POL,1932,41977020
Poland,POL,1933,43204224
Poland,POL,1934,45214510
Poland,POL,1935,46148330
Poland,POL,1936,49895770
Poland,POL,1937,56336130
Poland,POL,1938,59936084
Poland,POL,1939,51900560
Poland,POL,1940,167246940
Poland,POL,1941,164803060
Poland,POL,1942,181613490
Poland,POL,1943,197786380
Poland,POL,1944,189040420
Poland,POL,1945,59458176
Poland,POL,1946,104594220
Poland,POL,1947,91546216
Poland,POL,1948,88925240
Poland,POL,1949,105425784
Poland,POL,1950,111866456
Poland,POL,1951,121908720
Poland,POL,1952,127855490
Poland,POL,1953,139031820
Poland,POL,1954,147462200
Poland,POL,1955,154107070
Poland,POL,1956,166332940
Poland,POL,1957,178601840
Poland,POL,1958,176690610
Poland,POL,1959,189689440
Poland,POL,1960,199547760
Poland,POL,1961,207220750
Poland,POL,1962,216603520
Poland,POL,1963,231002450
Poland,POL,1964,242869550
Poland,POL,1965,246977200
Poland,POL,1966,252423660
Poland,POL,1967,259014370
Poland,POL,1968,275793760
Poland,POL,1969,293372540
Poland,POL,1970,304169120
Poland,POL,1971,312888160
Poland,POL,1972,329510140
Poland,POL,1973,335597200
Poland,POL,1974,346240320
Poland,POL,1975,374783740
Poland,POL,1976,398126080
Poland,POL,1977,417962270
Poland,POL,1978,430877380
Poland,POL,1979,441312400
Poland,POL,1980,463332830
Poland,POL,1981,409004300
Poland,POL,1982,420977760
Poland,POL,1983,421027420
Poland,POL,1984,432474620
Poland,POL,1985,444511580
Poland,POL,1986,451856000
Poland,POL,1987,463736300
Poland,POL,1988,444240900
Poland,POL,1989,422243800
Poland,POL,1990,376341540
Poland,POL,1991,373366000
Poland,POL,1992,364282660
Poland,POL,1993,364957820
Poland,POL,1994,359990980
Poland,POL,1995,362482900
Poland,POL,1996,377118620
Poland,POL,1997,367199100
Poland,POL,1998,338980030
Poland,POL,1999,329204300
Poland,POL,2000,317306200
Poland,POL,2001,313267100
Poland,POL,2002,305852400
Poland,POL,2003,318732700
Poland,POL,2004,323620770
Poland,POL,2005,322576860
Poland,POL,2006,336387230
Poland,POL,2007,335734660
Poland,POL,2008,329428450
Poland,POL,2009,315886300
Poland,POL,2010,334027520
Poland,POL,2011,333406080
Poland,POL,2012,325777700
Poland,POL,2013,321757150
Poland,POL,2014,309415360
Poland,POL,2015,312548860
Poland,POL,2016,323300480
Poland,POL,2017,336505100
Poland,POL,2018,335718620
Poland,POL,2019,317444060
Poland,POL,2020,302102430
Poland,POL,2021,330693730
Poland,POL,2022,314891970
Poland,POL,2023,283243460
Poland,POL,2024,272861820
Portugal,PRT,1870,21984
Portugal,PRT,1871,36640
Portugal,PRT,1872,520288
Portugal,PRT,1873,725472
Portugal,PRT,1874,531280
Portugal,PRT,1875,1168816
Portugal,PRT,1876,1146832
Portugal,PRT,1877,670512
Portugal,PRT,1878,641200
Portugal,PRT,1879,707152
Portugal,PRT,1880,879360
Portugal,PRT,1881,890352
Portugal,PRT,1882,1084544
Portugal,PRT,1883,1139504
Portugal,PRT,1884,1201792
Portugal,PRT,1885,1113856
Portugal,PRT,1886,1231104
Portugal,PRT,1887,1267744
Portugal,PRT,1888,1366672
Portugal,PRT,1889,1571856
Portugal,PRT,1890,1678112
Portugal,PRT,1891,1740400
Portugal,PRT,1892,1692768
Portugal,PRT,1893,1513232
Portugal,PRT,1894,1777040
Portugal,PRT,1895,1696432
Portugal,PRT,1896,1729408
Portugal,PRT,1897,1817344
Portugal,PRT,1898,2081152
Portugal,PRT,1899,2143440
Portugal,PRT,1900,2465872
Portugal,PRT,1901,2388928
Portugal,PRT,1902,2619760
Portugal,PRT,1903,2520832
Portugal,PRT,1904,2579456
Portugal,PRT,1905,2520832
Portugal,PRT,1906,2898224
Portugal,PRT,1907,3162032
Portugal,PRT,1908,3143712
Portugal,PRT,1909,3195008
Portugal,PRT,1910,3249968
Portugal,PRT,1911,3143712
Portugal,PRT,1912,3653008
Portugal,PRT,1913,3858192
Portugal,PRT,1914,3374544
Portugal,PRT,1915,3085088
Portugal,PRT,1916,2989824
Portugal,PRT,1917,1656128
Portugal,PRT,1918,1095536
Portugal,PRT,1919,2158096
Portugal,PRT,1920,2103136
Portugal,PRT,1921,2147104
Portugal,PRT,1922,2960512
Portugal,PRT,1923,2678384
Portugal,PRT,1924,3030128
Portugal,PRT,1925,3121728
Portugal,PRT,1926,3136384
Portugal,PRT,1927,3631024
Portugal,PRT,1928,3993463
Portugal,PRT,1929,3967755
Portugal,PRT,1930,4323133
Portugal,PRT,1931,3920094
Portugal,PRT,1932,3388725
Portugal,PRT,1933,3996770
Portugal,PRT,1934,4095608.2
Portugal,PRT,1935,4377618
Portugal,PRT,1936,4128347
Portugal,PRT,1937,4930705
Portugal,PRT,1938,4117266.2
Portugal,PRT,1939,4751019
Portugal,PRT,1940,3897397
Portugal,PRT,1941,3780149
Portugal,PRT,1942,3025483
Portugal,PRT,1943,2941183
Portugal,PRT,1944,3245322
Portugal,PRT,1945,3336834
Portugal,PRT,1946,3889861
Portugal,PRT,1947,5541908
Portugal,PRT,1948,5252155
Portugal,PRT,1949,5519538
Portugal,PRT,1950,5618258
Portugal,PRT,1951,5394485
Portugal,PRT,1952,5350162
Portugal,PRT,1953,5928896
Portugal,PRT,1954,5789634
Portugal,PRT,1955,6460148
Portugal,PRT,1956,7162653
Portugal,PRT,1957,7782048
Portugal,PRT,1958,7554701
Portugal,PRT,1959,7979696
Portugal,PRT,1960,8213507.5
Portugal,PRT,1961,9078034
Portugal,PRT,1962,9289892
Portugal,PRT,1963,10011581
Portugal,PRT,1964,11007419
Portugal,PRT,1965,11582457
Portugal,PRT,1966,11835094
Portugal,PRT,1967,12391606
Portugal,PRT,1968,12992354
Portugal,PRT,1969,14592807
Portugal,PRT,1970,15236482
Portugal,PRT,1971,16375965
Portugal,PRT,1972,18307310
Portugal,PRT,1973,19945068
Portugal,PRT,1974,20644926
Portugal,PRT,1975,21275220
Portugal,PRT,1976,22325776
Portugal,PRT,1977,22604974
Portugal,PRT,1978,22584778
Portugal,PRT,1979,24855616
Portugal,PRT,1980,26773498
Portugal,PRT,1981,27000480
Portugal,PRT,1982,28999878
Portugal,PRT,1983,29901626
Portugal,PRT,1984,28793810
Portugal,PRT,1985,27132976
Portugal,PRT,1986,30221142
Portugal,PRT,1987,31198344
Portugal,PRT,1988,32567554
Portugal,PRT,1989,40822224
Portugal,PRT,1990,45310736
Portugal,PRT,1991,46879396
Portugal,PRT,1992,50956710
Portugal,PRT,1993,49468972
Portugal,PRT,1994,50242740
Portugal,PRT,1995,54502868
Portugal,PRT,1996,51799536
Portugal,PRT,1997,54669410
Portugal,PRT,1998,59210880
Portugal,PRT,1999,66878196
Portugal,PRT,2000,65503640
Portugal,PRT,2001,65187332
Portugal,PRT,2002,69582590
Portugal,PRT,2003,64482050
Portugal,PRT,2004,67302350
Portugal,PRT,2005,69639784
Portugal,PRT,2006,64856124
Portugal,PRT,2007,62380100
Portugal,PRT,2008,60009650
Portugal,PRT,2009,57147000
Portugal,PRT,2010,52889936
Portugal,PRT,2011,51783668
Portugal,PRT,2012,49931980
Portugal,PRT,2013,48146200
Portugal,PRT,2014,47942332
Portugal,PRT,2015,52233050
Portugal,PRT,2016,50310916
Portugal,PRT,2017,55165156
Portugal,PRT,2018,51340276
Portugal,PRT,2019,47583050
Portugal,PRT,2020,41738144
Portugal,PRT,2021,40299850
Portugal,PRT,2022,40722496
Portugal,PRT,2023,37622040
Portugal,PRT,2024,35538852
Qatar,QAT,1949,260144
Qatar,QAT,1950,351744
Qatar,QAT,1951,388384
Qatar,QAT,1952,194192
Qatar,QAT,1953,366400
Qatar,QAT,1954,608224
Qatar,QAT,1955,417696
Qatar,QAT,1956,505631.97
Qatar,QAT,1957,311440
Qatar,QAT,1958,168544
Qatar,QAT,1959,183200
Qatar,QAT,1960,175872
Qatar,QAT,1961,161216
Qatar,QAT,1962,190528
Qatar,QAT,1963,6133536
Qatar,QAT,1964,6269104
Qatar,QAT,1965,6287424
Qatar,QAT,1966,6272768
Qatar,QAT,1967,6683136
Qatar,QAT,1968,7075184
Qatar,QAT,1969,7166576
Qatar,QAT,1970,7561456
Qatar,QAT,1971,9144304
Qatar,QAT,1972,10775408
Qatar,QAT,1973,12457184
Qatar,QAT,1974,10478535
Qatar,QAT,1975,10947378
Qatar,QAT,1976,10375602
Qatar,QAT,1977,9917441
Qatar,QAT,1978,10521584
Qatar,QAT,1979,14346372
Qatar,QAT,1980,13085990
Qatar,QAT,1981,12847130
Qatar,QAT,1982,12341568
Qatar,QAT,1983,11255085
Qatar,QAT,1984,12315985
Qatar,QAT,1985,12391008
Qatar,QAT,1986,13281165
Qatar,QAT,1987,11485625
Qatar,QAT,1988,11914023
Qatar,QAT,1989,14309990
Qatar,QAT,1990,11427918
Qatar,QAT,1991,17414184
Qatar,QAT,1992,26815866
Qatar,QAT,1993,30720746
Qatar,QAT,1994,32375302
Qatar,QAT,1995,33170074
Qatar,QAT,1996,34472460
Qatar,QAT,1997,42232244
Qatar,QAT,1998,36960010
Qatar,QAT,1999,36324616
Qatar,QAT,2000,40406484
Qatar,QAT,2001,45914396
Qatar,QAT,2002,45174640
Qatar,QAT,2003,46630932
Qatar,QAT,2004,47439570
Qatar,QAT,2005,47681828
Qatar,QAT,2006,59752804
Qatar,QAT,2007,59529844
Qatar,QAT,2008,61870850
Qatar,QAT,2009,65305370
Qatar,QAT,2010,73651180
Qatar,QAT,2011,81809440
Qatar,QAT,2012,93738040
Qatar,QAT,2013,91433490
Qatar,QAT,2014,91641640
Qatar,QAT,2015,93310370
Qatar,QAT,2016,91378344
Qatar,QAT,2017,105656584
Qatar,QAT,2018,102621410
Qatar,QAT,2019,101429576
Qatar,QAT,2020,101329230
Qatar,QAT,2021,104385690
Qatar,QAT,2022,109594410
Qatar,QAT,2023,119544360
Qatar,QAT,2024,125812260
Romania,ROU,1858,3664
Romania,ROU,1859,3664
Romania,ROU,1860,3664
Romania,ROU,1861,7328
Romania,ROU,1862,10992
Romania,ROU,1863,10992
Romania,ROU,1864,14656
Romania,ROU,1865,14656
Romania,ROU,1866,18320
Romania,ROU,1867,21984
Romania,ROU,1868,25648
Romania,ROU,1869,25648
Romania,ROU,1870,36640
Romania,ROU,1871,40304
Romania,ROU,1872,40304
Romania,ROU,1873,43968
Romania,ROU,1874,43968
Romania,ROU,1875,47632
Romania,ROU,1876,47632
Romania,ROU,1877,47632
Romania,ROU,1878,47632
Romania,ROU,1879,47632
Romania,ROU,1880,47632
Romania,ROU,1881,51296
Romania,ROU,1882,223504
Romania,ROU,1883,406704
Romania,ROU,1884,472656
Romania,ROU,1885,450672
Romania,ROU,1886,483648
Romania,ROU,1887,527616
Romania,ROU,1888,630208
Romania,ROU,1889,644864
Romania,ROU,1890,806080
Romania,ROU,1891,1117520
Romania,ROU,1892,1051568
Romania,ROU,1893,1135840
Romania,ROU,1894,1040576
Romania,ROU,1895,1077216
Romania,ROU,1896,1117520
Romania,ROU,1897,1297056
Romania,ROU,1898,1711088
Romania,ROU,1899,1612160
Romania,ROU,1900,1238432
Romania,ROU,1901,1593840
Romania,ROU,1902,1590176
Romania,ROU,1903,1846656
Romania,ROU,1904,2187408
Romania,ROU,1905,2660064
Romania,ROU,1906,3598048
Romania,ROU,1907,4558016
Romania,ROU,1908,4385808
Romania,ROU,1909,4858464
Romania,ROU,1910,4818160
Romania,ROU,1911,5774464
Romania,ROU,1912,6012624
Romania,ROU,1913,6990912
Romania,ROU,1914,5785456
Romania,ROU,1915,5144256
Romania,ROU,1916,2997152
Romania,ROU,1917,2513504
Romania,ROU,1918,3187680
Romania,ROU,1919,4664272
Romania,ROU,1920,5485008
Romania,ROU,1921,5917360
Romania,ROU,1922,7141136
Romania,ROU,1923,8474832
Romania,ROU,1924,10006384
Romania,ROU,1925,11710144
Romania,ROU,1926,14502112
Romania,ROU,1927,16125263
Romania,ROU,1928,18271030
Romania,ROU,1929,20491474
Romania,ROU,1930,23242812
Romania,ROU,1931,25848718
Romania,ROU,1932,27358226
Romania,ROU,1933,27310566
Romania,ROU,1934,31659346
Romania,ROU,1935,31530840
Romania,ROU,1936,33154018
Romania,ROU,1937,28463774
Romania,ROU,1938,26712412
Romania,ROU,1939,25187860
Romania,ROU,1940,23946298
Romania,ROU,1941,22545760
Romania,ROU,1942,23671618
Romania,ROU,1943,22106734
Romania,ROU,1944,15057732
Romania,ROU,1945,18905230
Romania,ROU,1946,17465010
Romania,ROU,1947,16347075
Romania,ROU,1948,23374508
Romania,ROU,1949,23113918
Romania,ROU,1950,19416586
Romania,ROU,1951,22503346
Romania,ROU,1952,26631218
Romania,ROU,1953,30627036
Romania,ROU,1954,33504468
Romania,ROU,1955,36782410
Romania,ROU,1956,40779180
Romania,ROU,1957,45929720
Romania,ROU,1958,49794348
Romania,ROU,1959,50643268
Romania,ROU,1960,53394132
Romania,ROU,1961,55716068
Romania,ROU,1962,63812790
Romania,ROU,1963,69455450
Romania,ROU,1964,72037020
Romania,ROU,1965,78636910
Romania,ROU,1966,84090540
Romania,ROU,1967,92028880
Romania,ROU,1968,100075864
Romania,ROU,1969,111523896
Romania,ROU,1970,119981360
Romania,ROU,1971,125660030
Romania,ROU,1972,132207890
Romania,ROU,1973,144690800
Romania,ROU,1974,150611440
Romania,ROU,1975,161861600
Romania,ROU,1976,174278100
Romania,ROU,1977,177832510
Romania,ROU,1978,193243920
Romania,ROU,1979,195323570
Romania,ROU,1980,195806610
Romania,ROU,1981,197322540
Romania,ROU,1982,194876910
Romania,ROU,1983,199663380
Romania,ROU,1984,188323360
Romania,ROU,1985,193449170
Romania,ROU,1986,201073260
Romania,ROU,1987,211024290
Romania,ROU,1988,211567800
Romania,ROU,1989,212969520
Romania,ROU,1990,176535100
Romania,ROU,1991,142258080
Romania,ROU,1992,132002824
Romania,ROU,1993,122709180
Romania,ROU,1994,120868470
Romania,ROU,1995,125675384
Romania,ROU,1996,129117050
Romania,ROU,1997,118114570
Romania,ROU,1998,104783420
Romania,ROU,1999,88898600
Romania,ROU,2000,93206264
Romania,ROU,2001,98928060
Romania,ROU,2002,99068890
Romania,ROU,2003,103707360
Romania,ROU,2004,103232620
Romania,ROU,2005,101336590
Romania,ROU,2006,104290000
Romania,ROU,2007,108496600
Romania,ROU,2008,106997310
Romania,ROU,2009,87805750
Romania,ROU,2010,84487900
Romania,ROU,2011,92390700
Romania,ROU,2012,89847710
Romania,ROU,2013,78795464
Romania,ROU,2014,79335350
Romania,ROU,2015,78045990
Romania,ROU,2016,76586910
Romania,ROU,2017,79432344
Romania,ROU,2018,79874424
Romania,ROU,2019,76690350
Romania,ROU,2020,73946380
Romania,ROU,2021,77501260
Romania,ROU,2022,73186024
Romania,ROU,2023,67866024
Romania,ROU,2024,68551400
Russia,RUS,1830,11204
Russia,RUS,1831,13445
Russia,RUS,1832,8964
Russia,RUS,1833,11204
Russia,RUS,1850,69467
Russia,RUS,1855,210643
Russia,RUS,1858,295796
Russia,RUS,1859,313723
Russia,RUS,1860,414563
Russia,RUS,1861,526607
Russia,RUS,1862,475067
Russia,RUS,1863,497476
Russia,RUS,1864,557980
Russia,RUS,1865,533330
Russia,RUS,1866,1685143
Russia,RUS,1867,1933881
Russia,RUS,1868,1608953
Russia,RUS,1869,2182619
Russia,RUS,1870,2368612
Russia,RUS,1871,3197739
Russia,RUS,1872,3282892
Russia,RUS,1873,3081213
Russia,RUS,1874,3740032
Russia,RUS,1875,4304734
Russia,RUS,1876,5344504
Russia,RUS,1877,5454307
Russia,RUS,1878,7128246
Russia,RUS,1879,7314239
Russia,RUS,1880,8580338
Russia,RUS,1881,9037477
Russia,RUS,1882,9519267
Russia,RUS,1883,10834665
Russia,RUS,1884,11000490
Russia,RUS,1885,11981997
Russia,RUS,1886,12288997
Russia,RUS,1887,13003839
Russia,RUS,1888,13564059
Russia,RUS,1889,14648646
Russia,RUS,1890,16589251
Russia,RUS,1891,18265430
Russia,RUS,1892,19334332
Russia,RUS,1893,22662040
Russia,RUS,1894,23081086
Russia,RUS,1895,26520840
Russia,RUS,1896,26998146
Russia,RUS,1897,31215488
Russia,RUS,1898,35009300
Russia,RUS,1899,40613748
Russia,RUS,1900,46007548
Russia,RUS,1901,47233316
Russia,RUS,1902,45619876
Russia,RUS,1903,44624930
Russia,RUS,1904,49648984
Russia,RUS,1905,44317924
Russia,RUS,1906,50549816
Russia,RUS,1907,56620370
Russia,RUS,1908,56967704
Russia,RUS,1909,60136310
Russia,RUS,1910,58975536
Russia,RUS,1911,61144710
Russia,RUS,1912,69263420
Russia,RUS,1913,75242100
Russia,RUS,1914,67907690
Russia,RUS,1915,62330136
Russia,RUS,1916,66433188
Russia,RUS,1917,61140228
Russia,RUS,1918,24383038
Russia,RUS,1919,20826758
Russia,RUS,1920,18991476
Russia,RUS,1921,20595948
Russia,RUS,1922,25118048
Russia,RUS,1923,27746602
Russia,RUS,1924,33057492
Russia,RUS,1925,32627244
Russia,RUS,1926,47273650
Russia,RUS,1927,58773852
Russia,RUS,1928,65292970
Russia,RUS,1929,70315310
Russia,RUS,1930,95588780
Russia,RUS,1931,114837200
Russia,RUS,1932,129387880
Russia,RUS,1933,144604200
Russia,RUS,1934,174916260
Russia,RUS,1935,197995140
Russia,RUS,1936,227038910
Russia,RUS,1937,232156980
Russia,RUS,1938,245030510
Russia,RUS,1939,248035660
Russia,RUS,1940,297361760
Russia,RUS,1941,261240080
Russia,RUS,1942,142024860
Russia,RUS,1943,148225390
Russia,RUS,1944,214954380
Russia,RUS,1945,227572200
Russia,RUS,1946,255750450
Russia,RUS,1947,307964200
Russia,RUS,1948,327703600
Russia,RUS,1949,372516130
Russia,RUS,1950,415234050
Russia,RUS,1951,450021700
Russia,RUS,1952,481900860
Russia,RUS,1953,509826180
Russia,RUS,1954,556805060
Russia,RUS,1955,631364300
Russia,RUS,1956,692229300
Russia,RUS,1957,757514750
Russia,RUS,1958,808559360
Russia,RUS,1959,850093000
Russia,RUS,1960,885069800
Russia,RUS,1961,912752600
Russia,RUS,1962,957987460
Russia,RUS,1963,1027400260
Russia,RUS,1964,1092664400
Russia,RUS,1965,1159118800
Russia,RUS,1966,1224087400
Russia,RUS,1967,1279968800
Russia,RUS,1968,1315942400
Russia,RUS,1969,1370467700
Russia,RUS,1970,1441378600
Russia,RUS,1971,1529596300
Russia,RUS,1972,1609329400
Russia,RUS,1973,1677295900
Russia,RUS,1974,1741161700
Russia,RUS,1975,1830213400
Russia,RUS,1976,1900700900
Russia,RUS,1977,1965350500
Russia,RUS,1978,2032849200
Russia,RUS,1979,2049708800
Russia,RUS,1980,2130355200
Russia,RUS,1981,2089791000
Russia,RUS,1982,2129189500
Russia,RUS,1983,2159389000
Russia,RUS,1984,2178563300
Russia,RUS,1985,2349517300
Russia,RUS,1986,2349904400
Russia,RUS,1987,2358795300
Russia,RUS,1988,2437800700
Russia,RUS,1989,2405696800
Russia,RUS,1990,2536283600
Russia,RUS,1991,2407641600
Russia,RUS,1992,1963458400
Russia,RUS,1993,1866524800
Russia,RUS,1994,1646876200
Russia,RUS,1995,1618286200
Russia,RUS,1996,1586632700
Russia,RUS,1997,1481963500
Russia,RUS,1998,1465858700
Russia,RUS,1999,1494087800
Russia,RUS,2000,1480576400
Russia,RUS,2001,1518081400
Russia,RUS,2002,1508329900
Russia,RUS,2003,1539006300
Russia,RUS,2004,1545353200
Russia,RUS,2005,1563980400
Russia,RUS,2006,1623428500
Russia,RUS,2007,1624315400
Russia,RUS,2008,1652731400
Russia,RUS,2009,1545236500
Russia,RUS,2010,1633147500
Russia,RUS,2011,1684989000
Russia,RUS,2012,1700104100
Russia,RUS,2013,1637547000
Russia,RUS,2014,1637311200
Russia,RUS,2015,1635243500
Russia,RUS,2016,1629328400
Russia,RUS,2017,1661012200
Russia,RUS,2018,1709909600
Russia,RUS,2019,1704458600
Russia,RUS,2020,1631901600
Russia,RUS,2021,1674524300
Russia,RUS,2022,1675460900
Russia,RUS,2023,1733134600
Russia,RUS,2024,1780524400
Rwanda,RWA,1950,16854
Rwanda,RWA,1951,16854
Rwanda,RWA,1952,31301
Rwanda,RWA,1953,28893
Rwanda,RWA,1954,12039
Rwanda,RWA,1955,14447
Rwanda,RWA,1956,16854
Rwanda,RWA,1957,19262
Rwanda,RWA,1958,19262
Rwanda,RWA,1959,74641
Rwanda,RWA,1960,69825
Rwanda,RWA,1961,91495
Rwanda,RWA,1962,84272
Rwanda,RWA,1963,84272
Rwanda,RWA,1964,36640
Rwanda,RWA,1965,47632
Rwanda,RWA,1966,43968
Rwanda,RWA,1967,40304
Rwanda,RWA,1968,54960
Rwanda,RWA,1969,58624
Rwanda,RWA,1970,58624
Rwanda,RWA,1971,62288
Rwanda,RWA,1972,65952
Rwanda,RWA,1973,69616
Rwanda,RWA,1974,73280
Rwanda,RWA,1975,175872
Rwanda,RWA,1976,267472
Rwanda,RWA,1977,267472
Rwanda,RWA,1978,289456
Rwanda,RWA,1979,296784
Rwanda,RWA,1980,494640
Rwanda,RWA,1981,600896
Rwanda,RWA,1982,608224
Rwanda,RWA,1983,696160
Rwanda,RWA,1984,633872
Rwanda,RWA,1985,615552
Rwanda,RWA,1986,597232
Rwanda,RWA,1987,611419
Rwanda,RWA,1988,692307
Rwanda,RWA,1989,684247
Rwanda,RWA,1990,523863.97
Rwanda,RWA,1991,472136
Rwanda,RWA,1992,479486
Rwanda,RWA,1993,482945
Rwanda,RWA,1994,462123
Rwanda,RWA,1995,451097
Rwanda,RWA,1996,464039
Rwanda,RWA,1997,482528
Rwanda,RWA,1998,481522
Rwanda,RWA,1999,502407
Rwanda,RWA,2000,515133.03
Rwanda,RWA,2001,518995
Rwanda,RWA,2002,511542.97
Rwanda,RWA,2003,505436
Rwanda,RWA,2004,515760
Rwanda,RWA,2005,513908.03
Rwanda,RWA,2006,514105.97
Rwanda,RWA,2007,542177
Rwanda,RWA,2008,531483
Rwanda,RWA,2009,554835
Rwanda,RWA,2010,580977
Rwanda,RWA,2011,643356
Rwanda,RWA,2012,718466
Rwanda,RWA,2013,778846
Rwanda,RWA,2014,829804
Rwanda,RWA,2015,966782
Rwanda,RWA,2016,1051997
Rwanda,RWA,2017,1169724
Rwanda,RWA,2018,1313075
Rwanda,RWA,2019,1413492
Rwanda,RWA,2020,1394311
Rwanda,RWA,2021,1699049
Rwanda,RWA,2022,1957226
Rwanda,RWA,2023,2016015
Rwanda,RWA,2024,2033550
Ryukyu Islands (GCP),,1965,50880
Ryukyu Islands (GCP),,1966,61783
Ryukyu Islands (GCP),,1967,72686
Ryukyu Islands (GCP),,1968,123566
Ryukyu Islands (GCP),,1969,127200.01
Ryukyu Islands (GCP),,1970,126956
Ryukyu Islands (GCP),,1971,127056
Ryukyu Islands (GCP),,1972,127200.01
Ryukyu Islands (GCP),,1994,0
Ryukyu Islands (GCP),,1995,0
Ryukyu Islands (GCP),,1996,0
Ryukyu Islands (GCP),,1997,0
Ryukyu Islands (GCP),,1998,0
Ryukyu Islands (GCP),,1999,0
Ryukyu Islands (GCP),,2000,0
Ryukyu Islands (GCP),,2001,0
Ryukyu Islands (GCP),,2002,0
Ryukyu Islands (GCP),,2003,0
Ryukyu Islands (GCP),,2004,0
Ryukyu Islands (GCP),,2005,0
Ryukyu Islands (GCP),,2006,0
Ryukyu Islands (GCP),,2007,0
Ryukyu Islands (GCP),,2008,0
Ryukyu Islands (GCP),,2009,0
Ryukyu Islands (GCP),,2010,0
Ryukyu Islands (GCP),,2011,0
Ryukyu Islands (GCP),,2012,0
Ryukyu Islands (GCP),,2013,0
Ryukyu Islands (GCP),,2014,0
Ryukyu Islands (GCP),,2015,0
Ryukyu Islands (GCP),,2016,0
Ryukyu Islands (GCP),,2017,0
Ryukyu Islands (GCP),,2018,0
Ryukyu Islands (GCP),,2019,0
Ryukyu Islands (GCP),,2020,0
Ryukyu Islands (GCP),,2021,0
Ryukyu Islands (GCP),,2022,0
Ryukyu Islands (GCP),,2023,0
Ryukyu Islands (GCP),,2024,0
Saint Helena,SHN,1968,3664
Saint Helena,SHN,1981,7328
Saint Helena,SHN,1982,3664
Saint Helena,SHN,1983,3664
Saint Helena,SHN,1984,3664
Saint Helena,SHN,1985,3664
Saint Helena,SHN,1986,3664
Saint Helena,SHN,1987,3664
Saint Helena,SHN,1988,7328
Saint Helena,SHN,1989,7328
Saint Helena,SHN,1990,7328
Saint Helena,SHN,1991,7328
Saint Helena,SHN,1992,7328
Saint Helena,SHN,1993,10992
Saint Helena,SHN,1994,10992
Saint Helena,SHN,1995,10992
Saint Helena,SHN,1996,10992
Saint Helena,SHN,1997,10992
Saint Helena,SHN,1998,10992
Saint Helena,SHN,1999,10992
Saint Helena,SHN,2000,10992
Saint Helena,SHN,2001,10992
Saint Helena,SHN,2002,10992
Saint Helena,SHN,2003,10992
Saint Helena,SHN,2004,7328
Saint Helena,SHN,2005,10992
Saint Helena,SHN,2006,10992
Saint Helena,SHN,2007,10992
Saint Helena,SHN,2008,10992
Saint Helena,SHN,2009,10992
Saint Helena,SHN,2010,10992
Saint Helena,SHN,2011,10992
Saint Helena,SHN,2012,10992
Saint Helena,SHN,2013,10992
Saint Helena,SHN,2014,10992
Saint Helena,SHN,2015,10992
Saint Helena,SHN,2016,14656
Saint Helena,SHN,2017,10992
Saint Helena,SHN,2018,10992
Saint Helena,SHN,2019,14656
Saint Helena,SHN,2020,10992
Saint Helena,SHN,2021,7328
Saint Helena,SHN,2022,10992
Saint Helena,SHN,2023,10970
Saint Helena,SHN,2024,11391
Saint Kitts and Nevis,KNA,1950,6107
Saint Kitts and Nevis,KNA,1951,9771
Saint Kitts and Nevis,KNA,1952,7328
Saint Kitts and Nevis,KNA,1953,8549
Saint Kitts and Nevis,KNA,1954,6107
Saint Kitts and Nevis,KNA,1955,10992
Saint Kitts and Nevis,KNA,1956,10992
Saint Kitts and Nevis,KNA,1957,10992
Saint Kitts and Nevis,KNA,1958,10992
Saint Kitts and Nevis,KNA,1959,14656
Saint Kitts and Nevis,KNA,1960,10992
Saint Kitts and Nevis,KNA,1961,21984
Saint Kitts and Nevis,KNA,1962,14656
Saint Kitts and Nevis,KNA,1963,18320
Saint Kitts and Nevis,KNA,1964,18320
Saint Kitts and Nevis,KNA,1965,21984
Saint Kitts and Nevis,KNA,1966,21984
Saint Kitts and Nevis,KNA,1967,21984
Saint Kitts and Nevis,KNA,1968,32976
Saint Kitts and Nevis,KNA,1969,25648
Saint Kitts and Nevis,KNA,1970,25648
Saint Kitts and Nevis,KNA,1971,29312
Saint Kitts and Nevis,KNA,1972,29312
Saint Kitts and Nevis,KNA,1973,29312
Saint Kitts and Nevis,KNA,1974,36640
Saint Kitts and Nevis,KNA,1975,32976
Saint Kitts and Nevis,KNA,1976,36640
Saint Kitts and Nevis,KNA,1977,36640
Saint Kitts and Nevis,KNA,1978,32976
Saint Kitts and Nevis,KNA,1979,36640
Saint Kitts and Nevis,KNA,1980,51296
Saint Kitts and Nevis,KNA,1981,54960
Saint Kitts and Nevis,KNA,1982,65952
Saint Kitts and Nevis,KNA,1983,51296
Saint Kitts and Nevis,KNA,1984,51296
Saint Kitts and Nevis,KNA,1985,51296
Saint Kitts and Nevis,KNA,1986,58624
Saint Kitts and Nevis,KNA,1987,54960
Saint Kitts and Nevis,KNA,1988,65952
Saint Kitts and Nevis,KNA,1989,65952
Saint Kitts and Nevis,KNA,1990,106256
Saint Kitts and Nevis,KNA,1991,106256
Saint Kitts and Nevis,KNA,1992,109920
Saint Kitts and Nevis,KNA,1993,113584
Saint Kitts and Nevis,KNA,1994,120912
Saint Kitts and Nevis,KNA,1995,124576
Saint Kitts and Nevis,KNA,1996,131904
Saint Kitts and Nevis,KNA,1997,139232
Saint Kitts and Nevis,KNA,1998,150224
Saint Kitts and Nevis,KNA,1999,157552
Saint Kitts and Nevis,KNA,2000,172208
Saint Kitts and Nevis,KNA,2001,175872
Saint Kitts and Nevis,KNA,2002,194192
Saint Kitts and Nevis,KNA,2003,194192
Saint Kitts and Nevis,KNA,2004,208848
Saint Kitts and Nevis,KNA,2005,194192
Saint Kitts and Nevis,KNA,2006,201520
Saint Kitts and Nevis,KNA,2007,216176
Saint Kitts and Nevis,KNA,2008,216176
Saint Kitts and Nevis,KNA,2009,219840
Saint Kitts and Nevis,KNA,2010,219840
Saint Kitts and Nevis,KNA,2011,227168
Saint Kitts and Nevis,KNA,2012,223504
Saint Kitts and Nevis,KNA,2013,223504
Saint Kitts and Nevis,KNA,2014,227168
Saint Kitts and Nevis,KNA,2015,230832
Saint Kitts and Nevis,KNA,2016,238160
Saint Kitts and Nevis,KNA,2017,241824
Saint Kitts and Nevis,KNA,2018,249152
Saint Kitts and Nevis,KNA,2019,260144
Saint Kitts and Nevis,KNA,2020,241824
Saint Kitts and Nevis,KNA,2021,234496
Saint Kitts and Nevis,KNA,2022,250654.02
Saint Kitts and Nevis,KNA,2023,250147.02
Saint Kitts and Nevis,KNA,2024,259757.02
Saint Lucia,LCA,1950,3664
Saint Lucia,LCA,1951,10992
Saint Lucia,LCA,1952,7328
Saint Lucia,LCA,1953,10992
Saint Lucia,LCA,1954,7328
Saint Lucia,LCA,1955,10992
Saint Lucia,LCA,1956,10992
Saint Lucia,LCA,1957,10992
Saint Lucia,LCA,1958,10992
Saint Lucia,LCA,1959,10992
Saint Lucia,LCA,1960,14656
Saint Lucia,LCA,1961,18320
Saint Lucia,LCA,1962,18320
Saint Lucia,LCA,1963,21984
Saint Lucia,LCA,1964,21984
Saint Lucia,LCA,1965,25648
Saint Lucia,LCA,1966,29312
Saint Lucia,LCA,1967,32976
Saint Lucia,LCA,1968,36640
Saint Lucia,LCA,1969,62288
Saint Lucia,LCA,1970,65952
Saint Lucia,LCA,1971,69616
Saint Lucia,LCA,1972,76944
Saint Lucia,LCA,1973,80608
Saint Lucia,LCA,1974,73280
Saint Lucia,LCA,1975,76944
Saint Lucia,LCA,1976,84272
Saint Lucia,LCA,1977,69616
Saint Lucia,LCA,1978,98928
Saint Lucia,LCA,1979,150224
Saint Lucia,LCA,1980,113584
Saint Lucia,LCA,1981,95264
Saint Lucia,LCA,1982,113584
Saint Lucia,LCA,1983,102592
Saint Lucia,LCA,1984,113584
Saint Lucia,LCA,1985,128240.01
Saint Lucia,LCA,1986,131904
Saint Lucia,LCA,1987,146560
Saint Lucia,LCA,1988,164880
Saint Lucia,LCA,1989,164880
Saint Lucia,LCA,1990,179536
Saint Lucia,LCA,1991,186864
Saint Lucia,LCA,1992,212512
Saint Lucia,LCA,1993,234496
Saint Lucia,LCA,1994,260144
Saint Lucia,LCA,1995,274800
Saint Lucia,LCA,1996,293120
Saint Lucia,LCA,1997,293120
Saint Lucia,LCA,1998,322432
Saint Lucia,LCA,1999,337088
Saint Lucia,LCA,2000,340752
Saint Lucia,LCA,2001,359072
Saint Lucia,LCA,2002,355408
Saint Lucia,LCA,2003,377392
Saint Lucia,LCA,2004,399376
Saint Lucia,LCA,2005,392048
Saint Lucia,LCA,2006,414032
Saint Lucia,LCA,2007,421360
Saint Lucia,LCA,2008,425024
Saint Lucia,LCA,2009,425024
Saint Lucia,LCA,2010,483648
Saint Lucia,LCA,2011,483648
Saint Lucia,LCA,2012,487312
Saint Lucia,LCA,2013,487312
Saint Lucia,LCA,2014,487312
Saint Lucia,LCA,2015,479984
Saint Lucia,LCA,2016,472656
Saint Lucia,LCA,2017,494640
Saint Lucia,LCA,2018,509296
Saint Lucia,LCA,2019,501968.03
Saint Lucia,LCA,2020,487312
Saint Lucia,LCA,2021,505631.97
Saint Lucia,LCA,2022,518094
Saint Lucia,LCA,2023,517045.97
Saint Lucia,LCA,2024,536909
Saint Pierre and Miquelon,SPM,1950,14656
Saint Pierre and Miquelon,SPM,1951,21984
Saint Pierre and Miquelon,SPM,1952,32976
Saint Pierre and Miquelon,SPM,1953,29312
Saint Pierre and Miquelon,SPM,1954,32976
Saint Pierre and Miquelon,SPM,1955,36640
Saint Pierre and Miquelon,SPM,1956,32976
Saint Pierre and Miquelon,SPM,1957,40304
Saint Pierre and Miquelon,SPM,1958,40304
Saint Pierre and Miquelon,SPM,1959,32976
Saint Pierre and Miquelon,SPM,1960,36640
Saint Pierre and Miquelon,SPM,1961,47632
Saint Pierre and Miquelon,SPM,1962,32976
Saint Pierre and Miquelon,SPM,1963,36640
Saint Pierre and Miquelon,SPM,1964,47632
Saint Pierre and Miquelon,SPM,1965,40304
Saint Pierre and Miquelon,SPM,1966,43968
Saint Pierre and Miquelon,SPM,1967,51296
Saint Pierre and Miquelon,SPM,1968,40304
Saint Pierre and Miquelon,SPM,1969,32976
Saint Pierre and Miquelon,SPM,1970,36640
Saint Pierre and Miquelon,SPM,1971,47632
Saint Pierre and Miquelon,SPM,1972,69616
Saint Pierre and Miquelon,SPM,1973,40304
Saint Pierre and Miquelon,SPM,1974,43968
Saint Pierre and Miquelon,SPM,1975,32976
Saint Pierre and Miquelon,SPM,1976,47632
Saint Pierre and Miquelon,SPM,1977,36640
Saint Pierre and Miquelon,SPM,1978,32976
Saint Pierre and Miquelon,SPM,1979,36640
Saint Pierre and Miquelon,SPM,1980,36640
Saint Pierre and Miquelon,SPM,1981,40304
Saint Pierre and Miquelon,SPM,1982,40304
Saint Pierre and Miquelon,SPM,1983,32976
Saint Pierre and Miquelon,SPM,1984,36640
Saint Pierre and Miquelon,SPM,1985,32976
Saint Pierre and Miquelon,SPM,1986,47632
Saint Pierre and Miquelon,SPM,1987,51296
Saint Pierre and Miquelon,SPM,1988,65952
Saint Pierre and Miquelon,SPM,1989,102592
Saint Pierre and Miquelon,SPM,1990,91600
Saint Pierre and Miquelon,SPM,1991,102592
Saint Pierre and Miquelon,SPM,1992,95264
Saint Pierre and Miquelon,SPM,1993,73280
Saint Pierre and Miquelon,SPM,1994,69616
Saint Pierre and Miquelon,SPM,1995,69616
Saint Pierre and Miquelon,SPM,1996,69616
Saint Pierre and Miquelon,SPM,1997,47632
Saint Pierre and Miquelon,SPM,1998,54960
Saint Pierre and Miquelon,SPM,1999,54960
Saint Pierre and Miquelon,SPM,2000,54960
Saint Pierre and Miquelon,SPM,2001,54960
Saint Pierre and Miquelon,SPM,2002,58624
Saint Pierre and Miquelon,SPM,2003,62288
Saint Pierre and Miquelon,SPM,2004,58624
Saint Pierre and Miquelon,SPM,2005,62288
Saint Pierre and Miquelon,SPM,2006,62288
Saint Pierre and Miquelon,SPM,2007,62288
Saint Pierre and Miquelon,SPM,2008,62288
Saint Pierre and Miquelon,SPM,2009,62288
Saint Pierre and Miquelon,SPM,2010,62288
Saint Pierre and Miquelon,SPM,2011,65952
Saint Pierre and Miquelon,SPM,2012,65952
Saint Pierre and Miquelon,SPM,2013,65952
Saint Pierre and Miquelon,SPM,2014,65952
Saint Pierre and Miquelon,SPM,2015,65952
Saint Pierre and Miquelon,SPM,2016,65952
Saint Pierre and Miquelon,SPM,2017,65952
Saint Pierre and Miquelon,SPM,2018,58624
Saint Pierre and Miquelon,SPM,2019,65952
Saint Pierre and Miquelon,SPM,2020,62288
Saint Pierre and Miquelon,SPM,2021,54960
Saint Pierre and Miquelon,SPM,2022,53383
Saint Pierre and Miquelon,SPM,2023,53275
Saint Pierre and Miquelon,SPM,2024,55322
Saint Vincent and the Grenadines,VCT,1950,3664
Saint Vincent and the Grenadines,VCT,1951,3664
Saint Vincent and the Grenadines,VCT,1952,10992
Saint Vincent and the Grenadines,VCT,1953,7328
Saint Vincent and the Grenadines,VCT,1954,7328
Saint Vincent and the Grenadines,VCT,1955,7328
Saint Vincent and the Grenadines,VCT,1956,7328
Saint Vincent and the Grenadines,VCT,1957,7328
Saint Vincent and the Grenadines,VCT,1958,10992
Saint Vincent and the Grenadines,VCT,1959,10992
Saint Vincent and the Grenadines,VCT,1960,10992
Saint Vincent and the Grenadines,VCT,1961,10992
Saint Vincent and the Grenadines,VCT,1962,10992
Saint Vincent and the Grenadines,VCT,1963,14656
Saint Vincent and the Grenadines,VCT,1964,18320
Saint Vincent and the Grenadines,VCT,1965,14656
Saint Vincent and the Grenadines,VCT,1966,18320
Saint Vincent and the Grenadines,VCT,1967,18320
Saint Vincent and the Grenadines,VCT,1968,21984
Saint Vincent and the Grenadines,VCT,1969,29312
Saint Vincent and the Grenadines,VCT,1970,29312
Saint Vincent and the Grenadines,VCT,1971,29312
Saint Vincent and the Grenadines,VCT,1972,36640
Saint Vincent and the Grenadines,VCT,1973,40304
Saint Vincent and the Grenadines,VCT,1974,32976
Saint Vincent and the Grenadines,VCT,1975,32976
Saint Vincent and the Grenadines,VCT,1976,32976
Saint Vincent and the Grenadines,VCT,1977,32976
Saint Vincent and the Grenadines,VCT,1978,36640
Saint Vincent and the Grenadines,VCT,1979,29312
Saint Vincent and the Grenadines,VCT,1980,36640
Saint Vincent and the Grenadines,VCT,1981,36640
Saint Vincent and the Grenadines,VCT,1982,40304
Saint Vincent and the Grenadines,VCT,1983,47632
Saint Vincent and the Grenadines,VCT,1984,65952
Saint Vincent and the Grenadines,VCT,1985,65952
Saint Vincent and the Grenadines,VCT,1986,65952
Saint Vincent and the Grenadines,VCT,1987,76944
Saint Vincent and the Grenadines,VCT,1988,65952
Saint Vincent and the Grenadines,VCT,1989,76944
Saint Vincent and the Grenadines,VCT,1990,80608
Saint Vincent and the Grenadines,VCT,1991,84272
Saint Vincent and the Grenadines,VCT,1992,84272
Saint Vincent and the Grenadines,VCT,1993,102592
Saint Vincent and the Grenadines,VCT,1994,120912
Saint Vincent and the Grenadines,VCT,1995,128240.01
Saint Vincent and the Grenadines,VCT,1996,131904
Saint Vincent and the Grenadines,VCT,1997,131904
Saint Vincent and the Grenadines,VCT,1998,161216
Saint Vincent and the Grenadines,VCT,1999,164880
Saint Vincent and the Grenadines,VCT,2000,142896
Saint Vincent and the Grenadines,VCT,2001,175872
Saint Vincent and the Grenadines,VCT,2002,186864
Saint Vincent and the Grenadines,VCT,2003,201520
Saint Vincent and the Grenadines,VCT,2004,219840
Saint Vincent and the Grenadines,VCT,2005,219840
Saint Vincent and the Grenadines,VCT,2006,219840
Saint Vincent and the Grenadines,VCT,2007,238160
Saint Vincent and the Grenadines,VCT,2008,219840
Saint Vincent and the Grenadines,VCT,2009,278464
Saint Vincent and the Grenadines,VCT,2010,223504
Saint Vincent and the Grenadines,VCT,2011,216176
Saint Vincent and the Grenadines,VCT,2012,230832
Saint Vincent and the Grenadines,VCT,2013,216176
Saint Vincent and the Grenadines,VCT,2014,256480.02
Saint Vincent and the Grenadines,VCT,2015,234496
Saint Vincent and the Grenadines,VCT,2016,241824
Saint Vincent and the Grenadines,VCT,2017,212512
Saint Vincent and the Grenadines,VCT,2018,241824
Saint Vincent and the Grenadines,VCT,2019,219840
Saint Vincent and the Grenadines,VCT,2020,238160
Saint Vincent and the Grenadines,VCT,2021,234496
Saint Vincent and the Grenadines,VCT,2022,246698
Saint Vincent and the Grenadines,VCT,2023,246199
Saint Vincent and the Grenadines,VCT,2024,255656.98
Samoa,WSM,1950,3664
Samoa,WSM,1951,3664
Samoa,WSM,1952,7328
Samoa,WSM,1953,7328
Samoa,WSM,1954,10992
Samoa,WSM,1955,10992
Samoa,WSM,1956,10992
Samoa,WSM,1957,14656
Samoa,WSM,1958,10992
Samoa,WSM,1959,14656
Samoa,WSM,1960,14656
Samoa,WSM,1961,18320
Samoa,WSM,1962,18320
Samoa,WSM,1963,21984
Samoa,WSM,1964,25648
Samoa,WSM,1965,29312
Samoa,WSM,1966,25648
Samoa,WSM,1967,25648
Samoa,WSM,1968,29312
Samoa,WSM,1969,29312
Samoa,WSM,1970,29312
Samoa,WSM,1971,36640
Samoa,WSM,1972,36640
Samoa,WSM,1973,36640
Samoa,WSM,1974,43968
Samoa,WSM,1975,58624
Samoa,WSM,1976,43968
Samoa,WSM,1977,73280
Samoa,WSM,1978,98928
Samoa,WSM,1979,84272
Samoa,WSM,1980,76944
Samoa,WSM,1981,73280
Samoa,WSM,1982,65952
Samoa,WSM,1983,65952
Samoa,WSM,1984,69616
Samoa,WSM,1985,76944
Samoa,WSM,1986,80608
Samoa,WSM,1987,76944
Samoa,WSM,1988,84272
Samoa,WSM,1989,84272
Samoa,WSM,1990,91600
Samoa,WSM,1991,95264
Samoa,WSM,1992,98928
Samoa,WSM,1993,106256
Samoa,WSM,1994,98928
Samoa,WSM,1995,109920
Samoa,WSM,1996,124576
Samoa,WSM,1997,124576
Samoa,WSM,1998,139232
Samoa,WSM,1999,139232
Samoa,WSM,2000,142896
Samoa,WSM,2001,153888
Samoa,WSM,2002,161216
Samoa,WSM,2003,161216
Samoa,WSM,2004,168544
Samoa,WSM,2005,172208
Samoa,WSM,2006,168544
Samoa,WSM,2007,179536
Samoa,WSM,2008,161216
Samoa,WSM,2009,168544
Samoa,WSM,2010,186864
Samoa,WSM,2011,190528
Samoa,WSM,2012,190528
Samoa,WSM,2013,190528
Samoa,WSM,2014,201520
Samoa,WSM,2015,227168
Samoa,WSM,2016,238160
Samoa,WSM,2017,234496
Samoa,WSM,2018,234496
Samoa,WSM,2019,260144
Samoa,WSM,2020,234496
Samoa,WSM,2021,267472
Samoa,WSM,2022,235959
Samoa,WSM,2023,234845
Samoa,WSM,2024,245587
Sao Tome and Principe,STP,1951,3664
Sao Tome and Principe,STP,1952,3664
Sao Tome and Principe,STP,1953,3664
Sao Tome and Principe,STP,1954,3664
Sao Tome and Principe,STP,1955,3664
Sao Tome and Principe,STP,1956,7328
Sao Tome and Principe,STP,1957,10992
Sao Tome and Principe,STP,1958,7328
Sao Tome and Principe,STP,1959,7328
Sao Tome and Principe,STP,1960,10992
Sao Tome and Principe,STP,1961,10992
Sao Tome and Principe,STP,1962,10992
Sao Tome and Principe,STP,1963,7328
Sao Tome and Principe,STP,1964,10992
Sao Tome and Principe,STP,1965,10992
Sao Tome and Principe,STP,1966,10992
Sao Tome and Principe,STP,1967,10992
Sao Tome and Principe,STP,1968,14656
Sao Tome and Principe,STP,1969,14656
Sao Tome and Principe,STP,1970,14656
Sao Tome and Principe,STP,1971,10992
Sao Tome and Principe,STP,1972,10992
Sao Tome and Principe,STP,1973,14656
Sao Tome and Principe,STP,1974,18320
Sao Tome and Principe,STP,1975,18320
Sao Tome and Principe,STP,1976,29312
Sao Tome and Principe,STP,1977,29312
Sao Tome and Principe,STP,1978,32976
Sao Tome and Principe,STP,1979,32976
Sao Tome and Principe,STP,1980,40304
Sao Tome and Principe,STP,1981,43968
Sao Tome and Principe,STP,1982,47632
Sao Tome and Principe,STP,1983,54960
Sao Tome and Principe,STP,1984,51296
Sao Tome and Principe,STP,1985,54960
Sao Tome and Principe,STP,1986,51296
Sao Tome and Principe,STP,1987,51296
Sao Tome and Principe,STP,1988,47632
Sao Tome and Principe,STP,1989,47632
Sao Tome and Principe,STP,1990,47632
Sao Tome and Principe,STP,1991,47632
Sao Tome and Principe,STP,1992,47632
Sao Tome and Principe,STP,1993,47632
Sao Tome and Principe,STP,1994,47632
Sao Tome and Principe,STP,1995,47632
Sao Tome and Principe,STP,1996,47632
Sao Tome and Principe,STP,1997,47632
Sao Tome and Principe,STP,1998,47632
Sao Tome and Principe,STP,1999,47632
Sao Tome and Principe,STP,2000,51296
Sao Tome and Principe,STP,2001,51296
Sao Tome and Principe,STP,2002,54960
Sao Tome and Principe,STP,2003,62288
Sao Tome and Principe,STP,2004,73280
Sao Tome and Principe,STP,2005,76944
Sao Tome and Principe,STP,2006,80608
Sao Tome and Principe,STP,2007,80608
Sao Tome and Principe,STP,2008,84272
Sao Tome and Principe,STP,2009,91600
Sao Tome and Principe,STP,2010,106256
Sao Tome and Principe,STP,2011,98928
Sao Tome and Principe,STP,2012,109920
Sao Tome and Principe,STP,2013,109920
Sao Tome and Principe,STP,2014,128240.01
Sao Tome and Principe,STP,2015,135568
Sao Tome and Principe,STP,2016,146560
Sao Tome and Principe,STP,2017,139232
Sao Tome and Principe,STP,2018,139232
Sao Tome and Principe,STP,2019,146560
Sao Tome and Principe,STP,2020,142896
Sao Tome and Principe,STP,2021,142896
Sao Tome and Principe,STP,2022,135568
Sao Tome and Principe,STP,2023,139838
Sao Tome and Principe,STP,2024,141779
Saudi Arabia,SAU,1936,7328
Saudi Arabia,SAU,1937,25648
Saudi Arabia,SAU,1938,205184
Saudi Arabia,SAU,1939,1652464
Saudi Arabia,SAU,1940,2147104
Saudi Arabia,SAU,1941,1810016
Saudi Arabia,SAU,1942,1901616
Saudi Arabia,SAU,1943,1993216
Saudi Arabia,SAU,1944,3260960
Saudi Arabia,SAU,1945,8811920
Saudi Arabia,SAU,1946,25153360
Saudi Arabia,SAU,1947,37731870
Saudi Arabia,SAU,1948,17942608
Saudi Arabia,SAU,1949,18385952
Saudi Arabia,SAU,1950,5140592
Saudi Arabia,SAU,1951,0
Saudi Arabia,SAU,1952,0
Saudi Arabia,SAU,1953,476320
Saudi Arabia,SAU,1954,1238432
Saudi Arabia,SAU,1955,2114128
Saudi Arabia,SAU,1956,1630480
Saudi Arabia,SAU,1957,2099472
Saudi Arabia,SAU,1958,1996880
Saudi Arabia,SAU,1959,1853687
Saudi Arabia,SAU,1960,2674363
Saudi Arabia,SAU,1961,3568320
Saudi Arabia,SAU,1962,6249987
Saudi Arabia,SAU,1963,6938814
Saudi Arabia,SAU,1964,7041168
Saudi Arabia,SAU,1965,4216254
Saudi Arabia,SAU,1966,6407326
Saudi Arabia,SAU,1967,25485478
Saudi Arabia,SAU,1968,29079118
Saudi Arabia,SAU,1969,35270950
Saudi Arabia,SAU,1970,45251332
Saudi Arabia,SAU,1971,59756500
Saudi Arabia,SAU,1972,70281290
Saudi Arabia,SAU,1973,95052930
Saudi Arabia,SAU,1974,98700960
Saudi Arabia,SAU,1975,83259630
Saudi Arabia,SAU,1976,101458120
Saudi Arabia,SAU,1977,118068504
Saudi Arabia,SAU,1978,115021370
Saudi Arabia,SAU,1979,138000320
Saudi Arabia,SAU,1980,169233940
Saudi Arabia,SAU,1981,175292940
Saudi Arabia,SAU,1982,157874140
Saudi Arabia,SAU,1983,160813400
Saudi Arabia,SAU,1984,155490100
Saudi Arabia,SAU,1985,172393710
Saudi Arabia,SAU,1986,204570510
Saudi Arabia,SAU,1987,190414300
Saudi Arabia,SAU,1988,202208000
Saudi Arabia,SAU,1989,203375440
Saudi Arabia,SAU,1990,181971100
Saudi Arabia,SAU,1991,244533900
Saudi Arabia,SAU,1992,276011360
Saudi Arabia,SAU,1993,297754200
Saudi Arabia,SAU,1994,291208500
Saudi Arabia,SAU,1995,274604480
Saudi Arabia,SAU,1996,269498400
Saudi Arabia,SAU,1997,227148660
Saudi Arabia,SAU,1998,218914960
Saudi Arabia,SAU,1999,237716380
Saudi Arabia,SAU,2000,309639140
Saudi Arabia,SAU,2001,324373630
Saudi Arabia,SAU,2002,346930500
Saudi Arabia,SAU,2003,351227680
Saudi Arabia,SAU,2004,407702300
Saudi Arabia,SAU,2005,412234430
Saudi Arabia,SAU,2006,444977280
Saudi Arabia,SAU,2007,423314080
Saudi Arabia,SAU,2008,469430400
Saudi Arabia,SAU,2009,503969660
Saudi Arabia,SAU,2010,555639740
Saudi Arabia,SAU,2011,540235840
Saudi Arabia,SAU,2012,605712260
Saudi Arabia,SAU,2013,583177900
Saudi Arabia,SAU,2014,585109100
Saudi Arabia,SAU,2015,624547000
Saudi Arabia,SAU,2016,641174200
Saudi Arabia,SAU,2017,644486500
Saudi Arabia,SAU,2018,652204160
Saudi Arabia,SAU,2019,708334700
Saudi Arabia,SAU,2020,653564700
Saudi Arabia,SAU,2021,695394500
Saudi Arabia,SAU,2022,666993540
Saudi Arabia,SAU,2023,677441900
Saudi Arabia,SAU,2024,692133500
Senegal,SEN,1949,0
Senegal,SEN,1950,361720
Senegal,SEN,1951,302211
Senegal,SEN,1952,326541
Senegal,SEN,1953,274221
Senegal,SEN,1954,317440
Senegal,SEN,1955,292283
Senegal,SEN,1956,341391
Senegal,SEN,1957,346992
Senegal,SEN,1958,354814
Senegal,SEN,1959,387701
Senegal,SEN,1960,827381
Senegal,SEN,1961,812665
Senegal,SEN,1962,812665
Senegal,SEN,1963,860267
Senegal,SEN,1964,922496
Senegal,SEN,1965,1692025
Senegal,SEN,1966,1717643
Senegal,SEN,1967,699141
Senegal,SEN,1968,98126
Senegal,SEN,1969,490144
Senegal,SEN,1970,1307067
Senegal,SEN,1971,1351035
Senegal,SEN,1972,1453241
Senegal,SEN,1973,1548683
Senegal,SEN,1974,1848983
Senegal,SEN,1975,2578000
Senegal,SEN,1976,1769696
Senegal,SEN,1977,2237336
Senegal,SEN,1978,2619597
Senegal,SEN,1979,2888139
Senegal,SEN,1980,3336441
Senegal,SEN,1981,3279857
Senegal,SEN,1982,3036573
Senegal,SEN,1983,2611411
Senegal,SEN,1984,3284168
Senegal,SEN,1985,2650504
Senegal,SEN,1986,2636446
Senegal,SEN,1987,2424574
Senegal,SEN,1988,2710809
Senegal,SEN,1989,3661877
Senegal,SEN,1990,2929956
Senegal,SEN,1991,3108070
Senegal,SEN,1992,3165871
Senegal,SEN,1993,3286192
Senegal,SEN,1994,3635729
Senegal,SEN,1995,2990441
Senegal,SEN,1996,3242787
Senegal,SEN,1997,3182368
Senegal,SEN,1998,3333565
Senegal,SEN,1999,3603593
Senegal,SEN,2000,3902052
Senegal,SEN,2001,4258100
Senegal,SEN,2002,4436925
Senegal,SEN,2003,4927512
Senegal,SEN,2004,5238223
Senegal,SEN,2005,5538919
Senegal,SEN,2006,4429718
Senegal,SEN,2007,5195955
Senegal,SEN,2008,4740295
Senegal,SEN,2009,5257668
Senegal,SEN,2010,6862391
Senegal,SEN,2011,7818837
Senegal,SEN,2012,7362129
Senegal,SEN,2013,7852669
Senegal,SEN,2014,8724360
Senegal,SEN,2015,9845416
Senegal,SEN,2016,10012805
Senegal,SEN,2017,10757183
Senegal,SEN,2018,11330392
Senegal,SEN,2019,12711456
Senegal,SEN,2020,10819990
Senegal,SEN,2021,12319014
Senegal,SEN,2022,14132717
Senegal,SEN,2023,14081857
Senegal,SEN,2024,14091846
Serbia,SRB,1885,13049
Serbia,SRB,1890,39148
Serbia,SRB,1891,45672
Serbia,SRB,1892,50566
Serbia,SRB,1893,89713
Serbia,SRB,1894,171270
Serbia,SRB,1895,171270
Serbia,SRB,1896,190844
Serbia,SRB,1897,148434
Serbia,SRB,1898,225098
Serbia,SRB,1899,262614
Serbia,SRB,1900,355590
Serbia,SRB,1901,388213
Serbia,SRB,1902,363746
Serbia,SRB,1903,394737
Serbia,SRB,1904,420836
Serbia,SRB,1905,456721
Serbia,SRB,1906,546434
Serbia,SRB,1907,556221
Serbia,SRB,1908,598631
Serbia,SRB,1909,614942
Serbia,SRB,1910,608417
Serbia,SRB,1911,658983
Serbia,SRB,1912,675294
Serbia,SRB,1913,1854613
Serbia,SRB,1919,1329384
Serbia,SRB,1920,1764900
Serbia,SRB,1921,1879080
Serbia,SRB,1922,2730538
Serbia,SRB,1923,2978472
Serbia,SRB,1924,3053505
Serbia,SRB,1925,3352005
Serbia,SRB,1926,3263923
Serbia,SRB,1927,3688021
Serbia,SRB,1928,4197640
Serbia,SRB,1929,4568840
Serbia,SRB,1930,4299701
Serbia,SRB,1931,3983129
Serbia,SRB,1932,3630065
Serbia,SRB,1933,3359120
Serbia,SRB,1934,3496361
Serbia,SRB,1935,3660714
Serbia,SRB,1936,3608630
Serbia,SRB,1937,4019429.2
Serbia,SRB,1938,3808251
Serbia,SRB,1939,3995308
Serbia,SRB,1940,4586782
Serbia,SRB,1943,163729
Serbia,SRB,1944,40779
Serbia,SRB,1945,2319319
Serbia,SRB,1946,4586664
Serbia,SRB,1947,6386210
Serbia,SRB,1948,7196473
Serbia,SRB,1949,8220273
Serbia,SRB,1950,7875720
Serbia,SRB,1951,7454236
Serbia,SRB,1952,7488415
Serbia,SRB,1953,7436010
Serbia,SRB,1954,8872656
Serbia,SRB,1955,10163188
Serbia,SRB,1956,11621297
Serbia,SRB,1957,12622784
Serbia,SRB,1958,12435071
Serbia,SRB,1959,14266417
Serbia,SRB,1960,15586529
Serbia,SRB,1961,16349285
Serbia,SRB,1962,16778708
Serbia,SRB,1963,18666488
Serbia,SRB,1964,21146530
Serbia,SRB,1965,21759390
Serbia,SRB,1966,21563866
Serbia,SRB,1967,21782550
Serbia,SRB,1968,23300442
Serbia,SRB,1969,24160988
Serbia,SRB,1970,31562372
Serbia,SRB,1971,34011860
Serbia,SRB,1972,31877576
Serbia,SRB,1973,38067372
Serbia,SRB,1974,38223496
Serbia,SRB,1975,39875268
Serbia,SRB,1976,41141396
Serbia,SRB,1977,39997190
Serbia,SRB,1978,44675250
Serbia,SRB,1979,48573390
Serbia,SRB,1980,47741310
Serbia,SRB,1981,51955384
Serbia,SRB,1982,47704096
Serbia,SRB,1983,51364612
Serbia,SRB,1984,54165636
Serbia,SRB,1985,55244290
Serbia,SRB,1986,57680092
Serbia,SRB,1987,56297600
Serbia,SRB,1988,58081636
Serbia,SRB,1989,57896628
Serbia,SRB,1990,57537920
Serbia,SRB,1991,40577030
Serbia,SRB,1992,43635704
Serbia,SRB,1993,37996972
Serbia,SRB,1994,36967044
Serbia,SRB,1995,39046988
Serbia,SRB,1996,45695570
Serbia,SRB,1997,49097884
Serbia,SRB,1998,51690776
Serbia,SRB,1999,35651524
Serbia,SRB,2000,39606468
Serbia,SRB,2001,42540980
Serbia,SRB,2002,45486444
Serbia,SRB,2003,48648700
Serbia,SRB,2004,52942084
Serbia,SRB,2005,50058260
Serbia,SRB,2006,53721016
Serbia,SRB,2007,52159944
Serbia,SRB,2008,51736810
Serbia,SRB,2009,45919810
Serbia,SRB,2010,45694396
Serbia,SRB,2011,48956180
Serbia,SRB,2012,43763544
Serbia,SRB,2013,44576068
Serbia,SRB,2014,37331040
Serbia,SRB,2015,43896996
Serbia,SRB,2016,45192630
Serbia,SRB,2017,45672508
Serbia,SRB,2018,44478060
Serbia,SRB,2019,44444510
Serbia,SRB,2020,45356156
Serbia,SRB,2021,43886132
Serbia,SRB,2022,44462404
Serbia,SRB,2023,42907320
Serbia,SRB,2024,42019440
Seychelles,SYC,1963,7328
Seychelles,SYC,1964,7328
Seychelles,SYC,1965,7328
Seychelles,SYC,1966,7328
Seychelles,SYC,1967,7328
Seychelles,SYC,1968,7328
Seychelles,SYC,1969,7328
Seychelles,SYC,1970,29312
Seychelles,SYC,1971,32976
Seychelles,SYC,1972,43968
Seychelles,SYC,1973,47632
Seychelles,SYC,1974,54960
Seychelles,SYC,1975,58624
Seychelles,SYC,1976,80608
Seychelles,SYC,1977,84272
Seychelles,SYC,1978,76944
Seychelles,SYC,1979,120912
Seychelles,SYC,1980,95264
Seychelles,SYC,1981,98928
Seychelles,SYC,1982,84272
Seychelles,SYC,1983,98928
Seychelles,SYC,1984,98928
Seychelles,SYC,1985,150224
Seychelles,SYC,1986,164880
Seychelles,SYC,1987,201520
Seychelles,SYC,1988,197856
Seychelles,SYC,1989,234496
Seychelles,SYC,1990,150224
Seychelles,SYC,1991,172208
Seychelles,SYC,1992,172208
Seychelles,SYC,1993,183200
Seychelles,SYC,1994,201520
Seychelles,SYC,1995,197856
Seychelles,SYC,1996,234496
Seychelles,SYC,1997,271136
Seychelles,SYC,1998,289456
Seychelles,SYC,1999,304112
Seychelles,SYC,2000,318768
Seychelles,SYC,2001,340752
Seychelles,SYC,2002,348080
Seychelles,SYC,2003,340752
Seychelles,SYC,2004,377392
Seychelles,SYC,2005,381056
Seychelles,SYC,2006,384720
Seychelles,SYC,2007,403040
Seychelles,SYC,2008,414032
Seychelles,SYC,2009,443344
Seychelles,SYC,2010,439680
Seychelles,SYC,2011,403040
Seychelles,SYC,2012,417696
Seychelles,SYC,2013,414032
Seychelles,SYC,2014,458000
Seychelles,SYC,2015,498304
Seychelles,SYC,2016,553264
Seychelles,SYC,2017,575248
Seychelles,SYC,2018,597232
Seychelles,SYC,2019,589904
Seychelles,SYC,2020,597232
Seychelles,SYC,2021,611888
Seychelles,SYC,2022,628936
Seychelles,SYC,2023,641309
Seychelles,SYC,2024,652571
Sierra Leone,SLE,1950,157552
Sierra Leone,SLE,1951,95264
Sierra Leone,SLE,1952,179536
Sierra Leone,SLE,1953,168544
Sierra Leone,SLE,1954,124576
Sierra Leone,SLE,1955,183200
Sierra Leone,SLE,1956,179536
Sierra Leone,SLE,1957,388384
Sierra Leone,SLE,1958,208848
Sierra Leone,SLE,1959,234496
Sierra Leone,SLE,1960,714480
Sierra Leone,SLE,1961,289456
Sierra Leone,SLE,1962,326096
Sierra Leone,SLE,1963,370064
Sierra Leone,SLE,1964,304112
Sierra Leone,SLE,1965,282128
Sierra Leone,SLE,1966,300448
Sierra Leone,SLE,1967,252815.98
Sierra Leone,SLE,1968,362736
Sierra Leone,SLE,1969,1084544
Sierra Leone,SLE,1970,857376
Sierra Leone,SLE,1971,802416
Sierra Leone,SLE,1972,677840
Sierra Leone,SLE,1973,538608
Sierra Leone,SLE,1974,520288
Sierra Leone,SLE,1975,523952
Sierra Leone,SLE,1976,450672
Sierra Leone,SLE,1977,512960.03
Sierra Leone,SLE,1978,710816
Sierra Leone,SLE,1979,677840
Sierra Leone,SLE,1980,608224
Sierra Leone,SLE,1981,692496
Sierra Leone,SLE,1982,553264
Sierra Leone,SLE,1983,688832
Sierra Leone,SLE,1984,615552
Sierra Leone,SLE,1985,663184
Sierra Leone,SLE,1986,674176
Sierra Leone,SLE,1987,498304
Sierra Leone,SLE,1988,458000
Sierra Leone,SLE,1989,373728
Sierra Leone,SLE,1990,498304
Sierra Leone,SLE,1991,556928
Sierra Leone,SLE,1992,282128
Sierra Leone,SLE,1993,263808
Sierra Leone,SLE,1994,274800
Sierra Leone,SLE,1995,223504
Sierra Leone,SLE,1996,230832
Sierra Leone,SLE,1997,205184
Sierra Leone,SLE,1998,219840
Sierra Leone,SLE,1999,175872
Sierra Leone,SLE,2000,271136
Sierra Leone,SLE,2001,373728
Sierra Leone,SLE,2002,501968.03
Sierra Leone,SLE,2003,538608
Sierra Leone,SLE,2004,520288
Sierra Leone,SLE,2005,432352
Sierra Leone,SLE,2006,575248
Sierra Leone,SLE,2007,487312
Sierra Leone,SLE,2008,505631.97
Sierra Leone,SLE,2009,501968.03
Sierra Leone,SLE,2010,545936
Sierra Leone,SLE,2011,714480
Sierra Leone,SLE,2012,831728
Sierra Leone,SLE,2013,1051568
Sierra Leone,SLE,2014,1128512
Sierra Leone,SLE,2015,1084145
Sierra Leone,SLE,2016,1139504
Sierra Leone,SLE,2017,1095536
Sierra Leone,SLE,2018,1036911.94
Sierra Leone,SLE,2019,1117520
Sierra Leone,SLE,2020,1187136
Sierra Leone,SLE,2021,1483613
Sierra Leone,SLE,2022,1443616
Sierra Leone,SLE,2023,1380435
Sierra Leone,SLE,2024,1434283
Singapore,SGP,1950,1913932
Singapore,SGP,1951,2825777
Singapore,SGP,1952,3441306
Singapore,SGP,1953,3481713
Singapore,SGP,1954,3771295
Singapore,SGP,1955,4052795
Singapore,SGP,1956,4095894.8
Singapore,SGP,1957,1729408
Singapore,SGP,1958,2297328
Singapore,SGP,1959,1799024
Singapore,SGP,1960,1392320
Singapore,SGP,1961,2092144
Singapore,SGP,1962,2513415
Singapore,SGP,1963,3301367
Singapore,SGP,1964,3601712
Singapore,SGP,1965,2425568
Singapore,SGP,1966,478923
Singapore,SGP,1967,2821280
Singapore,SGP,1968,5133455
Singapore,SGP,1969,6888320
Singapore,SGP,1970,17832688
Singapore,SGP,1971,16275421
Singapore,SGP,1972,21720192
Singapore,SGP,1973,20690608
Singapore,SGP,1974,21427072
Singapore,SGP,1975,23863632
Singapore,SGP,1976,29337648
Singapore,SGP,1977,27611904
Singapore,SGP,1978,32463040
Singapore,SGP,1979,35419820
Singapore,SGP,1980,30433184
Singapore,SGP,1981,25706624
Singapore,SGP,1982,28381510
Singapore,SGP,1983,33397362
Singapore,SGP,1984,31968554
Singapore,SGP,1985,32397088
Singapore,SGP,1986,34100850
Singapore,SGP,1987,31810848
Singapore,SGP,1988,35280656
Singapore,SGP,1989,41003824
Singapore,SGP,1990,43535576
Singapore,SGP,1991,44235470
Singapore,SGP,1992,47441470
Singapore,SGP,1993,49661856
Singapore,SGP,1994,60085936
Singapore,SGP,1995,40545824
Singapore,SGP,1996,48012940
Singapore,SGP,1997,56737040
Singapore,SGP,1998,47412160
Singapore,SGP,1999,49200190
Singapore,SGP,2000,37368720
Singapore,SGP,2001,38525220
Singapore,SGP,2002,40208400
Singapore,SGP,2003,39534044
Singapore,SGP,2004,41000000
Singapore,SGP,2005,39600000
Singapore,SGP,2006,40600000
Singapore,SGP,2007,41100000
Singapore,SGP,2008,40200000
Singapore,SGP,2009,40800000
Singapore,SGP,2010,44400000
Singapore,SGP,2011,47000000
Singapore,SGP,2012,46100000
Singapore,SGP,2013,47000000
Singapore,SGP,2014,47600000
Singapore,SGP,2015,49400000
Singapore,SGP,2016,49100000
Singapore,SGP,2017,50100000
Singapore,SGP,2018,50300000
Singapore,SGP,2019,49000000
Singapore,SGP,2020,46700000
Singapore,SGP,2021,50100000
Singapore,SGP,2022,48933884
Singapore,SGP,2023,51067616
Singapore,SGP,2024,53919460
Sint Maarten (Dutch part),SXM,1926,0
Sint Maarten (Dutch part),SXM,1927,0
Sint Maarten (Dutch part),SXM,1928,0
Sint Maarten (Dutch part),SXM,1929,0
Sint Maarten (Dutch part),SXM,1930,0
Sint Maarten (Dutch part),SXM,1931,0
Sint Maarten (Dutch part),SXM,1932,0
Sint Maarten (Dutch part),SXM,1933,0
Sint Maarten (Dutch part),SXM,1934,0
Sint Maarten (Dutch part),SXM,1935,0
Sint Maarten (Dutch part),SXM,1936,0
Sint Maarten (Dutch part),SXM,1937,0
Sint Maarten (Dutch part),SXM,1938,0
Sint Maarten (Dutch part),SXM,1939,0
Sint Maarten (Dutch part),SXM,1940,0
Sint Maarten (Dutch part),SXM,1941,0
Sint Maarten (Dutch part),SXM,1942,0
Sint Maarten (Dutch part),SXM,1943,0
Sint Maarten (Dutch part),SXM,1944,0
Sint Maarten (Dutch part),SXM,1945,0
Sint Maarten (Dutch part),SXM,1946,0
Sint Maarten (Dutch part),SXM,1947,0
Sint Maarten (Dutch part),SXM,1948,0
Sint Maarten (Dutch part),SXM,1949,0
Sint Maarten (Dutch part),SXM,1950,682578
Sint Maarten (Dutch part),SXM,1951,1076516
Sint Maarten (Dutch part),SXM,1952,621578
Sint Maarten (Dutch part),SXM,1953,719382
Sint Maarten (Dutch part),SXM,1954,1455120
Sint Maarten (Dutch part),SXM,1955,1203626
Sint Maarten (Dutch part),SXM,1956,1556672
Sint Maarten (Dutch part),SXM,1957,1063226
Sint Maarten (Dutch part),SXM,1958,931345
Sint Maarten (Dutch part),SXM,1959,1198856
Sint Maarten (Dutch part),SXM,1960,1030851.94
Sint Maarten (Dutch part),SXM,1961,1075835
Sint Maarten (Dutch part),SXM,1962,1181476
Sint Maarten (Dutch part),SXM,1963,1131722
Sint Maarten (Dutch part),SXM,1964,1100371
Sint Maarten (Dutch part),SXM,1965,987233
Sint Maarten (Dutch part),SXM,1966,923167
Sint Maarten (Dutch part),SXM,1967,1137175
Sint Maarten (Dutch part),SXM,1968,1057433
Sint Maarten (Dutch part),SXM,1969,1383898
Sint Maarten (Dutch part),SXM,1970,1547812
Sint Maarten (Dutch part),SXM,1971,1347094
Sint Maarten (Dutch part),SXM,1972,1306201
Sint Maarten (Dutch part),SXM,1973,1448986
Sint Maarten (Dutch part),SXM,1974,1313357
Sint Maarten (Dutch part),SXM,1975,951110
Sint Maarten (Dutch part),SXM,1976,2031716.1
Sint Maarten (Dutch part),SXM,1977,1061181
Sint Maarten (Dutch part),SXM,1978,903742
Sint Maarten (Dutch part),SXM,1979,948043
Sint Maarten (Dutch part),SXM,1980,975646
Sint Maarten (Dutch part),SXM,1981,929301
Sint Maarten (Dutch part),SXM,1982,1039031
Sint Maarten (Dutch part),SXM,1983,533998
Sint Maarten (Dutch part),SXM,1984,1333463
Sint Maarten (Dutch part),SXM,1985,1560761
Sint Maarten (Dutch part),SXM,1986,299203
Sint Maarten (Dutch part),SXM,1987,265998
Sint Maarten (Dutch part),SXM,1988,262028.02
Sint Maarten (Dutch part),SXM,1989,498792
Sint Maarten (Dutch part),SXM,1990,534162
Sint Maarten (Dutch part),SXM,1991,426247
Sint Maarten (Dutch part),SXM,1992,351175
Sint Maarten (Dutch part),SXM,1993,542102
Sint Maarten (Dutch part),SXM,1994,519725.03
Sint Maarten (Dutch part),SXM,1995,514311
Sint Maarten (Dutch part),SXM,1996,481106
Sint Maarten (Dutch part),SXM,1997,503483
Sint Maarten (Dutch part),SXM,1998,27791
Sint Maarten (Dutch part),SXM,1999,208251
Sint Maarten (Dutch part),SXM,2000,552569
Sint Maarten (Dutch part),SXM,2001,562674
Sint Maarten (Dutch part),SXM,2002,542463
Sint Maarten (Dutch part),SXM,2003,542824
Sint Maarten (Dutch part),SXM,2004,569532
Sint Maarten (Dutch part),SXM,2005,564479
Sint Maarten (Dutch part),SXM,2006,588300
Sint Maarten (Dutch part),SXM,2007,662288
Sint Maarten (Dutch part),SXM,2008,637024
Sint Maarten (Dutch part),SXM,2009,651822
Sint Maarten (Dutch part),SXM,2010,448985
Sint Maarten (Dutch part),SXM,2011,572780
Sint Maarten (Dutch part),SXM,2012,699824
Sint Maarten (Dutch part),SXM,2013,714480
Sint Maarten (Dutch part),SXM,2014,725472
Sint Maarten (Dutch part),SXM,2015,743792
Sint Maarten (Dutch part),SXM,2016,747456
Sint Maarten (Dutch part),SXM,2017,703488
Sint Maarten (Dutch part),SXM,2018,685168
Sint Maarten (Dutch part),SXM,2019,688832
Sint Maarten (Dutch part),SXM,2020,652192
Sint Maarten (Dutch part),SXM,2021,681504
Sint Maarten (Dutch part),SXM,2022,692496
Sint Maarten (Dutch part),SXM,2023,691095
Sint Maarten (Dutch part),SXM,2024,717645
Slovakia,SVK,1860,65095
Slovakia,SVK,1861,214011
Slovakia,SVK,1862,363818
Slovakia,SVK,1863,513625.03
Slovakia,SVK,1864,663433
Slovakia,SVK,1865,813240
Slovakia,SVK,1866,963047
Slovakia,SVK,1867,1111963
Slovakia,SVK,1868,1261770
Slovakia,SVK,1869,1411578
Slovakia,SVK,1870,1561385
Slovakia,SVK,1871,1711192
Slovakia,SVK,1872,1860108
Slovakia,SVK,1873,2009915.1
Slovakia,SVK,1874,2159723
Slovakia,SVK,1875,2309530
Slovakia,SVK,1876,3992188
Slovakia,SVK,1877,4194606
Slovakia,SVK,1878,4397025
Slovakia,SVK,1879,4725174
Slovakia,SVK,1880,5006063
Slovakia,SVK,1881,5286952
Slovakia,SVK,1882,5406441
Slovakia,SVK,1883,5774717
Slovakia,SVK,1884,5964652
Slovakia,SVK,1885,6262483
Slovakia,SVK,1886,6583499
Slovakia,SVK,1887,6915215
Slovakia,SVK,1888,7411898
Slovakia,SVK,1889,7847053
Slovakia,SVK,1890,8391888
Slovakia,SVK,1891,8700419
Slovakia,SVK,1892,8832393
Slovakia,SVK,1893,9028569
Slovakia,SVK,1894,9255063
Slovakia,SVK,1895,9605506
Slovakia,SVK,1896,9841809
Slovakia,SVK,1897,10416070
Slovakia,SVK,1898,10648807
Slovakia,SVK,1899,10925237
Slovakia,SVK,1900,10845875
Slovakia,SVK,1901,11332749
Slovakia,SVK,1902,11484340
Slovakia,SVK,1903,11700134
Slovakia,SVK,1904,11814273
Slovakia,SVK,1905,12162040
Slovakia,SVK,1906,12700633
Slovakia,SVK,1907,13348015
Slovakia,SVK,1908,13594127
Slovakia,SVK,1909,13511198
Slovakia,SVK,1910,13370307
Slovakia,SVK,1911,13539732
Slovakia,SVK,1912,14406475
Slovakia,SVK,1913,15069016
Slovakia,SVK,1914,13737692
Slovakia,SVK,1915,13707374
Slovakia,SVK,1916,14589276
Slovakia,SVK,1917,13718966
Slovakia,SVK,1918,11696567
Slovakia,SVK,1919,11050077
Slovakia,SVK,1920,10959122
Slovakia,SVK,1921,10524859
Slovakia,SVK,1922,9393279
Slovakia,SVK,1923,9928305
Slovakia,SVK,1924,12186116
Slovakia,SVK,1925,11468289
Slovakia,SVK,1926,11627905
Slovakia,SVK,1927,12478597
Slovakia,SVK,1928,13138463
Slovakia,SVK,1929,14697173
Slovakia,SVK,1930,12910678
Slovakia,SVK,1931,12076943
Slovakia,SVK,1932,10524562
Slovakia,SVK,1933,9630734
Slovakia,SVK,1934,9618395
Slovakia,SVK,1935,9900622
Slovakia,SVK,1936,10756589
Slovakia,SVK,1937,13025853
Slovakia,SVK,1938,14985195
Slovakia,SVK,1939,16452713
Slovakia,SVK,1940,18547246
Slovakia,SVK,1941,18665074
Slovakia,SVK,1942,20131072
Slovakia,SVK,1943,22226332
Slovakia,SVK,1944,21204876
Slovakia,SVK,1945,11253387
Slovakia,SVK,1946,13970608
Slovakia,SVK,1947,15840862
Slovakia,SVK,1948,17115756
Slovakia,SVK,1949,17992512
Slovakia,SVK,1950,18522230
Slovakia,SVK,1951,19734444
Slovakia,SVK,1952,21101080
Slovakia,SVK,1953,21869260
Slovakia,SVK,1954,23350690
Slovakia,SVK,1955,24232922
Slovakia,SVK,1956,26003442
Slovakia,SVK,1957,27143728
Slovakia,SVK,1958,29658546
Slovakia,SVK,1959,29668822
Slovakia,SVK,1960,31648492
Slovakia,SVK,1961,34352468
Slovakia,SVK,1962,36608612
Slovakia,SVK,1963,38535790
Slovakia,SVK,1964,40107324
Slovakia,SVK,1965,39065960
Slovakia,SVK,1966,38836710
Slovakia,SVK,1967,38742904
Slovakia,SVK,1968,40545964
Slovakia,SVK,1969,43049700
Slovakia,SVK,1970,49369216
Slovakia,SVK,1971,51785710
Slovakia,SVK,1972,52265980
Slovakia,SVK,1973,52475640
Slovakia,SVK,1974,53076050
Slovakia,SVK,1975,55542624
Slovakia,SVK,1976,57714040
Slovakia,SVK,1977,59452210
Slovakia,SVK,1978,59990784
Slovakia,SVK,1979,58425500
Slovakia,SVK,1980,59116172
Slovakia,SVK,1981,58473610
Slovakia,SVK,1982,57917016
Slovakia,SVK,1983,57998390
Slovakia,SVK,1984,59973720
Slovakia,SVK,1985,59167052
Slovakia,SVK,1986,59584010
Slovakia,SVK,1987,58886020
Slovakia,SVK,1988,57919548
Slovakia,SVK,1989,55271864
Slovakia,SVK,1990,61528540
Slovakia,SVK,1991,53333930
Slovakia,SVK,1992,48930976
Slovakia,SVK,1993,46394332
Slovakia,SVK,1994,43803520
Slovakia,SVK,1995,44194172
Slovakia,SVK,1996,44075516
Slovakia,SVK,1997,44147080
Slovakia,SVK,1998,43877524
Slovakia,SVK,1999,43088350
Slovakia,SVK,2000,41187040
Slovakia,SVK,2001,43272724
Slovakia,SVK,2002,42033700
Slovakia,SVK,2003,42359228
Slovakia,SVK,2004,42856560
Slovakia,SVK,2005,42857268
Slovakia,SVK,2006,42639350
Slovakia,SVK,2007,41031852
Slovakia,SVK,2008,41425300
Slovakia,SVK,2009,37681124
Slovakia,SVK,2010,38464356
Slovakia,SVK,2011,38045108
Slovakia,SVK,2012,35961410
Slovakia,SVK,2013,35621708
Slovakia,SVK,2014,33708172
Slovakia,SVK,2015,34527856
Slovakia,SVK,2016,34977550
Slovakia,SVK,2017,36183944
Slovakia,SVK,2018,36184068
Slovakia,SVK,2019,33853190
Slovakia,SVK,2020,31176160
Slovakia,SVK,2021,35251324
Slovakia,SVK,2022,31589464
Slovakia,SVK,2023,30766244
Slovakia,SVK,2024,29090958
Slovenia,SVN,1885,3737
Slovenia,SVN,1890,11211
Slovenia,SVN,1891,13080
Slovenia,SVN,1892,14481
Slovenia,SVN,1893,25692
Slovenia,SVN,1894,49048
Slovenia,SVN,1895,49048
Slovenia,SVN,1896,54654
Slovenia,SVN,1897,42509
Slovenia,SVN,1898,64464.004
Slovenia,SVN,1899,75208
Slovenia,SVN,1900,101834
Slovenia,SVN,1901,111176
Slovenia,SVN,1902,104169
Slovenia,SVN,1903,113045
Slovenia,SVN,1904,120519
Slovenia,SVN,1905,130796
Slovenia,SVN,1906,156488
Slovenia,SVN,1907,159290
Slovenia,SVN,1908,171436
Slovenia,SVN,1909,176107
Slovenia,SVN,1910,174238
Slovenia,SVN,1911,188719
Slovenia,SVN,1912,193391
Slovenia,SVN,1913,531124
Slovenia,SVN,1919,380709
Slovenia,SVN,1920,505432
Slovenia,SVN,1921,538131
Slovenia,SVN,1922,781971
Slovenia,SVN,1923,852975
Slovenia,SVN,1924,874462
Slovenia,SVN,1925,959947
Slovenia,SVN,1926,934722
Slovenia,SVN,1927,1056175
Slovenia,SVN,1928,1193688
Slovenia,SVN,1929,1308424
Slovenia,SVN,1930,1231348
Slovenia,SVN,1931,1131502
Slovenia,SVN,1932,1032645
Slovenia,SVN,1933,955226
Slovenia,SVN,1934,994305
Slovenia,SVN,1935,1040205
Slovenia,SVN,1936,1026726
Slovenia,SVN,1937,1144575
Slovenia,SVN,1938,1083227
Slovenia,SVN,1939,1137282
Slovenia,SVN,1940,1313562
Slovenia,SVN,1943,46525
Slovenia,SVN,1944,11678
Slovenia,SVN,1945,662782
Slovenia,SVN,1946,1307330
Slovenia,SVN,1947,1816099
Slovenia,SVN,1948,2048500
Slovenia,SVN,1949,2340658
Slovenia,SVN,1950,2242563
Slovenia,SVN,1951,2122482
Slovenia,SVN,1952,2130740
Slovenia,SVN,1953,2116056
Slovenia,SVN,1954,2526262
Slovenia,SVN,1955,2893971
Slovenia,SVN,1956,3311597
Slovenia,SVN,1957,3593917
Slovenia,SVN,1958,3540322
Slovenia,SVN,1959,4062086
Slovenia,SVN,1960,4438241
Slovenia,SVN,1961,4657205
Slovenia,SVN,1962,4778336
Slovenia,SVN,1963,5315445
Slovenia,SVN,1964,6023552
Slovenia,SVN,1965,6198301
Slovenia,SVN,1966,6140956
Slovenia,SVN,1967,6202874
Slovenia,SVN,1968,6632873
Slovenia,SVN,1969,6877283
Slovenia,SVN,1970,8992056
Slovenia,SVN,1971,9685128
Slovenia,SVN,1972,9062539
Slovenia,SVN,1973,10827372
Slovenia,SVN,1974,10865980
Slovenia,SVN,1975,11330426
Slovenia,SVN,1976,11684040
Slovenia,SVN,1977,11349432
Slovenia,SVN,1978,12680090
Slovenia,SVN,1979,13789691
Slovenia,SVN,1980,13544972
Slovenia,SVN,1981,14726261
Slovenia,SVN,1982,13509937
Slovenia,SVN,1983,14551781
Slovenia,SVN,1984,15349540
Slovenia,SVN,1985,15657944
Slovenia,SVN,1986,16351864
Slovenia,SVN,1987,15935209
Slovenia,SVN,1988,16514572
Slovenia,SVN,1989,16434435
Slovenia,SVN,1990,15097327
Slovenia,SVN,1991,13976541
Slovenia,SVN,1992,13885939
Slovenia,SVN,1993,14254250
Slovenia,SVN,1994,14639140
Slovenia,SVN,1995,15356992
Slovenia,SVN,1996,16002613
Slovenia,SVN,1997,16512503
Slovenia,SVN,1998,16044565
Slovenia,SVN,1999,15418648
Slovenia,SVN,2000,15059753
Slovenia,SVN,2001,16309183
Slovenia,SVN,2002,16570911
Slovenia,SVN,2003,16278082
Slovenia,SVN,2004,16710709
Slovenia,SVN,2005,16941976
Slovenia,SVN,2006,17184160
Slovenia,SVN,2007,17349082
Slovenia,SVN,2008,18284604
Slovenia,SVN,2009,16209410
Slovenia,SVN,2010,16465506
Slovenia,SVN,2011,16364208
Slovenia,SVN,2012,15765101
Slovenia,SVN,2013,15136785
Slovenia,SVN,2014,13568340
Slovenia,SVN,2015,13658673
Slovenia,SVN,2016,14468012
Slovenia,SVN,2017,14637193
Slovenia,SVN,2018,14563352
Slovenia,SVN,2019,14053007
Slovenia,SVN,2020,12872991
Slovenia,SVN,2021,13076158
Slovenia,SVN,2022,12727840
Slovenia,SVN,2023,12012164
Slovenia,SVN,2024,12751194
Solomon Islands,SLB,1952,3664
Solomon Islands,SLB,1953,3664
Solomon Islands,SLB,1954,3664
Solomon Islands,SLB,1955,10992
Solomon Islands,SLB,1956,10992
Solomon Islands,SLB,1957,10992
Solomon Islands,SLB,1958,10992
Solomon Islands,SLB,1959,10992
Solomon Islands,SLB,1960,10992
Solomon Islands,SLB,1961,14656
Solomon Islands,SLB,1962,14656
Solomon Islands,SLB,1963,14656
Solomon Islands,SLB,1964,18320
Solomon Islands,SLB,1965,25648
Solomon Islands,SLB,1966,25648
Solomon Islands,SLB,1967,32976
Solomon Islands,SLB,1968,36640
Solomon Islands,SLB,1969,36640
Solomon Islands,SLB,1970,40304
Solomon Islands,SLB,1971,47632
Solomon Islands,SLB,1972,54960
Solomon Islands,SLB,1973,65952
Solomon Islands,SLB,1974,65952
Solomon Islands,SLB,1975,58624
Solomon Islands,SLB,1976,62288
Solomon Islands,SLB,1977,80608
Solomon Islands,SLB,1978,62288
Solomon Islands,SLB,1979,109920
Solomon Islands,SLB,1980,102592
Solomon Islands,SLB,1981,135568
Solomon Islands,SLB,1982,120912
Solomon Islands,SLB,1983,142896
Solomon Islands,SLB,1984,142896
Solomon Islands,SLB,1985,150224
Solomon Islands,SLB,1986,153888
Solomon Islands,SLB,1987,161216
Solomon Islands,SLB,1988,153888
Solomon Islands,SLB,1989,161216
Solomon Islands,SLB,1990,146560
Solomon Islands,SLB,1991,153888
Solomon Islands,SLB,1992,161216
Solomon Islands,SLB,1993,172208
Solomon Islands,SLB,1994,183200
Solomon Islands,SLB,1995,190528
Solomon Islands,SLB,1996,197856
Solomon Islands,SLB,1997,205184
Solomon Islands,SLB,1998,212512
Solomon Islands,SLB,1999,219840
Solomon Islands,SLB,2000,227168
Solomon Islands,SLB,2001,238160
Solomon Islands,SLB,2002,245488
Solomon Islands,SLB,2003,256480.02
Solomon Islands,SLB,2004,274800
Solomon Islands,SLB,2005,282128
Solomon Islands,SLB,2006,293120
Solomon Islands,SLB,2007,300448
Solomon Islands,SLB,2008,311440
Solomon Islands,SLB,2009,322432
Solomon Islands,SLB,2010,333424
Solomon Islands,SLB,2011,348080
Solomon Islands,SLB,2012,344416
Solomon Islands,SLB,2013,377392
Solomon Islands,SLB,2014,329760
Solomon Islands,SLB,2015,296784
Solomon Islands,SLB,2016,293120
Solomon Islands,SLB,2017,289456
Solomon Islands,SLB,2018,293120
Solomon Islands,SLB,2019,296784
Solomon Islands,SLB,2020,293120
Solomon Islands,SLB,2021,289456
Solomon Islands,SLB,2022,283097
Solomon Islands,SLB,2023,281760
Solomon Islands,SLB,2024,294648
Somalia,SOM,1950,47632
Somalia,SOM,1951,47632
Somalia,SOM,1952,47632
Somalia,SOM,1953,47632
Somalia,SOM,1954,47632
Somalia,SOM,1955,65952
Somalia,SOM,1956,69616
Somalia,SOM,1957,73280
Somalia,SOM,1958,84272
Somalia,SOM,1959,87936
Somalia,SOM,1960,84272
Somalia,SOM,1961,87936
Somalia,SOM,1962,106256
Somalia,SOM,1963,102592
Somalia,SOM,1964,135568
Somalia,SOM,1965,131904
Somalia,SOM,1966,139232
Somalia,SOM,1967,227168
Somalia,SOM,1968,153888
Somalia,SOM,1969,161216
Somalia,SOM,1970,216176
Somalia,SOM,1971,186864
Somalia,SOM,1972,234496
Somalia,SOM,1973,263808
Somalia,SOM,1974,329760
Somalia,SOM,1975,501968.03
Somalia,SOM,1976,479984
Somalia,SOM,1977,798752
Somalia,SOM,1978,556928
Somalia,SOM,1979,487312
Somalia,SOM,1980,813408
Somalia,SOM,1981,274800
Somalia,SOM,1982,718144
Somalia,SOM,1983,934320
Somalia,SOM,1984,714480
Somalia,SOM,1985,857376
Somalia,SOM,1986,923328
Somalia,SOM,1987,992944
Somalia,SOM,1988,1003656
Somalia,SOM,1989,952072
Somalia,SOM,1990,782197
Somalia,SOM,1991,707587
Somalia,SOM,1992,666088
Somalia,SOM,1993,625768
Somalia,SOM,1994,618425
Somalia,SOM,1995,585433
Somalia,SOM,1996,575248
Somalia,SOM,1997,534944
Somalia,SOM,1998,505631.97
Somalia,SOM,1999,487312
Somalia,SOM,2000,509296
Somalia,SOM,2001,542272
Somalia,SOM,2002,575248
Somalia,SOM,2003,604560
Somalia,SOM,2004,626544
Somalia,SOM,2005,648528
Somalia,SOM,2006,670512
Somalia,SOM,2007,692496
Somalia,SOM,2008,721808
Somalia,SOM,2009,743792
Somalia,SOM,2010,776768
Somalia,SOM,2011,809744
Somalia,SOM,2012,831728
Somalia,SOM,2013,857376
Somalia,SOM,2014,886688
Somalia,SOM,2015,923328
Somalia,SOM,2016,956304
Somalia,SOM,2017,992944
Somalia,SOM,2018,1033247.94
Somalia,SOM,2019,1069888
Somalia,SOM,2020,1139504
Somalia,SOM,2021,1154160
Somalia,SOM,2022,1271408
Somalia,SOM,2023,1296419
Somalia,SOM,2024,1319185
South Africa,ZAF,1884,21984
South Africa,ZAF,1885,36640
South Africa,ZAF,1886,47632
South Africa,ZAF,1887,47632
South Africa,ZAF,1888,80608
South Africa,ZAF,1889,131904
South Africa,ZAF,1890,296784
South Africa,ZAF,1891,296784
South Africa,ZAF,1892,479984
South Africa,ZAF,1893,1799024
South Africa,ZAF,1894,2432896
South Africa,ZAF,1895,3337904
South Africa,ZAF,1896,4257568
South Africa,ZAF,1897,4777856
South Africa,ZAF,1898,6049264
South Africa,ZAF,1899,5517984
South Africa,ZAF,1900,2330304
South Africa,ZAF,1901,3909488
South Africa,ZAF,1902,5825760
South Africa,ZAF,1903,7782336
South Africa,ZAF,1904,8767952
South Africa,ZAF,1905,10028368
South Africa,ZAF,1906,11464656
South Africa,ZAF,1907,12651792
South Africa,ZAF,1908,13007200
South Africa,ZAF,1909,14974768
South Africa,ZAF,1910,16978976
South Africa,ZAF,1911,16341440
South Africa,ZAF,1912,17349040
South Africa,ZAF,1913,18983184
South Africa,ZAF,1914,18400608
South Africa,ZAF,1915,18510528
South Africa,ZAF,1916,21811792
South Africa,ZAF,1917,23339680
South Africa,ZAF,1918,22222160
South Africa,ZAF,1919,23138160
South Africa,ZAF,1920,25666320
South Africa,ZAF,1921,25413504
South Africa,ZAF,1922,21786144
South Africa,ZAF,1923,26443088
South Africa,ZAF,1924,27776784
South Africa,ZAF,1925,28952928
South Africa,ZAF,1926,30429520
South Africa,ZAF,1927,29561152
South Africa,ZAF,1928,29623440
South Africa,ZAF,1929,30768816
South Africa,ZAF,1930,28722096
South Africa,ZAF,1931,25567392
South Africa,ZAF,1932,23455768
South Africa,ZAF,1933,25331648
South Africa,ZAF,1934,28870568
South Africa,ZAF,1935,32156788
South Africa,ZAF,1936,35251944
South Africa,ZAF,1937,36816148
South Africa,ZAF,1938,38699296
South Africa,ZAF,1939,40157270
South Africa,ZAF,1940,41517090
South Africa,ZAF,1941,44327200
South Africa,ZAF,1942,48423256
South Africa,ZAF,1943,48764124
South Africa,ZAF,1944,54567100
South Africa,ZAF,1945,55868090
South Africa,ZAF,1946,56043452
South Africa,ZAF,1947,55834308
South Africa,ZAF,1948,57098150
South Africa,ZAF,1949,60586070
South Africa,ZAF,1950,60913868
South Africa,ZAF,1951,65068396
South Africa,ZAF,1952,70831610
South Africa,ZAF,1953,70974080
South Africa,ZAF,1954,73879490
South Africa,ZAF,1955,82928800
South Africa,ZAF,1956,87251864
South Africa,ZAF,1957,89644140
South Africa,ZAF,1958,96253280
South Africa,ZAF,1959,94472870
South Africa,ZAF,1960,97847120
South Africa,ZAF,1961,102119840
South Africa,ZAF,1962,105670040
South Africa,ZAF,1963,109725200
South Africa,ZAF,1964,119546024
South Africa,ZAF,1965,128140050
South Africa,ZAF,1966,128234936
South Africa,ZAF,1967,133760120
South Africa,ZAF,1968,137953810
South Africa,ZAF,1969,143142850
South Africa,ZAF,1970,149621860
South Africa,ZAF,1971,168407150
South Africa,ZAF,1972,171557120
South Africa,ZAF,1973,173352290
South Africa,ZAF,1974,176547940
South Africa,ZAF,1975,185004800
South Africa,ZAF,1976,192908700
South Africa,ZAF,1977,199738260
South Africa,ZAF,1978,201879550
South Africa,ZAF,1979,218670830
South Africa,ZAF,1980,228201400
South Africa,ZAF,1981,257078910
South Africa,ZAF,1982,280437000
South Africa,ZAF,1983,291905730
South Africa,ZAF,1984,315596640
South Africa,ZAF,1985,323865000
South Africa,ZAF,1986,330500770
South Africa,ZAF,1987,328672000
South Africa,ZAF,1988,342662000
South Africa,ZAF,1989,340714720
South Africa,ZAF,1990,312933900
South Africa,ZAF,1991,326030370
South Africa,ZAF,1992,301329060
South Africa,ZAF,1993,320352640
South Africa,ZAF,1994,338701250
South Africa,ZAF,1995,361711940
South Africa,ZAF,1996,363732320
South Africa,ZAF,1997,385215420
South Africa,ZAF,1998,377273440
South Africa,ZAF,1999,374869020
South Africa,ZAF,2000,378332500
South Africa,ZAF,2001,371602000
South Africa,ZAF,2002,356501150
South Africa,ZAF,2003,404406050
South Africa,ZAF,2004,449321630
South Africa,ZAF,2005,416204860
South Africa,ZAF,2006,446744320
South Africa,ZAF,2007,465033730
South Africa,ZAF,2008,494672540
South Africa,ZAF,2009,474512260
South Africa,ZAF,2010,467352500
South Africa,ZAF,2011,474272770
South Africa,ZAF,2012,461438400
South Africa,ZAF,2013,456188000
South Africa,ZAF,2014,481637860
South Africa,ZAF,2015,457473250
South Africa,ZAF,2016,457049760
South Africa,ZAF,2017,440010270
South Africa,ZAF,2018,453765980
South Africa,ZAF,2019,470727420
South Africa,ZAF,2020,435297660
South Africa,ZAF,2021,439464400
South Africa,ZAF,2022,428782180
South Africa,ZAF,2023,436604200
South Africa,ZAF,2024,439830500
South America,,1844,24171
South America,,1845,36046
South America,,1846,45661
South America,,1847,55846
South America,,1848,63594
South America,,1849,116034
South America,,1850,94126
South America,,1851,110448
South America,,1852,180875
South America,,1853,116529
South America,,1854,5389
South America,,1855,150900
South America,,1856,556694
South America,,1857,880976
South America,,1858,962943
South America,,1859,758669
South America,,1860,1033002
South America,,1861,950494
South America,,1862,877144
South America,,1863,962480
South America,,1864,1182042
South America,,1865,1383061
South America,,1866,1886320
South America,,1867,2003559
South America,,1868,2330022
South America,,1869,2088179
South America,,1870,2135154
South America,,1871,2261620
South America,,1872,3012619
South America,,1873,3308867
South America,,1874,3742494
South America,,1875,3243613
South America,,1876,3202210
South America,,1877,2987233
South America,,1878,2919186
South America,,1879,3020111
South America,,1880,3453197
South America,,1881,3751238
South America,,1882,3832123
South America,,1883,4075048
South America,,1884,4632899
South America,,1885,4829543
South America,,1886,4530320
South America,,1887,5250247
South America,,1888,6387091
South America,,1889,7538223
South America,,1890,6329836
South America,,1891,6584004
South America,,1892,6727751
South America,,1893,6725705
South America,,1894,8401482
South America,,1895,8548265
South America,,1896,9217044
South America,,1897,8561701
South America,,1898,9186857
South America,,1899,9629430
South America,,1900,8932587
South America,,1901,9644027
South America,,1902,10289648
South America,,1903,10492844
South America,,1904,10929525
South America,,1905,12766501
South America,,1906,15509021
South America,,1907,17710128
South America,,1908,18709604
South America,,1909,18441104
South America,,1910,20672666
South America,,1911,23954296
South America,,1912,24730868
South America,,1913,25967704
South America,,1914,21570992
South America,,1915,15675078
South America,,1916,14646844
South America,,1917,13086434
South America,,1918,11650200
South America,,1919,13630743
South America,,1920,16127816
South America,,1921,15376955
South America,,1922,17538402
South America,,1923,19904310
South America,,1924,24937520
South America,,1925,26465472
South America,,1926,27506204
South America,,1927,30158940
South America,,1928,31606908
South America,,1929,34773396
South America,,1930,29601944
South America,,1931,27014918
South America,,1932,30424378
South America,,1933,34371650
South America,,1934,38439308
South America,,1935,41464588
South America,,1936,40896870
South America,,1937,51129504
South America,,1938,47639420
South America,,1939,46572064
South America,,1940,50912532
South America,,1941,51506230
South America,,1942,48387430
South America,,1943,49034136
South America,,1944,54083316
South America,,1945,54755708
South America,,1946,57635230
South America,,1947,62898948
South America,,1948,70073040
South America,,1949,71232510
South America,,1950,113413520
South America,,1951,131276936
South America,,1952,141468580
South America,,1953,140632350
South America,,1954,151041460
South America,,1955,170065740
South America,,1956,184167710
South America,,1957,192906660
South America,,1958,178736500
South America,,1959,196974220
South America,,1960,199140540
South America,,1961,201758850
South America,,1962,215627580
South America,,1963,219375540
South America,,1964,230142290
South America,,1965,240086050
South America,,1966,251980850
South America,,1967,267317540
South America,,1968,287591260
South America,,1969,311218700
South America,,1970,337804860
South America,,1971,346519460
South America,,1972,362536600
South America,,1973,392645570
South America,,1974,416508540
South America,,1975,411638300
South America,,1976,419311460
South America,,1977,434795700
South America,,1978,462104900
South America,,1979,494344740
South America,,1980,508381280
South America,,1981,489757760
South America,,1982,490925340
South America,,1983,485902700
South America,,1984,491551200
South America,,1985,501907420
South America,,1986,529881470
South America,,1987,557404000
South America,,1988,580437800
South America,,1989,579902140
South America,,1990,598367400
South America,,1991,606069060
South America,,1992,617997500
South America,,1993,652739200
South America,,1994,655626000
South America,,1995,689657540
South America,,1996,719898600
South America,,1997,766825300
South America,,1998,791080640
South America,,1999,812940160
South America,,2000,812034600
South America,,2001,791451000
South America,,2002,819742700
South America,,2003,820543900
South America,,2004,857033500
South America,,2005,881900700
South America,,2006,909777900
South America,,2007,944882940
South America,,2008,988742600
South America,,2009,961341500
South America,,2010,1072125250
South America,,2011,1088221400
South America,,2012,1142113800
South America,,2013,1205617700
South America,,2014,1221043200
South America,,2015,1186978400
South America,,2016,1142483500
South America,,2017,1125791900
South America,,2018,1082037000
South America,,2019,1094835500
South America,,2020,983969540
South America,,2021,1110534700
South America,,2022,1100027800
South America,,2023,1107388300
South America,,2024,1109841200
South America (GCP),,1850,94125.59
South America (GCP),,1851,110447.98
South America (GCP),,1852,180874.83
South America (GCP),,1853,116529.13
South America (GCP),,1854,5388.645
South America (GCP),,1855,150900
South America (GCP),,1856,556692.4
South America (GCP),,1857,880975.5
South America (GCP),,1858,962941.4
South America (GCP),,1859,758667.8
South America (GCP),,1860,1033001.44
South America (GCP),,1861,950494.4
South America (GCP),,1862,877143.6
South America (GCP),,1863,962479.7
South America (GCP),,1864,1182041.9
South America (GCP),,1865,1383060.8
South America (GCP),,1866,1886320.8
South America (GCP),,1867,2003560.2
South America (GCP),,1868,2330020.8
South America (GCP),,1869,2088178.1
South America (GCP),,1870,2135152.5
South America (GCP),,1871,2261620
South America (GCP),,1872,3012619.2
South America (GCP),,1873,3308866.5
South America (GCP),,1874,3742494.8
South America (GCP),,1875,3243613
South America (GCP),,1876,3202209.2
South America (GCP),,1877,2987232.8
South America (GCP),,1878,2919186
South America (GCP),,1879,3020111
South America (GCP),,1880,3453198
South America (GCP),,1881,3751238.2
South America (GCP),,1882,3832121.8
South America (GCP),,1883,4075049.2
South America (GCP),,1884,4632899.5
South America (GCP),,1885,4829543
South America (GCP),,1886,4530319.5
South America (GCP),,1887,5250248.5
South America (GCP),,1888,6387091
South America (GCP),,1889,7538222
South America (GCP),,1890,6329836
South America (GCP),,1891,6584004
South America (GCP),,1892,6727750.5
South America (GCP),,1893,6725704.5
South America (GCP),,1894,8401483
South America (GCP),,1895,8548266
South America (GCP),,1896,9217043
South America (GCP),,1897,8561701
South America (GCP),,1898,9186859
South America (GCP),,1899,9629431
South America (GCP),,1900,8932586
South America (GCP),,1901,9644026
South America (GCP),,1902,10289648
South America (GCP),,1903,10492845
South America (GCP),,1904,10929525
South America (GCP),,1905,12766502
South America (GCP),,1906,15509021
South America (GCP),,1907,17710128
South America (GCP),,1908,18709606
South America (GCP),,1909,18441104
South America (GCP),,1910,20672666
South America (GCP),,1911,23954296
South America (GCP),,1912,24730870
South America (GCP),,1913,25967704
South America (GCP),,1914,21570992
South America (GCP),,1915,15675079
South America (GCP),,1916,14646846
South America (GCP),,1917,13086434
South America (GCP),,1918,11650201
South America (GCP),,1919,13630743
South America (GCP),,1920,16127817
South America (GCP),,1921,15376954
South America (GCP),,1922,17538404
South America (GCP),,1923,19904310
South America (GCP),,1924,24937518
South America (GCP),,1925,26465470
South America (GCP),,1926,27506204
South America (GCP),,1927,30158942
South America (GCP),,1928,31606906
South America (GCP),,1929,34773390
South America (GCP),,1930,29601944
South America (GCP),,1931,27014918
South America (GCP),,1932,30424378
South America (GCP),,1933,34371650
South America (GCP),,1934,38439310
South America (GCP),,1935,41464588
South America (GCP),,1936,40896870
South America (GCP),,1937,51129504
South America (GCP),,1938,47639420
South America (GCP),,1939,46572064
South America (GCP),,1940,50912532
South America (GCP),,1941,51506230
South America (GCP),,1942,48387430
South America (GCP),,1943,49034136
South America (GCP),,1944,54083316
South America (GCP),,1945,54755708
South America (GCP),,1946,57635230
South America (GCP),,1947,62898950
South America (GCP),,1948,70073040
South America (GCP),,1949,71232510
South America (GCP),,1950,113413520
South America (GCP),,1951,131276936
South America (GCP),,1952,141468590
South America (GCP),,1953,140632350
South America (GCP),,1954,151041440
South America (GCP),,1955,170065740
South America (GCP),,1956,184167710
South America (GCP),,1957,192906670
South America (GCP),,1958,178736500
South America (GCP),,1959,196974200
South America (GCP),,1960,199140540
South America (GCP),,1961,201758850
South America (GCP),,1962,215627570
South America (GCP),,1963,219375540
South America (GCP),,1964,230142290
South America (GCP),,1965,240086060
South America (GCP),,1966,251980850
South America (GCP),,1967,267317520
South America (GCP),,1968,287591260
South America (GCP),,1969,311218700
South America (GCP),,1970,337804860
South America (GCP),,1971,346519460
South America (GCP),,1972,362536600
South America (GCP),,1973,392645570
South America (GCP),,1974,416508580
South America (GCP),,1975,411638300
South America (GCP),,1976,419311460
South America (GCP),,1977,434795700
South America (GCP),,1978,462104900
South America (GCP),,1979,494344740
South America (GCP),,1980,508381280
South America (GCP),,1981,489757760
South America (GCP),,1982,490925340
South America (GCP),,1983,485902660
South America (GCP),,1984,491551170
South America (GCP),,1985,501907460
South America (GCP),,1986,529881500
South America (GCP),,1987,557404000
South America (GCP),,1988,580437800
South America (GCP),,1989,579902140
South America (GCP),,1990,598367400
South America (GCP),,1991,606069000
South America (GCP),,1992,617997500
South America (GCP),,1993,652739200
South America (GCP),,1994,655626000
South America (GCP),,1995,689657540
South America (GCP),,1996,719898600
South America (GCP),,1997,766825300
South America (GCP),,1998,791080640
South America (GCP),,1999,812940100
South America (GCP),,2000,812034600
South America (GCP),,2001,791451100
South America (GCP),,2002,819742700
South America (GCP),,2003,820543900
South America (GCP),,2004,857033500
South America (GCP),,2005,881900740
South America (GCP),,2006,909777860
South America (GCP),,2007,944882940
South America (GCP),,2008,988742600
South America (GCP),,2009,961341600
South America (GCP),,2010,1072125250
South America (GCP),,2011,1088221400
South America (GCP),,2012,1142113800
South America (GCP),,2013,1205617700
South America (GCP),,2014,1221043200
South America (GCP),,2015,1186978400
South America (GCP),,2016,1142483600
South America (GCP),,2017,1125791900
South America (GCP),,2018,1082037000
South America (GCP),,2019,1094835500
South America (GCP),,2020,983969500
South America (GCP),,2021,1110534700
South America (GCP),,2022,1100027800
South America (GCP),,2023,1107388300
South America (GCP),,2024,1109841200
South Korea,KOR,1905,771
South Korea,KOR,1909,8292
South Korea,KOR,1910,10413
South Korea,KOR,1911,12342
South Korea,KOR,1912,15427
South Korea,KOR,1913,17934
South Korea,KOR,1914,25648
South Korea,KOR,1915,32012
South Korea,KOR,1916,26612
South Korea,KOR,1918,26227
South Korea,KOR,1919,31048
South Korea,KOR,1920,40304
South Korea,KOR,1921,43389
South Korea,KOR,1922,44354
South Korea,KOR,1923,53032
South Korea,KOR,1924,55731
South Korea,KOR,1925,88900
South Korea,KOR,1926,95457
South Korea,KOR,1927,98928
South Korea,KOR,1928,113970
South Korea,KOR,1929,130940.01
South Korea,KOR,1930,123419
South Korea,KOR,1931,130747.01
South Korea,KOR,1932,154081
South Korea,KOR,1933,181657
South Korea,KOR,1934,241584
South Korea,KOR,1935,284151
South Korea,KOR,1936,333496
South Korea,KOR,1937,356810
South Korea,KOR,1938,477477
South Korea,KOR,1939,623204
South Korea,KOR,1940,801645
South Korea,KOR,1941,893930
South Korea,KOR,1942,986907
South Korea,KOR,1943,956392
South Korea,KOR,1944,1010473
South Korea,KOR,1945,3634
South Korea,KOR,1946,487282
South Korea,KOR,1947,897620
South Korea,KOR,1948,1670725
South Korea,KOR,1949,2176327
South Korea,KOR,1950,2183685
South Korea,KOR,1951,2923842
South Korea,KOR,1952,3462331
South Korea,KOR,1953,4693406
South Korea,KOR,1954,5158674
South Korea,KOR,1955,6444738
South Korea,KOR,1956,7554990
South Korea,KOR,1957,8214302
South Korea,KOR,1958,9008587
South Korea,KOR,1959,11221376
South Korea,KOR,1960,12540118
South Korea,KOR,1961,14448706
South Korea,KOR,1962,17261588
South Korea,KOR,1963,21083172
South Korea,KOR,1964,22195154
South Korea,KOR,1965,24978308
South Korea,KOR,1966,29982234
South Korea,KOR,1967,35113236
South Korea,KOR,1968,37197144
South Korea,KOR,1969,42468220
South Korea,KOR,1970,53716350
South Korea,KOR,1971,58533736
South Korea,KOR,1972,60247064
South Korea,KOR,1973,72974840
South Korea,KOR,1974,75550730
South Korea,KOR,1975,81665790
South Korea,KOR,1976,93104550
South Korea,KOR,1977,105459704
South Korea,KOR,1978,113119300
South Korea,KOR,1979,132874240
South Korea,KOR,1980,134524430
South Korea,KOR,1981,139589740
South Korea,KOR,1982,140781900
South Korea,KOR,1983,149133600
South Korea,KOR,1984,160700450
South Korea,KOR,1985,168757680
South Korea,KOR,1986,176297250
South Korea,KOR,1987,185358380
South Korea,KOR,1988,210953460
South Korea,KOR,1989,223510380
South Korea,KOR,1990,250510830
South Korea,KOR,1991,275688220
South Korea,KOR,1992,299905440
South Korea,KOR,1993,330173950
South Korea,KOR,1994,355694820
South Korea,KOR,1995,383665470
South Korea,KOR,1996,420996060
South Korea,KOR,1997,444967600
South Korea,KOR,1998,378037800
South Korea,KOR,1999,410518800
South Korea,KOR,2000,439980670
South Korea,KOR,2001,455630660
South Korea,KOR,2002,476064900
South Korea,KOR,2003,485212800
South Korea,KOR,2004,491389440
South Korea,KOR,2005,498688300
South Korea,KOR,2006,503478180
South Korea,KOR,2007,521708740
South Korea,KOR,2008,532650750
South Korea,KOR,2009,537819840
South Korea,KOR,2010,594339140
South Korea,KOR,2011,623442800
South Korea,KOR,2012,627943040
South Korea,KOR,2013,634580700
South Korea,KOR,2014,629366460
South Korea,KOR,2015,634177300
South Korea,KOR,2016,637914050
South Korea,KOR,2017,654537300
South Korea,KOR,2018,670168700
South Korea,KOR,2019,646102200
South Korea,KOR,2020,597634300
South Korea,KOR,2021,616075000
South Korea,KOR,2022,606877250
South Korea,KOR,2023,589178500
South Korea,KOR,2024,583679170
South Sudan,SSD,1950,44246
South Sudan,SSD,1951,58110
South Sudan,SSD,1952,61059
South Sudan,SSD,1953,66959
South Sudan,SSD,1954,65779
South Sudan,SSD,1955,74628
South Sudan,SSD,1956,72268
South Sudan,SSD,1957,92916
South Sudan,SSD,1958,103830
South Sudan,SSD,1959,110025
South Sudan,SSD,1960,109435
South Sudan,SSD,1961,111500
South Sudan,SSD,1962,119464
South Sudan,SSD,1963,135098
South Sudan,SSD,1964,149551
South Sudan,SSD,1965,195272
South Sudan,SSD,1966,212675
South Sudan,SSD,1967,256331
South Sudan,SSD,1968,249842
South Sudan,SSD,1969,336564
South Sudan,SSD,1970,390544
South Sudan,SSD,1971,400868
South Sudan,SSD,1972,432725
South Sudan,SSD,1973,436560
South Sudan,SSD,1974,457208
South Sudan,SSD,1975,340988
South Sudan,SSD,1976,302052
South Sudan,SSD,1977,306182
South Sudan,SSD,1978,276684
South Sudan,SSD,1979,287303
South Sudan,SSD,1980,301462
South Sudan,SSD,1981,292908
South Sudan,SSD,1982,307952
South Sudan,SSD,1983,314441
South Sudan,SSD,1984,281994
South Sudan,SSD,1985,327715
South Sudan,SSD,1986,341873
South Sudan,SSD,1987,269605
South Sudan,SSD,1988,389954
South Sudan,SSD,1989,302347
South Sudan,SSD,1990,419451
South Sudan,SSD,1991,392904
South Sudan,SSD,1992,351313
South Sudan,SSD,1993,242173
South Sudan,SSD,1994,333024
South Sudan,SSD,1995,344233
South Sudan,SSD,1996,355147
South Sudan,SSD,1997,434790
South Sudan,SSD,1998,376975
South Sudan,SSD,1999,408832
South Sudan,SSD,2000,444524
South Sudan,SSD,2001,511483
South Sudan,SSD,2002,651890
South Sudan,SSD,2003,728288
South Sudan,SSD,2004,920315
South Sudan,SSD,2005,881673
South Sudan,SSD,2006,965446
South Sudan,SSD,2007,1134170
South Sudan,SSD,2008,1197884
South Sudan,SSD,2009,1247735
South Sudan,SSD,2010,1269563
South Sudan,SSD,2011,1238590
South Sudan,SSD,2012,1330032
South Sudan,SSD,2013,1443616
South Sudan,SSD,2014,1498576
South Sudan,SSD,2015,1912608
South Sudan,SSD,2016,1703760
South Sudan,SSD,2017,1454608
South Sudan,SSD,2018,1736736
South Sudan,SSD,2019,1769712
South Sudan,SSD,2020,1707424
South Sudan,SSD,2021,1740400
South Sudan,SSD,2022,1634144
South Sudan,SSD,2023,1666291
South Sudan,SSD,2024,1695552
Spain,ESP,1830,3664
Spain,ESP,1831,3664
Spain,ESP,1832,3664
Spain,ESP,1833,3664
Spain,ESP,1834,3664
Spain,ESP,1835,3664
Spain,ESP,1836,21984
Spain,ESP,1837,36640
Spain,ESP,1838,25648
Spain,ESP,1839,47632
Spain,ESP,1840,36640
Spain,ESP,1841,102592
Spain,ESP,1842,142896
Spain,ESP,1843,172208
Spain,ESP,1844,201520
Spain,ESP,1845,274800
Spain,ESP,1846,282128
Spain,ESP,1847,260144
Spain,ESP,1848,293120
Spain,ESP,1849,326096
Spain,ESP,1850,494640
Spain,ESP,1851,509296
Spain,ESP,1852,534944
Spain,ESP,1853,652192
Spain,ESP,1854,549600
Spain,ESP,1855,553264
Spain,ESP,1856,754784
Spain,ESP,1857,850048
Spain,ESP,1858,1150496
Spain,ESP,1859,1630480
Spain,ESP,1860,1930928
Spain,ESP,1861,2004208.1
Spain,ESP,1862,2187408
Spain,ESP,1863,2432896
Spain,ESP,1864,2333968
Spain,ESP,1865,2304656
Spain,ESP,1866,2290000
Spain,ESP,1867,2557472
Spain,ESP,1868,2660064
Spain,ESP,1869,2638080
Spain,ESP,1870,3074096
Spain,ESP,1871,2938528
Spain,ESP,1872,3260960
Spain,ESP,1873,3136384
Spain,ESP,1874,3118064
Spain,ESP,1875,3290272
Spain,ESP,1876,3568736
Spain,ESP,1877,3781248
Spain,ESP,1878,3755600
Spain,ESP,1879,3971776
Spain,ESP,1880,4415120
Spain,ESP,1881,4931744
Spain,ESP,1882,5382416
Spain,ESP,1883,5902704
Spain,ESP,1884,5869728
Spain,ESP,1885,5759808
Spain,ESP,1886,6093232
Spain,ESP,1887,6140864
Spain,ESP,1888,6433984
Spain,ESP,1889,6822368
Spain,ESP,1890,7338992
Spain,ESP,1891,7939888
Spain,ESP,1892,8298959.5
Spain,ESP,1893,8119424
Spain,ESP,1894,8734976
Spain,ESP,1895,8603072
Spain,ESP,1896,9302896
Spain,ESP,1897,9544720
Spain,ESP,1898,9372512
Spain,ESP,1899,10625600
Spain,ESP,1900,11219168
Spain,ESP,1901,11805408
Spain,ESP,1902,12336688
Spain,ESP,1903,12175472
Spain,ESP,1904,12992544
Spain,ESP,1905,13571456
Spain,ESP,1906,13860912
Spain,ESP,1907,14095408
Spain,ESP,1908,14784240
Spain,ESP,1909,15165296
Spain,ESP,1910,14894160
Spain,ESP,1911,14729280
Spain,ESP,1912,15982368
Spain,ESP,1913,17418656
Spain,ESP,1914,17301408
Spain,ESP,1915,15311856
Spain,ESP,1916,17865664
Spain,ESP,1917,15850464
Spain,ESP,1918,16733488
Spain,ESP,1919,15927408
Spain,ESP,1920,14055104
Spain,ESP,1921,14846528
Spain,ESP,1922,14941792
Spain,ESP,1923,17213472
Spain,ESP,1924,18389616
Spain,ESP,1925,19052800
Spain,ESP,1926,18378624
Spain,ESP,1927,21445392
Spain,ESP,1928,21508768
Spain,ESP,1929,23969846
Spain,ESP,1930,23636364
Spain,ESP,1931,22530666
Spain,ESP,1932,21175820
Spain,ESP,1933,18706372
Spain,ESP,1934,20245432
Spain,ESP,1935,22454852
Spain,ESP,1936,8054700
Spain,ESP,1937,5245303
Spain,ESP,1938,13220969
Spain,ESP,1939,15713746
Spain,ESP,1940,21618628
Spain,ESP,1941,21508380
Spain,ESP,1942,23058224
Spain,ESP,1943,23849440
Spain,ESP,1944,25790766
Spain,ESP,1945,28267302
Spain,ESP,1946,28086876
Spain,ESP,1947,31171814
Spain,ESP,1948,32713764
Spain,ESP,1949,35755212
Spain,ESP,1950,33013576
Spain,ESP,1951,33060330
Spain,ESP,1952,37555016
Spain,ESP,1953,38902332
Spain,ESP,1954,39695212
Spain,ESP,1955,40257380
Spain,ESP,1956,42322080
Spain,ESP,1957,50213350
Spain,ESP,1958,55865480
Spain,ESP,1959,52075268
Spain,ESP,1960,48862124
Spain,ESP,1961,53603416
Spain,ESP,1962,59975850
Spain,ESP,1963,58742904
Spain,ESP,1964,64323810
Spain,ESP,1965,71020450
Spain,ESP,1966,77617016
Spain,ESP,1967,86393976
Spain,ESP,1968,97006240
Spain,ESP,1969,96729000
Spain,ESP,1970,116766220
Spain,ESP,1971,128458560
Spain,ESP,1972,144716020
Spain,ESP,1973,154957340
Spain,ESP,1974,172665700
Spain,ESP,1975,181053860
Spain,ESP,1976,197749380
Spain,ESP,1977,194829090
Spain,ESP,1978,199513870
Spain,ESP,1979,202746540
Spain,ESP,1980,213915330
Spain,ESP,1981,206099620
Spain,ESP,1982,208594860
Spain,ESP,1983,203446140
Spain,ESP,1984,197707500
Spain,ESP,1985,199942610
Spain,ESP,1986,189123660
Spain,ESP,1987,189515380
Spain,ESP,1988,197461570
Spain,ESP,1989,224892960
Spain,ESP,1990,229382620
Spain,ESP,1991,239290670
Spain,ESP,1992,247686580
Spain,ESP,1993,239099310
Spain,ESP,1994,251388200
Spain,ESP,1995,265068580
Spain,ESP,1996,252561920
Spain,ESP,1997,264899440
Spain,ESP,1998,273649820
Spain,ESP,1999,297024900
Spain,ESP,2000,309259520
Spain,ESP,2001,311031300
Spain,ESP,2002,331028200
Spain,ESP,2003,335538900
Spain,ESP,2004,352139300
Spain,ESP,2005,367447070
Spain,ESP,2006,358869470
Spain,ESP,2007,366468500
Spain,ESP,2008,335284450
Spain,ESP,2009,296159330
Spain,ESP,2010,282585100
Spain,ESP,2011,283275040
Spain,ESP,2012,277432160
Spain,ESP,2013,252109170
Spain,ESP,2014,253657840
Spain,ESP,2015,270248030
Spain,ESP,2016,259554690
Spain,ESP,2017,273483870
Spain,ESP,2018,268520600
Spain,ESP,2019,250673650
Spain,ESP,2020,211764740
Spain,ESP,2021,228805710
Spain,ESP,2022,234223470
Spain,ESP,2023,215460750
Spain,ESP,2024,220341280
Sri Lanka,LKA,1950,1626816
Sri Lanka,LKA,1951,1545941
Sri Lanka,LKA,1952,1938019
Sri Lanka,LKA,1953,2066229.1
Sri Lanka,LKA,1954,1784041
Sri Lanka,LKA,1955,1663159
Sri Lanka,LKA,1956,1417611
Sri Lanka,LKA,1957,2319104
Sri Lanka,LKA,1958,1948922
Sri Lanka,LKA,1959,2055116.9
Sri Lanka,LKA,1960,2256667
Sri Lanka,LKA,1961,2333641
Sri Lanka,LKA,1962,2560779
Sri Lanka,LKA,1963,2531527
Sri Lanka,LKA,1964,2271383
Sri Lanka,LKA,1965,2656043
Sri Lanka,LKA,1966,2659737
Sri Lanka,LKA,1967,2945083
Sri Lanka,LKA,1968,3238085
Sri Lanka,LKA,1969,4315063
Sri Lanka,LKA,1970,3593077
Sri Lanka,LKA,1971,3190437
Sri Lanka,LKA,1972,3531828
Sri Lanka,LKA,1973,3674353
Sri Lanka,LKA,1974,2914425
Sri Lanka,LKA,1975,2877567
Sri Lanka,LKA,1976,2780990
Sri Lanka,LKA,1977,2895595
Sri Lanka,LKA,1978,3409202
Sri Lanka,LKA,1979,3780396
Sri Lanka,LKA,1980,3359822
Sri Lanka,LKA,1981,3972083
Sri Lanka,LKA,1982,4431675
Sri Lanka,LKA,1983,4826210
Sri Lanka,LKA,1984,3822768
Sri Lanka,LKA,1985,3880360
Sri Lanka,LKA,1986,3622832
Sri Lanka,LKA,1987,3988183
Sri Lanka,LKA,1988,3429972
Sri Lanka,LKA,1989,3419502
Sri Lanka,LKA,1990,3802257
Sri Lanka,LKA,1991,4106687
Sri Lanka,LKA,1992,5035799
Sri Lanka,LKA,1993,4912021
Sri Lanka,LKA,1994,5341534
Sri Lanka,LKA,1995,5717072
Sri Lanka,LKA,1996,6862750
Sri Lanka,LKA,1997,7400961
Sri Lanka,LKA,1998,7621323
Sri Lanka,LKA,1999,8381354.5
Sri Lanka,LKA,2000,9990373
Sri Lanka,LKA,2001,10157687
Sri Lanka,LKA,2002,10786742
Sri Lanka,LKA,2003,10761433
Sri Lanka,LKA,2004,11908245
Sri Lanka,LKA,2005,11669749
Sri Lanka,LKA,2006,11502950
Sri Lanka,LKA,2007,11843646
Sri Lanka,LKA,2008,11648252
Sri Lanka,LKA,2009,12572465
Sri Lanka,LKA,2010,12696774
Sri Lanka,LKA,2011,14476176
Sri Lanka,LKA,2012,15389400
Sri Lanka,LKA,2013,14143107
Sri Lanka,LKA,2014,17076016
Sri Lanka,LKA,2015,19178976
Sri Lanka,LKA,2016,22339186
Sri Lanka,LKA,2017,22167978
Sri Lanka,LKA,2018,20136762
Sri Lanka,LKA,2019,21105576
Sri Lanka,LKA,2020,20412408
Sri Lanka,LKA,2021,20823088
Sri Lanka,LKA,2022,18376960
Sri Lanka,LKA,2023,19166020
Sri Lanka,LKA,2024,20825544
Sudan,SDN,1950,505354
Sudan,SDN,1951,663698
Sudan,SDN,1952,697389
Sudan,SDN,1953,764769
Sudan,SDN,1954,751293
Sudan,SDN,1955,852167
Sudan,SDN,1956,825221
Sudan,SDN,1957,1061076
Sudan,SDN,1958,1185642
Sudan,SDN,1959,1256352
Sudan,SDN,1960,1249577
Sudan,SDN,1961,1273266
Sudan,SDN,1962,1364169
Sudan,SDN,1963,1542684
Sudan,SDN,1964,1707855
Sudan,SDN,1965,2230076
Sudan,SDN,1966,2428788
Sudan,SDN,1967,2927323
Sudan,SDN,1968,2853163
Sudan,SDN,1969,3843599
Sudan,SDN,1970,4460173
Sudan,SDN,1971,4577987
Sudan,SDN,1972,4941925
Sudan,SDN,1973,4985600
Sudan,SDN,1974,5221165
Sudan,SDN,1975,3894011
Sudan,SDN,1976,3448778
Sudan,SDN,1977,3494992
Sudan,SDN,1978,3156393
Sudan,SDN,1979,3276787
Sudan,SDN,1980,3437465
Sudan,SDN,1981,3340071
Sudan,SDN,1982,3509513
Sudan,SDN,1983,3581894
Sudan,SDN,1984,3211361
Sudan,SDN,1985,3731697
Sudan,SDN,1986,3895185
Sudan,SDN,1987,3070497
Sudan,SDN,1988,4443235
Sudan,SDN,1989,3441250
Sudan,SDN,1990,4783365
Sudan,SDN,1991,4480046
Sudan,SDN,1992,4001423
Sudan,SDN,1993,2754720
Sudan,SDN,1994,3837880
Sudan,SDN,1995,3962518
Sudan,SDN,1996,4096000.2
Sudan,SDN,1997,5022669
Sudan,SDN,1998,4372377
Sudan,SDN,1999,4753427
Sudan,SDN,2000,5291619
Sudan,SDN,2001,6017579
Sudan,SDN,2002,7633643
Sudan,SDN,2003,8515383
Sudan,SDN,2004,10866064
Sudan,SDN,2005,10558223
Sudan,SDN,2006,11544718
Sudan,SDN,2007,13563847
Sudan,SDN,2008,14178917
Sudan,SDN,2009,14805259
Sudan,SDN,2010,15070048
Sudan,SDN,2011,14711459
Sudan,SDN,2012,15763022
Sudan,SDN,2013,17374260
Sudan,SDN,2014,13094856
Sudan,SDN,2015,14246501
Sudan,SDN,2016,19737254
Sudan,SDN,2017,20306166
Sudan,SDN,2018,20515954
Sudan,SDN,2019,22007006
Sudan,SDN,2020,19799938
Sudan,SDN,2021,19208158
Sudan,SDN,2022,17528614
Sudan,SDN,2023,17715522
Sudan,SDN,2024,17794800
Suriname,SUR,1950,212512
Suriname,SUR,1951,234496
Suriname,SUR,1952,267472
Suriname,SUR,1953,311440
Suriname,SUR,1954,337088
Suriname,SUR,1955,311440
Suriname,SUR,1956,340752
Suriname,SUR,1957,373728
Suriname,SUR,1958,318768
Suriname,SUR,1959,366400
Suriname,SUR,1960,432352
Suriname,SUR,1961,428688
Suriname,SUR,1962,494640
Suriname,SUR,1963,531280
Suriname,SUR,1964,604560
Suriname,SUR,1965,795088
Suriname,SUR,1966,1095536
Suriname,SUR,1967,1333696
Suriname,SUR,1968,1450944
Suriname,SUR,1969,1520560
Suriname,SUR,1970,1608496
Suriname,SUR,1971,1714544
Suriname,SUR,1972,1743826
Suriname,SUR,1973,2106562
Suriname,SUR,1974,1600990
Suriname,SUR,1975,2018745
Suriname,SUR,1976,1996593
Suriname,SUR,1977,1897639
Suriname,SUR,1978,2392085
Suriname,SUR,1979,2293067
Suriname,SUR,1980,2369837
Suriname,SUR,1981,2028883.9
Suriname,SUR,1982,1871221
Suriname,SUR,1983,1372805
Suriname,SUR,1984,1552621
Suriname,SUR,1985,1596510
Suriname,SUR,1986,1757648
Suriname,SUR,1987,1757569
Suriname,SUR,1988,1874739
Suriname,SUR,1989,1852676
Suriname,SUR,1990,1738322
Suriname,SUR,1991,2024040
Suriname,SUR,1992,2031292.9
Suriname,SUR,1993,2038547
Suriname,SUR,1994,2043128
Suriname,SUR,1995,2061358.9
Suriname,SUR,1996,2083254.1
Suriname,SUR,1997,2105148
Suriname,SUR,1998,2105059
Suriname,SUR,1999,2123290
Suriname,SUR,2000,2192817
Suriname,SUR,2001,2363459
Suriname,SUR,2002,1560797
Suriname,SUR,2003,1538688
Suriname,SUR,2004,1553159
Suriname,SUR,2005,1585950
Suriname,SUR,2006,1740003
Suriname,SUR,2007,1757999
Suriname,SUR,2008,1940942
Suriname,SUR,2009,1989071
Suriname,SUR,2010,2375395
Suriname,SUR,2011,2757942
Suriname,SUR,2012,2493797
Suriname,SUR,2013,3151425
Suriname,SUR,2014,3200926
Suriname,SUR,2015,2713620
Suriname,SUR,2016,2913528
Suriname,SUR,2017,2430184
Suriname,SUR,2018,2093096
Suriname,SUR,2019,2632313
Suriname,SUR,2020,2921822
Suriname,SUR,2021,2646994
Suriname,SUR,2022,2827580
Suriname,SUR,2023,2868587
Suriname,SUR,2024,2987768
Sweden,SWE,1834,32976
Sweden,SWE,1839,43968
Sweden,SWE,1840,40304
Sweden,SWE,1841,40304
Sweden,SWE,1842,80608
Sweden,SWE,1843,58624
Sweden,SWE,1844,98928
Sweden,SWE,1845,87936
Sweden,SWE,1846,80608
Sweden,SWE,1847,80608
Sweden,SWE,1848,139232
Sweden,SWE,1849,194192
Sweden,SWE,1850,201520
Sweden,SWE,1851,216176
Sweden,SWE,1852,216176
Sweden,SWE,1853,227168
Sweden,SWE,1854,337088
Sweden,SWE,1855,315104
Sweden,SWE,1856,476320
Sweden,SWE,1857,611888
Sweden,SWE,1858,512960.03
Sweden,SWE,1859,754784
Sweden,SWE,1860,751120
Sweden,SWE,1861,967296
Sweden,SWE,1862,985616
Sweden,SWE,1863,985616
Sweden,SWE,1864,1036911.94
Sweden,SWE,1865,1080880
Sweden,SWE,1866,1113856
Sweden,SWE,1867,1036911.94
Sweden,SWE,1868,1223776
Sweden,SWE,1869,1088208
Sweden,SWE,1870,1341024
Sweden,SWE,1871,1432624
Sweden,SWE,1872,1711088
Sweden,SWE,1873,1736736
Sweden,SWE,1874,1872304
Sweden,SWE,1875,2275344
Sweden,SWE,1876,2429232
Sweden,SWE,1877,2572128
Sweden,SWE,1878,2180080
Sweden,SWE,1879,2213056
Sweden,SWE,1880,2828608
Sweden,SWE,1881,2751664
Sweden,SWE,1882,3147376
Sweden,SWE,1883,3216992
Sweden,SWE,1884,3550416
Sweden,SWE,1885,3828880
Sweden,SWE,1886,3751936
Sweden,SWE,1887,3803232
Sweden,SWE,1888,4246576
Sweden,SWE,1889,4957392
Sweden,SWE,1890,4946400
Sweden,SWE,1891,5279824
Sweden,SWE,1892,5250512
Sweden,SWE,1893,5279824
Sweden,SWE,1894,5891712
Sweden,SWE,1895,5954000
Sweden,SWE,1896,6155520
Sweden,SWE,1897,6855344
Sweden,SWE,1898,7298688
Sweden,SWE,1899,9134352
Sweden,SWE,1900,9170992
Sweden,SWE,1901,8522464
Sweden,SWE,1902,8925504
Sweden,SWE,1903,9804864
Sweden,SWE,1904,10325152
Sweden,SWE,1905,10163936
Sweden,SWE,1906,11292448
Sweden,SWE,1907,12772704
Sweden,SWE,1908,13755428
Sweden,SWE,1909,12669882
Sweden,SWE,1910,13117328
Sweden,SWE,1911,12792751
Sweden,SWE,1912,14187705
Sweden,SWE,1913,15953268
Sweden,SWE,1914,14985189
Sweden,SWE,1915,15101660
Sweden,SWE,1916,15931912
Sweden,SWE,1917,6903629
Sweden,SWE,1918,8115357.5
Sweden,SWE,1919,7797207
Sweden,SWE,1920,10542065
Sweden,SWE,1921,6133385
Sweden,SWE,1922,10126600
Sweden,SWE,1923,12294173
Sweden,SWE,1924,14642477
Sweden,SWE,1925,13119573
Sweden,SWE,1926,12769362
Sweden,SWE,1927,17874824
Sweden,SWE,1928,16244894
Sweden,SWE,1929,19369774
Sweden,SWE,1930,18932354
Sweden,SWE,1931,18944282
Sweden,SWE,1932,18736918
Sweden,SWE,1933,19517262
Sweden,SWE,1934,21732500
Sweden,SWE,1935,22864024
Sweden,SWE,1936,25047560
Sweden,SWE,1937,28942064
Sweden,SWE,1938,26134964
Sweden,SWE,1939,29299888
Sweden,SWE,1940,18474730
Sweden,SWE,1941,15041770
Sweden,SWE,1942,13022192
Sweden,SWE,1943,15835729
Sweden,SWE,1944,12442329
Sweden,SWE,1945,4549445
Sweden,SWE,1946,17376102
Sweden,SWE,1947,25092130
Sweden,SWE,1948,30800910
Sweden,SWE,1949,26831936
Sweden,SWE,1950,28659138
Sweden,SWE,1951,33480728
Sweden,SWE,1952,34564944
Sweden,SWE,1953,32559788
Sweden,SWE,1954,34504924
Sweden,SWE,1955,39106670
Sweden,SWE,1956,43382680
Sweden,SWE,1957,38846824
Sweden,SWE,1958,42074570
Sweden,SWE,1959,42392060
Sweden,SWE,1960,49170520
Sweden,SWE,1961,48803060
Sweden,SWE,1962,51272696
Sweden,SWE,1963,55313170
Sweden,SWE,1964,60368180
Sweden,SWE,1965,62565764
Sweden,SWE,1966,72517360
Sweden,SWE,1967,68929740
Sweden,SWE,1968,77609600
Sweden,SWE,1969,86384710
Sweden,SWE,1970,92287020
Sweden,SWE,1971,84508860
Sweden,SWE,1972,84703224
Sweden,SWE,1973,87289530
Sweden,SWE,1974,79822840
Sweden,SWE,1975,80760184
Sweden,SWE,1976,88240910
Sweden,SWE,1977,85740390
Sweden,SWE,1978,79476536
Sweden,SWE,1979,84868580
Sweden,SWE,1980,71713690
Sweden,SWE,1981,69388504
Sweden,SWE,1982,62256744
Sweden,SWE,1983,58268316
Sweden,SWE,1984,57308090
Sweden,SWE,1985,62364010
Sweden,SWE,1986,62009780
Sweden,SWE,1987,59694708
Sweden,SWE,1988,57425120
Sweden,SWE,1989,55520856
Sweden,SWE,1990,57416508
Sweden,SWE,1991,57663956
Sweden,SWE,1992,57509810
Sweden,SWE,1993,57516756
Sweden,SWE,1994,59997400
Sweden,SWE,1995,59487264
Sweden,SWE,1996,63349024
Sweden,SWE,1997,58355300
Sweden,SWE,1998,58767172
Sweden,SWE,1999,55936620
Sweden,SWE,2000,54892390
Sweden,SWE,2001,55782308
Sweden,SWE,2002,56633796
Sweden,SWE,2003,57220990
Sweden,SWE,2004,56427524
Sweden,SWE,2005,53787480
Sweden,SWE,2006,53650844
Sweden,SWE,2007,52878800
Sweden,SWE,2008,50765440
Sweden,SWE,2009,47143308
Sweden,SWE,2010,53028584
Sweden,SWE,2011,49113770
Sweden,SWE,2012,46606916
Sweden,SWE,2013,45105884
Sweden,SWE,2014,43384748
Sweden,SWE,2015,43310144
Sweden,SWE,2016,43308376
Sweden,SWE,2017,42355424
Sweden,SWE,2018,41856004
Sweden,SWE,2019,40772480
Sweden,SWE,2020,36622220
Sweden,SWE,2021,38567984
Sweden,SWE,2022,36342156
Sweden,SWE,2023,36708596
Sweden,SWE,2024,38096652
Switzerland,CHE,1858,146560
Switzerland,CHE,1859,205184
Switzerland,CHE,1860,304112
Switzerland,CHE,1861,425024
Switzerland,CHE,1862,468992
Switzerland,CHE,1863,468992
Switzerland,CHE,1864,571584
Switzerland,CHE,1865,696160
Switzerland,CHE,1866,688832
Switzerland,CHE,1867,674176
Switzerland,CHE,1868,769440
Switzerland,CHE,1869,743792
Switzerland,CHE,1870,897680
Switzerland,CHE,1871,1110192
Switzerland,CHE,1872,1275072
Switzerland,CHE,1873,1238432
Switzerland,CHE,1874,1168816
Switzerland,CHE,1875,1278736
Switzerland,CHE,1876,1494912
Switzerland,CHE,1877,1417968
Switzerland,CHE,1878,1355680
Switzerland,CHE,1879,1447280
Switzerland,CHE,1880,1670784
Switzerland,CHE,1881,1564528
Switzerland,CHE,1882,1729408
Switzerland,CHE,1883,1912608
Switzerland,CHE,1884,1963904
Switzerland,CHE,1885,2044512
Switzerland,CHE,1886,2084816
Switzerland,CHE,1887,2257024
Switzerland,CHE,1888,2304656
Switzerland,CHE,1889,2542816
Switzerland,CHE,1890,2876240
Switzerland,CHE,1891,3521104
Switzerland,CHE,1892,3469808
Switzerland,CHE,1893,2876240
Switzerland,CHE,1894,3583392
Switzerland,CHE,1895,3847200
Switzerland,CHE,1896,4209936
Switzerland,CHE,1897,4440768
Switzerland,CHE,1898,4748544
Switzerland,CHE,1899,5122272
Switzerland,CHE,1900,5675536
Switzerland,CHE,1901,5184560
Switzerland,CHE,1902,5235856
Switzerland,CHE,1903,5671872
Switzerland,CHE,1904,5961328
Switzerland,CHE,1905,6239792
Switzerland,CHE,1906,6895648
Switzerland,CHE,1907,7998512
Switzerland,CHE,1908,8005840.5
Switzerland,CHE,1909,8068127.5
Switzerland,CHE,1910,7789664
Switzerland,CHE,1911,8610400
Switzerland,CHE,1912,8760624
Switzerland,CHE,1913,9251600
Switzerland,CHE,1914,8427200
Switzerland,CHE,1915,8925504
Switzerland,CHE,1916,8482160
Switzerland,CHE,1917,6107888
Switzerland,CHE,1918,5745152
Switzerland,CHE,1919,4605648
Switzerland,CHE,1920,7232736
Switzerland,CHE,1921,4466416
Switzerland,CHE,1922,6151856
Switzerland,CHE,1923,7665088
Switzerland,CHE,1924,7232736
Switzerland,CHE,1925,7536848
Switzerland,CHE,1926,7456240
Switzerland,CHE,1927,8595744
Switzerland,CHE,1928,8963252
Switzerland,CHE,1929,10263735
Switzerland,CHE,1930,9556195
Switzerland,CHE,1931,10094537
Switzerland,CHE,1932,10222985
Switzerland,CHE,1933,9566704
Switzerland,CHE,1934,9555712
Switzerland,CHE,1935,9475104
Switzerland,CHE,1936,9920062
Switzerland,CHE,1937,10464384
Switzerland,CHE,1938,10458105
Switzerland,CHE,1939,11860368
Switzerland,CHE,1940,8311001
Switzerland,CHE,1941,6625295
Switzerland,CHE,1942,5838634
Switzerland,CHE,1943,6172353
Switzerland,CHE,1944,4450036
Switzerland,CHE,1945,1621488
Switzerland,CHE,1946,5764343
Switzerland,CHE,1947,9445593
Switzerland,CHE,1948,10211101
Switzerland,CHE,1949,8529504
Switzerland,CHE,1950,10251167
Switzerland,CHE,1951,12320571
Switzerland,CHE,1952,11239231
Switzerland,CHE,1953,10351739
Switzerland,CHE,1954,12611478
Switzerland,CHE,1955,13632514
Switzerland,CHE,1956,17082932
Switzerland,CHE,1957,17716042
Switzerland,CHE,1958,16306967
Switzerland,CHE,1959,16616386
Switzerland,CHE,1960,19513184
Switzerland,CHE,1961,20375598
Switzerland,CHE,1962,24134640
Switzerland,CHE,1963,29085016
Switzerland,CHE,1964,28143752
Switzerland,CHE,1965,30339928
Switzerland,CHE,1966,31496590
Switzerland,CHE,1967,32527000
Switzerland,CHE,1968,35988656
Switzerland,CHE,1969,38054292
Switzerland,CHE,1970,40251650
Switzerland,CHE,1971,41893804
Switzerland,CHE,1972,42916236
Switzerland,CHE,1973,46204920
Switzerland,CHE,1974,41424548
Switzerland,CHE,1975,39049480
Switzerland,CHE,1976,40434612
Switzerland,CHE,1977,41030724
Switzerland,CHE,1978,42165060
Switzerland,CHE,1979,39858028
Switzerland,CHE,1980,40481760
Switzerland,CHE,1981,38801984
Switzerland,CHE,1982,36574908
Switzerland,CHE,1983,40010620
Switzerland,CHE,1984,39111670
Switzerland,CHE,1985,39762296
Switzerland,CHE,1986,42226090
Switzerland,CHE,1987,40182140
Switzerland,CHE,1988,40639790
Switzerland,CHE,1989,39388520
Switzerland,CHE,1990,44148692
Switzerland,CHE,1991,46130730
Switzerland,CHE,1992,46018068
Switzerland,CHE,1993,43609670
Switzerland,CHE,1994,42667984
Switzerland,CHE,1995,43413744
Switzerland,CHE,1996,44106828
Switzerland,CHE,1997,43046316
Switzerland,CHE,1998,44622480
Switzerland,CHE,1999,44446548
Switzerland,CHE,2000,43620510
Switzerland,CHE,2001,45084900
Switzerland,CHE,2002,43467076
Switzerland,CHE,2003,44650652
Switzerland,CHE,2004,45231136
Switzerland,CHE,2005,45776116
Switzerland,CHE,2006,45364932
Switzerland,CHE,2007,43359412
Switzerland,CHE,2008,44700870
Switzerland,CHE,2009,43525850
Switzerland,CHE,2010,45033684
Switzerland,CHE,2011,40973228
Switzerland,CHE,2012,42242188
Switzerland,CHE,2013,43182930
Switzerland,CHE,2014,39244148
Switzerland,CHE,2015,38756060
Switzerland,CHE,2016,39224776
Switzerland,CHE,2017,38234000
Switzerland,CHE,2018,36945068
Switzerland,CHE,2019,36822244
Switzerland,CHE,2020,34343256
Switzerland,CHE,2021,35902450
Switzerland,CHE,2022,32950562
Switzerland,CHE,2023,31977486
Switzerland,CHE,2024,32071708
Syria,SYR,1931,3634
Syria,SYR,1932,10903
Syria,SYR,1933,14537
Syria,SYR,1934,10903
Syria,SYR,1935,14537
Syria,SYR,1936,29074
Syria,SYR,1937,61783
Syria,SYR,1938,61783
Syria,SYR,1939,58149
Syria,SYR,1940,21806
Syria,SYR,1941,21806
Syria,SYR,1942,54514
Syria,SYR,1943,36343
Syria,SYR,1944,18171
Syria,SYR,1945,18171
Syria,SYR,1946,21806
Syria,SYR,1947,25440
Syria,SYR,1948,25440
Syria,SYR,1949,29074
Syria,SYR,1950,413762
Syria,SYR,1951,380789
Syria,SYR,1952,475696
Syria,SYR,1953,512069
Syria,SYR,1954,577895
Syria,SYR,1955,1644066
Syria,SYR,1956,2002901.1
Syria,SYR,1957,1980946
Syria,SYR,1958,2167513
Syria,SYR,1959,2225896
Syria,SYR,1960,3218695
Syria,SYR,1961,3060935
Syria,SYR,1962,3199872
Syria,SYR,1963,3606276
Syria,SYR,1964,4361268
Syria,SYR,1965,3672258
Syria,SYR,1966,4910928
Syria,SYR,1967,4603211
Syria,SYR,1968,5953950
Syria,SYR,1969,7232626
Syria,SYR,1970,6649929
Syria,SYR,1971,8874187
Syria,SYR,1972,7756279
Syria,SYR,1973,7885176
Syria,SYR,1974,9654411
Syria,SYR,1975,11171188
Syria,SYR,1976,13741780
Syria,SYR,1977,14644018
Syria,SYR,1978,15199352
Syria,SYR,1979,22515414
Syria,SYR,1980,20768284
Syria,SYR,1981,26592634
Syria,SYR,1982,24440308
Syria,SYR,1983,27895590
Syria,SYR,1984,33009784
Syria,SYR,1985,29568652
Syria,SYR,1986,31266036
Syria,SYR,1987,36136612
Syria,SYR,1988,36859892
Syria,SYR,1989,34475828
Syria,SYR,1990,37264530
Syria,SYR,1991,42424696
Syria,SYR,1992,42803370
Syria,SYR,1993,45521532
Syria,SYR,1994,45956020
Syria,SYR,1995,46391916
Syria,SYR,1996,47445684
Syria,SYR,1997,49605196
Syria,SYR,1998,53496292
Syria,SYR,1999,55534080
Syria,SYR,2000,54526780
Syria,SYR,2001,51342884
Syria,SYR,2002,40726880
Syria,SYR,2003,55377304
Syria,SYR,2004,51691510
Syria,SYR,2005,51161764
Syria,SYR,2006,54039970
Syria,SYR,2007,66972530
Syria,SYR,2008,68084080
Syria,SYR,2009,63261240
Syria,SYR,2010,62057320
Syria,SYR,2011,59078228
Syria,SYR,2012,46338510
Syria,SYR,2013,34256524
Syria,SYR,2014,34869310
Syria,SYR,2015,31115404
Syria,SYR,2016,29162014
Syria,SYR,2017,34473470
Syria,SYR,2018,31771348
Syria,SYR,2019,33491608
Syria,SYR,2020,32344418
Syria,SYR,2021,32508500
Syria,SYR,2022,31423332
Syria,SYR,2023,31673644
Syria,SYR,2024,31778448
Taiwan,TWN,1750,0
Taiwan,TWN,1751,0
Taiwan,TWN,1752,0
Taiwan,TWN,1753,0
Taiwan,TWN,1754,0
Taiwan,TWN,1755,0
Taiwan,TWN,1756,0
Taiwan,TWN,1757,0
Taiwan,TWN,1758,0
Taiwan,TWN,1759,0
Taiwan,TWN,1760,0
Taiwan,TWN,1761,0
Taiwan,TWN,1762,0
Taiwan,TWN,1763,0
Taiwan,TWN,1764,0
Taiwan,TWN,1765,0
Taiwan,TWN,1766,0
Taiwan,TWN,1767,0
Taiwan,TWN,1768,0
Taiwan,TWN,1769,0
Taiwan,TWN,1770,0
Taiwan,TWN,1771,0
Taiwan,TWN,1772,0
Taiwan,TWN,1773,0
Taiwan,TWN,1774,0
Taiwan,TWN,1775,0
Taiwan,TWN,1776,0
Taiwan,TWN,1777,0
Taiwan,TWN,1778,0
Taiwan,TWN,1779,0
Taiwan,TWN,1780,0
Taiwan,TWN,1781,0
Taiwan,TWN,1782,0
Taiwan,TWN,1783,0
Taiwan,TWN,1784,0
Taiwan,TWN,1785,0
Taiwan,TWN,1786,0
Taiwan,TWN,1787,0
Taiwan,TWN,1788,0
Taiwan,TWN,1789,0
Taiwan,TWN,1790,0
Taiwan,TWN,1791,0
Taiwan,TWN,1792,0
Taiwan,TWN,1793,0
Taiwan,TWN,1794,0
Taiwan,TWN,1795,0
Taiwan,TWN,1796,0
Taiwan,TWN,1797,0
Taiwan,TWN,1798,0
Taiwan,TWN,1799,0
Taiwan,TWN,1800,0
Taiwan,TWN,1801,0
Taiwan,TWN,1802,0
Taiwan,TWN,1803,0
Taiwan,TWN,1804,0
Taiwan,TWN,1805,0
Taiwan,TWN,1806,0
Taiwan,TWN,1807,0
Taiwan,TWN,1808,0
Taiwan,TWN,1809,0
Taiwan,TWN,1810,0
Taiwan,TWN,1811,0
Taiwan,TWN,1812,0
Taiwan,TWN,1813,0
Taiwan,TWN,1814,0
Taiwan,TWN,1815,0
Taiwan,TWN,1816,0
Taiwan,TWN,1817,0
Taiwan,TWN,1818,0
Taiwan,TWN,1819,0
Taiwan,TWN,1820,0
Taiwan,TWN,1821,0
Taiwan,TWN,1822,0
Taiwan,TWN,1823,0
Taiwan,TWN,1824,0
Taiwan,TWN,1825,0
Taiwan,TWN,1826,0
Taiwan,TWN,1827,0
Taiwan,TWN,1828,0
Taiwan,TWN,1829,0
Taiwan,TWN,1830,0
Taiwan,TWN,1831,0
Taiwan,TWN,1832,0
Taiwan,TWN,1833,0
Taiwan,TWN,1834,0
Taiwan,TWN,1835,0
Taiwan,TWN,1836,0
Taiwan,TWN,1837,0
Taiwan,TWN,1838,0
Taiwan,TWN,1839,0
Taiwan,TWN,1840,0
Taiwan,TWN,1841,0
Taiwan,TWN,1842,0
Taiwan,TWN,1843,0
Taiwan,TWN,1844,0
Taiwan,TWN,1845,0
Taiwan,TWN,1846,0
Taiwan,TWN,1847,0
Taiwan,TWN,1848,0
Taiwan,TWN,1849,0
Taiwan,TWN,1850,0
Taiwan,TWN,1851,0
Taiwan,TWN,1852,0
Taiwan,TWN,1853,0
Taiwan,TWN,1854,0
Taiwan,TWN,1855,0
Taiwan,TWN,1856,0
Taiwan,TWN,1857,0
Taiwan,TWN,1858,0
Taiwan,TWN,1859,0
Taiwan,TWN,1860,0
Taiwan,TWN,1861,0
Taiwan,TWN,1862,0
Taiwan,TWN,1863,0
Taiwan,TWN,1864,0
Taiwan,TWN,1865,0
Taiwan,TWN,1866,0
Taiwan,TWN,1867,0
Taiwan,TWN,1868,0
Taiwan,TWN,1869,0
Taiwan,TWN,1870,0
Taiwan,TWN,1871,0
Taiwan,TWN,1872,0
Taiwan,TWN,1873,0
Taiwan,TWN,1874,0
Taiwan,TWN,1875,0
Taiwan,TWN,1876,0
Taiwan,TWN,1877,0
Taiwan,TWN,1878,0
Taiwan,TWN,1879,0
Taiwan,TWN,1880,0
Taiwan,TWN,1881,0
Taiwan,TWN,1882,0
Taiwan,TWN,1883,0
Taiwan,TWN,1884,0
Taiwan,TWN,1885,0
Taiwan,TWN,1886,0
Taiwan,TWN,1887,0
Taiwan,TWN,1888,0
Taiwan,TWN,1889,0
Taiwan,TWN,1890,0
Taiwan,TWN,1891,0
Taiwan,TWN,1892,0
Taiwan,TWN,1893,0
Taiwan,TWN,1894,0
Taiwan,TWN,1895,0
Taiwan,TWN,1896,3664
Taiwan,TWN,1897,51296
Taiwan,TWN,1898,113584
Taiwan,TWN,1899,80608
Taiwan,TWN,1900,109920
Taiwan,TWN,1901,175872
Taiwan,TWN,1902,256480.02
Taiwan,TWN,1903,216176
Taiwan,TWN,1904,219840
Taiwan,TWN,1905,252815.98
Taiwan,TWN,1906,274800
Taiwan,TWN,1907,359072
Taiwan,TWN,1908,410368
Taiwan,TWN,1909,487312
Taiwan,TWN,1910,615552
Taiwan,TWN,1911,677840
Taiwan,TWN,1912,740128
Taiwan,TWN,1913,853712
Taiwan,TWN,1914,919664
Taiwan,TWN,1915,1014928
Taiwan,TWN,1916,1384992
Taiwan,TWN,1917,1799024
Taiwan,TWN,1918,2143440
Taiwan,TWN,1919,2909216
Taiwan,TWN,1920,3044784
Taiwan,TWN,1921,2755328
Taiwan,TWN,1922,3572400
Taiwan,TWN,1923,3832544
Taiwan,TWN,1924,3993760
Taiwan,TWN,1925,4488400
Taiwan,TWN,1926,4752208
Taiwan,TWN,1927,4928080
Taiwan,TWN,1928,4202608
Taiwan,TWN,1929,4191616
Taiwan,TWN,1930,4242912
Taiwan,TWN,1931,3773920
Taiwan,TWN,1932,3594384
Taiwan,TWN,1933,4195280
Taiwan,TWN,1934,4173296
Taiwan,TWN,1935,4363824
Taiwan,TWN,1936,4733888
Taiwan,TWN,1937,5250512
Taiwan,TWN,1938,5899040
Taiwan,TWN,1939,7181440
Taiwan,TWN,1940,7767680
Taiwan,TWN,1941,7935362
Taiwan,TWN,1942,6418406
Taiwan,TWN,1943,6425409
Taiwan,TWN,1944,4630315
Taiwan,TWN,1945,2187408
Taiwan,TWN,1946,2861584
Taiwan,TWN,1947,3619259
Taiwan,TWN,1948,4538746
Taiwan,TWN,1949,4472556
Taiwan,TWN,1950,3783573
Taiwan,TWN,1951,4908185
Taiwan,TWN,1952,6391866
Taiwan,TWN,1953,6472178
Taiwan,TWN,1954,6486776
Taiwan,TWN,1955,7197383
Taiwan,TWN,1956,7684834
Taiwan,TWN,1957,8182938.5
Taiwan,TWN,1958,9569933
Taiwan,TWN,1959,10991355
Taiwan,TWN,1960,11873904
Taiwan,TWN,1961,12528672
Taiwan,TWN,1962,14164804
Taiwan,TWN,1963,15108601
Taiwan,TWN,1964,16907178
Taiwan,TWN,1965,17844806
Taiwan,TWN,1966,19461588
Taiwan,TWN,1967,21969916
Taiwan,TWN,1968,24140614
Taiwan,TWN,1969,26290996
Taiwan,TWN,1970,28734026
Taiwan,TWN,1971,31474938
Taiwan,TWN,1972,35871812
Taiwan,TWN,1973,40244864
Taiwan,TWN,1974,39309716
Taiwan,TWN,1975,43454064
Taiwan,TWN,1976,56100036
Taiwan,TWN,1977,61129988
Taiwan,TWN,1978,71027624
Taiwan,TWN,1979,75765810
Taiwan,TWN,1980,83514630
Taiwan,TWN,1981,75051900
Taiwan,TWN,1982,70034650
Taiwan,TWN,1983,76553360
Taiwan,TWN,1984,77606270
Taiwan,TWN,1985,76449160
Taiwan,TWN,1986,86161976
Taiwan,TWN,1987,90519460
Taiwan,TWN,1988,106379700
Taiwan,TWN,1989,115009890
Taiwan,TWN,1990,124258000
Taiwan,TWN,1991,133631000
Taiwan,TWN,1992,142432000
Taiwan,TWN,1993,154046000
Taiwan,TWN,1994,161564000
Taiwan,TWN,1995,170064000
Taiwan,TWN,1996,178059000
Taiwan,TWN,1997,190782000
Taiwan,TWN,1998,200546000
Taiwan,TWN,1999,208022990
Taiwan,TWN,2000,226934000
Taiwan,TWN,2001,231430990
Taiwan,TWN,2002,238567000
Taiwan,TWN,2003,249129000
Taiwan,TWN,2004,259367000
Taiwan,TWN,2005,266888000
Taiwan,TWN,2006,276552000
Taiwan,TWN,2007,280080000
Taiwan,TWN,2008,266975000
Taiwan,TWN,2009,253028000
Taiwan,TWN,2010,270717980
Taiwan,TWN,2011,276771000
Taiwan,TWN,2012,273282020
Taiwan,TWN,2013,274576000
Taiwan,TWN,2014,276959000
Taiwan,TWN,2015,276264000
Taiwan,TWN,2016,280197000
Taiwan,TWN,2017,285736000
Taiwan,TWN,2018,284151000
Taiwan,TWN,2019,274704000
Taiwan,TWN,2020,272464200
Taiwan,TWN,2021,283820930
Taiwan,TWN,2022,273988830
Taiwan,TWN,2023,267126800
Taiwan,TWN,2024,262344820
Tajikistan,TJK,1830,60
Tajikistan,TJK,1831,72
Tajikistan,TJK,1832,48
Tajikistan,TJK,1833,60
Tajikistan,TJK,1850,371
Tajikistan,TJK,1855,1126
Tajikistan,TJK,1858,1582
Tajikistan,TJK,1859,1678
Tajikistan,TJK,1860,2217
Tajikistan,TJK,1861,2816
Tajikistan,TJK,1862,2540
Tajikistan,TJK,1863,2660
Tajikistan,TJK,1864,2984
Tajikistan,TJK,1865,2852
Tajikistan,TJK,1866,9011
Tajikistan,TJK,1867,10341
Tajikistan,TJK,1868,8603
Tajikistan,TJK,1869,11671
Tajikistan,TJK,1870,12665
Tajikistan,TJK,1871,17099
Tajikistan,TJK,1872,17554
Tajikistan,TJK,1873,16476
Tajikistan,TJK,1874,19998
Tajikistan,TJK,1875,23018
Tajikistan,TJK,1876,28578
Tajikistan,TJK,1877,29165
Tajikistan,TJK,1878,38115
Tajikistan,TJK,1879,39110
Tajikistan,TJK,1880,45880
Tajikistan,TJK,1881,48324
Tajikistan,TJK,1882,50900
Tajikistan,TJK,1883,57934
Tajikistan,TJK,1884,58821
Tajikistan,TJK,1885,64069.004
Tajikistan,TJK,1886,65710
Tajikistan,TJK,1887,69533
Tajikistan,TJK,1888,72528
Tajikistan,TJK,1889,78328
Tajikistan,TJK,1890,88704
Tajikistan,TJK,1891,97667
Tajikistan,TJK,1892,103382
Tajikistan,TJK,1893,121176
Tajikistan,TJK,1894,123417
Tajikistan,TJK,1895,141809
Tajikistan,TJK,1896,144362
Tajikistan,TJK,1897,166912
Tajikistan,TJK,1898,187198
Tajikistan,TJK,1899,217165
Tajikistan,TJK,1900,246007
Tajikistan,TJK,1901,252561
Tajikistan,TJK,1902,243934
Tajikistan,TJK,1903,238614
Tajikistan,TJK,1904,265478
Tajikistan,TJK,1905,236972
Tajikistan,TJK,1906,270294
Tajikistan,TJK,1907,302754
Tajikistan,TJK,1908,304611
Tajikistan,TJK,1909,321554
Tajikistan,TJK,1910,315348
Tajikistan,TJK,1911,326946
Tajikistan,TJK,1912,370358
Tajikistan,TJK,1913,402326
Tajikistan,TJK,1914,363109
Tajikistan,TJK,1915,333285
Tajikistan,TJK,1916,355224
Tajikistan,TJK,1917,326922
Tajikistan,TJK,1918,130377.99
Tajikistan,TJK,1919,111363
Tajikistan,TJK,1920,101549
Tajikistan,TJK,1921,110128
Tajikistan,TJK,1922,134308
Tajikistan,TJK,1923,148364
Tajikistan,TJK,1924,176761
Tajikistan,TJK,1925,174461
Tajikistan,TJK,1926,252776
Tajikistan,TJK,1927,314269
Tajikistan,TJK,1928,347903
Tajikistan,TJK,1929,374743
Tajikistan,TJK,1930,510348.97
Tajikistan,TJK,1931,613237
Tajikistan,TJK,1932,690452
Tajikistan,TJK,1933,771861
Tajikistan,TJK,1934,933332
Tajikistan,TJK,1935,1055933
Tajikistan,TJK,1936,1210130
Tajikistan,TJK,1937,1237857
Tajikistan,TJK,1938,1306557
Tajikistan,TJK,1939,1322596
Tajikistan,TJK,1940,1585497
Tajikistan,TJK,1941,1393161
Tajikistan,TJK,1942,759420
Tajikistan,TJK,1943,792575
Tajikistan,TJK,1944,1149380
Tajikistan,TJK,1945,1215158
Tajikistan,TJK,1946,1364419
Tajikistan,TJK,1947,1642394
Tajikistan,TJK,1948,1746620
Tajikistan,TJK,1949,1985240
Tajikistan,TJK,1950,2211679
Tajikistan,TJK,1951,2396168
Tajikistan,TJK,1952,2565911
Tajikistan,TJK,1953,2714464
Tajikistan,TJK,1954,2963835
Tajikistan,TJK,1955,3360717
Tajikistan,TJK,1956,3686014
Tajikistan,TJK,1957,4033867
Tajikistan,TJK,1958,4306263
Tajikistan,TJK,1959,4527452
Tajikistan,TJK,1960,4714116
Tajikistan,TJK,1961,4863244
Tajikistan,TJK,1962,5107150
Tajikistan,TJK,1963,5479299
Tajikistan,TJK,1964,5828841
Tajikistan,TJK,1965,6183966
Tajikistan,TJK,1966,6531586
Tajikistan,TJK,1967,6833329
Tajikistan,TJK,1968,7028845
Tajikistan,TJK,1969,7322904
Tajikistan,TJK,1970,7703949
Tajikistan,TJK,1971,8190111
Tajikistan,TJK,1972,8632560
Tajikistan,TJK,1973,9014295
Tajikistan,TJK,1974,9376161
Tajikistan,TJK,1975,9872945
Tajikistan,TJK,1976,10261751
Tajikistan,TJK,1977,10621491
Tajikistan,TJK,1978,10997285
Tajikistan,TJK,1979,11093249
Tajikistan,TJK,1980,11535487
Tajikistan,TJK,1981,11339389
Tajikistan,TJK,1982,11557916
Tajikistan,TJK,1983,11738964
Tajikistan,TJK,1984,11856430
Tajikistan,TJK,1985,12778886
Tajikistan,TJK,1986,12349876
Tajikistan,TJK,1987,12017725
Tajikistan,TJK,1988,12968354
Tajikistan,TJK,1989,12856128
Tajikistan,TJK,1990,12306644
Tajikistan,TJK,1991,10015058
Tajikistan,TJK,1992,7332642
Tajikistan,TJK,1993,5152616
Tajikistan,TJK,1994,2345055
Tajikistan,TJK,1995,2434788
Tajikistan,TJK,1996,2823650
Tajikistan,TJK,1997,2150430
Tajikistan,TJK,1998,2496600
Tajikistan,TJK,1999,2518913
Tajikistan,TJK,2000,2236463
Tajikistan,TJK,2001,2287397
Tajikistan,TJK,2002,1872401
Tajikistan,TJK,2003,2071703.9
Tajikistan,TJK,2004,2561510
Tajikistan,TJK,2005,2440518
Tajikistan,TJK,2006,2656229
Tajikistan,TJK,2007,3228767
Tajikistan,TJK,2008,2897018
Tajikistan,TJK,2009,2444954
Tajikistan,TJK,2010,2534786
Tajikistan,TJK,2011,2342442
Tajikistan,TJK,2012,2934480
Tajikistan,TJK,2013,2908285
Tajikistan,TJK,2014,4606222
Tajikistan,TJK,2015,5306567
Tajikistan,TJK,2016,6015884
Tajikistan,TJK,2017,6879488
Tajikistan,TJK,2018,8080877.5
Tajikistan,TJK,2019,8714168
Tajikistan,TJK,2020,9423311
Tajikistan,TJK,2021,9384338
Tajikistan,TJK,2022,10520923
Tajikistan,TJK,2023,10264285
Tajikistan,TJK,2024,10739768
Tanzania,TZA,1950,498304
Tanzania,TZA,1951,447008
Tanzania,TZA,1952,538608
Tanzania,TZA,1953,527616
Tanzania,TZA,1954,538608
Tanzania,TZA,1955,556928
Tanzania,TZA,1956,659520
Tanzania,TZA,1957,762112
Tanzania,TZA,1958,802416
Tanzania,TZA,1959,688832
Tanzania,TZA,1960,828064
Tanzania,TZA,1961,703488
Tanzania,TZA,1962,765776
Tanzania,TZA,1963,802416
Tanzania,TZA,1964,1033247.94
Tanzania,TZA,1965,1161488
Tanzania,TZA,1966,1370129
Tanzania,TZA,1967,1758126
Tanzania,TZA,1968,1651841
Tanzania,TZA,1969,1794677
Tanzania,TZA,1970,1765365
Tanzania,TZA,1971,2461495
Tanzania,TZA,1972,2164473
Tanzania,TZA,1973,3182738
Tanzania,TZA,1974,2303467
Tanzania,TZA,1975,2281601
Tanzania,TZA,1976,2785968
Tanzania,TZA,1977,2007622
Tanzania,TZA,1978,2197332
Tanzania,TZA,1979,2062789.9
Tanzania,TZA,1980,1873642
Tanzania,TZA,1981,2106825
Tanzania,TZA,1982,2148300
Tanzania,TZA,1983,2196304
Tanzania,TZA,1984,2346983
Tanzania,TZA,1985,2337900
Tanzania,TZA,1986,2277593
Tanzania,TZA,1987,2367510
Tanzania,TZA,1988,2271686
Tanzania,TZA,1989,2161598
Tanzania,TZA,1990,2112309
Tanzania,TZA,1991,2255268
Tanzania,TZA,1992,2177588
Tanzania,TZA,1993,2426036
Tanzania,TZA,1994,2063123
Tanzania,TZA,1995,2433890
Tanzania,TZA,1996,2526706
Tanzania,TZA,1997,2824358
Tanzania,TZA,1998,2480937
Tanzania,TZA,1999,2458755
Tanzania,TZA,2000,2571821
Tanzania,TZA,2001,3040810
Tanzania,TZA,2002,3485616
Tanzania,TZA,2003,3687241
Tanzania,TZA,2004,4221283
Tanzania,TZA,2005,5355817
Tanzania,TZA,2006,5876241
Tanzania,TZA,2007,5706146
Tanzania,TZA,2008,5988669
Tanzania,TZA,2009,5807482
Tanzania,TZA,2010,7194109
Tanzania,TZA,2011,8440309
Tanzania,TZA,2012,10367499
Tanzania,TZA,2013,11251474
Tanzania,TZA,2014,10997434
Tanzania,TZA,2015,12782672
Tanzania,TZA,2016,13529452
Tanzania,TZA,2017,13513487
Tanzania,TZA,2018,14233063
Tanzania,TZA,2019,16190849
Tanzania,TZA,2020,15952437
Tanzania,TZA,2021,17677692
Tanzania,TZA,2022,19702384
Tanzania,TZA,2023,20309608
Tanzania,TZA,2024,20018364
Thailand,THA,1931,29074
Thailand,THA,1932,25440
Thailand,THA,1933,21806
Thailand,THA,1934,25440
Thailand,THA,1935,25440
Thailand,THA,1936,29074
Thailand,THA,1937,36343
Thailand,THA,1938,39977
Thailand,THA,1939,47246
Thailand,THA,1940,58149
Thailand,THA,1941,58149
Thailand,THA,1943,32708.998
Thailand,THA,1944,14537
Thailand,THA,1947,29074
Thailand,THA,1948,39977
Thailand,THA,1949,61783
Thailand,THA,1950,955618
Thailand,THA,1951,1090624
Thailand,THA,1952,1277729
Thailand,THA,1953,1643977
Thailand,THA,1954,2050292
Thailand,THA,1955,2372727
Thailand,THA,1956,2618158
Thailand,THA,1957,2922236
Thailand,THA,1958,3017294
Thailand,THA,1959,3321198
Thailand,THA,1960,3709492
Thailand,THA,1961,4141500
Thailand,THA,1962,5028546
Thailand,THA,1963,5564353
Thailand,THA,1964,7474013
Thailand,THA,1965,7444910
Thailand,THA,1966,9471130
Thailand,THA,1967,12156816
Thailand,THA,1968,17083320
Thailand,THA,1969,14548664
Thailand,THA,1970,15362163
Thailand,THA,1971,19212778
Thailand,THA,1972,21771114
Thailand,THA,1973,24357124
Thailand,THA,1974,24116400
Thailand,THA,1975,24253886
Thailand,THA,1976,28564168
Thailand,THA,1977,31877632
Thailand,THA,1978,34760056
Thailand,THA,1979,36395600
Thailand,THA,1980,39750508
Thailand,THA,1981,37540532
Thailand,THA,1982,37357036
Thailand,THA,1983,41784588
Thailand,THA,1984,45154650
Thailand,THA,1985,47865170
Thailand,THA,1986,48969828
Thailand,THA,1987,53814388
Thailand,THA,1988,60731536
Thailand,THA,1989,71695896
Thailand,THA,1990,86563260
Thailand,THA,1991,95044824
Thailand,THA,1992,105513450
Thailand,THA,1993,121855060
Thailand,THA,1994,136870030
Thailand,THA,1995,153650030
Thailand,THA,1996,173565810
Thailand,THA,1997,181202740
Thailand,THA,1998,159704030
Thailand,THA,1999,167234700
Thailand,THA,2000,167352160
Thailand,THA,2001,172266830
Thailand,THA,2002,184665470
Thailand,THA,2003,191087740
Thailand,THA,2004,207330690
Thailand,THA,2005,214325150
Thailand,THA,2006,215824660
Thailand,THA,2007,224082560
Thailand,THA,2008,224248750
Thailand,THA,2009,228836220
Thailand,THA,2010,241018980
Thailand,THA,2011,244878160
Thailand,THA,2012,262347660
Thailand,THA,2013,263753500
Thailand,THA,2014,272487650
Thailand,THA,2015,277098720
Thailand,THA,2016,284045470
Thailand,THA,2017,283347620
Thailand,THA,2018,288304900
Thailand,THA,2019,281877440
Thailand,THA,2020,271923300
Thailand,THA,2021,267141810
Thailand,THA,2022,272573380
Thailand,THA,2023,264733680
Thailand,THA,2024,267760200
Togo,TGO,1950,25648
Togo,TGO,1951,25648
Togo,TGO,1952,43968
Togo,TGO,1953,29312
Togo,TGO,1954,32976
Togo,TGO,1955,40304
Togo,TGO,1956,40304
Togo,TGO,1957,47632
Togo,TGO,1958,47632
Togo,TGO,1959,54960
Togo,TGO,1960,65952
Togo,TGO,1961,91600
Togo,TGO,1962,87936
Togo,TGO,1963,106256
Togo,TGO,1964,131904
Togo,TGO,1965,131904
Togo,TGO,1966,179536
Togo,TGO,1967,197856
Togo,TGO,1968,194192
Togo,TGO,1969,241824
Togo,TGO,1970,274800
Togo,TGO,1971,315104
Togo,TGO,1972,404950
Togo,TGO,1973,411639
Togo,TGO,1974,390468
Togo,TGO,1975,311440
Togo,TGO,1976,322432
Togo,TGO,1977,461664
Togo,TGO,1978,355408
Togo,TGO,1979,1381328
Togo,TGO,1980,794433
Togo,TGO,1981,706484
Togo,TGO,1982,817874
Togo,TGO,1983,623627
Togo,TGO,1984,694581
Togo,TGO,1985,659031
Togo,TGO,1986,847915
Togo,TGO,1987,924976
Togo,TGO,1988,963449
Togo,TGO,1989,1024183.06
Togo,TGO,1990,977644
Togo,TGO,1991,1049806
Togo,TGO,1992,1030496
Togo,TGO,1993,1068807
Togo,TGO,1994,1006679.06
Togo,TGO,1995,1174741
Togo,TGO,1996,1265171
Togo,TGO,1997,878986
Togo,TGO,1998,1289967
Togo,TGO,1999,1850434
Togo,TGO,2000,1331372
Togo,TGO,2001,1158913
Togo,TGO,2002,1322471
Togo,TGO,2003,1804731
Togo,TGO,2004,1743929
Togo,TGO,2005,1721591
Togo,TGO,2006,1500506
Togo,TGO,2007,1516752
Togo,TGO,2008,1522778
Togo,TGO,2009,2535654
Togo,TGO,2010,2595698
Togo,TGO,2011,2503920
Togo,TGO,2012,2215629
Togo,TGO,2013,1635224
Togo,TGO,2014,1490602
Togo,TGO,2015,1798361
Togo,TGO,2016,2292640
Togo,TGO,2017,1911982
Togo,TGO,2018,2033828
Togo,TGO,2019,2363701
Togo,TGO,2020,2751282
Togo,TGO,2021,2620181
Togo,TGO,2022,2738667
Togo,TGO,2023,2671013
Togo,TGO,2024,2753585
Tonga,TON,1950,7328
Tonga,TON,1951,7328
Tonga,TON,1952,7328
Tonga,TON,1953,7328
Tonga,TON,1954,7328
Tonga,TON,1955,7328
Tonga,TON,1956,7328
Tonga,TON,1957,7328
Tonga,TON,1958,7328
Tonga,TON,1959,7328
Tonga,TON,1960,10992
Tonga,TON,1961,10992
Tonga,TON,1962,10992
Tonga,TON,1963,10992
Tonga,TON,1964,10992
Tonga,TON,1965,10992
Tonga,TON,1966,10992
Tonga,TON,1967,14656
Tonga,TON,1968,14656
Tonga,TON,1969,10992
Tonga,TON,1970,25648
Tonga,TON,1971,18320
Tonga,TON,1972,21984
Tonga,TON,1973,25648
Tonga,TON,1974,21984
Tonga,TON,1975,32976
Tonga,TON,1976,29312
Tonga,TON,1977,29312
Tonga,TON,1978,36640
Tonga,TON,1979,40304
Tonga,TON,1980,40304
Tonga,TON,1981,47632
Tonga,TON,1982,43968
Tonga,TON,1983,47632
Tonga,TON,1984,47632
Tonga,TON,1985,47632
Tonga,TON,1986,47632
Tonga,TON,1987,54960
Tonga,TON,1988,69616
Tonga,TON,1989,69616
Tonga,TON,1990,80608
Tonga,TON,1991,87936
Tonga,TON,1992,73280
Tonga,TON,1993,84272
Tonga,TON,1994,87936
Tonga,TON,1995,95264
Tonga,TON,1996,76944
Tonga,TON,1997,95264
Tonga,TON,1998,91600
Tonga,TON,1999,109920
Tonga,TON,2000,98928
Tonga,TON,2001,91600
Tonga,TON,2002,95264
Tonga,TON,2003,117248
Tonga,TON,2004,113584
Tonga,TON,2005,113584
Tonga,TON,2006,128240.01
Tonga,TON,2007,113584
Tonga,TON,2008,106256
Tonga,TON,2009,120912
Tonga,TON,2010,117248
Tonga,TON,2011,106256
Tonga,TON,2012,106256
Tonga,TON,2013,109920
Tonga,TON,2014,106256
Tonga,TON,2015,106256
Tonga,TON,2016,139232
Tonga,TON,2017,142896
Tonga,TON,2018,131904
Tonga,TON,2019,161216
Tonga,TON,2020,139232
Tonga,TON,2021,139232
Tonga,TON,2022,146560
Tonga,TON,2023,145868
Tonga,TON,2024,152540
Trinidad and Tobago,TTO,1909,25648
Trinidad and Tobago,TTO,1910,65952
Trinidad and Tobago,TTO,1911,124576
Trinidad and Tobago,TTO,1912,197856
Trinidad and Tobago,TTO,1913,223504
Trinidad and Tobago,TTO,1914,289456
Trinidad and Tobago,TTO,1915,333424
Trinidad and Tobago,TTO,1916,414032
Trinidad and Tobago,TTO,1917,527616
Trinidad and Tobago,TTO,1918,769440
Trinidad and Tobago,TTO,1919,648528
Trinidad and Tobago,TTO,1920,868368
Trinidad and Tobago,TTO,1921,1000272.06
Trinidad and Tobago,TTO,1922,981952
Trinidad and Tobago,TTO,1923,1209120
Trinidad and Tobago,TTO,1924,1656128
Trinidad and Tobago,TTO,1925,1945584
Trinidad and Tobago,TTO,1926,1960240
Trinidad and Tobago,TTO,1927,2099472
Trinidad and Tobago,TTO,1928,3231648
Trinidad and Tobago,TTO,1929,3594384
Trinidad and Tobago,TTO,1930,3645680
Trinidad and Tobago,TTO,1931,3074096
Trinidad and Tobago,TTO,1932,3253632
Trinidad and Tobago,TTO,1933,4067040
Trinidad and Tobago,TTO,1934,4777856
Trinidad and Tobago,TTO,1935,5089296
Trinidad and Tobago,TTO,1936,5741488
Trinidad and Tobago,TTO,1937,7247392
Trinidad and Tobago,TTO,1938,8339264
Trinidad and Tobago,TTO,1939,9453120
Trinidad and Tobago,TTO,1940,10735520
Trinidad and Tobago,TTO,1941,9900128
Trinidad and Tobago,TTO,1942,10665904
Trinidad and Tobago,TTO,1943,10273856
Trinidad and Tobago,TTO,1944,10772160
Trinidad and Tobago,TTO,1945,11021312
Trinidad and Tobago,TTO,1946,10937040
Trinidad and Tobago,TTO,1947,12003264
Trinidad and Tobago,TTO,1948,12640800
Trinidad and Tobago,TTO,1949,13750992
Trinidad and Tobago,TTO,1950,2352288
Trinidad and Tobago,TTO,1951,2513504
Trinidad and Tobago,TTO,1952,2795632
Trinidad and Tobago,TTO,1953,2934864
Trinidad and Tobago,TTO,1954,2835847
Trinidad and Tobago,TTO,1955,2721846
Trinidad and Tobago,TTO,1956,2879340
Trinidad and Tobago,TTO,1957,2564266
Trinidad and Tobago,TTO,1958,3476542
Trinidad and Tobago,TTO,1959,3091703
Trinidad and Tobago,TTO,1960,2578742
Trinidad and Tobago,TTO,1961,4597934
Trinidad and Tobago,TTO,1962,7232082
Trinidad and Tobago,TTO,1963,1677458
Trinidad and Tobago,TTO,1964,3791527
Trinidad and Tobago,TTO,1965,5191116
Trinidad and Tobago,TTO,1966,4051521.8
Trinidad and Tobago,TTO,1967,4634187
Trinidad and Tobago,TTO,1968,4036866.2
Trinidad and Tobago,TTO,1969,3901179
Trinidad and Tobago,TTO,1970,8990356
Trinidad and Tobago,TTO,1971,8096400.5
Trinidad and Tobago,TTO,1972,8235512.5
Trinidad and Tobago,TTO,1973,9389822
Trinidad and Tobago,TTO,1974,10042043
Trinidad and Tobago,TTO,1975,9613296
Trinidad and Tobago,TTO,1976,15910721
Trinidad and Tobago,TTO,1977,16159107
Trinidad and Tobago,TTO,1978,15311589
Trinidad and Tobago,TTO,1979,16706724
Trinidad and Tobago,TTO,1980,16919052
Trinidad and Tobago,TTO,1981,17242034
Trinidad and Tobago,TTO,1982,18404680
Trinidad and Tobago,TTO,1983,16274252
Trinidad and Tobago,TTO,1984,17502898
Trinidad and Tobago,TTO,1985,20721706
Trinidad and Tobago,TTO,1986,17353368
Trinidad and Tobago,TTO,1987,17487456
Trinidad and Tobago,TTO,1988,15831156
Trinidad and Tobago,TTO,1989,16102804
Trinidad and Tobago,TTO,1990,16978436
Trinidad and Tobago,TTO,1991,16964384
Trinidad and Tobago,TTO,1992,19098254
Trinidad and Tobago,TTO,1993,17405424
Trinidad and Tobago,TTO,1994,15342087
Trinidad and Tobago,TTO,1995,14724661
Trinidad and Tobago,TTO,1996,18448690
Trinidad and Tobago,TTO,1997,18899972
Trinidad and Tobago,TTO,1998,19892260
Trinidad and Tobago,TTO,1999,22580384
Trinidad and Tobago,TTO,2000,24350034
Trinidad and Tobago,TTO,2001,26739746
Trinidad and Tobago,TTO,2002,28682532
Trinidad and Tobago,TTO,2003,32369930
Trinidad and Tobago,TTO,2004,32688362
Trinidad and Tobago,TTO,2005,38204892
Trinidad and Tobago,TTO,2006,42707896
Trinidad and Tobago,TTO,2007,45563610
Trinidad and Tobago,TTO,2008,44442504
Trinidad and Tobago,TTO,2009,44417492
Trinidad and Tobago,TTO,2010,47092348
Trinidad and Tobago,TTO,2011,47043404
Trinidad and Tobago,TTO,2012,46159084
Trinidad and Tobago,TTO,2013,45799308
Trinidad and Tobago,TTO,2014,46865816
Trinidad and Tobago,TTO,2015,45533676
Trinidad and Tobago,TTO,2016,39867356
Trinidad and Tobago,TTO,2017,40296896
Trinidad and Tobago,TTO,2018,40307356
Trinidad and Tobago,TTO,2019,40754536
Trinidad and Tobago,TTO,2020,35043070
Trinidad and Tobago,TTO,2021,36388812
Trinidad and Tobago,TTO,2022,37492890
Trinidad and Tobago,TTO,2023,35535900
Trinidad and Tobago,TTO,2024,34576280
Tunisia,TUN,1916,10992
Tunisia,TUN,1917,29312
Tunisia,TUN,1918,40304
Tunisia,TUN,1920,29312
Tunisia,TUN,1921,21984
Tunisia,TUN,1933,18171
Tunisia,TUN,1934,18171
Tunisia,TUN,1935,18171
Tunisia,TUN,1936,25440
Tunisia,TUN,1937,29074
Tunisia,TUN,1938,32708.998
Tunisia,TUN,1939,32735.002
Tunisia,TUN,1940,58370
Tunisia,TUN,1941,135330
Tunisia,TUN,1942,160978
Tunisia,TUN,1943,51200
Tunisia,TUN,1944,91362
Tunisia,TUN,1945,95026
Tunisia,TUN,1946,131568
Tunisia,TUN,1947,127765
Tunisia,TUN,1948,145906
Tunisia,TUN,1949,127556.99
Tunisia,TUN,1950,1219429
Tunisia,TUN,1951,1376921
Tunisia,TUN,1952,1442784
Tunisia,TUN,1953,1376743
Tunisia,TUN,1954,1405814
Tunisia,TUN,1955,1595959
Tunisia,TUN,1956,1559408
Tunisia,TUN,1957,1573886
Tunisia,TUN,1958,1445887
Tunisia,TUN,1959,1588397
Tunisia,TUN,1960,1724106
Tunisia,TUN,1961,1764711
Tunisia,TUN,1962,1793901
Tunisia,TUN,1963,1944128
Tunisia,TUN,1964,2753486
Tunisia,TUN,1965,2460363
Tunisia,TUN,1966,2881636
Tunisia,TUN,1967,3083186
Tunisia,TUN,1968,3592336
Tunisia,TUN,1969,3852094
Tunisia,TUN,1970,3738743
Tunisia,TUN,1971,4217535
Tunisia,TUN,1972,4752795
Tunisia,TUN,1973,4850214
Tunisia,TUN,1974,5428027
Tunisia,TUN,1975,5594051
Tunisia,TUN,1976,5891313
Tunisia,TUN,1977,6819224
Tunisia,TUN,1978,7602934
Tunisia,TUN,1979,8971873
Tunisia,TUN,1980,9783795
Tunisia,TUN,1981,10199789
Tunisia,TUN,1982,9877888
Tunisia,TUN,1983,11920065
Tunisia,TUN,1984,12193431
Tunisia,TUN,1985,12703786
Tunisia,TUN,1986,12861158
Tunisia,TUN,1987,12717348
Tunisia,TUN,1988,13436447
Tunisia,TUN,1989,14272725
Tunisia,TUN,1990,14622028
Tunisia,TUN,1991,16755327
Tunisia,TUN,1992,15843426
Tunisia,TUN,1993,17179850
Tunisia,TUN,1994,16760534
Tunisia,TUN,1995,16623121
Tunisia,TUN,1996,17211026
Tunisia,TUN,1997,17809592
Tunisia,TUN,1998,18292140
Tunisia,TUN,1999,18709196
Tunisia,TUN,2000,19435988
Tunisia,TUN,2001,20260558
Tunisia,TUN,2002,20380038
Tunisia,TUN,2003,21041520
Tunisia,TUN,2004,22144166
Tunisia,TUN,2005,22515908
Tunisia,TUN,2006,22914928
Tunisia,TUN,2007,24725204
Tunisia,TUN,2008,25453210
Tunisia,TUN,2009,25353396
Tunisia,TUN,2010,27899698
Tunisia,TUN,2011,26429208
Tunisia,TUN,2012,28194274
Tunisia,TUN,2013,28773252
Tunisia,TUN,2014,29874574
Tunisia,TUN,2015,31380538
Tunisia,TUN,2016,30971484
Tunisia,TUN,2017,31676916
Tunisia,TUN,2018,31121710
Tunisia,TUN,2019,30578564
Tunisia,TUN,2020,28844812
Tunisia,TUN,2021,31526714
Tunisia,TUN,2022,30784934
Tunisia,TUN,2023,31737824
Tunisia,TUN,2024,32663696
Turkey,TUR,1865,150224
Turkey,TUR,1866,208848
Turkey,TUR,1867,227168
Turkey,TUR,1868,175872
Turkey,TUR,1869,267472
Turkey,TUR,1870,157552
Turkey,TUR,1871,197856
Turkey,TUR,1872,245488
Turkey,TUR,1873,238160
Turkey,TUR,1874,256480.02
Turkey,TUR,1875,351744
Turkey,TUR,1876,274800
Turkey,TUR,1877,447008
Turkey,TUR,1878,326096
Turkey,TUR,1879,124576
Turkey,TUR,1880,139232
Turkey,TUR,1881,183200
Turkey,TUR,1882,153888
Turkey,TUR,1883,161216
Turkey,TUR,1884,175872
Turkey,TUR,1885,194192
Turkey,TUR,1886,135568
Turkey,TUR,1887,245488
Turkey,TUR,1888,267472
Turkey,TUR,1889,403040
Turkey,TUR,1890,366400
Turkey,TUR,1891,403040
Turkey,TUR,1892,410368
Turkey,TUR,1893,425024
Turkey,TUR,1894,392048
Turkey,TUR,1895,373728
Turkey,TUR,1896,443344
Turkey,TUR,1897,315104
Turkey,TUR,1898,523952
Turkey,TUR,1899,670512
Turkey,TUR,1900,1036911.94
Turkey,TUR,1901,948976
Turkey,TUR,1902,1047904
Turkey,TUR,1903,1205456
Turkey,TUR,1904,1366672
Turkey,TUR,1905,1531552
Turkey,TUR,1906,1579184
Turkey,TUR,1907,1879632
Turkey,TUR,1908,1722080
Turkey,TUR,1909,1956576
Turkey,TUR,1910,1883296
Turkey,TUR,1911,2227712
Turkey,TUR,1912,1996880
Turkey,TUR,1913,2037184
Turkey,TUR,1914,1663456
Turkey,TUR,1915,1036911.94
Turkey,TUR,1916,512960.03
Turkey,TUR,1917,392048
Turkey,TUR,1918,458000
Turkey,TUR,1919,937984
Turkey,TUR,1920,1403312
Turkey,TUR,1921,842720
Turkey,TUR,1922,1011263.94
Turkey,TUR,1923,1472928
Turkey,TUR,1924,2451216
Turkey,TUR,1925,2366944
Turkey,TUR,1926,3008144
Turkey,TUR,1927,3279280
Turkey,TUR,1928,3125154
Turkey,TUR,1929,3550149
Turkey,TUR,1930,3971538
Turkey,TUR,1931,3938384
Turkey,TUR,1932,4000642.8
Turkey,TUR,1933,4663797
Turkey,TUR,1934,5792101
Turkey,TUR,1935,5935145
Turkey,TUR,1936,5865499
Turkey,TUR,1937,4245714
Turkey,TUR,1938,4633889
Turkey,TUR,1939,4904937
Turkey,TUR,1940,5469282
Turkey,TUR,1941,5619476
Turkey,TUR,1942,4945538
Turkey,TUR,1943,6118197
Turkey,TUR,1944,7022729
Turkey,TUR,1945,7088681
Turkey,TUR,1946,7022581
Turkey,TUR,1947,7476798
Turkey,TUR,1948,7700331
Turkey,TUR,1949,7967684
Turkey,TUR,1950,9488155
Turkey,TUR,1951,10184316
Turkey,TUR,1952,10473534
Turkey,TUR,1953,12964756
Turkey,TUR,1954,13433034
Turkey,TUR,1955,13619423
Turkey,TUR,1956,14362498
Turkey,TUR,1957,15969929
Turkey,TUR,1958,16034868
Turkey,TUR,1959,17191804
Turkey,TUR,1960,16798536
Turkey,TUR,1961,17340838
Turkey,TUR,1962,21604546
Turkey,TUR,1963,22639942
Turkey,TUR,1964,26306422
Turkey,TUR,1965,27352956
Turkey,TUR,1966,31505760
Turkey,TUR,1967,33479114
Turkey,TUR,1968,36265490
Turkey,TUR,1969,38752696
Turkey,TUR,1970,42579228
Turkey,TUR,1971,47644330
Turkey,TUR,1972,53735628
Turkey,TUR,1973,59331964
Turkey,TUR,1974,60961276
Turkey,TUR,1975,65463060
Turkey,TUR,1976,73420000
Turkey,TUR,1977,81199930
Turkey,TUR,1978,76814310
Turkey,TUR,1979,75139304
Turkey,TUR,1980,75317610
Turkey,TUR,1981,79321384
Turkey,TUR,1982,86361280
Turkey,TUR,1983,89956500
Turkey,TUR,1984,95093280
Turkey,TUR,1985,105877810
Turkey,TUR,1986,115872344
Turkey,TUR,1987,128747544
Turkey,TUR,1988,125064780
Turkey,TUR,1989,137932800
Turkey,TUR,1990,154572100
Turkey,TUR,1991,161125940
Turkey,TUR,1992,167234000
Turkey,TUR,1993,174291140
Turkey,TUR,1994,170592420
Turkey,TUR,1995,184674720
Turkey,TUR,1996,203097950
Turkey,TUR,1997,215511520
Turkey,TUR,1998,215585820
Turkey,TUR,1999,211238080
Turkey,TUR,2000,232933970
Turkey,TUR,2001,216872480
Turkey,TUR,2002,224319760
Turkey,TUR,2003,239848560
Turkey,TUR,2004,247843060
Turkey,TUR,2005,267710690
Turkey,TUR,2006,285429400
Turkey,TUR,2007,316497400
Turkey,TUR,2008,312628200
Turkey,TUR,2009,318567940
Turkey,TUR,2010,318710340
Turkey,TUR,2011,344214820
Turkey,TUR,2012,358644600
Turkey,TUR,2013,350633570
Turkey,TUR,2014,367271650
Turkey,TUR,2015,387703900
Turkey,TUR,2016,405552260
Turkey,TUR,2017,430621660
Turkey,TUR,2018,423818300
Turkey,TUR,2019,406567740
Turkey,TUR,2020,416328060
Turkey,TUR,2021,457377280
Turkey,TUR,2022,443602700
Turkey,TUR,2023,486944580
Turkey,TUR,2024,513034600
Turkmenistan,TKM,1830,155
Turkmenistan,TKM,1831,186
Turkmenistan,TKM,1832,124
Turkmenistan,TKM,1833,155
Turkmenistan,TKM,1850,963
Turkmenistan,TKM,1855,2920
Turkmenistan,TKM,1858,4100
Turkmenistan,TKM,1859,4348
Turkmenistan,TKM,1860,5746
Turkmenistan,TKM,1861,7299
Turkmenistan,TKM,1862,6585
Turkmenistan,TKM,1863,6895
Turkmenistan,TKM,1864,7734
Turkmenistan,TKM,1865,7392
Turkmenistan,TKM,1866,23356
Turkmenistan,TKM,1867,26804
Turkmenistan,TKM,1868,22300
Turkmenistan,TKM,1869,30252
Turkmenistan,TKM,1870,32829
Turkmenistan,TKM,1871,44321
Turkmenistan,TKM,1872,45502
Turkmenistan,TKM,1873,42706
Turkmenistan,TKM,1874,51838
Turkmenistan,TKM,1875,59664
Turkmenistan,TKM,1876,74076
Turkmenistan,TKM,1877,75598
Turkmenistan,TKM,1878,98799
Turkmenistan,TKM,1879,101377
Turkmenistan,TKM,1880,118925
Turkmenistan,TKM,1881,125260.99
Turkmenistan,TKM,1882,131939
Turkmenistan,TKM,1883,150171
Turkmenistan,TKM,1884,152469
Turkmenistan,TKM,1885,166073
Turkmenistan,TKM,1886,170328
Turkmenistan,TKM,1887,180236
Turkmenistan,TKM,1888,188001
Turkmenistan,TKM,1889,203033
Turkmenistan,TKM,1890,229930
Turkmenistan,TKM,1891,253163.02
Turkmenistan,TKM,1892,267978
Turkmenistan,TKM,1893,314100
Turkmenistan,TKM,1894,319908
Turkmenistan,TKM,1895,367584
Turkmenistan,TKM,1896,374200
Turkmenistan,TKM,1897,432653
Turkmenistan,TKM,1898,485236
Turkmenistan,TKM,1899,562915
Turkmenistan,TKM,1900,637674
Turkmenistan,TKM,1901,654663
Turkmenistan,TKM,1902,632301
Turkmenistan,TKM,1903,618510
Turkmenistan,TKM,1904,688145
Turkmenistan,TKM,1905,614255
Turkmenistan,TKM,1906,700631
Turkmenistan,TKM,1907,784770
Turkmenistan,TKM,1908,789584
Turkmenistan,TKM,1909,833501
Turkmenistan,TKM,1910,817413
Turkmenistan,TKM,1911,847478
Turkmenistan,TKM,1912,960005
Turkmenistan,TKM,1913,1042871
Turkmenistan,TKM,1914,941214
Turkmenistan,TKM,1915,863908
Turkmenistan,TKM,1916,920777
Turkmenistan,TKM,1917,847416
Turkmenistan,TKM,1918,337954
Turkmenistan,TKM,1919,288663
Turkmenistan,TKM,1920,263226
Turkmenistan,TKM,1921,285464
Turkmenistan,TKM,1922,348141
Turkmenistan,TKM,1923,384573
Turkmenistan,TKM,1924,458183
Turkmenistan,TKM,1925,452220
Turkmenistan,TKM,1926,655222
Turkmenistan,TKM,1927,814617
Turkmenistan,TKM,1928,891358
Turkmenistan,TKM,1929,960363
Turkmenistan,TKM,1930,1313118
Turkmenistan,TKM,1931,1579315
Turkmenistan,TKM,1932,1776170
Turkmenistan,TKM,1933,1988627
Turkmenistan,TKM,1934,2402329
Turkmenistan,TKM,1935,2713851
Turkmenistan,TKM,1936,3104886
Turkmenistan,TKM,1937,3179617
Turkmenistan,TKM,1938,3356447
Turkmenistan,TKM,1939,3397786
Turkmenistan,TKM,1940,4073470
Turkmenistan,TKM,1941,3577923
Turkmenistan,TKM,1942,1968493
Turkmenistan,TKM,1943,2054434
Turkmenistan,TKM,1944,2979311
Turkmenistan,TKM,1945,3136200
Turkmenistan,TKM,1946,3511815
Turkmenistan,TKM,1947,4222567
Turkmenistan,TKM,1948,4482261
Turkmenistan,TKM,1949,5091985
Turkmenistan,TKM,1950,5664063
Turkmenistan,TKM,1951,6129828
Turkmenistan,TKM,1952,6562785
Turkmenistan,TKM,1953,6940816
Turkmenistan,TKM,1954,7571410
Turkmenistan,TKM,1955,8584755
Turkmenistan,TKM,1956,9427187
Turkmenistan,TKM,1957,10324293
Turkmenistan,TKM,1958,11032326
Turkmenistan,TKM,1959,11602045
Turkmenistan,TKM,1960,12085906
Turkmenistan,TKM,1961,12484597
Turkmenistan,TKM,1962,13127888
Turkmenistan,TKM,1963,14102395
Turkmenistan,TKM,1964,15019000
Turkmenistan,TKM,1965,15942327
Turkmenistan,TKM,1966,16843626
Turkmenistan,TKM,1967,17632662
Turkmenistan,TKM,1968,18149118
Turkmenistan,TKM,1969,18916528
Turkmenistan,TKM,1970,19883938
Turkmenistan,TKM,1971,21129266
Turkmenistan,TKM,1972,22248468
Turkmenistan,TKM,1973,23209826
Turkmenistan,TKM,1974,24117380
Turkmenistan,TKM,1975,25369430
Turkmenistan,TKM,1976,26343134
Turkmenistan,TKM,1977,27237472
Turkmenistan,TKM,1978,28178876
Turkmenistan,TKM,1979,28407752
Turkmenistan,TKM,1980,29510400
Turkmenistan,TKM,1981,28975788
Turkmenistan,TKM,1982,29521006
Turkmenistan,TKM,1983,29945186
Turkmenistan,TKM,1984,30215034
Turkmenistan,TKM,1985,32564168
Turkmenistan,TKM,1986,35820760
Turkmenistan,TKM,1987,36389050
Turkmenistan,TKM,1988,37200016
Turkmenistan,TKM,1989,37648692
Turkmenistan,TKM,1990,33361168
Turkmenistan,TKM,1991,30439246
Turkmenistan,TKM,1992,31994180
Turkmenistan,TKM,1993,27516396
Turkmenistan,TKM,1994,34216140
Turkmenistan,TKM,1995,34569176
Turkmenistan,TKM,1996,31654202
Turkmenistan,TKM,1997,31196074
Turkmenistan,TKM,1998,33445510
Turkmenistan,TKM,1999,39796908
Turkmenistan,TKM,2000,39361496
Turkmenistan,TKM,2001,34034184
Turkmenistan,TKM,2002,30130800
Turkmenistan,TKM,2003,40567560
Turkmenistan,TKM,2004,49355104
Turkmenistan,TKM,2005,47928664
Turkmenistan,TKM,2006,49499596
Turkmenistan,TKM,2007,49182930
Turkmenistan,TKM,2008,59438420
Turkmenistan,TKM,2009,52462364
Turkmenistan,TKM,2010,59184068
Turkmenistan,TKM,2011,65155076
Turkmenistan,TKM,2012,66938636
Turkmenistan,TKM,2013,64339644
Turkmenistan,TKM,2014,62799344
Turkmenistan,TKM,2015,63091676
Turkmenistan,TKM,2016,62090924
Turkmenistan,TKM,2017,62956572
Turkmenistan,TKM,2018,61301660
Turkmenistan,TKM,2019,62254216
Turkmenistan,TKM,2020,62904970
Turkmenistan,TKM,2021,91693640
Turkmenistan,TKM,2022,102062830
Turkmenistan,TKM,2023,95420770
Turkmenistan,TKM,2024,81005550
Turks and Caicos Islands,TCA,1990,58624
Turks and Caicos Islands,TCA,1991,62288
Turks and Caicos Islands,TCA,1992,62288
Turks and Caicos Islands,TCA,1993,65952
Turks and Caicos Islands,TCA,1994,69616
Turks and Caicos Islands,TCA,1995,73280
Turks and Caicos Islands,TCA,1996,73280
Turks and Caicos Islands,TCA,1997,84272
Turks and Caicos Islands,TCA,1998,87936
Turks and Caicos Islands,TCA,1999,98928
Turks and Caicos Islands,TCA,2000,106256
Turks and Caicos Islands,TCA,2001,113584
Turks and Caicos Islands,TCA,2002,150224
Turks and Caicos Islands,TCA,2003,153888
Turks and Caicos Islands,TCA,2004,161216
Turks and Caicos Islands,TCA,2005,186864
Turks and Caicos Islands,TCA,2006,216176
Turks and Caicos Islands,TCA,2007,252815.98
Turks and Caicos Islands,TCA,2008,263808
Turks and Caicos Islands,TCA,2009,274800
Turks and Caicos Islands,TCA,2010,282128
Turks and Caicos Islands,TCA,2011,282128
Turks and Caicos Islands,TCA,2012,282128
Turks and Caicos Islands,TCA,2013,285792
Turks and Caicos Islands,TCA,2014,307776
Turks and Caicos Islands,TCA,2015,315104
Turks and Caicos Islands,TCA,2016,326096
Turks and Caicos Islands,TCA,2017,351744
Turks and Caicos Islands,TCA,2018,359072
Turks and Caicos Islands,TCA,2019,362736
Turks and Caicos Islands,TCA,2020,359072
Turks and Caicos Islands,TCA,2021,366400
Turks and Caicos Islands,TCA,2022,365566
Turks and Caicos Islands,TCA,2023,364827
Turks and Caicos Islands,TCA,2024,378842
Tuvalu,TUV,1990,3664
Tuvalu,TUV,1991,3664
Tuvalu,TUV,1992,3664
Tuvalu,TUV,1993,7328
Tuvalu,TUV,1994,3664
Tuvalu,TUV,1995,3664
Tuvalu,TUV,1996,3664
Tuvalu,TUV,1997,7328
Tuvalu,TUV,1998,7328
Tuvalu,TUV,1999,7328
Tuvalu,TUV,2000,7328
Tuvalu,TUV,2001,7328
Tuvalu,TUV,2002,10992
Tuvalu,TUV,2003,10992
Tuvalu,TUV,2004,10992
Tuvalu,TUV,2005,10992
Tuvalu,TUV,2006,10992
Tuvalu,TUV,2007,10992
Tuvalu,TUV,2008,7328
Tuvalu,TUV,2009,10992
Tuvalu,TUV,2010,10992
Tuvalu,TUV,2011,10992
Tuvalu,TUV,2012,10992
Tuvalu,TUV,2013,7328
Tuvalu,TUV,2014,7328
Tuvalu,TUV,2015,7328
Tuvalu,TUV,2016,7328
Tuvalu,TUV,2017,7328
Tuvalu,TUV,2018,10992
Tuvalu,TUV,2019,10992
Tuvalu,TUV,2020,10992
Tuvalu,TUV,2021,10992
Tuvalu,TUV,2022,10992
Tuvalu,TUV,2023,10940
Tuvalu,TUV,2024,11440
Uganda,UGA,1950,106256
Uganda,UGA,1951,139232
Uganda,UGA,1952,142896
Uganda,UGA,1953,208759
Uganda,UGA,1954,219662
Uganda,UGA,1955,263600
Uganda,UGA,1956,263570
Uganda,UGA,1957,278107
Uganda,UGA,1958,292704
Uganda,UGA,1959,413705
Uganda,UGA,1960,421063
Uganda,UGA,1961,406437
Uganda,UGA,1962,428450
Uganda,UGA,1963,432144
Uganda,UGA,1964,490679
Uganda,UGA,1965,626009
Uganda,UGA,1966,732325
Uganda,UGA,1967,809179
Uganda,UGA,1968,981328
Uganda,UGA,1969,1175431
Uganda,UGA,1970,1442843
Uganda,UGA,1971,1437743
Uganda,UGA,1972,1378383
Uganda,UGA,1973,1176441
Uganda,UGA,1974,1189710
Uganda,UGA,1975,1128594
Uganda,UGA,1976,985384
Uganda,UGA,1977,801967
Uganda,UGA,1978,695171
Uganda,UGA,1979,670871
Uganda,UGA,1980,629687
Uganda,UGA,1981,530709
Uganda,UGA,1982,544697
Uganda,UGA,1983,617209
Uganda,UGA,1984,580422
Uganda,UGA,1985,616914
Uganda,UGA,1986,701855
Uganda,UGA,1987,772238
Uganda,UGA,1988,862875
Uganda,UGA,1989,804152
Uganda,UGA,1990,760855
Uganda,UGA,1991,783469
Uganda,UGA,1992,801455
Uganda,UGA,1993,797457
Uganda,UGA,1994,711841
Uganda,UGA,1995,925485
Uganda,UGA,1996,1018092.06
Uganda,UGA,1997,1061946
Uganda,UGA,1998,1208757
Uganda,UGA,1999,1254724
Uganda,UGA,2000,1360870
Uganda,UGA,2001,1417088
Uganda,UGA,2002,1442557
Uganda,UGA,2003,1512745
Uganda,UGA,2004,1607486
Uganda,UGA,2005,2017941
Uganda,UGA,2006,2387050
Uganda,UGA,2007,2706326
Uganda,UGA,2008,2779614
Uganda,UGA,2009,2996134
Uganda,UGA,2010,3569619
Uganda,UGA,2011,3827733
Uganda,UGA,2012,3626987
Uganda,UGA,2013,3754530
Uganda,UGA,2014,4089666
Uganda,UGA,2015,4528549
Uganda,UGA,2016,4817419
Uganda,UGA,2017,5406202
Uganda,UGA,2018,5548649
Uganda,UGA,2019,5761237
Uganda,UGA,2020,5571384
Uganda,UGA,2021,6232327
Uganda,UGA,2022,6128251
Uganda,UGA,2023,6235861
Uganda,UGA,2024,6333810
Ukraine,UKR,1830,3554
Ukraine,UKR,1831,4265
Ukraine,UKR,1832,2843
Ukraine,UKR,1833,3554
Ukraine,UKR,1850,22033
Ukraine,UKR,1855,66811
Ukraine,UKR,1858,93819
Ukraine,UKR,1859,99505
Ukraine,UKR,1860,131489
Ukraine,UKR,1861,167026
Ukraine,UKR,1862,150679
Ukraine,UKR,1863,157787
Ukraine,UKR,1864,176977
Ukraine,UKR,1865,169159
Ukraine,UKR,1866,534484
Ukraine,UKR,1867,613378
Ukraine,UKR,1868,510319
Ukraine,UKR,1869,692271
Ukraine,UKR,1870,751263
Ukraine,UKR,1871,1014241
Ukraine,UKR,1872,1041250
Ukraine,UKR,1873,977282
Ukraine,UKR,1874,1186243
Ukraine,UKR,1875,1365352
Ukraine,UKR,1876,1695140
Ukraine,UKR,1877,1729967
Ukraine,UKR,1878,2260898
Ukraine,UKR,1879,2319890
Ukraine,UKR,1880,2721464
Ukraine,UKR,1881,2866457
Ukraine,UKR,1882,3019269
Ukraine,UKR,1883,3436479
Ukraine,UKR,1884,3489075
Ukraine,UKR,1885,3800384
Ukraine,UKR,1886,3897756
Ukraine,UKR,1887,4124486
Ukraine,UKR,1888,4302174
Ukraine,UKR,1889,4646177
Ukraine,UKR,1890,5261687
Ukraine,UKR,1891,5793328
Ukraine,UKR,1892,6132356
Ukraine,UKR,1893,7187821
Ukraine,UKR,1894,7320731
Ukraine,UKR,1895,8411734
Ukraine,UKR,1896,8563124
Ukraine,UKR,1897,9900756
Ukraine,UKR,1898,11104057
Ukraine,UKR,1899,12881644
Ukraine,UKR,1900,14592421
Ukraine,UKR,1901,14981202
Ukraine,UKR,1902,14469461
Ukraine,UKR,1903,14153888
Ukraine,UKR,1904,15747391
Ukraine,UKR,1905,14056515
Ukraine,UKR,1906,16033113
Ukraine,UKR,1907,17958536
Ukraine,UKR,1908,18068702
Ukraine,UKR,1909,19073704
Ukraine,UKR,1910,18705536
Ukraine,UKR,1911,19393542
Ukraine,UKR,1912,21968592
Ukraine,UKR,1913,23864874
Ukraine,UKR,1914,21538588
Ukraine,UKR,1915,19769530
Ukraine,UKR,1916,21070914
Ukraine,UKR,1917,19392120
Ukraine,UKR,1918,7733678
Ukraine,UKR,1919,6605716
Ukraine,UKR,1920,6023612
Ukraine,UKR,1921,6532509
Ukraine,UKR,1922,7966804
Ukraine,UKR,1923,8800514
Ukraine,UKR,1924,10484993
Ukraine,UKR,1925,10348529
Ukraine,UKR,1926,14993995
Ukraine,UKR,1927,18641568
Ukraine,UKR,1928,20708890
Ukraine,UKR,1929,22302652
Ukraine,UKR,1930,30322612
Ukraine,UKR,1931,36428120
Ukraine,UKR,1932,41040800
Ukraine,UKR,1933,45865548
Ukraine,UKR,1934,55479268
Ukraine,UKR,1935,62798430
Ukraine,UKR,1936,72009350
Ukraine,UKR,1937,73633110
Ukraine,UKR,1938,77716296
Ukraine,UKR,1939,78669360
Ukraine,UKR,1940,94321496
Ukraine,UKR,1941,82861064
Ukraine,UKR,1942,45046664
Ukraine,UKR,1943,47013308
Ukraine,UKR,1944,68178050
Ukraine,UKR,1945,72185270
Ukraine,UKR,1946,81127200
Ukraine,UKR,1947,97692344
Ukraine,UKR,1948,103957230
Ukraine,UKR,1949,118174690
Ukraine,UKR,1950,131730610
Ukraine,UKR,1951,142771400
Ukraine,UKR,1952,152885230
Ukraine,UKR,1953,161744820
Ukraine,UKR,1954,176653220
Ukraine,UKR,1955,200307890
Ukraine,UKR,1956,219606880
Ukraine,UKR,1957,240305940
Ukraine,UKR,1958,256474700
Ukraine,UKR,1959,269626080
Ukraine,UKR,1960,280678530
Ukraine,UKR,1961,289394050
Ukraine,UKR,1962,303652960
Ukraine,UKR,1963,325609340
Ukraine,UKR,1964,346245000
Ukraine,UKR,1965,367247500
Ukraine,UKR,1966,387781000
Ukraine,UKR,1967,405413340
Ukraine,UKR,1968,416736670
Ukraine,UKR,1969,433970100
Ukraine,UKR,1970,456475800
Ukraine,UKR,1971,484371870
Ukraine,UKR,1972,509616450
Ukraine,UKR,1973,531096600
Ukraine,UKR,1974,551258400
Ukraine,UKR,1975,579427260
Ukraine,UKR,1976,601716160
Ukraine,UKR,1977,622134000
Ukraine,UKR,1978,643431500
Ukraine,UKR,1979,648771300
Ukraine,UKR,1980,674348900
Ukraine,UKR,1981,661273300
Ukraine,UKR,1982,673809200
Ukraine,UKR,1983,683290200
Ukraine,UKR,1984,689314370
Ukraine,UKR,1985,743672700
Ukraine,UKR,1986,740756030
Ukraine,UKR,1987,734118500
Ukraine,UKR,1988,727528300
Ukraine,UKR,1989,683856060
Ukraine,UKR,1990,706525700
Ukraine,UKR,1991,633193860
Ukraine,UKR,1992,589505200
Ukraine,UKR,1993,510495400
Ukraine,UKR,1994,419630270
Ukraine,UKR,1995,390173470
Ukraine,UKR,1996,351834200
Ukraine,UKR,1997,340586000
Ukraine,UKR,1998,328877980
Ukraine,UKR,1999,298635550
Ukraine,UKR,2000,285663500
Ukraine,UKR,2001,303876030
Ukraine,UKR,2002,295900900
Ukraine,UKR,2003,307245380
Ukraine,UKR,2004,310625760
Ukraine,UKR,2005,313512500
Ukraine,UKR,2006,333054200
Ukraine,UKR,2007,336828770
Ukraine,UKR,2008,325983400
Ukraine,UKR,2009,277593340
Ukraine,UKR,2010,294365800
Ukraine,UKR,2011,308376420
Ukraine,UKR,2012,304429900
Ukraine,UKR,2013,297540220
Ukraine,UKR,2014,257703060
Ukraine,UKR,2015,223849810
Ukraine,UKR,2016,234105650
Ukraine,UKR,2017,223287760
Ukraine,UKR,2018,231899980
Ukraine,UKR,2019,222187900
Ukraine,UKR,2020,207100640
Ukraine,UKR,2021,210636080
Ukraine,UKR,2022,143039870
Ukraine,UKR,2023,139325380
Ukraine,UKR,2024,142497860
United Arab Emirates,ARE,1959,10992
United Arab Emirates,ARE,1960,10992
United Arab Emirates,ARE,1961,10992
United Arab Emirates,ARE,1962,18320
United Arab Emirates,ARE,1963,21984
United Arab Emirates,ARE,1964,18320
United Arab Emirates,ARE,1965,21984
United Arab Emirates,ARE,1966,25648
United Arab Emirates,ARE,1967,916000
United Arab Emirates,ARE,1968,1242096
United Arab Emirates,ARE,1969,20507408
United Arab Emirates,ARE,1970,15234912
United Arab Emirates,ARE,1971,21166928
United Arab Emirates,ARE,1972,23434944
United Arab Emirates,ARE,1973,30605392
United Arab Emirates,ARE,1974,31301552
United Arab Emirates,ARE,1975,31045072
United Arab Emirates,ARE,1976,39617840
United Arab Emirates,ARE,1977,38752944
United Arab Emirates,ARE,1978,44769150
United Arab Emirates,ARE,1979,36567700
United Arab Emirates,ARE,1980,36859310
United Arab Emirates,ARE,1981,36810030
United Arab Emirates,ARE,1982,36817668
United Arab Emirates,ARE,1983,35289464
United Arab Emirates,ARE,1984,46306212
United Arab Emirates,ARE,1985,49828110
United Arab Emirates,ARE,1986,47156028
United Arab Emirates,ARE,1987,47605804
United Arab Emirates,ARE,1988,48273984
United Arab Emirates,ARE,1989,54384260
United Arab Emirates,ARE,1990,51907936
United Arab Emirates,ARE,1991,56895576
United Arab Emirates,ARE,1992,58005216
United Arab Emirates,ARE,1993,65832140
United Arab Emirates,ARE,1994,75350420
United Arab Emirates,ARE,1995,72873750
United Arab Emirates,ARE,1996,75836120
United Arab Emirates,ARE,1997,73297510
United Arab Emirates,ARE,1998,80624520
United Arab Emirates,ARE,1999,77844060
United Arab Emirates,ARE,2000,112276810
United Arab Emirates,ARE,2001,101895540
United Arab Emirates,ARE,2002,85213030
United Arab Emirates,ARE,2003,107105830
United Arab Emirates,ARE,2004,112468610
United Arab Emirates,ARE,2005,115273290
United Arab Emirates,ARE,2006,122723180
United Arab Emirates,ARE,2007,134103150
United Arab Emirates,ARE,2008,155030380
United Arab Emirates,ARE,2009,169088110
United Arab Emirates,ARE,2010,185848400
United Arab Emirates,ARE,2011,198518190
United Arab Emirates,ARE,2012,208323570
United Arab Emirates,ARE,2013,214188060
United Arab Emirates,ARE,2014,214530340
United Arab Emirates,ARE,2015,225044830
United Arab Emirates,ARE,2016,227897730
United Arab Emirates,ARE,2017,196492830
United Arab Emirates,ARE,2018,204104800
United Arab Emirates,ARE,2019,204058080
United Arab Emirates,ARE,2020,215266180
United Arab Emirates,ARE,2021,212172960
United Arab Emirates,ARE,2022,207103410
United Arab Emirates,ARE,2023,210425100
United Arab Emirates,ARE,2024,221988080
United Kingdom,GBR,1750,9305937
United Kingdom,GBR,1751,9407229
United Kingdom,GBR,1752,9505168
United Kingdom,GBR,1753,9610490
United Kingdom,GBR,1754,9733580
United Kingdom,GBR,1755,9793468
United Kingdom,GBR,1756,9909914
United Kingdom,GBR,1757,10093936
United Kingdom,GBR,1758,10216358
United Kingdom,GBR,1759,10338854
United Kingdom,GBR,1760,10514331
United Kingdom,GBR,1761,10747885
United Kingdom,GBR,1762,10952198
United Kingdom,GBR,1763,11191592
United Kingdom,GBR,1764,11396982
United Kingdom,GBR,1765,11643486
United Kingdom,GBR,1766,11876080
United Kingdom,GBR,1767,12152509
United Kingdom,GBR,1768,12466936
United Kingdom,GBR,1769,12780074
United Kingdom,GBR,1770,13097216
United Kingdom,GBR,1771,13369488
United Kingdom,GBR,1772,13623507
United Kingdom,GBR,1773,13808138
United Kingdom,GBR,1774,14012415
United Kingdom,GBR,1775,14338920
United Kingdom,GBR,1776,14654124
United Kingdom,GBR,1777,14959537
United Kingdom,GBR,1778,15243483
United Kingdom,GBR,1779,15535235
United Kingdom,GBR,1780,15878726
United Kingdom,GBR,1781,16234383
United Kingdom,GBR,1782,16580954
United Kingdom,GBR,1783,17062752
United Kingdom,GBR,1784,17471092
United Kingdom,GBR,1785,17961464
United Kingdom,GBR,1786,18443832
United Kingdom,GBR,1787,18855466
United Kingdom,GBR,1788,19282564
United Kingdom,GBR,1789,19859760
United Kingdom,GBR,1790,20394430
United Kingdom,GBR,1791,20928086
United Kingdom,GBR,1792,21456558
United Kingdom,GBR,1793,21813614
United Kingdom,GBR,1794,22072648
United Kingdom,GBR,1795,21864574
United Kingdom,GBR,1796,21582768
United Kingdom,GBR,1797,21536814
United Kingdom,GBR,1798,22527018
United Kingdom,GBR,1799,26855000
United Kingdom,GBR,1800,31340080
United Kingdom,GBR,1801,30736626
United Kingdom,GBR,1802,30377368
United Kingdom,GBR,1803,28241450
United Kingdom,GBR,1804,27790074
United Kingdom,GBR,1805,29295006
United Kingdom,GBR,1806,30908602
United Kingdom,GBR,1807,32583656
United Kingdom,GBR,1808,33701640
United Kingdom,GBR,1809,34522536
United Kingdom,GBR,1810,35402028
United Kingdom,GBR,1811,36155070
United Kingdom,GBR,1812,36741616
United Kingdom,GBR,1813,37359772
United Kingdom,GBR,1814,38181804
United Kingdom,GBR,1815,39019170
United Kingdom,GBR,1816,39265496
United Kingdom,GBR,1817,41766344
United Kingdom,GBR,1818,43769000
United Kingdom,GBR,1819,43316496
United Kingdom,GBR,1820,42567188
United Kingdom,GBR,1821,43493436
United Kingdom,GBR,1822,45073956
United Kingdom,GBR,1823,46676420
United Kingdom,GBR,1824,48136788
United Kingdom,GBR,1825,49563788
United Kingdom,GBR,1826,50101644
United Kingdom,GBR,1827,52047628
United Kingdom,GBR,1828,52630228
United Kingdom,GBR,1829,53242880
United Kingdom,GBR,1830,67724220
United Kingdom,GBR,1831,64486136
United Kingdom,GBR,1832,62558720
United Kingdom,GBR,1833,61924740
United Kingdom,GBR,1834,65802124
United Kingdom,GBR,1835,72197420
United Kingdom,GBR,1836,78544550
United Kingdom,GBR,1837,75253620
United Kingdom,GBR,1838,73585960
United Kingdom,GBR,1839,75786170
United Kingdom,GBR,1840,80790880
United Kingdom,GBR,1841,81330410
United Kingdom,GBR,1842,85193130
United Kingdom,GBR,1843,88569550
United Kingdom,GBR,1844,93955130
United Kingdom,GBR,1845,99778424
United Kingdom,GBR,1846,95493680
United Kingdom,GBR,1847,101822930
United Kingdom,GBR,1848,108978020
United Kingdom,GBR,1849,117350130
United Kingdom,GBR,1850,122350150
United Kingdom,GBR,1851,116411176
United Kingdom,GBR,1852,115997620
United Kingdom,GBR,1853,115358070
United Kingdom,GBR,1854,139012290
United Kingdom,GBR,1855,130169360
United Kingdom,GBR,1856,140081200
United Kingdom,GBR,1857,137573280
United Kingdom,GBR,1858,134833460
United Kingdom,GBR,1859,149702940
United Kingdom,GBR,1860,167950430
United Kingdom,GBR,1861,175047600
United Kingdom,GBR,1862,169470990
United Kingdom,GBR,1863,180224830
United Kingdom,GBR,1864,193909870
United Kingdom,GBR,1865,205488110
United Kingdom,GBR,1866,211731570
United Kingdom,GBR,1867,217374130
United Kingdom,GBR,1868,213219150
United Kingdom,GBR,1869,223705520
United Kingdom,GBR,1870,228494370
United Kingdom,GBR,1871,242036510
United Kingdom,GBR,1872,254988750
United Kingdom,GBR,1873,264658050
United Kingdom,GBR,1874,257187170
United Kingdom,GBR,1875,271487740
United Kingdom,GBR,1876,271018750
United Kingdom,GBR,1877,275899200
United Kingdom,GBR,1878,270974800
United Kingdom,GBR,1879,272645570
United Kingdom,GBR,1880,297124770
United Kingdom,GBR,1881,312312030
United Kingdom,GBR,1882,314964770
United Kingdom,GBR,1883,327730140
United Kingdom,GBR,1884,319097760
United Kingdom,GBR,1885,315290850
United Kingdom,GBR,1886,312429280
United Kingdom,GBR,1887,320442430
United Kingdom,GBR,1888,333167520
United Kingdom,GBR,1889,345024220
United Kingdom,GBR,1890,353022720
United Kingdom,GBR,1891,360471650
United Kingdom,GBR,1892,353008100
United Kingdom,GBR,1893,316210530
United Kingdom,GBR,1894,362102140
United Kingdom,GBR,1895,365549950
United Kingdom,GBR,1896,375981340
United Kingdom,GBR,1897,385969400
United Kingdom,GBR,1898,386878080
United Kingdom,GBR,1899,414552300
United Kingdom,GBR,1900,419740500
United Kingdom,GBR,1901,410701400
United Kingdom,GBR,1902,426639840
United Kingdom,GBR,1903,429985060
United Kingdom,GBR,1904,431992930
United Kingdom,GBR,1905,437672130
United Kingdom,GBR,1906,453350370
United Kingdom,GBR,1907,473568320
United Kingdom,GBR,1908,461964450
United Kingdom,GBR,1909,466086460
United Kingdom,GBR,1910,469732130
United Kingdom,GBR,1911,481350700
United Kingdom,GBR,1912,455885860
United Kingdom,GBR,1913,498322340
United Kingdom,GBR,1914,483182700
United Kingdom,GBR,1915,489481100
United Kingdom,GBR,1916,507071970
United Kingdom,GBR,1917,501169250
United Kingdom,GBR,1918,466848580
United Kingdom,GBR,1919,456131360
United Kingdom,GBR,1920,480472480
United Kingdom,GBR,1921,332187780
United Kingdom,GBR,1922,439608350
United Kingdom,GBR,1923,466067230
United Kingdom,GBR,1924,488240160
United Kingdom,GBR,1925,460999000
United Kingdom,GBR,1926,261066020
United Kingdom,GBR,1927,481344130
United Kingdom,GBR,1928,454453470
United Kingdom,GBR,1929,478205950
United Kingdom,GBR,1930,460804770
United Kingdom,GBR,1931,430978720
United Kingdom,GBR,1932,414564930
United Kingdom,GBR,1933,412268770
United Kingdom,GBR,1934,445277200
United Kingdom,GBR,1935,451205500
United Kingdom,GBR,1936,476535360
United Kingdom,GBR,1937,491703230
United Kingdom,GBR,1938,472755740
United Kingdom,GBR,1939,474288770
United Kingdom,GBR,1940,500083070
United Kingdom,GBR,1941,499796060
United Kingdom,GBR,1942,492995900
United Kingdom,GBR,1943,490218620
United Kingdom,GBR,1944,489670370
United Kingdom,GBR,1945,453074080
United Kingdom,GBR,1946,464411970
United Kingdom,GBR,1947,485231840
United Kingdom,GBR,1948,503510100
United Kingdom,GBR,1949,507551520
United Kingdom,GBR,1950,499227600
United Kingdom,GBR,1951,543790900
United Kingdom,GBR,1952,527412700
United Kingdom,GBR,1953,539100540
United Kingdom,GBR,1954,552031400
United Kingdom,GBR,1955,576119940
United Kingdom,GBR,1956,573744700
United Kingdom,GBR,1957,570248800
United Kingdom,GBR,1958,555993400
United Kingdom,GBR,1959,546364300
United Kingdom,GBR,1960,583902800
United Kingdom,GBR,1961,588578200
United Kingdom,GBR,1962,592920450
United Kingdom,GBR,1963,603382000
United Kingdom,GBR,1964,607866000
United Kingdom,GBR,1965,622115260
United Kingdom,GBR,1966,618078340
United Kingdom,GBR,1967,592064300
United Kingdom,GBR,1968,606495600
United Kingdom,GBR,1969,628389900
United Kingdom,GBR,1970,652584700
United Kingdom,GBR,1971,660395600
United Kingdom,GBR,1972,648033600
United Kingdom,GBR,1973,659584400
United Kingdom,GBR,1974,617187260
United Kingdom,GBR,1975,603254400
United Kingdom,GBR,1976,598533300
United Kingdom,GBR,1977,604369000
United Kingdom,GBR,1978,604728060
United Kingdom,GBR,1979,644509200
United Kingdom,GBR,1980,579039040
United Kingdom,GBR,1981,560547140
United Kingdom,GBR,1982,548229400
United Kingdom,GBR,1983,545474100
United Kingdom,GBR,1984,529097200
United Kingdom,GBR,1985,559634600
United Kingdom,GBR,1986,568568640
United Kingdom,GBR,1987,571649300
United Kingdom,GBR,1988,570279040
United Kingdom,GBR,1989,581561500
United Kingdom,GBR,1990,601945100
United Kingdom,GBR,1991,609412700
United Kingdom,GBR,1992,593845950
United Kingdom,GBR,1993,579612540
United Kingdom,GBR,1994,574016900
United Kingdom,GBR,1995,566158900
United Kingdom,GBR,1996,586760700
United Kingdom,GBR,1997,562708160
United Kingdom,GBR,1998,568543700
United Kingdom,GBR,1999,561649600
United Kingdom,GBR,2000,569033660
United Kingdom,GBR,2001,577970560
United Kingdom,GBR,2002,560273200
United Kingdom,GBR,2003,571618750
United Kingdom,GBR,2004,573429760
United Kingdom,GBR,2005,570338370
United Kingdom,GBR,2006,567845600
United Kingdom,GBR,2007,559566460
United Kingdom,GBR,2008,544932400
United Kingdom,GBR,2009,494107700
United Kingdom,GBR,2010,511904580
United Kingdom,GBR,2011,469713300
United Kingdom,GBR,2012,487476770
United Kingdom,GBR,2013,477611260
United Kingdom,GBR,2014,438807070
United Kingdom,GBR,2015,422460800
United Kingdom,GBR,2016,399430140
United Kingdom,GBR,2017,387367140
United Kingdom,GBR,2018,379729760
United Kingdom,GBR,2019,364753280
United Kingdom,GBR,2020,326263200
United Kingdom,GBR,2021,342365570
United Kingdom,GBR,2022,311118000
United Kingdom,GBR,2023,307826140
United Kingdom,GBR,2024,312905540
United States,USA,1800,252815.98
United States,USA,1801,267472
United States,USA,1802,289456
United States,USA,1803,296784
United States,USA,1804,333424
United States,USA,1805,340752
United States,USA,1806,333424
United States,USA,1807,377392
United States,USA,1808,392048
United States,USA,1809,403040
United States,USA,1810,417696
United States,USA,1811,447008
United States,USA,1812,483648
United States,USA,1813,520288
United States,USA,1814,560592
United States,USA,1815,600896
United States,USA,1816,663184
United States,USA,1817,718144
United States,USA,1818,780432
United States,USA,1819,762112
United States,USA,1820,791424
United States,USA,1821,828064
United States,USA,1822,864704
United States,USA,1823,901344
United States,USA,1824,1014928
United States,USA,1825,1135840
United States,USA,1826,1315376
United States,USA,1827,1447280
United States,USA,1828,1593840
United States,USA,1829,1795360
United States,USA,1830,2088480
United States,USA,1831,2264352
United States,USA,1832,3022800
United States,USA,1833,3528432
United States,USA,1834,3381872
United States,USA,1835,4316192
United States,USA,1836,4730224
United States,USA,1837,5305472
United States,USA,1838,5030672
United States,USA,1839,5517984
United States,USA,1840,5873392
United States,USA,1841,6214144
United States,USA,1842,6917632
United States,USA,1843,7764016
United States,USA,1844,9306560
United States,USA,1845,11204512
United States,USA,1846,12710416
United States,USA,1847,15070032
United States,USA,1848,16784784
United States,USA,1849,18221072
United States,USA,1850,19792928
United States,USA,1851,24633072
United States,USA,1852,26791168
United States,USA,1853,30162048
United States,USA,1854,33159198
United States,USA,1855,38160560
United States,USA,1856,40036530
United States,USA,1857,41055120
United States,USA,1858,41648690
United States,USA,1859,45320016
United States,USA,1860,47437810
United States,USA,1861,45679090
United States,USA,1862,47448800
United States,USA,1863,54809776
United States,USA,1864,58656976
United States,USA,1865,58821856
United States,USA,1866,59232224
United States,USA,1867,72865970
United States,USA,1868,82352060
United States,USA,1869,93695810
United States,USA,1870,98620220
United States,USA,1871,103020690
United States,USA,1872,126305410
United States,USA,1873,139506800
United States,USA,1874,134296590
United States,USA,1875,135747540
United States,USA,1876,132820010
United States,USA,1877,147175550
United States,USA,1878,143903600
United States,USA,1879,175468960
United States,USA,1880,198856380
United States,USA,1881,210400510
United States,USA,1882,235663860
United States,USA,1883,254230540
United States,USA,1884,267921760
United States,USA,1885,272506900
United States,USA,1886,287836900
United States,USA,1887,307936640
United States,USA,1888,374415200
United States,USA,1889,336123680
United States,USA,1890,402411650
United States,USA,1891,428107500
United States,USA,1892,451176600
United States,USA,1893,454759420
United States,USA,1894,425744800
United States,USA,1895,480673180
United States,USA,1896,481672540
United States,USA,1897,501199780
United States,USA,1898,546327300
United States,USA,1899,626822900
United States,USA,1900,664131600
United States,USA,1901,723192060
United States,USA,1902,766651600
United States,USA,1903,896952800
United States,USA,1904,884803400
United States,USA,1905,989991200
United States,USA,1906,1039963970
United States,USA,1907,1208486300
United States,USA,1908,1057521600
United States,USA,1909,1171650800
United States,USA,1910,1278529500
United States,USA,1911,1265776100
United States,USA,1912,1351017700
United States,USA,1913,1450855400
United States,USA,1914,1325944300
United States,USA,1915,1375451600
United States,USA,1916,1527240000
United States,USA,1917,1679331300
United States,USA,1918,1754117200
United States,USA,1919,1486433300
United States,USA,1920,1747166700
United States,USA,1921,1432479000
United States,USA,1922,1446013000
United States,USA,1923,1909034400
United States,USA,1924,1711686500
United States,USA,1925,1758185500
United States,USA,1926,1906048500
United States,USA,1927,1862839200
United States,USA,1928,1830965000
United States,USA,1929,1963506200
United States,USA,1930,1744916200
United States,USA,1931,1484959100
United States,USA,1932,1257814100
United States,USA,1933,1348876800
United States,USA,1934,1436238600
United States,USA,1935,1492320900
United States,USA,1936,1713411700
United States,USA,1937,1792609900
United States,USA,1938,1515749900
United States,USA,1939,1670920400
United States,USA,1940,1874985100
United States,USA,1941,2043585000
United States,USA,1942,2198264800
United States,USA,1943,2272059100
United States,USA,1944,2444903700
United States,USA,1945,2359551500
United States,USA,1946,2257493800
United States,USA,1947,2485854500
United States,USA,1948,2582558700
United States,USA,1949,2164862200
United States,USA,1950,2541485300
United States,USA,1951,2618704400
United States,USA,1952,2551215900
United States,USA,1953,2612971300
United States,USA,1954,2489462300
United States,USA,1955,2728508400
United States,USA,1956,2859987500
United States,USA,1957,2835772200
United States,USA,1958,2747107600
United States,USA,1959,2831908400
United States,USA,1960,2897308000
United States,USA,1961,2886861800
United States,USA,1962,2993898500
United States,USA,1963,3126484000
United States,USA,1964,3264306400
United States,USA,1965,3399539200
United States,USA,1966,3571417600
United States,USA,1967,3705461000
United States,USA,1968,3840923400
United States,USA,1969,4035156200
United States,USA,1970,4339704300
United States,USA,1971,4365483500
United States,USA,1972,4573033500
United States,USA,1973,4777725000
United States,USA,1974,4608462300
United States,USA,1975,4414455300
United States,USA,1976,4621539000
United States,USA,1977,4749501000
United States,USA,1978,4897339000
United States,USA,1979,4908766000
United States,USA,1980,4730218500
United States,USA,1981,4543633400
United States,USA,1982,4311918600
United States,USA,1983,4346381000
United States,USA,1984,4479379500
United States,USA,1985,4495378400
United States,USA,1986,4498135600
United States,USA,1987,4691930000
United States,USA,1988,4897776000
United States,USA,1989,4960237600
United States,USA,1990,5131760600
United States,USA,1991,5076412400
United States,USA,1992,5178769400
United States,USA,1993,5279520300
United States,USA,1994,5361863000
United States,USA,1995,5425837600
United States,USA,1996,5601094000
United States,USA,1997,5673144000
United States,USA,1998,5736360000
United States,USA,1999,5800281000
United States,USA,2000,6023158000
United States,USA,2001,5903562000
United States,USA,2002,5947819500
United States,USA,2003,6006440000
United States,USA,2004,6111545000
United States,USA,2005,6126903300
United States,USA,2006,6045326300
United States,USA,2007,6121542700
United States,USA,2008,5919221000
United States,USA,2009,5486104000
United States,USA,2010,5669250000
United States,USA,2011,5538973000
United States,USA,2012,5331467300
United States,USA,2013,5473436000
United States,USA,2014,5531385300
United States,USA,2015,5368496600
United States,USA,2016,5245361700
United States,USA,2017,5195417600
United States,USA,2018,5361236500
United States,USA,2019,5235912000
United States,USA,2020,4689954000
United States,USA,2021,5020111000
United States,USA,2022,5055403000
United States,USA,2023,4918406700
United States,USA,2024,4904120000
Upper-middle-income countries,,1830,5978
Upper-middle-income countries,,1831,7172
Upper-middle-income countries,,1832,4781
Upper-middle-income countries,,1833,5978
Upper-middle-income countries,,1850,37054
Upper-middle-income countries,,1855,112361
Upper-middle-income countries,,1856,696783
Upper-middle-income countries,,1857,758224
Upper-middle-income countries,,1858,913958
Upper-middle-income countries,,1859,937885
Upper-middle-income countries,,1860,1067460
Upper-middle-income countries,,1861,1287803
Upper-middle-income countries,,1862,1373477
Upper-middle-income countries,,1863,1239757
Upper-middle-income countries,,1864,1594777
Upper-middle-income countries,,1865,1853027
Upper-middle-income countries,,1866,2764075
Upper-middle-income countries,,1867,2702917
Upper-middle-income countries,,1868,2816101
Upper-middle-income countries,,1869,3053191
Upper-middle-income countries,,1870,3229141
Upper-middle-income countries,,1871,3953459
Upper-middle-income countries,,1872,4282570
Upper-middle-income countries,,1873,4330736
Upper-middle-income countries,,1874,4564585
Upper-middle-income countries,,1875,4799296
Upper-middle-income countries,,1876,5002658
Upper-middle-income countries,,1877,5254785
Upper-middle-income countries,,1878,6180911
Upper-middle-income countries,,1879,6110929
Upper-middle-income countries,,1880,6715558
Upper-middle-income countries,,1881,7196939
Upper-middle-income countries,,1882,7486238
Upper-middle-income countries,,1883,8557346
Upper-middle-income countries,,1884,9048012
Upper-middle-income countries,,1885,9700806
Upper-middle-income countries,,1886,9866070
Upper-middle-income countries,,1887,11058483
Upper-middle-income countries,,1888,11846071
Upper-middle-income countries,,1889,13631859
Upper-middle-income countries,,1890,14379611
Upper-middle-income countries,,1891,16106255
Upper-middle-income countries,,1892,18382940
Upper-middle-income countries,,1893,21253380
Upper-middle-income countries,,1894,23118600
Upper-middle-income countries,,1895,26387084
Upper-middle-income countries,,1896,28067596
Upper-middle-income countries,,1897,31507592
Upper-middle-income countries,,1898,35709096
Upper-middle-income countries,,1899,39363996
Upper-middle-income countries,,1900,38918164
Upper-middle-income countries,,1901,43406790
Upper-middle-income countries,,1902,44555140
Upper-middle-income countries,,1903,48925090
Upper-middle-income countries,,1904,54810996
Upper-middle-income countries,,1905,56002108
Upper-middle-income countries,,1906,63803330
Upper-middle-income countries,,1907,90242990
Upper-middle-income countries,,1908,94646630
Upper-middle-income countries,,1909,100567944
Upper-middle-income countries,,1910,105509630
Upper-middle-income countries,,1911,113325220
Upper-middle-income countries,,1912,110456090
Upper-middle-income countries,,1913,129471450
Upper-middle-income countries,,1914,120131940
Upper-middle-income countries,,1915,115682740
Upper-middle-income countries,,1916,128713670
Upper-middle-income countries,,1917,138226670
Upper-middle-income countries,,1918,124579430
Upper-middle-income countries,,1919,142069140
Upper-middle-income countries,,1920,188590450
Upper-middle-income countries,,1921,199996720
Upper-middle-income countries,,1922,201687020
Upper-middle-income countries,,1923,208801660
Upper-middle-income countries,,1924,218313120
Upper-middle-income countries,,1925,209181760
Upper-middle-income countries,,1926,206750940
Upper-middle-income countries,,1927,209176200
Upper-middle-income countries,,1928,211925460
Upper-middle-income countries,,1929,220832050
Upper-middle-income countries,,1930,228069280
Upper-middle-income countries,,1931,228277840
Upper-middle-income countries,,1932,235553170
Upper-middle-income countries,,1933,256918140
Upper-middle-income countries,,1934,296661570
Upper-middle-income countries,,1935,331942980
Upper-middle-income countries,,1936,357198700
Upper-middle-income countries,,1937,379556800
Upper-middle-income countries,,1938,375141340
Upper-middle-income countries,,1939,396206600
Upper-middle-income countries,,1940,439130980
Upper-middle-income countries,,1941,427040540
Upper-middle-income countries,,1942,367490340
Upper-middle-income countries,,1943,368274400
Upper-middle-income countries,,1944,412761900
Upper-middle-income countries,,1945,387852030
Upper-middle-income countries,,1946,398308740
Upper-middle-income countries,,1947,450483500
Upper-middle-income countries,,1948,480023740
Upper-middle-income countries,,1949,471147520
Upper-middle-income countries,,1950,552079300
Upper-middle-income countries,,1951,620590660
Upper-middle-income countries,,1952,682150500
Upper-middle-income countries,,1953,705199360
Upper-middle-income countries,,1954,772627800
Upper-middle-income countries,,1955,899782300
Upper-middle-income countries,,1956,991844600
Upper-middle-income countries,,1957,1093041900
Upper-middle-income countries,,1958,1394173000
Upper-middle-income countries,,1959,1637510800
Upper-middle-income countries,,1960,1756676600
Upper-middle-income countries,,1961,1558293000
Upper-middle-income countries,,1962,1491861000
Upper-middle-income countries,,1963,1544173200
Upper-middle-income countries,,1964,1631213000
Upper-middle-income countries,,1965,1746193400
Upper-middle-income countries,,1966,1876476700
Upper-middle-income countries,,1967,1865769200
Upper-middle-income countries,,1968,1991043200
Upper-middle-income countries,,1969,2185801500
Upper-middle-income countries,,1970,2505436000
Upper-middle-income countries,,1971,2719985000
Upper-middle-income countries,,1972,2869543400
Upper-middle-income countries,,1973,3054846700
Upper-middle-income countries,,1974,3156543000
Upper-middle-income countries,,1975,3389973800
Upper-middle-income countries,,1976,3577540900
Upper-middle-income countries,,1977,3798817500
Upper-middle-income countries,,1978,4087761000
Upper-middle-income countries,,1979,4209139700
Upper-middle-income countries,,1980,4243258600
Upper-middle-income countries,,1981,4209323300
Upper-middle-income countries,,1982,4433509400
Upper-middle-income countries,,1983,4568922000
Upper-middle-income countries,,1984,4792184300
Upper-middle-income countries,,1985,5114714000
Upper-middle-income countries,,1986,5299505700
Upper-middle-income countries,,1987,5511910000
Upper-middle-income countries,,1988,5783850000
Upper-middle-income countries,,1989,5824869400
Upper-middle-income countries,,1990,5884587500
Upper-middle-income countries,,1991,5992937500
Upper-middle-income countries,,1992,6069855700
Upper-middle-income countries,,1993,6226802000
Upper-middle-income countries,,1994,6365352000
Upper-middle-income countries,,1995,6687493000
Upper-middle-income countries,,1996,6899219000
Upper-middle-income countries,,1997,7014104600
Upper-middle-income countries,,1998,6883152000
Upper-middle-income countries,,1999,7121256000
Upper-middle-income countries,,2000,7275023000
Upper-middle-income countries,,2001,7431237000
Upper-middle-income countries,,2002,7854075000
Upper-middle-income countries,,2003,8815910000
Upper-middle-income countries,,2004,9388462000
Upper-middle-income countries,,2005,10168379000
Upper-middle-income countries,,2006,10921290000
Upper-middle-income countries,,2007,11512429000
Upper-middle-income countries,,2008,12161975000
Upper-middle-income countries,,2009,12498653000
Upper-middle-income countries,,2010,13483229000
Upper-middle-income countries,,2011,14572880000
Upper-middle-income countries,,2012,15001586000
Upper-middle-income countries,,2013,15252664000
Upper-middle-income countries,,2014,15393135000
Upper-middle-income countries,,2015,15250372000
Upper-middle-income countries,,2016,15138848000
Upper-middle-income countries,,2017,15493024000
Upper-middle-income countries,,2018,15891828000
Upper-middle-income countries,,2019,16385608000
Upper-middle-income countries,,2020,16241721000
Upper-middle-income countries,,2021,16916741000
Upper-middle-income countries,,2022,17458070000
Upper-middle-income countries,,2023,18031050000
Upper-middle-income countries,,2024,18237493000
Uruguay,URY,1856,32853
Uruguay,URY,1857,46787
Uruguay,URY,1858,109184
Uruguay,URY,1859,61594
Uruguay,URY,1860,68206
Uruguay,URY,1861,100820
Uruguay,URY,1862,84374
Uruguay,URY,1863,126532
Uruguay,URY,1864,107614
Uruguay,URY,1865,166158
Uruguay,URY,1866,304208
Uruguay,URY,1867,319443
Uruguay,URY,1868,467312
Uruguay,URY,1869,431035
Uruguay,URY,1870,317615
Uruguay,URY,1871,248655
Uruguay,URY,1872,336081
Uruguay,URY,1873,264687
Uruguay,URY,1874,463087
Uruguay,URY,1875,303788
Uruguay,URY,1876,310649
Uruguay,URY,1877,362663
Uruguay,URY,1878,337048
Uruguay,URY,1879,302831
Uruguay,URY,1880,356635
Uruguay,URY,1881,426198
Uruguay,URY,1882,345925
Uruguay,URY,1883,443020
Uruguay,URY,1884,548277
Uruguay,URY,1885,655081
Uruguay,URY,1886,452351
Uruguay,URY,1887,651498
Uruguay,URY,1888,748321
Uruguay,URY,1889,1229904
Uruguay,URY,1890,705199
Uruguay,URY,1891,586852
Uruguay,URY,1892,497138
Uruguay,URY,1893,597786
Uruguay,URY,1894,770032
Uruguay,URY,1895,754985
Uruguay,URY,1896,787278
Uruguay,URY,1897,618717
Uruguay,URY,1898,938460
Uruguay,URY,1899,946793
Uruguay,URY,1900,1217770
Uruguay,URY,1901,1237716
Uruguay,URY,1902,1738606
Uruguay,URY,1903,1513045
Uruguay,URY,1904,1048154
Uruguay,URY,1905,922569
Uruguay,URY,1906,1675332
Uruguay,URY,1907,2186012
Uruguay,URY,1908,2529547
Uruguay,URY,1909,2475355
Uruguay,URY,1910,2598250
Uruguay,URY,1911,2501037
Uruguay,URY,1912,2343055
Uruguay,URY,1913,2123324
Uruguay,URY,1914,1651411
Uruguay,URY,1915,1242910
Uruguay,URY,1916,824301
Uruguay,URY,1917,788909
Uruguay,URY,1918,1028525.94
Uruguay,URY,1919,1059183
Uruguay,URY,1920,999521
Uruguay,URY,1921,821180
Uruguay,URY,1922,1297537
Uruguay,URY,1923,1122885
Uruguay,URY,1924,1254351
Uruguay,URY,1925,904148
Uruguay,URY,1926,829218
Uruguay,URY,1927,754033
Uruguay,URY,1928,621536
Uruguay,URY,1929,873884
Uruguay,URY,1930,729660
Uruguay,URY,1931,852850
Uruguay,URY,1932,726466
Uruguay,URY,1933,790868
Uruguay,URY,1934,740621
Uruguay,URY,1935,831528
Uruguay,URY,1936,890749
Uruguay,URY,1937,792343
Uruguay,URY,1938,727074
Uruguay,URY,1939,845160
Uruguay,URY,1940,941052
Uruguay,URY,1941,768600
Uruguay,URY,1942,555009
Uruguay,URY,1943,804215
Uruguay,URY,1944,703139
Uruguay,URY,1945,855483
Uruguay,URY,1946,516937.03
Uruguay,URY,1947,428700
Uruguay,URY,1948,459294
Uruguay,URY,1949,459293
Uruguay,URY,1950,2508232
Uruguay,URY,1951,2622206
Uruguay,URY,1952,3153486
Uruguay,URY,1953,3505259
Uruguay,URY,1954,3736091
Uruguay,URY,1955,3919410
Uruguay,URY,1956,4021704.2
Uruguay,URY,1957,4431746
Uruguay,URY,1958,3977351
Uruguay,URY,1959,4387778
Uruguay,URY,1960,4314528
Uruguay,URY,1961,4116761.2
Uruguay,URY,1962,4006902.2
Uruguay,URY,1963,4314824
Uruguay,URY,1964,4552718
Uruguay,URY,1965,5516290
Uruguay,URY,1966,5398834
Uruguay,URY,1967,4878754
Uruguay,URY,1968,4878368
Uruguay,URY,1969,5589393
Uruguay,URY,1970,5735803
Uruguay,URY,1971,5801934
Uruguay,URY,1972,6069376
Uruguay,URY,1973,5768719
Uruguay,URY,1974,5677001
Uruguay,URY,1975,5962407
Uruguay,URY,1976,5887946
Uruguay,URY,1977,5641373
Uruguay,URY,1978,5731929
Uruguay,URY,1979,6265830
Uruguay,URY,1980,5823647
Uruguay,URY,1981,5361622
Uruguay,URY,1982,4859712
Uruguay,URY,1983,3807652
Uruguay,URY,1984,3441942
Uruguay,URY,1985,3287839
Uruguay,URY,1986,3169651
Uruguay,URY,1987,3548703
Uruguay,URY,1988,4793143
Uruguay,URY,1989,4862585
Uruguay,URY,1990,3976825
Uruguay,URY,1991,4536652
Uruguay,URY,1992,5151301
Uruguay,URY,1993,4447071
Uruguay,URY,1994,4040712
Uruguay,URY,1995,4565265
Uruguay,URY,1996,5413614
Uruguay,URY,1997,5522419
Uruguay,URY,1998,5650996
Uruguay,URY,1999,6689290
Uruguay,URY,2000,5276982
Uruguay,URY,2001,5040513
Uruguay,URY,2002,4569193
Uruguay,URY,2003,4537120
Uruguay,URY,2004,5574142
Uruguay,URY,2005,5737104
Uruguay,URY,2006,6610993
Uruguay,URY,2007,5959754
Uruguay,URY,2008,8217578
Uruguay,URY,2009,7990301
Uruguay,URY,2010,6321844
Uruguay,URY,2011,7686493
Uruguay,URY,2012,8604564
Uruguay,URY,2013,7490970
Uruguay,URY,2014,6683819
Uruguay,URY,2015,6738132
Uruguay,URY,2016,6520387
Uruguay,URY,2017,6151027
Uruguay,URY,2018,6570397
Uruguay,URY,2019,6408476
Uruguay,URY,2020,6476821
Uruguay,URY,2021,7829208
Uruguay,URY,2022,7500855
Uruguay,URY,2023,7626940
Uruguay,URY,2024,7973270
Uzbekistan,UZB,1830,477
Uzbekistan,UZB,1831,572
Uzbekistan,UZB,1832,381
Uzbekistan,UZB,1833,477
Uzbekistan,UZB,1850,2956
Uzbekistan,UZB,1855,8964
Uzbekistan,UZB,1858,12588
Uzbekistan,UZB,1859,13351
Uzbekistan,UZB,1860,17642
Uzbekistan,UZB,1861,22411
Uzbekistan,UZB,1862,20217
Uzbekistan,UZB,1863,21171
Uzbekistan,UZB,1864,23746
Uzbekistan,UZB,1865,22697
Uzbekistan,UZB,1866,71714
Uzbekistan,UZB,1867,82299
Uzbekistan,UZB,1868,68472
Uzbekistan,UZB,1869,92885
Uzbekistan,UZB,1870,100800
Uzbekistan,UZB,1871,136085
Uzbekistan,UZB,1872,139709
Uzbekistan,UZB,1873,131126
Uzbekistan,UZB,1874,159163
Uzbekistan,UZB,1875,183195
Uzbekistan,UZB,1876,227444
Uzbekistan,UZB,1877,232117
Uzbekistan,UZB,1878,303354
Uzbekistan,UZB,1879,311269
Uzbekistan,UZB,1880,365150
Uzbekistan,UZB,1881,384605
Uzbekistan,UZB,1882,405108
Uzbekistan,UZB,1883,461087
Uzbekistan,UZB,1884,468144
Uzbekistan,UZB,1885,509913.03
Uzbekistan,UZB,1886,522978
Uzbekistan,UZB,1887,553400
Uzbekistan,UZB,1888,577241
Uzbekistan,UZB,1889,623397
Uzbekistan,UZB,1890,705983
Uzbekistan,UZB,1891,777315
Uzbekistan,UZB,1892,822804
Uzbekistan,UZB,1893,964420
Uzbekistan,UZB,1894,982253
Uzbekistan,UZB,1895,1128638
Uzbekistan,UZB,1896,1148950
Uzbekistan,UZB,1897,1328426
Uzbekistan,UZB,1898,1489878
Uzbekistan,UZB,1899,1728384
Uzbekistan,UZB,1900,1957927
Uzbekistan,UZB,1901,2010091.1
Uzbekistan,UZB,1902,1941429
Uzbekistan,UZB,1903,1899087
Uzbekistan,UZB,1904,2112894
Uzbekistan,UZB,1905,1886022
Uzbekistan,UZB,1906,2151230
Uzbekistan,UZB,1907,2409572
Uzbekistan,UZB,1908,2424354
Uzbekistan,UZB,1909,2559199
Uzbekistan,UZB,1910,2509800
Uzbekistan,UZB,1911,2602113
Uzbekistan,UZB,1912,2947618
Uzbekistan,UZB,1913,3202051
Uzbekistan,UZB,1914,2889923
Uzbekistan,UZB,1915,2652561
Uzbekistan,UZB,1916,2827173
Uzbekistan,UZB,1917,2601922
Uzbekistan,UZB,1918,1037660
Uzbekistan,UZB,1919,886317
Uzbekistan,UZB,1920,808213
Uzbekistan,UZB,1921,876494
Uzbekistan,UZB,1922,1068940
Uzbekistan,UZB,1923,1180802
Uzbekistan,UZB,1924,1406816
Uzbekistan,UZB,1925,1388506
Uzbekistan,UZB,1926,2011807
Uzbekistan,UZB,1927,2501218
Uzbekistan,UZB,1928,2688993
Uzbekistan,UZB,1929,2893517
Uzbekistan,UZB,1930,3969521
Uzbekistan,UZB,1931,4783091
Uzbekistan,UZB,1932,5377270
Uzbekistan,UZB,1933,6041873
Uzbekistan,UZB,1934,7291220
Uzbekistan,UZB,1935,8223217
Uzbekistan,UZB,1936,9390243
Uzbekistan,UZB,1937,9629676
Uzbekistan,UZB,1938,10166209
Uzbekistan,UZB,1939,10292550
Uzbekistan,UZB,1940,12358568
Uzbekistan,UZB,1941,10829191
Uzbekistan,UZB,1942,6044100
Uzbekistan,UZB,1943,6307974
Uzbekistan,UZB,1944,9147735
Uzbekistan,UZB,1945,9580882
Uzbekistan,UZB,1946,10693859
Uzbekistan,UZB,1947,12841248
Uzbekistan,UZB,1948,13597884
Uzbekistan,UZB,1949,15434241
Uzbekistan,UZB,1950,17139578
Uzbekistan,UZB,1951,18527002
Uzbekistan,UZB,1952,19818876
Uzbekistan,UZB,1953,20943594
Uzbekistan,UZB,1954,22816716
Uzbekistan,UZB,1955,25860620
Uzbekistan,UZB,1956,28425960
Uzbekistan,UZB,1957,31159446
Uzbekistan,UZB,1958,33334938
Uzbekistan,UZB,1959,35064384
Uzbekistan,UZB,1960,36543150
Uzbekistan,UZB,1961,37811520
Uzbekistan,UZB,1962,39819424
Uzbekistan,UZB,1963,42851396
Uzbekistan,UZB,1964,45713976
Uzbekistan,UZB,1965,48565380
Uzbekistan,UZB,1966,51334530
Uzbekistan,UZB,1967,53775972
Uzbekistan,UZB,1968,55395724
Uzbekistan,UZB,1969,57767428
Uzbekistan,UZB,1970,60627710
Uzbekistan,UZB,1971,64491944
Uzbekistan,UZB,1972,67863944
Uzbekistan,UZB,1973,70769010
Uzbekistan,UZB,1974,73506360
Uzbekistan,UZB,1975,77300480
Uzbekistan,UZB,1976,80282970
Uzbekistan,UZB,1977,83002850
Uzbekistan,UZB,1978,85864040
Uzbekistan,UZB,1979,86552840
Uzbekistan,UZB,1980,89878010
Uzbekistan,UZB,1981,88282840
Uzbekistan,UZB,1982,89966470
Uzbekistan,UZB,1983,91260790
Uzbekistan,UZB,1984,92106264
Uzbekistan,UZB,1985,99281900
Uzbekistan,UZB,1986,95237900
Uzbekistan,UZB,1987,97685224
Uzbekistan,UZB,1988,101107220
Uzbekistan,UZB,1989,104126840
Uzbekistan,UZB,1990,103123460
Uzbekistan,UZB,1991,102324080
Uzbekistan,UZB,1992,110990940
Uzbekistan,UZB,1993,115619100
Uzbekistan,UZB,1994,109786616
Uzbekistan,UZB,1995,104804136
Uzbekistan,UZB,1996,108188860
Uzbekistan,UZB,1997,109029016
Uzbekistan,UZB,1998,120976110
Uzbekistan,UZB,1999,123587700
Uzbekistan,UZB,2000,123478480
Uzbekistan,UZB,2001,126222536
Uzbekistan,UZB,2002,132576550
Uzbekistan,UZB,2003,130295820
Uzbekistan,UZB,2004,129099224
Uzbekistan,UZB,2005,121601640
Uzbekistan,UZB,2006,124898800
Uzbekistan,UZB,2007,123822700
Uzbekistan,UZB,2008,128386856
Uzbekistan,UZB,2009,109229760
Uzbekistan,UZB,2010,107668240
Uzbekistan,UZB,2011,116754600
Uzbekistan,UZB,2012,118860370
Uzbekistan,UZB,2013,112394720
Uzbekistan,UZB,2014,107495624
Uzbekistan,UZB,2015,103373576
Uzbekistan,UZB,2016,109837336
Uzbekistan,UZB,2017,108882870
Uzbekistan,UZB,2018,102330270
Uzbekistan,UZB,2019,107947210
Uzbekistan,UZB,2020,108138824
Uzbekistan,UZB,2021,123161640
Uzbekistan,UZB,2022,119105480
Uzbekistan,UZB,2023,122872020
Uzbekistan,UZB,2024,139234180
Vanuatu,VUT,1962,40304
Vanuatu,VUT,1963,32976
Vanuatu,VUT,1964,62288
Vanuatu,VUT,1965,47632
Vanuatu,VUT,1966,76944
Vanuatu,VUT,1967,84272
Vanuatu,VUT,1968,62288
Vanuatu,VUT,1969,43968
Vanuatu,VUT,1970,40304
Vanuatu,VUT,1971,58624
Vanuatu,VUT,1972,62288
Vanuatu,VUT,1973,54960
Vanuatu,VUT,1974,62288
Vanuatu,VUT,1975,54960
Vanuatu,VUT,1976,43968
Vanuatu,VUT,1977,51296
Vanuatu,VUT,1978,58624
Vanuatu,VUT,1979,62288
Vanuatu,VUT,1980,62288
Vanuatu,VUT,1981,51296
Vanuatu,VUT,1982,51296
Vanuatu,VUT,1983,54960
Vanuatu,VUT,1984,54960
Vanuatu,VUT,1985,120912
Vanuatu,VUT,1986,58624
Vanuatu,VUT,1987,47632
Vanuatu,VUT,1988,65952
Vanuatu,VUT,1989,62288
Vanuatu,VUT,1990,65952
Vanuatu,VUT,1991,65952
Vanuatu,VUT,1992,62288
Vanuatu,VUT,1993,62288
Vanuatu,VUT,1994,62288
Vanuatu,VUT,1995,65952
Vanuatu,VUT,1996,73280
Vanuatu,VUT,1997,76944
Vanuatu,VUT,1998,76944
Vanuatu,VUT,1999,80608
Vanuatu,VUT,2000,84272
Vanuatu,VUT,2001,80608
Vanuatu,VUT,2002,76944
Vanuatu,VUT,2003,76944
Vanuatu,VUT,2004,73280
Vanuatu,VUT,2005,73280
Vanuatu,VUT,2006,73280
Vanuatu,VUT,2007,76944
Vanuatu,VUT,2008,87936
Vanuatu,VUT,2009,120912
Vanuatu,VUT,2010,124576
Vanuatu,VUT,2011,131904
Vanuatu,VUT,2012,117248
Vanuatu,VUT,2013,109920
Vanuatu,VUT,2014,157552
Vanuatu,VUT,2015,131904
Vanuatu,VUT,2016,150224
Vanuatu,VUT,2017,139232
Vanuatu,VUT,2018,175872
Vanuatu,VUT,2019,164880
Vanuatu,VUT,2020,205184
Vanuatu,VUT,2021,216176
Vanuatu,VUT,2022,189353
Vanuatu,VUT,2023,188458
Vanuatu,VUT,2024,197079
Venezuela,VEN,1870,1016.00006
Venezuela,VEN,1871,769
Venezuela,VEN,1872,505
Venezuela,VEN,1873,1316
Venezuela,VEN,1874,1924
Venezuela,VEN,1875,657
Venezuela,VEN,1876,1670
Venezuela,VEN,1877,2675
Venezuela,VEN,1878,2811
Venezuela,VEN,1879,2793
Venezuela,VEN,1880,3134
Venezuela,VEN,1881,2680
Venezuela,VEN,1882,1675
Venezuela,VEN,1883,1436
Venezuela,VEN,1884,3439
Venezuela,VEN,1885,31645
Venezuela,VEN,1886,25738
Venezuela,VEN,1887,44489
Venezuela,VEN,1888,61063
Venezuela,VEN,1889,73051
Venezuela,VEN,1890,89329
Venezuela,VEN,1891,97732
Venezuela,VEN,1892,78108
Venezuela,VEN,1893,84995
Venezuela,VEN,1894,71201
Venezuela,VEN,1895,71694
Venezuela,VEN,1896,63033
Venezuela,VEN,1897,67898
Venezuela,VEN,1898,52024
Venezuela,VEN,1899,53527
Venezuela,VEN,1900,37679
Venezuela,VEN,1901,50398
Venezuela,VEN,1902,51352
Venezuela,VEN,1903,34945
Venezuela,VEN,1904,63294
Venezuela,VEN,1905,45948
Venezuela,VEN,1906,35235
Venezuela,VEN,1907,47862
Venezuela,VEN,1908,37284
Venezuela,VEN,1909,36579
Venezuela,VEN,1910,29929
Venezuela,VEN,1911,41837
Venezuela,VEN,1912,58862
Venezuela,VEN,1913,67985
Venezuela,VEN,1914,85566
Venezuela,VEN,1915,89920
Venezuela,VEN,1916,119772
Venezuela,VEN,1917,95738
Venezuela,VEN,1918,160614
Venezuela,VEN,1919,210363
Venezuela,VEN,1920,138485
Venezuela,VEN,1921,187828
Venezuela,VEN,1922,246527
Venezuela,VEN,1923,385764
Venezuela,VEN,1924,340754
Venezuela,VEN,1925,627298
Venezuela,VEN,1926,1061922
Venezuela,VEN,1927,1042024
Venezuela,VEN,1928,1939800
Venezuela,VEN,1929,2012340.1
Venezuela,VEN,1930,60198
Venezuela,VEN,1931,57700
Venezuela,VEN,1932,3850679
Venezuela,VEN,1933,2872904
Venezuela,VEN,1934,5278050
Venezuela,VEN,1935,6028249
Venezuela,VEN,1936,3207243
Venezuela,VEN,1937,9446700
Venezuela,VEN,1938,6176634
Venezuela,VEN,1939,7047976
Venezuela,VEN,1940,12386424
Venezuela,VEN,1941,15093673
Venezuela,VEN,1942,11587860
Venezuela,VEN,1943,10367799
Venezuela,VEN,1944,15148633
Venezuela,VEN,1945,15782344
Venezuela,VEN,1946,17973588
Venezuela,VEN,1947,20530604
Venezuela,VEN,1948,25590480
Venezuela,VEN,1949,28774856
Venezuela,VEN,1950,38341028
Venezuela,VEN,1951,47380350
Venezuela,VEN,1952,50743012
Venezuela,VEN,1953,47855188
Venezuela,VEN,1954,51199496
Venezuela,VEN,1955,59751004
Venezuela,VEN,1956,65008164
Venezuela,VEN,1957,69583330
Venezuela,VEN,1958,54455160
Venezuela,VEN,1959,65149336
Venezuela,VEN,1960,57016830
Venezuela,VEN,1961,51879784
Venezuela,VEN,1962,54056110
Venezuela,VEN,1963,56151736
Venezuela,VEN,1964,56550016
Venezuela,VEN,1965,60729600
Venezuela,VEN,1966,56974000
Venezuela,VEN,1967,65752380
Venezuela,VEN,1968,65572068
Venezuela,VEN,1969,68933176
Venezuela,VEN,1970,74489350
Venezuela,VEN,1971,62500184
Venezuela,VEN,1972,62514096
Venezuela,VEN,1973,66432756
Venezuela,VEN,1974,75057576
Venezuela,VEN,1975,63754010
Venezuela,VEN,1976,57277944
Venezuela,VEN,1977,63658050
Venezuela,VEN,1978,68604510
Venezuela,VEN,1979,76467530
Venezuela,VEN,1980,90671410
Venezuela,VEN,1981,91828776
Venezuela,VEN,1982,93249400
Venezuela,VEN,1983,92953120
Venezuela,VEN,1984,93057576
Venezuela,VEN,1985,101093730
Venezuela,VEN,1986,109320240
Venezuela,VEN,1987,110754360
Venezuela,VEN,1988,115854200
Venezuela,VEN,1989,108651310
Venezuela,VEN,1990,120863880
Venezuela,VEN,1991,114220530
Venezuela,VEN,1992,104738600
Venezuela,VEN,1993,123051510
Venezuela,VEN,1994,119060250
Venezuela,VEN,1995,124830390
Venezuela,VEN,1996,118346770
Venezuela,VEN,1997,129754620
Venezuela,VEN,1998,134993220
Venezuela,VEN,1999,143125900
Venezuela,VEN,2000,142902340
Venezuela,VEN,2001,130617784
Venezuela,VEN,2002,164232910
Venezuela,VEN,2003,154364060
Venezuela,VEN,2004,142842060
Venezuela,VEN,2005,148408260
Venezuela,VEN,2006,155841230
Venezuela,VEN,2007,154167490
Venezuela,VEN,2008,155758300
Venezuela,VEN,2009,152175700
Venezuela,VEN,2010,189581660
Venezuela,VEN,2011,168712510
Venezuela,VEN,2012,175845070
Venezuela,VEN,2013,198452160
Venezuela,VEN,2014,175991600
Venezuela,VEN,2015,166328370
Venezuela,VEN,2016,152733440
Venezuela,VEN,2017,139093300
Venezuela,VEN,2018,111239580
Venezuela,VEN,2019,105430480
Venezuela,VEN,2020,80901150
Venezuela,VEN,2021,94902500
Venezuela,VEN,2022,108423500
Venezuela,VEN,2023,119587760
Venezuela,VEN,2024,116042424
Vietnam,VNM,1892,212512
Vietnam,VNM,1893,663184
Vietnam,VNM,1894,304112
Vietnam,VNM,1895,179536
Vietnam,VNM,1896,362736
Vietnam,VNM,1897,523952
Vietnam,VNM,1898,655856
Vietnam,VNM,1899,732800
Vietnam,VNM,1900,512960.03
Vietnam,VNM,1901,501968.03
Vietnam,VNM,1902,399376
Vietnam,VNM,1903,556928
Vietnam,VNM,1904,802416
Vietnam,VNM,1905,791424
Vietnam,VNM,1906,835392
Vietnam,VNM,1907,850048
Vietnam,VNM,1908,919664
Vietnam,VNM,1909,1018592
Vietnam,VNM,1910,1322704
Vietnam,VNM,1911,1157824
Vietnam,VNM,1912,1139504
Vietnam,VNM,1913,1352016
Vietnam,VNM,1914,1645136
Vietnam,VNM,1915,1707424
Vietnam,VNM,1916,1817344
Vietnam,VNM,1917,1736736
Vietnam,VNM,1918,1689104
Vietnam,VNM,1919,1766048
Vietnam,VNM,1920,1857648
Vietnam,VNM,1921,2443888
Vietnam,VNM,1922,2627088
Vietnam,VNM,1923,2802960
Vietnam,VNM,1924,3279280
Vietnam,VNM,1925,3616368
Vietnam,VNM,1926,3422176
Vietnam,VNM,1927,3957120
Vietnam,VNM,1928,5297490
Vietnam,VNM,1929,5323049
Vietnam,VNM,1930,5271813
Vietnam,VNM,1931,4656320
Vietnam,VNM,1932,4626949
Vietnam,VNM,1933,4275442
Vietnam,VNM,1934,4282741
Vietnam,VNM,1935,4762754
Vietnam,VNM,1936,5872798
Vietnam,VNM,1937,6238841
Vietnam,VNM,1938,6352306
Vietnam,VNM,1939,7092256
Vietnam,VNM,1940,6769943
Vietnam,VNM,1941,6326510
Vietnam,VNM,1942,3384823
Vietnam,VNM,1943,2769479
Vietnam,VNM,1944,1425296
Vietnam,VNM,1945,615522
Vietnam,VNM,1946,714331
Vietnam,VNM,1947,710667
Vietnam,VNM,1948,999886
Vietnam,VNM,1949,1076592
Vietnam,VNM,1950,1479660
Vietnam,VNM,1951,1285202
Vietnam,VNM,1952,1864055
Vietnam,VNM,1953,1750203
Vietnam,VNM,1954,2670016
Vietnam,VNM,1955,3523550
Vietnam,VNM,1956,2908414
Vietnam,VNM,1957,2875587
Vietnam,VNM,1958,5014798
Vietnam,VNM,1959,6604647
Vietnam,VNM,1960,7483918
Vietnam,VNM,1961,7978350
Vietnam,VNM,1962,9337664
Vietnam,VNM,1963,9110377
Vietnam,VNM,1964,11787840
Vietnam,VNM,1965,13149927
Vietnam,VNM,1966,19181138
Vietnam,VNM,1967,22962178
Vietnam,VNM,1968,23600902
Vietnam,VNM,1969,27055640
Vietnam,VNM,1970,28172980
Vietnam,VNM,1971,24503596
Vietnam,VNM,1972,23034844
Vietnam,VNM,1973,25067894
Vietnam,VNM,1974,19058020
Vietnam,VNM,1975,21771390
Vietnam,VNM,1976,13898657
Vietnam,VNM,1977,15246793
Vietnam,VNM,1978,15387687
Vietnam,VNM,1979,16249706
Vietnam,VNM,1980,16789038
Vietnam,VNM,1981,17695350
Vietnam,VNM,1982,18341628
Vietnam,VNM,1983,19269692
Vietnam,VNM,1984,17495162
Vietnam,VNM,1985,21097420
Vietnam,VNM,1986,20584666
Vietnam,VNM,1987,23296900
Vietnam,VNM,1988,23072536
Vietnam,VNM,1989,17397910
Vietnam,VNM,1990,21298646
Vietnam,VNM,1991,21375534
Vietnam,VNM,1992,21466460
Vietnam,VNM,1993,22853002
Vietnam,VNM,1994,27362152
Vietnam,VNM,1995,30088472
Vietnam,VNM,1996,35481510
Vietnam,VNM,1997,45502070
Vietnam,VNM,1998,47866350
Vietnam,VNM,1999,48548324
Vietnam,VNM,2000,53935468
Vietnam,VNM,2001,60983388
Vietnam,VNM,2002,69530950
Vietnam,VNM,2003,77261060
Vietnam,VNM,2004,88939180
Vietnam,VNM,2005,95842056
Vietnam,VNM,2006,99655920
Vietnam,VNM,2007,101432630
Vietnam,VNM,2008,114299576
Vietnam,VNM,2009,124493390
Vietnam,VNM,2010,139563840
Vietnam,VNM,2011,152563940
Vietnam,VNM,2012,144287540
Vietnam,VNM,2013,151459360
Vietnam,VNM,2014,180047520
Vietnam,VNM,2015,213391310
Vietnam,VNM,2016,221027000
Vietnam,VNM,2017,227694370
Vietnam,VNM,2018,255468420
Vietnam,VNM,2019,339312350
Vietnam,VNM,2020,362598880
Vietnam,VNM,2021,314196600
Vietnam,VNM,2022,322653150
Vietnam,VNM,2023,347398800
Vietnam,VNM,2024,370931330
Wallis and Futuna,WLF,1990,18320
Wallis and Futuna,WLF,1991,18320
Wallis and Futuna,WLF,1992,18320
Wallis and Futuna,WLF,1993,21984
Wallis and Futuna,WLF,1994,21984
Wallis and Futuna,WLF,1995,21984
Wallis and Futuna,WLF,1996,21984
Wallis and Futuna,WLF,1997,21984
Wallis and Futuna,WLF,1998,21984
Wallis and Futuna,WLF,1999,21984
Wallis and Futuna,WLF,2000,21984
Wallis and Futuna,WLF,2001,25648
Wallis and Futuna,WLF,2002,25648
Wallis and Futuna,WLF,2003,25648
Wallis and Futuna,WLF,2004,25648
Wallis and Futuna,WLF,2005,25648
Wallis and Futuna,WLF,2006,25648
Wallis and Futuna,WLF,2007,25648
Wallis and Futuna,WLF,2008,25648
Wallis and Futuna,WLF,2009,25648
Wallis and Futuna,WLF,2010,25648
Wallis and Futuna,WLF,2011,25648
Wallis and Futuna,WLF,2012,25648
Wallis and Futuna,WLF,2013,25648
Wallis and Futuna,WLF,2014,25648
Wallis and Futuna,WLF,2015,25648
Wallis and Futuna,WLF,2016,25648
Wallis and Futuna,WLF,2017,25648
Wallis and Futuna,WLF,2018,25648
Wallis and Futuna,WLF,2019,25648
Wallis and Futuna,WLF,2020,29312
Wallis and Futuna,WLF,2021,29312
Wallis and Futuna,WLF,2022,29312
Wallis and Futuna,WLF,2023,29174
Wallis and Futuna,WLF,2024,30508
World,OWID_WRL,1750,9305937
World,OWID_WRL,1751,9407229
World,OWID_WRL,1752,9505168
World,OWID_WRL,1753,9610490
World,OWID_WRL,1754,9733580
World,OWID_WRL,1755,9793468
World,OWID_WRL,1756,9909914
World,OWID_WRL,1757,10093936
World,OWID_WRL,1758,10216358
World,OWID_WRL,1759,10338854
World,OWID_WRL,1760,10514331
World,OWID_WRL,1761,10747885
World,OWID_WRL,1762,10952198
World,OWID_WRL,1763,11191592
World,OWID_WRL,1764,11396982
World,OWID_WRL,1765,11643486
World,OWID_WRL,1766,11876080
World,OWID_WRL,1767,12152509
World,OWID_WRL,1768,12466936
World,OWID_WRL,1769,12780074
World,OWID_WRL,1770,13097216
World,OWID_WRL,1771,13369488
World,OWID_WRL,1772,13623507
World,OWID_WRL,1773,13808138
World,OWID_WRL,1774,14012415
World,OWID_WRL,1775,14338920
World,OWID_WRL,1776,14654124
World,OWID_WRL,1777,14959537
World,OWID_WRL,1778,15243483
World,OWID_WRL,1779,15535235
World,OWID_WRL,1780,15878726
World,OWID_WRL,1781,16234383
World,OWID_WRL,1782,16580954
World,OWID_WRL,1783,17062752
World,OWID_WRL,1784,17471092
World,OWID_WRL,1785,17965128
World,OWID_WRL,1786,18447496
World,OWID_WRL,1787,18859130
World,OWID_WRL,1788,19286228
World,OWID_WRL,1789,19863424
World,OWID_WRL,1790,20398094
World,OWID_WRL,1791,20931750
World,OWID_WRL,1792,21929214
World,OWID_WRL,1793,22297260
World,OWID_WRL,1794,22519656
World,OWID_WRL,1795,22315246
World,OWID_WRL,1796,22121374
World,OWID_WRL,1797,22090078
World,OWID_WRL,1798,23105928
World,OWID_WRL,1799,27485206
World,OWID_WRL,1800,32798352
World,OWID_WRL,1801,31986050
World,OWID_WRL,1802,40310476
World,OWID_WRL,1803,29538506
World,OWID_WRL,1804,31769176
World,OWID_WRL,1805,31251818
World,OWID_WRL,1806,32704620
World,OWID_WRL,1807,36200652
World,OWID_WRL,1808,35497788
World,OWID_WRL,1809,36333812
World,OWID_WRL,1810,39492310
World,OWID_WRL,1811,40176680
World,OWID_WRL,1812,40814520
World,OWID_WRL,1813,41206140
World,OWID_WRL,1814,42226650
World,OWID_WRL,1815,43587264
World,OWID_WRL,1816,45496580
World,OWID_WRL,1817,49275920
World,OWID_WRL,1818,51392010
World,OWID_WRL,1819,50930170
World,OWID_WRL,1820,50733076
World,OWID_WRL,1821,52059348
World,OWID_WRL,1822,54021710
World,OWID_WRL,1823,56357760
World,OWID_WRL,1824,57583636
World,OWID_WRL,1825,60730864
World,OWID_WRL,1826,61382130
World,OWID_WRL,1827,65738572
World,OWID_WRL,1828,66681790
World,OWID_WRL,1829,66307412
World,OWID_WRL,1830,88988500
World,OWID_WRL,1831,83250904
World,OWID_WRL,1832,82091750
World,OWID_WRL,1833,83248940
World,OWID_WRL,1834,88763100
World,OWID_WRL,1835,97399600
World,OWID_WRL,1836,106894500
World,OWID_WRL,1837,106199420
World,OWID_WRL,1838,105845260
World,OWID_WRL,1839,109653030
World,OWID_WRL,1840,118808510
World,OWID_WRL,1841,122165550
World,OWID_WRL,1842,129388790
World,OWID_WRL,1843,132369384
World,OWID_WRL,1844,141966450
World,OWID_WRL,1845,155073400
World,OWID_WRL,1846,157701780
World,OWID_WRL,1847,170796750
World,OWID_WRL,1848,173643470
World,OWID_WRL,1849,185048030
World,OWID_WRL,1850,196847600
World,OWID_WRL,1851,198778540
World,OWID_WRL,1852,207595090
World,OWID_WRL,1853,217236980
World,OWID_WRL,1854,255038560
World,OWID_WRL,1855,260259860
World,OWID_WRL,1856,278245630
World,OWID_WRL,1857,281181060
World,OWID_WRL,1858,285548380
World,OWID_WRL,1859,302572160
World,OWID_WRL,1860,332298430
World,OWID_WRL,1861,349190140
World,OWID_WRL,1862,355991070
World,OWID_WRL,1863,379534880
World,OWID_WRL,1864,409525400
World,OWID_WRL,1865,434851330
World,OWID_WRL,1866,449067000
World,OWID_WRL,1867,480813900
World,OWID_WRL,1868,494493540
World,OWID_WRL,1869,524731070
World,OWID_WRL,1870,536123300
World,OWID_WRL,1871,569776640
World,OWID_WRL,1872,630961500
World,OWID_WRL,1873,670467200
World,OWID_WRL,1874,628662200
World,OWID_WRL,1875,681048000
World,OWID_WRL,1876,690582500
World,OWID_WRL,1877,704032830
World,OWID_WRL,1878,709649540
World,OWID_WRL,1879,759794370
World,OWID_WRL,1880,858227800
World,OWID_WRL,1881,888172540
World,OWID_WRL,1882,938158100
World,OWID_WRL,1883,997862460
World,OWID_WRL,1884,1009762000
World,OWID_WRL,1885,1017489150
World,OWID_WRL,1886,1032987300
World,OWID_WRL,1887,1084283300
World,OWID_WRL,1888,1201341700
World,OWID_WRL,1889,1202097500
World,OWID_WRL,1890,1307255600
World,OWID_WRL,1891,1369598300
World,OWID_WRL,1892,1380536200
World,OWID_WRL,1893,1363179500
World,OWID_WRL,1894,1412227300
World,OWID_WRL,1895,1495963900
World,OWID_WRL,1896,1545450800
World,OWID_WRL,1897,1618405200
World,OWID_WRL,1898,1706966500
World,OWID_WRL,1899,1864424200
World,OWID_WRL,1900,1962883800
World,OWID_WRL,1901,2025628200
World,OWID_WRL,1902,2076956000
World,OWID_WRL,1903,2264592000
World,OWID_WRL,1904,2290254800
World,OWID_WRL,1905,2440570600
World,OWID_WRL,1906,2548978200
World,OWID_WRL,1907,2904949200
World,OWID_WRL,1908,2790395100
World,OWID_WRL,1909,2907111700
World,OWID_WRL,1910,3050273000
World,OWID_WRL,1911,3097207300
World,OWID_WRL,1912,3253928700
World,OWID_WRL,1913,3524845800
World,OWID_WRL,1914,3197750000
World,OWID_WRL,1915,3148030700
World,OWID_WRL,1916,3400232200
World,OWID_WRL,1917,3556498400
World,OWID_WRL,1918,3506084600
World,OWID_WRL,1919,3041113000
World,OWID_WRL,1920,3546758000
World,OWID_WRL,1921,3114994000
World,OWID_WRL,1922,3264716800
World,OWID_WRL,1923,3702996000
World,OWID_WRL,1924,3716142600
World,OWID_WRL,1925,3740632800
World,OWID_WRL,1926,3677406700
World,OWID_WRL,1927,4012946700
World,OWID_WRL,1928,3996310500
World,OWID_WRL,1929,4288210000
World,OWID_WRL,1930,3958094600
World,OWID_WRL,1931,3539318800
World,OWID_WRL,1932,3192590000
World,OWID_WRL,1933,3362682000
World,OWID_WRL,1934,3656185600
World,OWID_WRL,1935,3835740700
World,OWID_WRL,1936,4207928800
World,OWID_WRL,1937,4496713000
World,OWID_WRL,1938,4229616600
World,OWID_WRL,1939,4470132000
World,OWID_WRL,1940,4884662000
World,OWID_WRL,1941,4999090000
World,OWID_WRL,1942,4982523400
World,OWID_WRL,1943,5075272700
World,OWID_WRL,1944,5162486000
World,OWID_WRL,1945,4289311500
World,OWID_WRL,1946,4608545300
World,OWID_WRL,1947,5165203500
World,OWID_WRL,1948,5447883000
World,OWID_WRL,1949,5204032500
World,OWID_WRL,1950,5930406000
World,OWID_WRL,1951,6381651000
World,OWID_WRL,1952,6467699700
World,OWID_WRL,1953,6651039000
World,OWID_WRL,1954,6789734000
World,OWID_WRL,1955,7444102700
World,OWID_WRL,1956,7926275000
World,OWID_WRL,1957,8185976300
World,OWID_WRL,1958,8417516500
World,OWID_WRL,1959,8855113000
World,OWID_WRL,1960,9386952000
World,OWID_WRL,1961,9414990000
World,OWID_WRL,1962,9747241000
World,OWID_WRL,1963,10266778000
World,OWID_WRL,1964,10824470000
World,OWID_WRL,1965,11310602000
World,OWID_WRL,1966,11862625000
World,OWID_WRL,1967,12237371000
World,OWID_WRL,1968,12905273000
World,OWID_WRL,1969,13761798000
World,OWID_WRL,1970,14899139000
World,OWID_WRL,1971,15503863000
World,OWID_WRL,1972,16224580000
World,OWID_WRL,1973,17077285000
World,OWID_WRL,1974,16997913000
World,OWID_WRL,1975,16988476000
World,OWID_WRL,1976,17862492000
World,OWID_WRL,1977,18358039000
World,OWID_WRL,1978,19024742000
World,OWID_WRL,1979,19508590000
World,OWID_WRL,1980,19409793000
World,OWID_WRL,1981,18879756000
World,OWID_WRL,1982,18729742000
World,OWID_WRL,1983,18901776000
World,OWID_WRL,1984,19457250000
World,OWID_WRL,1985,20144863000
World,OWID_WRL,1986,20438045000
World,OWID_WRL,1987,21106190000
World,OWID_WRL,1988,21918757000
World,OWID_WRL,1989,22200214000
World,OWID_WRL,1990,22732145000
World,OWID_WRL,1991,23205591000
World,OWID_WRL,1992,22520424000
World,OWID_WRL,1993,22749872000
World,OWID_WRL,1994,22974597000
World,OWID_WRL,1995,23516640000
World,OWID_WRL,1996,24233476000
World,OWID_WRL,1997,24380322000
World,OWID_WRL,1998,24295713000
World,OWID_WRL,1999,24837771000
World,OWID_WRL,2000,25511483000
World,OWID_WRL,2001,25692994000
World,OWID_WRL,2002,26265332000
World,OWID_WRL,2003,27652692000
World,OWID_WRL,2004,28610023000
World,OWID_WRL,2005,29598951000
World,OWID_WRL,2006,30594152000
World,OWID_WRL,2007,31499256000
World,OWID_WRL,2008,32049660000
World,OWID_WRL,2009,31513014000
World,OWID_WRL,2010,33317670000
World,OWID_WRL,2011,34479990000
World,OWID_WRL,2012,34954736000
World,OWID_WRL,2013,35275820000
World,OWID_WRL,2014,35465695000
World,OWID_WRL,2015,35403526000
World,OWID_WRL,2016,35392830000
World,OWID_WRL,2017,35974610000
World,OWID_WRL,2018,36734005000
World,OWID_WRL,2019,37086570000
World,OWID_WRL,2020,35158230000
World,OWID_WRL,2021,36866863000
World,OWID_WRL,2022,37527773000
World,OWID_WRL,2023,38094040000
World,OWID_WRL,2024,38598580000
Yemen,YEM,1950,58624
Yemen,YEM,1951,40304
Yemen,YEM,1952,58624
Yemen,YEM,1953,69616
Yemen,YEM,1954,4455424
Yemen,YEM,1955,2484192
Yemen,YEM,1956,2330304
Yemen,YEM,1957,2956848
Yemen,YEM,1958,1883296
Yemen,YEM,1959,2601440
Yemen,YEM,1960,3631024
Yemen,YEM,1961,2663728
Yemen,YEM,1962,3883840
Yemen,YEM,1963,2916544
Yemen,YEM,1964,3631024
Yemen,YEM,1965,3927808
Yemen,YEM,1966,3462480
Yemen,YEM,1967,3052112
Yemen,YEM,1968,11636864
Yemen,YEM,1969,4675264
Yemen,YEM,1970,2509840
Yemen,YEM,1971,1971232
Yemen,YEM,1972,1494912
Yemen,YEM,1973,2729621
Yemen,YEM,1974,2245794
Yemen,YEM,1975,2168850
Yemen,YEM,1976,2564506
Yemen,YEM,1977,2978482
Yemen,YEM,1978,3102951
Yemen,YEM,1979,3219962
Yemen,YEM,1980,3315206
Yemen,YEM,1981,4227465
Yemen,YEM,1982,5940481
Yemen,YEM,1983,6314086
Yemen,YEM,1984,7149197
Yemen,YEM,1985,8631687
Yemen,YEM,1986,8245394
Yemen,YEM,1987,8664593
Yemen,YEM,1988,9585350
Yemen,YEM,1989,9975881
Yemen,YEM,1990,9572039
Yemen,YEM,1991,9181747
Yemen,YEM,1992,9925889
Yemen,YEM,1993,8678741
Yemen,YEM,1994,9964473
Yemen,YEM,1995,11137874
Yemen,YEM,1996,11375245
Yemen,YEM,1997,12260347
Yemen,YEM,1998,12930947
Yemen,YEM,1999,14796267
Yemen,YEM,2000,15831746
Yemen,YEM,2001,17194192
Yemen,YEM,2002,16707197
Yemen,YEM,2003,18609224
Yemen,YEM,2004,20108794
Yemen,YEM,2005,21797008
Yemen,YEM,2006,23906082
Yemen,YEM,2007,23676344
Yemen,YEM,2008,24537038
Yemen,YEM,2009,26896530
Yemen,YEM,2010,25817588
Yemen,YEM,2011,22625090
Yemen,YEM,2012,20467492
Yemen,YEM,2013,27281024
Yemen,YEM,2014,26592206
Yemen,YEM,2015,14122821
Yemen,YEM,2016,10043701
Yemen,YEM,2017,9213895
Yemen,YEM,2018,11503876
Yemen,YEM,2019,11787783
Yemen,YEM,2020,10757014
Yemen,YEM,2021,10607956
Yemen,YEM,2022,10403769
Yemen,YEM,2023,10141169
Yemen,YEM,2024,10123090
Zambia,ZMB,1950,2330187
Zambia,ZMB,1951,2569435
Zambia,ZMB,1952,2890347
Zambia,ZMB,1953,3150334
Zambia,ZMB,1954,3463825
Zambia,ZMB,1955,4084932.8
Zambia,ZMB,1956,4453388
Zambia,ZMB,1957,4584043
Zambia,ZMB,1958,4094899.2
Zambia,ZMB,1959,4567802
Zambia,ZMB,1960,4355258
Zambia,ZMB,1961,3708972
Zambia,ZMB,1962,3582691
Zambia,ZMB,1963,3444491
Zambia,ZMB,1964,3274992
Zambia,ZMB,1965,3912261
Zambia,ZMB,1966,3498229
Zambia,ZMB,1967,4787631
Zambia,ZMB,1968,4567642
Zambia,ZMB,1969,4270887
Zambia,ZMB,1970,3765879
Zambia,ZMB,1971,3790113
Zambia,ZMB,1972,4061415.2
Zambia,ZMB,1973,4585665
Zambia,ZMB,1974,4197161
Zambia,ZMB,1975,4076219
Zambia,ZMB,1976,4019392
Zambia,ZMB,1977,3734905
Zambia,ZMB,1978,3470873
Zambia,ZMB,1979,3596470
Zambia,ZMB,1980,3523262
Zambia,ZMB,1981,3358031
Zambia,ZMB,1982,3510781
Zambia,ZMB,1983,3260766
Zambia,ZMB,1984,2804441
Zambia,ZMB,1985,2732732
Zambia,ZMB,1986,2865572
Zambia,ZMB,1987,2673762
Zambia,ZMB,1988,3109022
Zambia,ZMB,1989,2570005
Zambia,ZMB,1990,2407113
Zambia,ZMB,1991,2381811
Zambia,ZMB,1992,2424693
Zambia,ZMB,1993,2466007
Zambia,ZMB,1994,2393258
Zambia,ZMB,1995,2142313
Zambia,ZMB,1996,1837995
Zambia,ZMB,1997,2354102
Zambia,ZMB,1998,2278458
Zambia,ZMB,1999,1777604
Zambia,ZMB,2000,1784113
Zambia,ZMB,2001,1885603
Zambia,ZMB,2002,1960891
Zambia,ZMB,2003,2074413
Zambia,ZMB,2004,2104131
Zambia,ZMB,2005,2242543
Zambia,ZMB,2006,2231118
Zambia,ZMB,2007,2297559
Zambia,ZMB,2008,2553028
Zambia,ZMB,2009,2939884
Zambia,ZMB,2010,3120844
Zambia,ZMB,2011,3379164
Zambia,ZMB,2012,4176835
Zambia,ZMB,2013,4426548
Zambia,ZMB,2014,5283261
Zambia,ZMB,2015,5522488
Zambia,ZMB,2016,5977866
Zambia,ZMB,2017,7458888
Zambia,ZMB,2018,8657801
Zambia,ZMB,2019,8846335
Zambia,ZMB,2020,9990585
Zambia,ZMB,2021,9349845
Zambia,ZMB,2022,10938910
Zambia,ZMB,2023,11830727
Zambia,ZMB,2024,12043299
Zimbabwe,ZWE,1903,113584
Zimbabwe,ZWE,1904,142896
Zimbabwe,ZWE,1905,234496
Zimbabwe,ZWE,1906,252815.98
Zimbabwe,ZWE,1907,278464
Zimbabwe,ZWE,1908,395712
Zimbabwe,ZWE,1909,410368
Zimbabwe,ZWE,1910,432352
Zimbabwe,ZWE,1911,512960.03
Zimbabwe,ZWE,1912,520288
Zimbabwe,ZWE,1913,582576
Zimbabwe,ZWE,1914,842720
Zimbabwe,ZWE,1915,985616
Zimbabwe,ZWE,1916,1183472
Zimbabwe,ZWE,1917,1322704
Zimbabwe,ZWE,1918,1179808
Zimbabwe,ZWE,1919,1227440
Zimbabwe,ZWE,1920,1388656
Zimbabwe,ZWE,1921,1384992
Zimbabwe,ZWE,1922,1242096
Zimbabwe,ZWE,1923,1483920
Zimbabwe,ZWE,1924,1568192
Zimbabwe,ZWE,1925,1828336
Zimbabwe,ZWE,1926,2322976
Zimbabwe,ZWE,1927,2410912
Zimbabwe,ZWE,1928,2905552
Zimbabwe,ZWE,1929,2751664
Zimbabwe,ZWE,1930,2491520
Zimbabwe,ZWE,1931,1557200
Zimbabwe,ZWE,1932,1161488
Zimbabwe,ZWE,1933,1282400
Zimbabwe,ZWE,1934,1707424
Zimbabwe,ZWE,1935,1842992
Zimbabwe,ZWE,1936,1868640
Zimbabwe,ZWE,1937,2733344
Zimbabwe,ZWE,1938,2769984
Zimbabwe,ZWE,1939,2967840
Zimbabwe,ZWE,1940,3425840
Zimbabwe,ZWE,1941,3744608
Zimbabwe,ZWE,1942,4140319.8
Zimbabwe,ZWE,1943,4719232
Zimbabwe,ZWE,1944,4796176
Zimbabwe,ZWE,1945,4462485
Zimbabwe,ZWE,1946,4312261
Zimbabwe,ZWE,1947,4037430.8
Zimbabwe,ZWE,1948,4535735
Zimbabwe,ZWE,1949,5129273
Zimbabwe,ZWE,1950,3179810
Zimbabwe,ZWE,1951,3506294
Zimbabwe,ZWE,1952,3944184
Zimbabwe,ZWE,1953,4298938
Zimbabwe,ZWE,1954,4726705
Zimbabwe,ZWE,1955,5574249
Zimbabwe,ZWE,1956,6077028
Zimbabwe,ZWE,1957,6255279
Zimbabwe,ZWE,1958,5587747
Zimbabwe,ZWE,1959,6233166
Zimbabwe,ZWE,1960,5943125
Zimbabwe,ZWE,1961,5061263
Zimbabwe,ZWE,1962,4888959
Zimbabwe,ZWE,1963,4700377
Zimbabwe,ZWE,1964,4469069
Zimbabwe,ZWE,1965,5209198
Zimbabwe,ZWE,1966,6040926
Zimbabwe,ZWE,1967,5294480
Zimbabwe,ZWE,1968,6377657
Zimbabwe,ZWE,1969,6743879
Zimbabwe,ZWE,1970,8154132
Zimbabwe,ZWE,1971,8732719
Zimbabwe,ZWE,1972,8215826
Zimbabwe,ZWE,1973,9270850
Zimbabwe,ZWE,1974,9047019
Zimbabwe,ZWE,1975,8310912
Zimbabwe,ZWE,1976,10854930
Zimbabwe,ZWE,1977,9284411
Zimbabwe,ZWE,1978,9279682
Zimbabwe,ZWE,1979,9431655
Zimbabwe,ZWE,1980,9613952
Zimbabwe,ZWE,1981,9405387
Zimbabwe,ZWE,1982,8779857
Zimbabwe,ZWE,1983,10425096
Zimbabwe,ZWE,1984,9879639
Zimbabwe,ZWE,1985,10213709
Zimbabwe,ZWE,1986,13068023
Zimbabwe,ZWE,1987,15170106
Zimbabwe,ZWE,1988,16029461
Zimbabwe,ZWE,1989,16113653
Zimbabwe,ZWE,1990,15537013
Zimbabwe,ZWE,1991,15490552
Zimbabwe,ZWE,1992,16702375
Zimbabwe,ZWE,1993,16031956
Zimbabwe,ZWE,1994,17382598
Zimbabwe,ZWE,1995,15017400
Zimbabwe,ZWE,1996,14894246
Zimbabwe,ZWE,1997,13900992
Zimbabwe,ZWE,1998,14127475
Zimbabwe,ZWE,1999,15724105
Zimbabwe,ZWE,2000,13814538
Zimbabwe,ZWE,2001,12508722
Zimbabwe,ZWE,2002,11895839
Zimbabwe,ZWE,2003,10609583
Zimbabwe,ZWE,2004,9428642
Zimbabwe,ZWE,2005,10698489
Zimbabwe,ZWE,2006,10365461
Zimbabwe,ZWE,2007,9835161
Zimbabwe,ZWE,2008,7720094
Zimbabwe,ZWE,2009,8249769
Zimbabwe,ZWE,2010,8754012
Zimbabwe,ZWE,2011,10363199
Zimbabwe,ZWE,2012,11257433
Zimbabwe,ZWE,2013,11671374
Zimbabwe,ZWE,2014,11946148
Zimbabwe,ZWE,2015,12016794
Zimbabwe,ZWE,2016,10588242
Zimbabwe,ZWE,2017,9830570
Zimbabwe,ZWE,2018,11209238
Zimbabwe,ZWE,2019,10266795
Zimbabwe,ZWE,2020,8490839
Zimbabwe,ZWE,2021,10222778
Zimbabwe,ZWE,2022,12231845
Zimbabwe,ZWE,2023,13443295
Zimbabwe,ZWE,2024,13701154
