Entity,Code,Year,wat_ns_pop__residence_total,wat_unimp_pop__residence_total,wat_lim_pop__residence_total,wat_baso_pop__residence_total,wat_sm_pop__residence_total
Afghanistan,AFG,2000,4964340.5,8570922,644762.7,3194990.5,2167967
Afghanistan,AFG,2001,4997584,8632175,649701.75,3222706.2,2186466.2
Afghanistan,AFG,2002,5136152,8874791,757516.5,3710142.5,2521654.8
Afghanistan,AFG,2003,5329092,9211423,886346.6,4294800,2923468.8
Afghanistan,AFG,2004,5322855,9206141,994105.1,4775658.5,3254790.8
Afghanistan,AFG,2005,5286480,9150865,1104961.2,5272176,3596709.2
Afghanistan,AFG,2006,5270517,9130565,1229251,5831190.5,3981420.5
Afghanistan,AFG,2007,5122643,8881227,1257403.1,6351787.5,4290240
Afghanistan,AFG,2008,4978648.5,8637850,1279823.6,6912456.5,4618420.5
Afghanistan,AFG,2009,4903150.5,8512599,1313775.5,7619928.5,5035852
Afghanistan,AFG,2010,4784254.5,8311264,1329991.4,8323234,5440928
Afghanistan,AFG,2011,4691857,8155176,1346887.5,9143138,5912098
Afghanistan,AFG,2012,4604254.5,8006543.5,1358237.2,10061705,6435738
Afghanistan,AFG,2013,4474515,7783633.5,1349315.4,10983808,6949938
Afghanistan,AFG,2014,4338886.5,7549328.5,1329736.8,11991754,7506506
Afghanistan,AFG,2015,4165260.2,7247647.5,1288649.8,13000522,8051421.5
Afghanistan,AFG,2016,3955639,6881899,1225504,13996472,8576694
Afghanistan,AFG,2017,3743148,6509839.5,1149744.1,15090517,9150170
Afghanistan,AFG,2018,3515907.2,6110577,1056729.5,16251741,9751830
Afghanistan,AFG,2019,3273358.5,5682823,945228.1,17484600,10383490
Afghanistan,AFG,2020,3020841,5235492.5,815522.7,18831284,11069091
Afghanistan,AFG,2021,2790761,4690360.5,661844.6,20201802,11754692
Afghanistan,AFG,2022,2540029.2,4309243,481778.66,21445064,12352655
Africa (WHO),,2000,115675430,171115580,58251370,188242800,127595280
Africa (WHO),,2001,116071070,171167730,61544550,196245340,132950860
Africa (WHO),,2002,115319656,172097870,64721668,203930270,139609220
Africa (WHO),,2003,114393080,173054140,68021496,211815540,146647260
Africa (WHO),,2004,113348070,173956850,71447840,219635680,154434160
Africa (WHO),,2005,112194160,174773570,74970610,227769730,162589550
Africa (WHO),,2006,110958584,175528530,78588980,236030190,171324600
Africa (WHO),,2007,109617070,176221260,82329960,244171340,180970620
Africa (WHO),,2008,108116930,176762140,86198744,252476590,191358160
Africa (WHO),,2009,106483336,177199580,90195530,260907730,202424340
Africa (WHO),,2010,104714160,177563890,94313760,269390080,214226430
Africa (WHO),,2011,104960110,179262350,101010264,281973540,227023230
Africa (WHO),,2012,102826220,179495730,105586070,290648960,240471970
Africa (WHO),,2013,100456730,179620540,110276180,299264670,254674610
Africa (WHO),,2014,97872696,179563940,115016740,307762620,269775840
Africa (WHO),,2015,95100120,179322220,119831240,316194900,285894430
Africa (WHO),,2016,92163650,178966060,124775380,324483870,302472350
Africa (WHO),,2017,88839120,178582270,129758920,332858620,319474660
Africa (WHO),,2018,85552790,177822500,135079550,341944200,336557980
Africa (WHO),,2019,82310790,176505980,140643900,354093540,351523900
Africa (WHO),,2020,79060240,175210430,146266600,366625950,366651900
Africa (WHO),,2021,76113100,173187170,151822080,379390660,382145000
Africa (WHO),,2022,73111460,172146340,157510620,392484350,396392930
Albania,ALB,2000,29392.514,80814.58,322641.84,1185580.4,1563591.6
Albania,ALB,2001,26731.201,81035.41,305228.28,1192786.6,1547830.6
Albania,ALB,2002,23991.404,80845.414,287117.75,1201532.4,1530064.1
Albania,ALB,2003,21368.219,80692.05,269494.66,1209413.6,1512022.4
Albania,ALB,2004,18865.541,80592.07,252419.88,1157453.8,1553290.8
Albania,ALB,2005,16483.68,80552.87,235910.7,1105178.4,1594508.4
Albania,ALB,2006,14220.998,80580.75,219979.2,1052748.8,1635857.2
Albania,ALB,2007,12079.35,80708.7,204695.62,1000569.75,1678030.5
Albania,ALB,2008,10056.587,80964.22,190093.64,948899.25,1721675.2
Albania,ALB,2009,8147.379,81362.51,176160.97,897727.44,1767142.8
Albania,ALB,2010,6344.506,81921.69,162883.95,847182.94,1815065.9
Albania,ALB,2011,4640.787,82660.2,150236.8,797200.9,1865915.4
Albania,ALB,2012,3027.1128,83577.19,138154.44,747571.94,1919862.5
Albania,ALB,2013,1495.9713,84664.02,126566.87,697842.1,1976444.9
Albania,ALB,2014,39.212704,85888.99,115380.43,647676.94,2035116.5
Albania,ALB,2015,0,85877.53,104529.81,657273.5,2034800.2
Albania,ALB,2016,0,85969.89,93956.016,666631.06,2034506
Albania,ALB,2017,0,86186.49,83635.086,675645.1,2033888.2
Albania,ALB,2018,0,86512.32,73553.36,684241.2,2032706
Albania,ALB,2019,0,86937.49,63705.004,692386.5,2030854
Albania,ALB,2020,0,87361.64,54030.246,699324.9,2026132.4
Albania,ALB,2021,0,86772.734,53635.793,695856.06,2018445.4
Albania,ALB,2022,0,86184.984,53243.27,692346.7,2010546.1
Algeria,DZA,2000,144839.33,1274680.2,1704464.9,6084238,21566398
Algeria,DZA,2001,138909.7,1224280.6,1721511.1,6075225.5,22041056
Algeria,DZA,2002,132958.33,1173152.2,1738144.6,6066232,22514208
Algeria,DZA,2003,127039.16,1121737.5,1754948.4,6059446,22992712
Algeria,DZA,2004,121211.37,1070539.5,1772770.1,6057851.5,23487814
Algeria,DZA,2005,115361.78,1018526.6,1789945.8,6055826,23977030
Algeria,DZA,2006,109627.14,966904.06,1808596.6,6060646,24489304
Algeria,DZA,2007,104115.19,916582.75,1830806.2,6079201,25053122
Algeria,DZA,2008,98688.66,866338.7,1854707.8,6105157.5,25644700
Algeria,DZA,2009,93369.67,816253.7,1880705.9,6139718.5,26265986
Algeria,DZA,2010,88112.34,765927.5,1908342.4,6181335,26912628
Algeria,DZA,2011,82892.555,715106.44,1937288.8,6228873,27579378
Algeria,DZA,2012,77704.97,663719.25,1961760.8,6288674.5,28268704
Algeria,DZA,2013,72527.43,611543.3,1987038.4,6353985.5,28975532
Algeria,DZA,2014,67343.99,558424.6,2012889.2,6424155,29697354
Algeria,DZA,2015,62159.023,504360.56,2039549,6499944,30437140
Algeria,DZA,2016,56948.82,449136.2,2066444.6,6949625.5,30817174
Algeria,DZA,2017,51698.793,392614.06,2092999.8,7446304.5,31152930
Algeria,DZA,2018,46401.74,334736.53,2118795.2,7966670,31460406
Algeria,DZA,2019,41059.984,275529.34,2143607.2,8662896,31582276
Algeria,DZA,2020,35664.387,214960.12,2166448.2,9641569,31393022
Algeria,DZA,2021,30238.691,153224.6,2187965,10640295,31166244
Algeria,DZA,2022,30547.57,154718.66,2211938.5,10805272,31700748
American Samoa,ASM,2000,0,2950.9272,0,8360.138,46918.938
American Samoa,ASM,2001,0,2807.738,0,7914.131,47602.133
American Samoa,ASM,2002,0,2653.0813,0,7433.2754,48090.64
American Samoa,ASM,2003,0,2495.3376,0,6941.533,48504.13
American Samoa,ASM,2004,0,2335.5894,0,6442.1777,48848.234
American Samoa,ASM,2005,0,2175.2734,0,5939.432,49139.3
American Samoa,ASM,2006,0,2015.2493,0,5435.87,49385.883
American Samoa,ASM,2007,0,1856.1228,0,5159.1494,49367.727
American Samoa,ASM,2008,0,1698.1451,0,5127.546,49065.31
American Samoa,ASM,2009,0,1541.7449,0,5092.6704,48731.586
American Samoa,ASM,2010,0,1388.2104,0,5058.281,48402.508
American Samoa,ASM,2011,0,1236.7981,0,5021.608,48051.594
American Samoa,ASM,2012,0,1086.5015,0,4977.2607,47627.24
American Samoa,ASM,2013,0,937.98236,0,4925.46,47131.56
American Samoa,ASM,2014,0,791.7511,0,4865.684,46559.562
American Samoa,ASM,2015,0,648.5706,0,4798.902,45920.527
American Samoa,ASM,2016,0,508.98114,0,4725.0625,45213.96
American Samoa,ASM,2017,0,373.56842,0,4644.677,44444.754
American Samoa,ASM,2018,0,365.72137,0,4547.113,43511.164
American Samoa,ASM,2019,0,357.391,0,4443.5386,42520.066
American Samoa,ASM,2020,0,348.84158,0,4337.241,41502.914
American Samoa,ASM,2021,0,340.126,0,4228.8784,40465.992
Americas (WHO),,2000,13313776,32824800,4661112.5,131124970,652669950
Americas (WHO),,2001,13095538,31748480,4569434.5,133213900,662757700
Americas (WHO),,2002,12991131,30508866,4447841,135362860,672520000
Americas (WHO),,2003,12709833,29418498,4321644.5,137658850,681823400
Americas (WHO),,2004,12426343,28325962,4205156,139921650,691109200
Americas (WHO),,2005,12134056,28231362,4088360,141945840,699636350
Americas (WHO),,2006,11831171,27100664,3967589.8,144148850,708914500
Americas (WHO),,2007,11519177,25958796,3842942.2,116863030,747674400
Americas (WHO),,2008,11200341,24810596,3732270.8,118564930,757297800
Americas (WHO),,2009,10877162,23648572,3753561.8,120118610,766775200
Americas (WHO),,2010,10548829,22230804,3775888.2,121901370,776227460
Americas (WHO),,2011,10216656,20810462,3798805.5,124972650,784569900
Americas (WHO),,2012,9879561,19394724,3824634.2,128087730,792961200
Americas (WHO),,2013,9442716,18113494,3843421.8,130760890,801584500
Americas (WHO),,2014,9012947,16807412,3855190.2,133443864,810031940
Americas (WHO),,2015,8597127,15473002,3867461.5,136135870,818318340
Americas (WHO),,2016,8164979.5,14325113,3872009.5,138773950,826502600
Americas (WHO),,2017,10157879,11165877,3717111.8,140926430,834797760
Americas (WHO),,2018,10127977,9441939,3755580.5,143441660,842679940
Americas (WHO),,2019,9475205,8430654,3700929,145657400,850389500
Americas (WHO),,2020,8835404,7745360,3158456.8,148212500,856675140
Americas (WHO),,2021,7684590.5,6477314,2724347.8,174399310,838920600
Americas (WHO),,2022,7284374.5,6021813.5,2729971.2,176118180,843808800
Andorra,AND,2000,0,0.00035476685,0,6186.679,59910.32
Andorra,AND,2001,0,0,0,6347.951,61472.047
Andorra,AND,2002,0,0,0,6631.466,64217.53
Andorra,AND,2003,0,0,0,6917.695,66989.3
Andorra,AND,2004,0,0,0,7200.9277,69732.07
Andorra,AND,2005,0,0.0016937255,0,7471.713,72354.28
Andorra,AND,2006,0,0,0,7508.6826,72712.32
Andorra,AND,2007,0,0,0,7316.522,70851.484
Andorra,AND,2008,0,0,0,7118.745,68936.26
Andorra,AND,2009,0,0,0,6912.544,66939.45
Andorra,AND,2010,0,0.0013771057,0,6694.1777,64824.816
Andorra,AND,2011,0,0,0,6605.071,63961.926
Andorra,AND,2012,0,0.0014190674,0,6646.817,64366.18
Andorra,AND,2013,0,0,0,6679.949,64687.043
Andorra,AND,2014,0,0,0,6703.7256,64917.273
Andorra,AND,2015,0,0,0,6715.4253,65030.574
Andorra,AND,2016,0,0.0028991697,0,6789.744,65750.26
Andorra,AND,2017,0,0,0,6911.1406,66925.86
Andorra,AND,2018,0,0.003326416,0,7021.217,67991.78
Andorra,AND,2019,0,0.0024490356,0,7145.7046,69197.3
Andorra,AND,2020,0,0.0011444091,0,7272.7197,70427.27
Andorra,AND,2021,0,0,0,7397.581,71636.414
Andorra,AND,2022,0,0,0,7471.5254,72352.47
Angola,AGO,2000,4704390,1487317.4,3457131.2,,
Angola,AGO,2001,4756699,1543672.6,3482603.8,,
Angola,AGO,2002,4811195,1601257.6,3505745.8,,
Angola,AGO,2003,4813026,1753232.9,3517423,,
Angola,AGO,2004,4812864,1918105.4,3527199.5,,
Angola,AGO,2005,4808703,2096330.6,3533125.8,,
Angola,AGO,2006,4829104,2298074.2,3528571.8,,
Angola,AGO,2007,4846508.5,2514818.8,3519764.8,,
Angola,AGO,2008,4859560.5,2747191.5,3505727.2,,
Angola,AGO,2009,4867699.5,2996116.2,3485641.8,,
Angola,AGO,2010,4871110.5,3263230.2,3459706.5,,
Angola,AGO,2011,4868504.5,3549271.5,3426775.2,,
Angola,AGO,2012,4858239,3854606.8,3385458.8,,
Angola,AGO,2013,4838712.5,4179409,3334416.2,,
Angola,AGO,2014,4807890.5,4523331.5,3272195.2,,
Angola,AGO,2015,4765426,4886447.5,3197733.2,,
Angola,AGO,2016,4712315.5,5271035.5,3111715.5,,
Angola,AGO,2017,4647987,5677753,3013511.8,,
Angola,AGO,2018,4569841,6104325.5,2901127.5,,
Angola,AGO,2019,4642844,6303965.5,3003075.2,,
Angola,AGO,2020,4711440,6502116,3104620.2,,
Angola,AGO,2021,4776356.5,6699850.5,3206279.5,,
Angola,AGO,2022,4839191,6899057.5,3308932,,
Anguilla,AIA,2000,0,423.1851,0,,
Anguilla,AIA,2001,0,423.10464,0,,
Anguilla,AIA,2002,0,419.48495,0,,
Anguilla,AIA,2003,0,414.30008,0,,
Anguilla,AIA,2004,0,408.94907,0,,
Anguilla,AIA,2005,0,403.3473,0,,
Anguilla,AIA,2006,0,397.45032,0,,
Anguilla,AIA,2007,0,391.21793,0,,
Anguilla,AIA,2008,0,384.7951,0,,
Anguilla,AIA,2009,0,378.24835,0,,
Anguilla,AIA,2010,0,371.5473,0,,
Anguilla,AIA,2011,0,362.8395,0,,
Anguilla,AIA,2012,0,352.35,0,,
Anguilla,AIA,2013,0,344.9284,0,,
Anguilla,AIA,2014,0,355.50287,0,,
Anguilla,AIA,2015,0,365.69965,0,,
Anguilla,AIA,2016,0,372.9507,0,,
Anguilla,AIA,2017,0,378.03653,0,,
Antigua and Barbuda,ATG,2009,182.84406,1197.9717,0,,
Antigua and Barbuda,ATG,2010,185.50374,1214.6013,0,,
Antigua and Barbuda,ATG,2011,187.88058,1229.4259,0,,
Antigua and Barbuda,ATG,2012,189.9741,1242.8759,0,,
Antigua and Barbuda,ATG,2013,191.80396,1254.5966,0,,
Antigua and Barbuda,ATG,2014,193.45224,1265.1324,0,,
Antigua and Barbuda,ATG,2015,195.0276,1275.182,0,,
Antigua and Barbuda,ATG,2016,196.42018,1284.0637,0,,
Antigua and Barbuda,ATG,2017,197.6601,1291.9758,0,,
Antigua and Barbuda,ATG,2018,198.7911,1299.2018,0,,
Antigua and Barbuda,ATG,2019,199.88196,1306.1952,0,,
Antigua and Barbuda,ATG,2020,201.0891,1313.9731,0,,
Antigua and Barbuda,ATG,2021,202.30824,1321.8622,0,,
Antigua and Barbuda,ATG,2022,203.49837,1329.587,0,,
Argentina,ARG,2000,425097.88,952442.56,0,,
Argentina,ARG,2001,405726.62,897537.6,0,,
Argentina,ARG,2002,386584.3,842606.94,0,,
Argentina,ARG,2003,367585.94,787489.56,0,,
Argentina,ARG,2004,348741.4,732304.3,0,,
Argentina,ARG,2005,330207.53,677347.06,0,,
Argentina,ARG,2006,311893.22,622439.3,0,,
Argentina,ARG,2007,293739.28,567441.06,0,,
Argentina,ARG,2008,275774.7,512432.1,0,,
Argentina,ARG,2009,258124.61,457623.1,0,,
Argentina,ARG,2010,240727.86,402880.34,0,,
Argentina,ARG,2011,223848.22,348364.53,0,,
Argentina,ARG,2012,207320.25,293887.28,0,,
Argentina,ARG,2013,207033.78,274412.62,0,,
Argentina,ARG,2014,206696.11,254412.75,0,,
Argentina,ARG,2015,206331.11,233892.5,0,,
Argentina,ARG,2016,206008.22,212606.98,0,,
Armenia,ARM,2000,6230.9956,74811.22,66858.75,411320.56,2609301.2
Armenia,ARM,2001,6553.918,69582.95,62098.227,411359.75,2583538.2
Armenia,ARM,2002,6864.5156,64356.86,57354.637,412513.22,2563947.8
Armenia,ARM,2003,7177.996,59254.074,52711.043,414656.2,2550302.8
Armenia,ARM,2004,7494.411,54237.992,48123.598,417128.44,2538760.8
Armenia,ARM,2005,7807.873,49254.184,43544,419566.25,2527073.8
Armenia,ARM,2006,8112.227,44270.53,38944.426,421675.34,2513483.5
Armenia,ARM,2007,8409.6455,39312.023,34347.32,423572.66,2498751.2
Armenia,ARM,2008,8706.364,34411.82,29782.262,425602.56,2484918
Armenia,ARM,2009,9005.389,29574.049,25252.436,432208.56,2468255.8
Armenia,ARM,2010,9304.852,24783.588,20744.588,438918.9,2452541.2
Armenia,ARM,2011,9603.702,20032.379,16251.881,445677.12,2437411
Armenia,ARM,2012,9909.219,15328.923,11780.164,452811.66,2424590.8
Armenia,ARM,2013,10212.015,10652.283,7310.329,460156.8,2413053.5
Armenia,ARM,2014,10512.401,6003.7153,2994.5032,467577,2402842.2
Armenia,ARM,2015,10790.386,2895.5815,0,473423.8,2391485.2
Armenia,ARM,2016,11027.863,2460.1604,0,475574.44,2376772.5
Armenia,ARM,2017,11249.866,2028.473,0,477496.03,2361148.8
Armenia,ARM,2018,815.54395,1600.3944,0,480937.94,2353203
Armenia,ARM,2019,811.8557,1214.1284,0,482473.1,2336103
Armenia,ARM,2020,808.7406,832.0799,0,484127.2,2319840
Armenia,ARM,2021,806.0217,452.87186,0,485800.22,2303915
Armenia,ARM,2022,804.7856,76.49803,0,488155.28,2291432.2
Aruba,ABW,2000,81.6317,4828.897,0,,
Aruba,ABW,2001,89.0909,4653.603,0,,
Aruba,ABW,2002,96.23629,4444.926,0,,
Aruba,ABW,2003,103.33648,4222.221,0,,
Aruba,ABW,2004,110.46278,3990.756,0,,
Aruba,ABW,2005,117.82986,3758.5903,0,,
Aruba,ABW,2006,125.55815,3527.6284,0,,
Aruba,ABW,2007,133.51509,3292.1646,0,,
Aruba,ABW,2008,141.66885,3050.7622,0,,
Aruba,ABW,2009,149.99324,2802.5864,0,,
Aruba,ABW,2010,158.3413,2545.1926,0,,
Aruba,ABW,2011,166.53955,2277.1968,0,,
Aruba,ABW,2012,174.65279,2001.3302,0,,
Aruba,ABW,2013,175.96637,2016.3824,0,,
Aruba,ABW,2014,177.1876,2030.3765,0,,
Aruba,ABW,2015,178.32161,2043.3708,0,,
Aruba,ABW,2016,179.37692,2055.4636,0,,
Australia,AUS,2000,8994.545,45721.05,0,,
Australia,AUS,2001,9181.363,46398.78,0,,
Australia,AUS,2002,9218.695,46834.09,0,,
Australia,AUS,2003,9252.818,43075.89,0,,
Australia,AUS,2004,9287.269,39261.477,0,,
Australia,AUS,2005,9330.232,35421.02,0,,
Australia,AUS,2006,9394.366,31585.959,0,,
Australia,AUS,2007,9485.109,27749.129,0,,
Australia,AUS,2008,9597.875,23855.812,0,,
Australia,AUS,2009,9706.464,19822.81,0,,
Australia,AUS,2010,9787.422,15943.1875,0,,
Australia,AUS,2011,9850.423,14303.708,0,,
Australia,AUS,2012,9936.833,12617.513,0,,
Australia,AUS,2013,10026.671,10868.83,0,,
Australia,AUS,2014,0,9041.323,0,,
Australia,AUS,2015,0,7145.8555,0,,
Australia,AUS,2016,0,7266.7734,0,,
Australia,AUS,2017,0,7392.4683,0,,
Australia,AUS,2018,0,7520.3047,0,,
Australia,AUS,2019,0,7644.0796,0,,
Australia,AUS,2020,0,7747.8247,0,,
Australia,AUS,2021,0,7834.735,0,,
Australia,AUS,2022,0,7923.538,0,,
Australia and New Zealand (SDG),,2000,8994.545,45721.055,0,,
Australia and New Zealand (SDG),,2001,9181.363,46398.81,0,,
Australia and New Zealand (SDG),,2002,9218.695,46834.105,0,,
Australia and New Zealand (SDG),,2003,9252.818,43075.91,0,,
Australia and New Zealand (SDG),,2004,9287.268,39261.535,0,,
Australia and New Zealand (SDG),,2005,9330.232,35421.02,0,,
Australia and New Zealand (SDG),,2006,9394.366,31586.053,0,,
Australia and New Zealand (SDG),,2007,9485.11,27749.125,0,,
Australia and New Zealand (SDG),,2008,9597.876,23855.92,0,,
Australia and New Zealand (SDG),,2009,9706.463,19822.809,0,,
Australia and New Zealand (SDG),,2010,9787.423,15943.235,0,,
Australia and New Zealand (SDG),,2011,9850.424,14303.708,0,,
Australia and New Zealand (SDG),,2012,9936.833,12617.514,0,,
Australia and New Zealand (SDG),,2013,10026.672,10868.849,0,,
Australia and New Zealand (SDG),,2014,0,9041.378,0,,
Australia and New Zealand (SDG),,2015,0,7145.8896,0,,
Australia and New Zealand (SDG),,2016,0,7266.7725,0,,
Australia and New Zealand (SDG),,2017,0,7392.468,0,,
Australia and New Zealand (SDG),,2018,0,7520.305,0,,
Australia and New Zealand (SDG),,2019,0,7644.0786,0,,
Australia and New Zealand (SDG),,2020,0,7747.824,0,,
Australia and New Zealand (SDG),,2021,0,7834.928,0,,
Australia and New Zealand (SDG),,2022,0,7923.538,0,,
Austria,AUT,2000,0,0.021484377,0,262803.34,7747625.5
Austria,AUT,2001,0,0,0,249992.34,7789633.5
Austria,AUT,2002,0,0.056640625,0,237380.58,7841611.5
Austria,AUT,2003,0,0.24023438,0,224682.03,7895421.5
Austria,AUT,2004,0,0.203125,0,212102.28,7959114
Austria,AUT,2005,0,0.06445313,0,199461.52,8027572.5
Austria,AUT,2006,0,0,0,186289.4,8081473
Austria,AUT,2007,0,0.07617187,0,172691.5,8122030
Austria,AUT,2008,0,0.140625,0,158990.53,8162140.5
Austria,AUT,2009,0,0,0,145118.97,8197815.5
Austria,AUT,2010,0,0,0,131142.8,8231686.5
Austria,AUT,2011,0,0.048828125,0,117217.02,8273983
Austria,AUT,2012,0,0.28125,0,103317.336,8326319.5
Austria,AUT,2013,0,0.18164062,0,92202.77,8387336.5
Austria,AUT,2014,0,0,0,93064.02,8453003
Austria,AUT,2015,0,0.1015625,0,94252.3,8548169
Austria,AUT,2016,0,0,0,95419.195,8641068
Austria,AUT,2017,0,0,0,96226.83,8701270
Austria,AUT,2018,0,0.06054688,0,96849.984,8743662
Austria,AUT,2019,0,0.3027344,0,97446.46,8782494
Austria,AUT,2020,0,0,0,97928.266,8809849
Austria,AUT,2021,0,0,0,98272.91,8823809
Austria,AUT,2022,0,0.056640625,0,98664.41,8840953
Azerbaijan,AZE,2000,859064,686152.44,632055.25,1283264.1,4729801.5
Azerbaijan,AZE,2001,821241.7,669817.9,609312.8,1254806.8,4926844.5
Azerbaijan,AZE,2002,782552.06,652949.3,584669.1,1319434.6,5032522
Azerbaijan,AZE,2003,743150.75,635670.06,558219,1386202,5139080
Azerbaijan,AZE,2004,703353.3,618250.6,530163.94,1455722.9,5248673
Azerbaijan,AZE,2005,663319.1,600852.1,500590.53,1528531.6,5362944
Azerbaijan,AZE,2006,622999.6,583468.94,469434.6,1604930,5482519.5
Azerbaijan,AZE,2007,582338.1,566094,436618.22,1685261,5608099.5
Azerbaijan,AZE,2008,541135.5,548579.3,401939.2,1769350.8,5738692
Azerbaijan,AZE,2009,498877.5,530426.1,364973.6,1855820.5,5869530.5
Azerbaijan,AZE,2010,455413.38,511454.34,325612.44,1944594.4,6000128
Azerbaijan,AZE,2011,411129.25,492054,284076.62,2037048.9,6134705
Azerbaijan,AZE,2012,366027.06,472227.97,240301.83,2133387.8,6273631.5
Azerbaijan,AZE,2013,319997.28,451831.5,194151.66,2233155.2,6415341.5
Azerbaijan,AZE,2014,272958.6,430699.5,145526.72,2335465.2,6557230.5
Azerbaijan,AZE,2015,224893.94,408682.4,99346.99,2434261.5,6696296
Azerbaijan,AZE,2016,175899.67,385729.06,101476.5,2482836.5,6830306.5
Azerbaijan,AZE,2017,126064.32,361621,103391.46,2527384,6953106.5
Azerbaijan,AZE,2018,76534.81,335826.1,105115.52,2568558.8,7066487
Azerbaijan,AZE,2019,30589.768,305932.38,106786.51,2609729,7179715
Azerbaijan,AZE,2020,0,266046.38,108111.68,2642077.8,7268715.5
Azerbaijan,AZE,2021,0,199529.3,109128.05,2667017.5,7337317
Azerbaijan,AZE,2022,0,133962.14,110261.91,2696256.8,7417593.5
Bahamas,BHS,2000,0,5702.3853,0,,
Bahamas,BHS,2001,0,5642.3403,0,,
Bahamas,BHS,2002,0,5574.4126,0,,
Bahamas,BHS,2003,0,5504.563,0,,
Bahamas,BHS,2004,0,5432.633,0,,
Bahamas,BHS,2005,0,5358.556,0,,
Bahamas,BHS,2006,0,5282.619,0,,
Bahamas,BHS,2007,0,5204.5913,0,,
Bahamas,BHS,2008,0,5124.0796,0,,
Bahamas,BHS,2009,0,5041.0024,0,,
Bahamas,BHS,2010,0,4952.8013,0,,
Bahamas,BHS,2011,0,4853.244,0,,
Bahamas,BHS,2012,0,4742.6475,0,,
Bahamas,BHS,2013,0,4622.278,0,,
Bahamas,BHS,2014,0,4497.5913,0,,
Bahamas,BHS,2015,0,4370.8726,0,,
Bahamas,BHS,2016,0,4407.3696,0,,
Bahamas,BHS,2017,0,4441.25,0,,
Bahamas,BHS,2018,0,4473.3726,0,,
Bahamas,BHS,2019,0,4502.8794,0,,
Bahrain,BHR,2000,0,294.07172,0,7659.994,703488
Bahrain,BHR,2001,0,316.00354,0,7800.826,722140.2
Bahrain,BHR,2002,0,338.32654,0,7930.5522,740055.1
Bahrain,BHR,2003,0,366.94427,0,8181.965,769707.06
Bahrain,BHR,2004,0,409.12338,0,8691.778,824350.06
Bahrain,BHR,2005,0,460.216,0,9329.581,892131.2
Bahrain,BHR,2006,0,514.2754,0,9961.862,960504.8
Bahrain,BHR,2007,0,571.28156,0,10587.464,1029373.2
Bahrain,BHR,2008,0,631.1317,0,11282.86,1098429.1
Bahrain,BHR,2009,0,693.27625,0,11984.896,1166774.8
Bahrain,BHR,2010,0,736.8984,0,12332.096,1200576
Bahrain,BHR,2011,0,759.44025,0,12315.925,1199001.6
Bahrain,BHR,2012,0,791.2423,0,12446.374,1211701.4
Bahrain,BHR,2013,0,839.4257,0,12819.372,1248014.2
Bahrain,BHR,2014,0,897.7475,0,13321.669,1296914.6
Bahrain,BHR,2015,0,959.07587,0,13839.662,1347343.2
Bahrain,BHR,2016,0,1019.8573,0,14322.188,1394319
Bahrain,BHR,2017,0,1082.224,0,14801.18,1440950.5
Bahrain,BHR,2018,0,1133.7151,0,15110.821,1471095.5
Bahrain,BHR,2019,0,1167.8971,0,15180.102,1477840
Bahrain,BHR,2020,0,1183.467,0,15009.955,1461275.6
Bahrain,BHR,2021,0,1172.0896,0,14865.653,1447227.2
Bahrain,BHR,2022,0,1179.2731,0,14956.762,1456097
Bangladesh,BGD,2000,2857856.2,2375508.8,1460243.6,51031652,71468070
Bangladesh,BGD,2001,2810065.8,2299353,1482419.4,52231800,72846850
Bangladesh,BGD,2002,2755194,2217154,1501549.2,53481624,74184310
Bangladesh,BGD,2003,2695094.2,2129908.8,1518897.9,54702040,75457260
Bangladesh,BGD,2004,2630673.5,2038454.4,1534810.9,55903972,76681810
Bangladesh,BGD,2005,2560661.5,1941935,1544022.8,57055664,77810310
Bangladesh,BGD,2006,2481217.2,1837731.2,1550639,58051412,78707820
Bangladesh,BGD,2007,2396664,1729401.8,1557072.5,58969080,79483720
Bangladesh,BGD,2008,2307371.5,1617467.8,1563392,59801756,80131320
Bangladesh,BGD,2009,2217281.2,1504869.9,1572155.8,60639336,80773170
Bangladesh,BGD,2010,2132138,1395416.4,1587747.2,61647970,81627864
Bangladesh,BGD,2011,2047575.4,1285959.1,1607510.2,62719516,82550440
Bangladesh,BGD,2012,1962487.2,1175667.6,1630823.2,63209930,84111750
Bangladesh,BGD,2013,1876883.1,1064516.6,1657845.1,63687124,85743770
Bangladesh,BGD,2014,1789857.9,951994.5,1687972.9,64122216,87409256
Bangladesh,BGD,2015,1700980.2,837938.4,1720753.5,64490764,89079570
Bangladesh,BGD,2016,1611900.6,723224.5,1757930.6,64852708,90838800
Bangladesh,BGD,2017,1522242.8,607624.4,1799310.1,65193090,92671704
Bangladesh,BGD,2018,1430446.2,490541.34,1843069.8,65440300,94479600
Bangladesh,BGD,2019,1337303.1,372470.56,1889978.1,65618780,96297690
Bangladesh,BGD,2020,1243945.8,253793.03,1941630.1,65779150,98202440
Bangladesh,BGD,2021,1149552,184408.47,1997243.6,65884950,100140090
Bangladesh,BGD,2022,1053344.9,172092.84,2032131.1,66741748,101187060
Barbados,BRB,2000,0,3727.673,706.85754,,
Barbados,BRB,2001,0,3711.2012,708.8527,,
Barbados,BRB,2002,0,3699.5542,711.80444,,
Barbados,BRB,2003,0,3687.2231,714.6661,,
Barbados,BRB,2004,0,3674.1628,717.42676,,
Barbados,BRB,2005,0,3660.4387,720.097,,
Barbados,BRB,2006,0,3646.1958,722.7038,,
Barbados,BRB,2007,0,3632.7134,725.50073,,
Barbados,BRB,2008,0,3621.311,728.7581,,
Barbados,BRB,2009,0,3609.2085,731.92236,,
Barbados,BRB,2010,0,3593.7866,734.45654,,
Barbados,BRB,2011,0,3576.2979,736.6034,,
Barbados,BRB,2012,0,3557.829,738.57947,,
Barbados,BRB,2013,0,3538.6685,740.441,,
Barbados,BRB,2014,0,3518.8665,742.196,,
Barbados,BRB,2015,0,3498.4602,743.84955,,
Barbados,BRB,2016,0,3477.6362,745.4392,,
Barbados,BRB,2017,0,3456.3528,746.95435,,
Barbados,BRB,2018,0,3434.5059,748.3707,,
Barbados,BRB,2019,0,3412.4495,749.76324,,
Barbados,BRB,2020,0,3418.6975,751.13605,,
Barbados,BRB,2021,0,3424.8728,752.49286,,
Barbados,BRB,2022,0,3430.171,753.6569,,
Belarus,BLR,2000,0,29730.41,138862,1696784.1,8391106
Belarus,BLR,2001,0,29398.223,139070.95,1671515.8,8361224
Belarus,BLR,2002,0,29038.967,139116.9,1644843.1,8322389
Belarus,BLR,2003,0,28673.602,139089.9,1617947.8,8280166.5
Belarus,BLR,2004,0,30390.227,136723.83,1496647.4,8335950.5
Belarus,BLR,2005,0,32020.424,135001.6,1378372.9,8389768
Belarus,BLR,2006,0,33575.62,133207.86,1264066,8443851
Belarus,BLR,2007,0,35087.8,131448.64,1154425.2,8505025
Belarus,BLR,2008,0,36560.145,129709.61,1048865.2,8572691
Belarus,BLR,2009,0,37991.457,127953.79,946827.2,8644935
Belarus,BLR,2010,0,39319.758,126186.98,846513.8,8719406
Belarus,BLR,2011,0,40561.918,124329.16,748576.8,8793513
Belarus,BLR,2012,0,41779.64,122476.48,654001.56,8875491
Belarus,BLR,2013,0,42975.016,120619.27,581556.25,8945986
Belarus,BLR,2014,0,44131.797,118687.984,573494.8,8957425
Belarus,BLR,2015,0,45245.266,116671.914,565948,8972744
Belarus,BLR,2016,0,46303.633,114527.29,558733.9,8988546
Belarus,BLR,2017,0,47267.055,112160.086,551352.9,8997096
Belarus,BLR,2018,0,48119.797,109530.414,543674.8,8994249
Belarus,BLR,2019,0,48875.312,106683.41,535871.94,8982540
Belarus,BLR,2020,0,49482.684,80421.26,550516.44,8953320
Belarus,BLR,2021,0,49961.094,27821.605,590830.56,8909554
Belarus,BLR,2022,0,50454.285,27840.264,579640.56,8877019
Belgium,BEL,2000,0,0.31811523,0,37839.473,10226503
Belgium,BEL,2001,0,0.14770508,0,38005.04,10271249
Belgium,BEL,2002,0,0,0,38175.508,10317393
Belgium,BEL,2003,0,0.34790036,0,38348.973,10364200
Belgium,BEL,2004,0,0,0,38546.258,10417617
Belgium,BEL,2005,0,0,0,38770.54,10478207
Belgium,BEL,2006,0,0.17700194,0,39014.105,10543960
Belgium,BEL,2007,0,0.25317386,0,39274.824,10614422
Belgium,BEL,2008,0,0.48486325,0,39544.008,10687171
Belgium,BEL,2009,0,0.13452148,0,39819.17,10761537
Belgium,BEL,2010,0,0.07006836,0,39197.016,10838750
Belgium,BEL,2011,0,0.46154788,0,38566.363,10917177
Belgium,BEL,2012,0,0.12976074,0,37914.527,10993224
Belgium,BEL,2013,0,0.48449707,0,37239.16,11066017
Belgium,BEL,2014,0,0.16064453,0,36556.203,11140166
Belgium,BEL,2015,0,0.41821286,0,35855.023,11212447
Belgium,BEL,2016,0,0,0,35132.027,11281704
Belgium,BEL,2017,0,0.18469238,0,34395.883,11350093
Belgium,BEL,2018,0,0,0,33637.574,11414957
Belgium,BEL,2019,0,0,0,32862.152,11477706
Belgium,BEL,2020,0,0.43200687,0,32047.25,11529669
Belgium,BEL,2021,0,0,0,31219.121,11580200
Belgium,BEL,2022,0,0,0,30369.598,11625560
Belize,BLZ,2000,7409.9453,20193.986,2611.5278,,
Belize,BLZ,2001,7151.7803,19699.861,2717.0212,,
Belize,BLZ,2002,6867.8086,19149.516,2826.0122,,
Belize,BLZ,2003,6555.1387,18535.451,2937.7842,,
Belize,BLZ,2004,6212.8877,17855.621,3052.3152,,
Belize,BLZ,2005,5840.2744,17108.297,3169.6143,,
Belize,BLZ,2006,5436.385,16291.286,3289.5996,,
Belize,BLZ,2007,5000.2627,15402.25,3412.106,,
Belize,BLZ,2008,4530.8086,14438.252,3536.7395,,
Belize,BLZ,2009,4027.005,13396.3545,3662.9106,,
Belize,BLZ,2010,3482.684,12254.92,3790.1348,,
Belize,BLZ,2011,2901.1235,11022.345,3912.4265,,
Belize,BLZ,2012,2289.7966,9722.328,4036.7585,,
Belize,BLZ,2013,1648.7845,8353.781,4163.47,,
Belize,BLZ,2014,977.7697,6913.3047,4291.613,,
Belize,BLZ,2015,101.63472,5643.5913,4419.0015,,
Belize,BLZ,2016,0,4334.3936,4537.903,,
Belize,BLZ,2017,0,2865.301,4656.368,,
Belize,BLZ,2018,0,1340.6013,4775.156,,
Belize,BLZ,2019,0,1361.6859,4861.695,,
Belize,BLZ,2020,0,1378.0114,4933.0005,,
Belize,BLZ,2021,0,1391.305,4995.159,,
Belize,BLZ,2022,0,1404.4115,5058.728,,
Benin,BEN,2000,786464.9,1375565.5,515384.5,,
Benin,BEN,2001,781838.4,1424396.2,534222.1,,
Benin,BEN,2002,775760.56,1474431,553363.1,,
Benin,BEN,2003,768060.06,1525793.6,572735.25,,
Benin,BEN,2004,759453.1,1579274.5,592838.6,,
Benin,BEN,2005,750945.25,1637252.4,614564.7,,
Benin,BEN,2006,740447.9,1695516.6,636324.2,,
Benin,BEN,2007,727454.6,1752771.6,657621.4,,
Benin,BEN,2008,713826.6,1813429.1,680107.75,,
Benin,BEN,2009,698962.25,1876281.4,703327.9,,
Benin,BEN,2010,682770.56,1941317,727264.6,,
Benin,BEN,2011,665213.2,2008643.2,751949.9,,
Benin,BEN,2012,646198.94,2078209.6,777356.4,,
Benin,BEN,2013,625679.8,2150056.2,803496.5,,
Benin,BEN,2014,603813.3,2225126.5,830689.5,,
Benin,BEN,2015,580529.1,2303569.2,858984.94,,
Benin,BEN,2016,555601.3,2384925.8,888198.75,,
Benin,BEN,2017,528956.75,2469259.5,918341.1,,
Benin,BEN,2018,500431.16,2556159.2,949246.2,,
Benin,BEN,2019,469926.44,2645388,980812,,
Benin,BEN,2020,437310.9,2736357,1012807.8,,
Benin,BEN,2021,402542.06,2828720.5,1041348.56,,
Benin,BEN,2022,365663,2922741.8,1069934.1,,
Bermuda,BMU,2000,0,3.5945578,0,,
Bermuda,BMU,2001,0,8.30136,0,,
Bermuda,BMU,2002,0,13.064254,0,,
Bermuda,BMU,2003,0,17.870731,0,,
Bermuda,BMU,2004,0,22.70648,0,,
Bermuda,BMU,2005,0,27.560282,0,,
Bermuda,BMU,2006,0,32.39748,0,,
Bermuda,BMU,2007,0,37.22548,0,,
Bermuda,BMU,2008,0,42.08282,0,,
Bermuda,BMU,2009,0,46.950443,0,,
Bermuda,BMU,2010,0,51.831654,0,,
Bermuda,BMU,2011,0,56.719986,0,,
Bermuda,BMU,2012,0,61.56421,0,,
Bermuda,BMU,2013,0,61.5119,0,,
Bermuda,BMU,2014,0,61.365643,0,,
Bermuda,BMU,2015,0,61.16127,0,,
Bermuda,BMU,2016,0,61.087658,0,,
Bermuda,BMU,2017,0,61.28816,0,,
Bermuda,BMU,2018,0,61.57486,0,,
Bermuda,BMU,2019,0,61.808296,0,,
Bermuda,BMU,2020,0,62.020416,0,,
Bermuda,BMU,2021,0,62.16958,0,,
Bermuda,BMU,2022,0,62.168613,0,,
Bhutan,BTN,2000,56055.082,35775.863,11742.951,352728.12,130904.914
Bhutan,BTN,2001,56831.066,30628.377,12271.517,366291.4,137211.67
Bhutan,BTN,2002,53905.832,28919.328,12384.682,380213.03,143625.1
Bhutan,BTN,2003,50823.133,27126.023,12460.27,394080.9,150136.69
Bhutan,BTN,2004,47599.277,25258.172,12496.829,407887.72,156749.03
Bhutan,BTN,2005,44155.4,23274.482,12455.696,420497.16,162940.28
Bhutan,BTN,2006,40651.6,21252.607,12296.014,431293.3,167766.48
Bhutan,BTN,2007,37011.5,19160.682,12079.384,441107.84,172254.62
Bhutan,BTN,2008,33333.543,17051.168,11830.771,450787.97,176733.56
Bhutan,BTN,2009,29629.373,14930.475,11550.532,460359.53,181208.08
Bhutan,BTN,2010,25908.21,12803.926,11239.596,469864.9,185699.34
Bhutan,BTN,2011,22178.441,10676.212,10898.644,453851.84,215725.88
Bhutan,BTN,2012,18448.883,8551.551,10527.376,437230.78,246386.44
Bhutan,BTN,2013,14720.416,6430.5474,10124.546,419976.75,277636.7
Bhutan,BTN,2014,10992.726,4313.488,9687.381,396489.06,314874.3
Bhutan,BTN,2015,7268.6367,2202.7134,9212.898,371838.84,352750.9
Bhutan,BTN,2016,3550.3655,1362.1136,8686.395,345618.44,390543.72
Bhutan,BTN,2017,647.139,1377.366,8108.713,318093.22,427894.56
Bhutan,BTN,2018,555.9031,1390.8265,7465.183,289125.7,463558.4
Bhutan,BTN,2019,458.78772,1401.9653,6793.788,259892.36,498912.1
Bhutan,BTN,2020,356.1587,1411.379,6098.7544,230551,534088.7
Bhutan,BTN,2021,248.25888,1419.438,5119.798,205733.9,564964.6
Bhutan,BTN,2022,253.78418,1451.0353,5091.222,201790.88,573868.1
Bolivia,BOL,2000,1088991.8,533426.6,29814.062,,
Bolivia,BOL,2001,1066648.8,522473.78,29419.824,,
Bolivia,BOL,2002,1044826,511150.53,28995.252,,
Bolivia,BOL,2003,1022855.1,499370.44,28528.672,,
Bolivia,BOL,2004,1000447.2,487061.2,28013.928,,
Bolivia,BOL,2005,977670.1,474227.56,27451.777,,
Bolivia,BOL,2006,954646.6,460936.94,26845.844,,
Bolivia,BOL,2007,931343.6,447136.25,26193.828,,
Bolivia,BOL,2008,907470.75,432692.75,25487.799,,
Bolivia,BOL,2009,883155.7,417634.22,24729.988,,
Bolivia,BOL,2010,858385.7,401947.34,23919.832,,
Bolivia,BOL,2011,833139.44,385615.1,23056.596,,
Bolivia,BOL,2012,807420.6,368620.34,22139.762,,
Bolivia,BOL,2013,782482,351233.2,21186.854,,
Bolivia,BOL,2014,757784.5,333340.72,20187.488,,
Bolivia,BOL,2015,732519.56,314755.25,19129.133,,
Bolivia,BOL,2016,706719.56,295488.66,18012.68,,
Bolivia,BOL,2017,680440.5,275547.44,16838.734,,
Bolivia,BOL,2018,653545.94,254892.11,15605.792,,
Bolivia,BOL,2019,626090.2,233536,15904.911,,
Bolivia,BOL,2020,597604.5,211304.6,16187.467,,
Bolivia,BOL,2021,568039.8,188214.66,16447.705,,
Bolivia,BOL,2022,538291.6,164588.38,16708.111,,
"Bonaire, Sint Eustatius and Saba",,2000,0,192.3809,0,2102.678,11664.941
"Bonaire, Sint Eustatius and Saba",,2001,0,186.90793,0,2044.2191,12009.873
"Bonaire, Sint Eustatius and Saba",,2002,0,183.95882,0,2013.3024,12556.738
"Bonaire, Sint Eustatius and Saba",,2003,0,181.80113,0,1991.0101,13218.188
"Bonaire, Sint Eustatius and Saba",,2004,0,179.05284,0,1962.2139,13908.732
"Bonaire, Sint Eustatius and Saba",,2005,0,175.59714,0,1925.6206,14622.783
"Bonaire, Sint Eustatius and Saba",,2006,0,171.32571,0,1880.0258,15353.649
"Bonaire, Sint Eustatius and Saba",,2007,0,166.26157,0,1825.664,16105.075
"Bonaire, Sint Eustatius and Saba",,2008,0,160.38304,0,1762.2802,16877.336
"Bonaire, Sint Eustatius and Saba",,2009,0,153.65273,0,1689.4453,17668.9
"Bonaire, Sint Eustatius and Saba",,2010,0,145.98795,0,1606.2312,18471.783
"Bonaire, Sint Eustatius and Saba",,2011,0,136.97525,0,1508.0652,19227.959
"Bonaire, Sint Eustatius and Saba",,2012,0,126.65601,0,1395.3738,19922.97
"Bonaire, Sint Eustatius and Saba",,2013,0,115.51254,0,1273.4459,20614.043
"Bonaire, Sint Eustatius and Saba",,2014,0,103.678055,0,1143.7329,21322.59
"Bonaire, Sint Eustatius and Saba",,2015,0,91.20571,0,1006.80664,22065.988
"Bonaire, Sint Eustatius and Saba",,2016,0,77.99315,0,861.5222,22830.486
"Bonaire, Sint Eustatius and Saba",,2017,0,63.958973,0,706.96405,23595.074
"Bonaire, Sint Eustatius and Saba",,2018,0,49.15832,0,543.7241,24377.117
"Bonaire, Sint Eustatius and Saba",,2019,0,33.559692,0,371.43683,25165.002
"Bonaire, Sint Eustatius and Saba",,2020,0,17.16243,0,190.07764,25945.76
"Bonaire, Sint Eustatius and Saba",,2021,0,0,0,6.072241e-11,26706
"Bonaire, Sint Eustatius and Saba",,2022,0,0,0,0,27026
Bosnia and Herzegovina,BIH,2000,9324.67,57586.938,47197.09,414579.94,3650661.5
Bosnia and Herzegovina,BIH,2001,8606.512,53071.344,54875.992,408956.94,3669421.5
Bosnia and Herzegovina,BIH,2002,7864.3833,48420.13,62496.66,402047.7,3677581.5
Bosnia and Herzegovina,BIH,2003,7094.8213,43612.203,69893.4,393349.7,3669806.8
Bosnia and Herzegovina,BIH,2004,6294.8936,38631.184,76816.3,382207.9,3638909.8
Bosnia and Herzegovina,BIH,2005,5503.6504,33716.92,83497.51,370447.12,3601131.8
Bosnia and Herzegovina,BIH,2006,4748.277,29035.55,90337.74,359885.1,3574079.2
Bosnia and Herzegovina,BIH,2007,4123.4575,24257.78,96768.93,348165.38,3534560.8
Bosnia and Herzegovina,BIH,2008,3506.2615,19556.404,102701.914,335345.75,3482281.8
Bosnia and Herzegovina,BIH,2009,3427.9268,14511.618,108418.94,322599.16,3428792.2
Bosnia and Herzegovina,BIH,2010,3349.3723,9664.796,113914.3,309946.7,3374212.8
Bosnia and Herzegovina,BIH,2011,3270.3225,5017.4614,119171.1,297375.06,3318308.2
Bosnia and Herzegovina,BIH,2012,3187.0918,3120.8762,124131.17,284680.88,3259254
Bosnia and Herzegovina,BIH,2013,0,2618.6338,129349.766,273282.1,3212308.8
Bosnia and Herzegovina,BIH,2014,0,2130.5667,134708.2,262507.16,3171722.2
Bosnia and Herzegovina,BIH,2015,0,2117.6453,133221.9,258499.17,3130485.2
Bosnia and Herzegovina,BIH,2016,0,2106.793,131867.17,254735.28,3092276.8
Bosnia and Herzegovina,BIH,2017,0,2097.673,130606.23,251137.84,3056185.2
Bosnia and Herzegovina,BIH,2018,0,2089.5168,129387.55,247613.73,3021038.2
Bosnia and Herzegovina,BIH,2019,0,2081.45,128189.766,248716.97,2981722.8
Bosnia and Herzegovina,BIH,2020,0,2071.9788,126884.734,264643.47,2924807
Bosnia and Herzegovina,BIH,2021,0,2059.206,125382.54,279634.22,2863867.2
Bosnia and Herzegovina,BIH,2022,0,2052.7761,124265.74,294987.94,2812219.5
Botswana,BWA,2000,51592.4,23635.486,353588.78,,
Botswana,BWA,2001,50202.105,24557.607,356558.94,,
Botswana,BWA,2002,49067.332,25640.783,360923.12,,
Botswana,BWA,2003,47901.188,26760.645,365181,,
Botswana,BWA,2004,46708.48,27924.307,369448.56,,
Botswana,BWA,2005,45516.51,29149.588,373941.75,,
Botswana,BWA,2006,44334.63,30448.475,360961.84,,
Botswana,BWA,2007,42156.184,31401.242,341506.72,,
Botswana,BWA,2008,40025.28,32452.918,322117.9,,
Botswana,BWA,2009,37935.133,33599.86,302711.03,,
Botswana,BWA,2010,35875.36,34837.484,283201.56,,
Botswana,BWA,2011,33830.95,36148.816,263458.72,,
Botswana,BWA,2012,32239.307,37711.684,246183.84,,
Botswana,BWA,2013,30723.375,39380.656,229059.92,,
Botswana,BWA,2014,29216.877,41138.855,211683.11,,
Botswana,BWA,2015,27725.742,42997.75,194083.1,,
Botswana,BWA,2016,26256.994,44975.383,176291.16,,
Botswana,BWA,2017,24806.22,47072.03,158253.9,,
Botswana,BWA,2018,23358.518,49254.066,139859.12,,
Botswana,BWA,2019,21902.623,51492.99,121046.125,,
Botswana,BWA,2020,20441.447,53781.53,120867.63,,
Botswana,BWA,2021,18957.889,56050.863,120455.61,,
Botswana,BWA,2022,18887.191,56793.6,119814.31,,
Brazil,BRA,2000,1514807.5,8902047,1065016.8,30671366,133720470
Brazil,BRA,2001,1516899.6,8430264,1076410.9,30682414,136505890
Brazil,BRA,2002,1643985.6,7839229,1088225.6,30965918,138939330
Brazil,BRA,2003,1767485.2,7244647.5,1099089,31407774,141110270
Brazil,BRA,2004,1887738.1,6650272,1109361.6,31838040,143236620
Brazil,BRA,2005,2005056.2,6058344,1119302.1,32263946,145350670
Brazil,BRA,2006,2118892.8,5468050.5,1128664.5,32679306,147425760
Brazil,BRA,2007,2228968,4879855.5,1137376.4,33081846,149451410
Brazil,BRA,2008,2335127,4294607,1145433.9,33471248,151425900
Brazil,BRA,2009,2437728.8,3713749.8,1153046.4,33851100,153361940
Brazil,BRA,2010,2536966,3138138,1160353.6,34227584,155290430
Brazil,BRA,2011,2631554.8,2567266.5,1166940,34599350,157220200
Brazil,BRA,2012,2722119.8,2002235.8,1173031.1,34962324,159117980
Brazil,BRA,2013,2700589,1551738.8,1178684.1,34140584,162150180
Brazil,BRA,2014,2678673,1104630.9,1183998.6,33293688,165198660
Brazil,BRA,2015,2656670,661090.06,1189065.6,32421998,168259400
Brazil,BRA,2016,2618103.2,422540.84,1187897.1,31468676,171162370
Brazil,BRA,2017,,2396279.8,833553.7,30954232,174320900
Brazil,BRA,2018,,1941676.4,833586.9,30010644,177380690
Brazil,BRA,2019,,1490524.2,763811.3,29108748,180419790
Brazil,BRA,2020,,1178106.2,269797.8,28566682,183181700
Brazil,BRA,2021,,880021.06,0,27745316,185700880
Brazil,BRA,2022,,874665.25,0,26559040,187879790
British Virgin Islands,VGB,2000,0,944.3372,0,,
British Virgin Islands,VGB,2001,0,891.78815,0,,
British Virgin Islands,VGB,2002,0,838.10565,0,,
British Virgin Islands,VGB,2003,0,781.8666,0,,
British Virgin Islands,VGB,2004,0,721.5902,0,,
British Virgin Islands,VGB,2005,0,657.11127,0,,
British Virgin Islands,VGB,2006,0,587.7503,0,,
British Virgin Islands,VGB,2007,0,512.96466,0,,
British Virgin Islands,VGB,2008,0,432.50732,0,,
British Virgin Islands,VGB,2009,0,345.08887,0,,
British Virgin Islands,VGB,2010,0,246.87155,0,,
British Virgin Islands,VGB,2011,0,144.21498,0,,
British Virgin Islands,VGB,2012,0,38.543545,0,,
British Virgin Islands,VGB,2013,0,38.8636,0,,
British Virgin Islands,VGB,2014,0,39.289436,0,,
British Virgin Islands,VGB,2015,0,39.825123,0,,
British Virgin Islands,VGB,2016,0,40.33097,0,,
British Virgin Islands,VGB,2017,0,40.7663,0,,
British Virgin Islands,VGB,2018,0,41.139244,0,,
British Virgin Islands,VGB,2019,0,41.51219,0,,
British Virgin Islands,VGB,2020,0,41.91904,0,,
British Virgin Islands,VGB,2021,0,42.206547,0,,
British Virgin Islands,VGB,2022,0,42.454723,0,,
Brunei,BRN,2000,333.87186,0,0,,
Brunei,BRN,2001,340.69275,0,0,,
Brunei,BRN,2002,347.40668,0,0,,
Brunei,BRN,2003,353.9876,0,0,,
Brunei,BRN,2004,360.40256,0,0,,
Brunei,BRN,2005,366.65048,0,0,,
Brunei,BRN,2006,372.73312,0,0,,
Brunei,BRN,2007,378.66455,0,0,,
Brunei,BRN,2008,384.4758,0,0,,
Brunei,BRN,2009,390.20984,0,0,,
Brunei,BRN,2010,395.94266,0,0,,
Brunei,BRN,2011,401.38632,1.3372836e-12,0,,
Brunei,BRN,2012,406.50494,1.2414997e-11,0,,
Brunei,BRN,2013,411.56332,0,0,,
Brunei,BRN,2014,416.50754,0,0,,
Brunei,BRN,2015,421.27866,0,0,,
Brunei,BRN,2016,425.82565,0,0,,
Brunei,BRN,2017,430.09766,0,0,,
Brunei,BRN,2018,434.08554,0,0,,
Brunei,BRN,2019,437.8494,0,0,,
Brunei,BRN,2020,441.51614,0,0,,
Brunei,BRN,2021,445.15375,0,0,,
Brunei,BRN,2022,448.7723,0,0,,
Bulgaria,BGR,2000,0,15141.405,0,821857.6,7260692
Bulgaria,BGR,2001,0,18365.197,0,770331.5,7246163.5
Bulgaria,BGR,2002,0,21483.121,0,719805.2,7233521.5
Bulgaria,BGR,2003,0,24503.58,0,670246.1,7222989
Bulgaria,BGR,2004,0,27437.086,0,621734.56,7216144.5
Bulgaria,BGR,2005,0,30282.203,0,574020,7210919
Bulgaria,BGR,2006,0,33037.61,0,526965.4,7206033.5
Bulgaria,BGR,2007,0,35711.25,0,480633.16,7202691
Bulgaria,BGR,2008,0,38310.676,0,435024.5,7201578
Bulgaria,BGR,2009,0,40846.457,0,390144.03,7203744.5
Bulgaria,BGR,2010,0,43288.797,0,345640.78,7203343.5
Bulgaria,BGR,2011,0,45610.168,0,301375.84,7196143.5
Bulgaria,BGR,2012,0,47809.055,0,257495.22,7183040
Bulgaria,BGR,2013,0,49901.46,0,214185.33,7167080.5
Bulgaria,BGR,2014,0,51891.53,0,174920.69,7145329
Bulgaria,BGR,2015,0,53762.555,0,182904.31,7072586
Bulgaria,BGR,2016,0,55539.91,0,190709.95,6999725
Bulgaria,BGR,2017,0,57224.4,0,198339.77,6926864
Bulgaria,BGR,2018,0,58809.395,0,205758.83,6852863
Bulgaria,BGR,2019,0,60307.75,0,213008.6,6779216
Bulgaria,BGR,2020,0,61644.547,0,219820.25,6697710
Bulgaria,BGR,2021,0,62709.707,0,225784.52,6597374
Bulgaria,BGR,2022,0,63578.59,0,231142.62,6487232
Burkina Faso,BFA,2000,749728.06,3056252.2,1237067.1,,
Burkina Faso,BFA,2001,766484.2,3133528,1276634.8,,
Burkina Faso,BFA,2002,746619.8,3204096.8,1447427.9,,
Burkina Faso,BFA,2003,725508.6,3276122.8,1627573.6,,
Burkina Faso,BFA,2004,703105.6,3349633.5,1817537.8,,
Burkina Faso,BFA,2005,679245.1,3423948.8,2017305.4,,
Burkina Faso,BFA,2006,653625.06,3497601.8,2226339.2,,
Burkina Faso,BFA,2007,627145.56,3573372,2444463.8,,
Burkina Faso,BFA,2008,599511.7,3650729.2,2672070.2,,
Burkina Faso,BFA,2009,570179.75,3728526,2910405,,
Burkina Faso,BFA,2010,539212.9,3807390,3160349,,
Burkina Faso,BFA,2011,506678.94,3888167.2,3423094.5,,
Burkina Faso,BFA,2012,472663.03,3972174.5,3700447.2,,
Burkina Faso,BFA,2013,436682.97,4056041.5,3989916.8,,
Burkina Faso,BFA,2014,398695.88,4139395,4291457.5,,
Burkina Faso,BFA,2015,358776.1,4223031.5,4606204,,
Burkina Faso,BFA,2016,316798.28,4305565,4933000.5,,
Burkina Faso,BFA,2017,272696.9,4385575,5270304,,
Burkina Faso,BFA,2018,226461.92,4461539,5616205.5,,
Burkina Faso,BFA,2019,178255.97,4534564.5,5971917.5,,
Burkina Faso,BFA,2020,128217.67,4606812.5,6340301,,
Burkina Faso,BFA,2021,76329.375,4677020,6512998.5,,
Burkina Faso,BFA,2022,25627.057,4739646.5,6683644,,
Burundi,BDI,2000,971988.56,914948.4,1225065.4,,
Burundi,BDI,2001,955605.56,940158.1,1257282.9,,
Burundi,BDI,2002,940812.2,969043.7,1294311.5,,
Burundi,BDI,2003,927624.9,1002148.7,1336858.9,,
Burundi,BDI,2004,917962.06,1042276.5,1388642,,
Burundi,BDI,2005,906144.9,1083737,1442055.8,,
Burundi,BDI,2006,891103.5,1125368.9,1495555.8,,
Burundi,BDI,2007,874612.5,1169547.2,1552295.6,,
Burundi,BDI,2008,859458.8,1220669.1,1618101,,
Burundi,BDI,2009,849727.6,1286266,1702905.6,,
Burundi,BDI,2010,833365.2,1349803.9,1784794.4,,
Burundi,BDI,2011,804348.56,1400285.1,1849260.5,,
Burundi,BDI,2012,772127.3,1452287.8,1915602.1,,
Burundi,BDI,2013,736767.1,1506306.4,1984488.9,,
Burundi,BDI,2014,696495.25,1558929.2,2051421.1,,
Burundi,BDI,2015,645200.06,1594589.5,2095966,,
Burundi,BDI,2016,588078.56,1621714.5,2129278.5,,
Burundi,BDI,2017,532492.2,1659935.6,2177157,,
Burundi,BDI,2018,479260.88,1708833.6,2241418.5,,
Burundi,BDI,2019,428583.44,1758854.6,2313799.8,,
Burundi,BDI,2020,439307.97,1803492.9,2375574.5,,
Burundi,BDI,2021,449376.62,1845487.5,2434111.2,,
Burundi,BDI,2022,459563.38,1888020.2,2493615.5,,
Cambodia,KHM,2000,3022378.8,2806798.2,0,4233928.5,2055735.2
Cambodia,KHM,2001,2980009.5,2743872.2,0,4461869.5,2152440.5
Cambodia,KHM,2002,2935286.5,2677964,0,4696473.5,2252055.2
Cambodia,KHM,2003,2887688.2,2608579.5,0,4937149,2354293
Cambodia,KHM,2004,2837230,2535718.2,24538.826,5159573.5,2459310
Cambodia,KHM,2005,2783605,2459097.2,82125.234,5354833.5,2566922.2
Cambodia,KHM,2006,2726689.8,2378600.2,145168.95,5550325.5,2676995
Cambodia,KHM,2007,2667386.2,2295000.2,213924.17,5747902,2790578.5
Cambodia,KHM,2008,2602275.2,2205326.5,288317.88,5941196.5,2906771.2
Cambodia,KHM,2009,2526742.2,2105685.2,367851.75,6123486.5,3031974
Cambodia,KHM,2010,2447356.8,2001967.4,452926.7,6302190,3159091.2
Cambodia,KHM,2011,2365313.2,1895180.6,543825.1,6480000.5,3289565.8
Cambodia,KHM,2012,2280545,1785267.4,640685.2,6656717,3423424.8
Cambodia,KHM,2013,2192725.5,1671974.4,743547.9,6831261.5,3560173.2
Cambodia,KHM,2014,2101529,1555073.5,852383.9,7002419,3699411.5
Cambodia,KHM,2015,2006715.2,1434433.8,967090.8,7168839.5,3840444
Cambodia,KHM,2016,1908996.9,1310614.4,1087995.8,7332545.5,3984431.2
Cambodia,KHM,2017,1808256,1183556.1,1215091,7492787,4130999.5
Cambodia,KHM,2018,1703311.1,1052555.6,1347496.2,7644197,4277678
Cambodia,KHM,2019,1594434.6,917956.1,1484970.9,7786284,4424100.5
Cambodia,KHM,2020,1483611.6,781008.6,1629124.4,7927773.5,4575341
Cambodia,KHM,2021,1370263.6,655306.94,1778948.8,8061890.5,4722614
Cambodia,KHM,2022,1220238.1,532500.1,1935096.4,8195320.5,4884686.5
Cameroon,CMR,2000,1569832,4033758.8,989894.3,,
Cameroon,CMR,2001,1559313.8,4026627.8,1065864.8,,
Cameroon,CMR,2002,1548746.2,4019327.8,1146531.8,,
Cameroon,CMR,2003,1538069.9,4011661.8,1232149.6,,
Cameroon,CMR,2004,1526708.8,4002117,1322579,,
Cameroon,CMR,2005,1514314.1,3989660.8,1417669.8,,
Cameroon,CMR,2006,1500782.5,3973990.8,1517544.2,,
Cameroon,CMR,2007,1487233.8,3958011.8,1623589.4,,
Cameroon,CMR,2008,1473549.5,3941373.2,1736124.5,,
Cameroon,CMR,2009,1459037.5,3922148,1854707.4,,
Cameroon,CMR,2010,1443580.1,3899962.8,1979514.9,,
Cameroon,CMR,2011,1426837.5,3873787,2110297.5,,
Cameroon,CMR,2012,1408859.6,3843652.8,2247317.2,,
Cameroon,CMR,2013,1389876.1,3810063.2,2391125.2,,
Cameroon,CMR,2014,1372941.1,3781328.2,2547671.8,,
Cameroon,CMR,2015,1356434.5,3752968.5,2715346.2,,
Cameroon,CMR,2016,1336701.8,3714761.8,2887352.2,,
Cameroon,CMR,2017,1313830.9,3666719,3063148,,
Cameroon,CMR,2018,1289012.6,3612003.5,3245075.2,,
Cameroon,CMR,2019,1263368.4,3553575.8,3435859,,
Cameroon,CMR,2020,1235944.5,3488622.2,3633187,,
Cameroon,CMR,2021,1206679.6,3416784.2,3836516,,
Cameroon,CMR,2022,1176069.2,3339308.5,3972719.5,,
Canada,CAN,2000,0,237184.97,0,325320.12,30120808
Canada,CAN,2001,0,238253.1,0,327295.3,30437214
Canada,CAN,2002,0,240376.89,0,330334.62,30751688
Canada,CAN,2003,0,242315.55,0,333124.78,31044010
Canada,CAN,2004,0,244216.11,0,335862.03,31331590
Canada,CAN,2005,0,246566.36,0,320177.53,31649174
Canada,CAN,2006,0,248993.33,0,304222.34,31978652
Canada,CAN,2007,0,251234.94,0,287718.53,32323508
Canada,CAN,2008,0,253764.02,0,271118.94,32693654
Canada,CAN,2009,0,256537.8,0,254337,33083044
Canada,CAN,2010,0,259361.88,0,237161.48,33466888
Canada,CAN,2011,0,262267.94,0,219637.5,33841628
Canada,CAN,2012,0,265627.72,0,202130.86,34224120
Canada,CAN,2013,0,269047.66,0,184236.95,34610410
Canada,CAN,2014,0,272267.3,0,165791.66,34966548
Canada,CAN,2015,0,275415.6,0,146915.92,35309796
Canada,CAN,2016,0,279014.56,0,127873.9,35706644
Canada,CAN,2017,0,283100.5,0,108578.12,36162668
Canada,CAN,2018,0,287530.25,0,88886.41,36658836
Canada,CAN,2019,0,292055.2,0,68679.59,37161852
Canada,CAN,2020,0,294846.25,0,69284.57,37524572
Canada,CAN,2021,0,296850.34,0,69696.92,37788464
Canada,CAN,2022,0,299103.8,0,70161.86,38085060
Cape Verde,CPV,2000,2069.4707,42425.707,51142.57,,
Cape Verde,CPV,2001,1962.5648,42400.496,51710.793,,
Cape Verde,CPV,2002,1853.3927,42329.832,52217.8,,
Cape Verde,CPV,2003,1742.6938,42219.094,52667.836,,
Cape Verde,CPV,2004,1622.5244,40977.855,53142.45,,
Cape Verde,CPV,2005,1501.8982,39654.938,53584.586,,
Cape Verde,CPV,2006,1381.2341,38256.652,53999.97,,
Cape Verde,CPV,2007,1260.8422,36784.22,54388.168,,
Cape Verde,CPV,2008,1140.8348,35235.957,54743.88,,
Cape Verde,CPV,2009,1021.54224,33613.08,55064.79,,
Cape Verde,CPV,2010,904.4113,31957.223,55416.68,,
Cape Verde,CPV,2011,794.99023,30410.312,56005.734,,
Cape Verde,CPV,2012,685.2936,28810.195,56596.29,,
Cape Verde,CPV,2013,575.06696,27141.467,57157.047,,
Cape Verde,CPV,2014,464.82764,25422.176,57722.7,,
Cape Verde,CPV,2015,354.53326,23646.902,56791.555,,
Cape Verde,CPV,2016,244.37146,21824.66,54753.277,,
Cape Verde,CPV,2017,134.34616,19961.12,52745.168,,
Cape Verde,CPV,2018,24.264803,18031.771,50706.137,,
Cape Verde,CPV,2019,0,17293.559,48540.54,,
Cape Verde,CPV,2020,0,16708.979,46346.81,,
Cape Verde,CPV,2021,0,16118.706,43701.754,,
Cape Verde,CPV,2022,0,16042.96,44038.734,,
Cayman Islands,CYM,2001,4.1054,1580.8812,0,,
Cayman Islands,CYM,2002,4.2456,1634.8685,0,,
Cayman Islands,CYM,2003,4.3862,1689.0099,0,,
Cayman Islands,CYM,2004,4.5285997,1743.8444,0,,
Cayman Islands,CYM,2005,4.6727,1799.3335,0,,
Cayman Islands,CYM,2006,4.8177,1873.3463,0,,
Cayman Islands,CYM,2007,4.9646997,1949.2386,0,,
Cayman Islands,CYM,2008,5.1123,2026.4781,0,,
Cayman Islands,CYM,2009,5.2602,2104.9514,0,,
Cayman Islands,CYM,2010,5.4074,2184.2578,0,,
Cayman Islands,CYM,2011,5.5492,2262.4734,0,,
Cayman Islands,CYM,2012,5.686,2339.702,0,,
Cayman Islands,CYM,2013,5.8212,2417.298,0,,
Cayman Islands,CYM,2014,5.9558997,2495.7046,0,,
Cayman Islands,CYM,2015,6.0910997,2575.3396,0,,
Cayman Islands,CYM,2016,6.2255,2655.6533,0,,
Cayman Islands,CYM,2017,6.3581,2736.2063,0,,
Cayman Islands,CYM,2018,6.4884,2816.762,0,,
Cayman Islands,CYM,2019,6.6134,2895.9797,0,,
Cayman Islands,CYM,2020,6.7310996,2972.916,0,,
Cayman Islands,CYM,2021,6.8136,3035.0618,0,,
Cayman Islands,CYM,2022,6.8705997,3086.3748,0,,
Central African Republic,CAF,2000,244264.34,989674.06,306926.97,1897615,320689.72
Central African Republic,CAF,2001,244464.44,1027957.3,348973.75,1900569.8,322807.84
Central African Republic,CAF,2002,244448.44,1066988.1,392368.3,1902104.6,324738.5
Central African Republic,CAF,2003,244829.98,1109545.8,438197.53,1906974.5,327293.12
Central African Republic,CAF,2004,244484.66,1150662.6,484577.7,1906437.8,328975.5
Central African Republic,CAF,2005,244145.02,1193780.2,532964.1,1906971,330973.53
Central African Republic,CAF,2006,243019.83,1235035.1,581671.5,1902407.1,332218.47
Central African Republic,CAF,2007,241354.58,1275424.8,631056.8,1894689.4,333043.3
Central African Republic,CAF,2008,239964.38,1319242.1,683279,1890183.2,334564.16
Central African Republic,CAF,2009,238553.77,1365144.9,737852.1,1886599.6,336389.62
Central African Republic,CAF,2010,236718.52,1410908.6,793680.25,1880792.2,337967.3
Central African Republic,CAF,2011,233396.48,1449820.9,846837.75,1864223.6,337743.34
Central African Republic,CAF,2012,228351.3,1479388.6,895409.9,1834852.4,335303.88
Central African Republic,CAF,2013,222580.7,1505068.8,942263.75,1800486.5,332028.53
Central African Republic,CAF,2014,215219.95,1520189.5,982881.3,1753900.8,326542.4
Central African Republic,CAF,2015,208893.2,1542676.9,1028638.4,1716348.2,322776.3
Central African Republic,CAF,2016,205163.17,1585661.1,1089072.8,1700994.5,323285.1
Central African Republic,CAF,2017,201469.73,1631309.9,1152832.6,1686943.8,324185.44
Central African Republic,CAF,2018,197691.02,1678908.5,1219623.1,1673245,325312.25
Central African Republic,CAF,2019,194217.33,1732140.9,1292365.1,1663262,327338.88
Central African Republic,CAF,2020,191072.33,1792001.5,1372214.2,1657356,330375.9
Central African Republic,CAF,2021,186847.66,1845518,1449441.4,1643339,332007.7
Central African Republic,CAF,2022,189478.45,1878691.2,1486021.5,1683149.6,341803.2
Central and Southern Asia (SDG),,2000,37045656,183062190,54602524,570128800,683589800
Central and Southern Asia (SDG),,2001,36694508,179275000,55914384,575037500,710623200
Central and Southern Asia (SDG),,2002,36326744,175310780,57045120,580231300,737668700
Central and Southern Asia (SDG),,2003,35951828,171176130,58168184,584959900,764889150
Central and Southern Asia (SDG),,2004,35348348,166480180,59267356,588893300,793290240
Central and Southern Asia (SDG),,2005,34651764,161492270,61296124,589831550,823412540
Central and Southern Asia (SDG),,2006,33928450,156269310,62504412,590703170,853771140
Central and Southern Asia (SDG),,2007,33041900,150596830,63576936,590927700,884454460
Central and Southern Asia (SDG),,2008,32131168,144733340,64637820,592070600,914148030
Central and Southern Asia (SDG),,2009,31268800,138817920,65714880,590283800,947282750
Central and Southern Asia (SDG),,2010,30346004,132680910,66790348,589735940,979982400
Central and Southern Asia (SDG),,2011,29419792,126422024,67867144,589047700,1013104700
Central and Southern Asia (SDG),,2012,28455830,119965130,68914690,586198000,1048150500
Central and Southern Asia (SDG),,2013,27409180,113244840,69916080,582811300,1083486600
Central and Southern Asia (SDG),,2014,26340812,106323430,70881224,578756900,1119532300
Central and Southern Asia (SDG),,2015,25202508,99162200,71800590,573831550,1156330000
Central and Southern Asia (SDG),,2016,24003978,91808410,72691144,568823600,1193196000
Central and Southern Asia (SDG),,2017,22788144,84322570,73563496,563786000,1230252000
Central and Southern Asia (SDG),,2018,21575094,76700450,74388060,558529300,1267273900
Central and Southern Asia (SDG),,2019,20331710,68925010,75145270,552901760,1304256000
Central and Southern Asia (SDG),,2020,19135272,61065556,75892010,547108300,1341141200
Central and Southern Asia (SDG),,2021,17993876,53038588,76547550,540668350,1377101700
Central and Southern Asia (SDG),,2022,17493806,44991600,77019350,537621570,1407463300
Chad,TCD,2000,567234.75,3629106,872077.44,2734742,455976.53
Chad,TCD,2001,588279.5,3690211.8,911915.1,2874121.2,474276.16
Chad,TCD,2002,610824.7,3755756,954337.4,3023687,493764.06
Chad,TCD,2003,637540.6,3841353.2,1003580.2,3197256.5,516635.38
Chad,TCD,2004,668520.56,3946051.2,1059902.8,3396065.5,542962.44
Chad,TCD,2005,697889.56,4034385.8,1114031.9,3590732.2,567972.44
Chad,TCD,2006,725261.3,4104822.8,1165259,3778942.2,591329.06
Chad,TCD,2007,752531.7,4168664.8,1216560.5,3970394.5,614579.75
Chad,TCD,2008,781285,4234554.5,1270464.9,4173392.5,638966.8
Chad,TCD,2009,811716.44,4303072.5,1327306.2,4389370.5,664662.4
Chad,TCD,2010,842221.06,4365675.5,1384633.1,4611426.5,690770.1
Chad,TCD,2011,874431.6,4430655,1445170.9,4848799.5,718673.5
Chad,TCD,2012,907601.2,4493778.5,1507767.2,5097923,747836.75
Chad,TCD,2013,942473.6,4558332,1573719.6,5363335,778905.06
Chad,TCD,2014,978594.5,4621620.5,1642357.2,5642986.5,811566.75
Chad,TCD,2015,1011947.2,4664749,1707010.9,5913993,842574.25
Chad,TCD,2016,1045817,4703445,1773251.4,6195364.5,874707.06
Chad,TCD,2017,1082464.2,4747456.5,1845027.5,6501001,909934.25
Chad,TCD,2018,1120711.8,4790839,1920512.9,6824746.5,947399.6
Chad,TCD,2019,1159059.1,4826794,1997258,7157860.5,985894.8
Chad,TCD,2020,1196790,4852396.5,2074196.8,7496356.5,1024961.25
Chad,TCD,2021,1235468.8,4873981,2154159.5,7850138.5,1065992.4
Chad,TCD,2022,1270305.6,5014865,2222879.2,8108080,1107184
Chile,CHL,2000,0,652586.44,0,561276.2,14137936
Chile,CHL,2001,0,611195.9,0,538523.94,14374258
Chile,CHL,2002,0,571495.3,0,515985.62,14606309
Chile,CHL,2003,0,537514.94,0,497106.03,14824492
Chile,CHL,2004,0,502736.16,0,476830.4,15038399
Chile,CHL,2005,0,467447.22,0,455395.28,15252468
Chile,CHL,2006,0,431670.2,0,432813.9,15470091
Chile,CHL,2007,0,395444.94,0,409110.3,15690982
Chile,CHL,2008,0,358790.3,0,384296.47,15918375
Chile,CHL,2009,0,321742.22,0,358404.7,16153300
Chile,CHL,2010,0,284137.6,0,331247.5,16388777
Chile,CHL,2011,0,245956.48,0,302782.66,16624834
Chile,CHL,2012,0,207249.02,0,273047.6,16861476
Chile,CHL,2013,0,168027.33,0,242038.19,17099860
Chile,CHL,2014,0,128364.49,0,209854.81,17348888
Chile,CHL,2015,0,88190.336,0,200863.62,17581070
Chile,CHL,2016,0,47526.836,0,209691.95,17826660
Chile,CHL,2017,0,6347.0864,0,219542.61,18142688
Chile,CHL,2018,0,0,0,229772.17,18471678
Chile,CHL,2019,0,0,0,233925.47,18805560
Chile,CHL,2020,0,0,0,237129.33,19063184
Chile,CHL,2021,0,0,0,239499.55,19253684
Chile,CHL,2022,0,0.33398435,0,240858.12,19362874
China,CHN,2000,33196112,233316980,4933985,,
China,CHN,2001,32876198,230796740,5010702,,
China,CHN,2002,32485030,216754580,5703915.5,,
China,CHN,2003,32071358,202883600,6395279,,
China,CHN,2004,31641896,189249570,7083155.5,,
China,CHN,2005,29388614,177720560,7765856,,
China,CHN,2006,27207856,166539000,8442509,,
China,CHN,2007,25015272,155743840,9112660,,
China,CHN,2008,22874338,145200620,9773876,,
China,CHN,2009,20790004,134941300,10425239,,
China,CHN,2010,18758740,124940690,11063088,,
China,CHN,2011,16796250,115317350,11690496,,
China,CHN,2012,14900398,106057420,12311054,,
China,CHN,2013,13057727,97064860,12916636,,
China,CHN,2014,11264050,88303760,13499803,,
China,CHN,2015,9522209,79787976,14057544,,
China,CHN,2016,7836490.5,71543530,14589612,,
China,CHN,2017,6212064.5,63614224,15101375,,
China,CHN,2018,4643533.5,55946924,15577193,,
China,CHN,2019,3133421,48548196,16012407,,
China,CHN,2020,1685667.1,41444428,16409037,,
China,CHN,2021,1474545.6,33465508,12982279,,
China,CHN,2022,1380785.8,25767864,6965712.5,,
Colombia,COL,2000,1132708.6,1962681.6,57487.19,9180472,26881786
Colombia,COL,2001,1130464.1,1889842.5,59512.766,9324033,27434024
Colombia,COL,2002,1127721,1815245.5,61557.71,9465331,27984196
Colombia,COL,2003,1124338.1,1738749.4,63611.863,9602954,28528032
Colombia,COL,2004,1120375,1660528.6,65675.24,9736870,29064820
Colombia,COL,2005,1115735,1580550.5,67738.85,9865943,29590976
Colombia,COL,2006,1110383.1,1498892.1,69796.5,9989524,30104314
Colombia,COL,2007,1104465.6,1415865.9,71852.8,10124610,30589786
Colombia,COL,2008,1097808,1331384.6,73892.63,10253815,31058412
Colombia,COL,2009,1090818.8,1246077.1,75939.28,10380598,31520486
Colombia,COL,2010,1083897.8,1160432.5,78018.36,10508287,31985474
Colombia,COL,2011,1076742.4,1074137.9,80107.36,10633852,32444060
Colombia,COL,2012,1069097.9,987037.6,82185.2,10754867,32889232
Colombia,COL,2013,1061072.4,899324.1,84255.49,10871749,33321530
Colombia,COL,2014,1052752.8,811178.8,86321.61,10985092,33742600
Colombia,COL,2015,1044501.9,722939.4,88411.99,11098849,34165020
Colombia,COL,2016,1037691.44,635445.6,90646.18,11227815,34634356
Colombia,COL,2017,1035624.2,550121.2,93331.83,11408750,35263844
Colombia,COL,2018,1037635.56,472595.97,96443.13,11635800,36034484
Colombia,COL,2019,1039038.6,420967.2,99555.49,11854569,36773276
Colombia,COL,2020,1036780.2,367870.22,102375.805,12033791,37389844
Colombia,COL,2021,923600,314016.38,104999.375,12195991,37977956
Colombia,COL,2022,910586.2,259576.9,107099.734,12284658,38312104
Comoros,COM,2000,9158.536,30501.941,8927.248,,
Comoros,COM,2001,8916.018,32150.73,9098.883,,
Comoros,COM,2002,8660.753,33864.207,13348.209,,
Comoros,COM,2003,8384.007,35610.297,17741.654,,
Comoros,COM,2004,8088.382,37398.7,22279.756,,
Comoros,COM,2005,7780.2617,39266.14,26985.129,,
Comoros,COM,2006,7457.916,41209.39,31864.01,,
Comoros,COM,2007,7118.426,43215.984,36913.637,,
Comoros,COM,2008,6762.1445,45289.734,42142.504,,
Comoros,COM,2009,6389.69,47438.707,47565.008,,
Comoros,COM,2010,6000.727,49666.49,53193.547,,
Comoros,COM,2011,5594.526,51973.87,59038.176,,
Comoros,COM,2012,5169.523,54353.637,65100.305,,
Comoros,COM,2013,4724.4946,56797.83,71379.36,,
Comoros,COM,2014,4259.1787,59307.117,77883.77,,
Comoros,COM,2015,4348.7393,61303.06,79427.53,,
Comoros,COM,2016,4440.152,62552.848,81142.63,,
Comoros,COM,2017,4527.4873,63739.266,82790.13,,
Comoros,COM,2018,4609.548,64845.383,84348.305,,
Comoros,COM,2019,,70627.83,85904.336,,
Congo,COG,2000,260702.05,776226,305819.72,931859.3,859422.8
Congo,COG,2001,267668.94,798728.25,317789.2,972333.25,897581.44
Congo,COG,2002,270914.66,807359.9,322365.47,1005062.06,925455.94
Congo,COG,2003,275352.72,819436.9,328450.8,1043180.7,958232.1
Congo,COG,2004,280708.38,808153.56,345713.34,1060541.4,1047895.2
Congo,COG,2005,286717.5,797383.75,363844.3,1079142.1,1145751.4
Congo,COG,2006,293281.28,786648.75,382762.72,1098462.2,1252167.9
Congo,COG,2007,299742.72,774067,401631.53,1115926.4,1364961.5
Congo,COG,2008,305180.53,757315.25,419151.2,1128013.1,1479941.9
Congo,COG,2009,312864.97,744483.1,439802.3,1146670.5,1613409.2
Congo,COG,2010,321120.84,731075.2,461392.66,1165497.6,1758797.5
Congo,COG,2011,326550.7,709493.06,478939.78,1171967.4,1897264.9
Congo,COG,2012,330457.72,683293.6,494134,1205603.5,1999768
Congo,COG,2013,333112.94,653467.44,507245.6,1257532.4,2076707.6
Congo,COG,2014,335675.9,622542.75,519946.5,1310809.5,2155886.2
Congo,COG,2015,338191.9,590611,532293.7,1365636.5,2237653.2
Congo,COG,2016,340666.03,557678.2,544284.94,1422072.9,2322122.2
Congo,COG,2017,343101.44,523745.4,555916.75,1480174.5,2409401.8
Congo,COG,2018,346633.6,530993.8,569324.25,1516488,2477622.5
Congo,COG,2019,349999.16,538076.4,582828.06,1553087.2,2546742.2
Congo,COG,2020,353257.38,545081.1,596514.25,1590200.4,2617120.8
Congo,COG,2021,356441.5,552056.2,610426.9,1627944.2,2688937.5
Cook Islands,COK,2000,0,21.623884,0,,
Cook Islands,COK,2001,0,19.889114,0,,
Cook Islands,COK,2002,0,18.644562,0,,
Cook Islands,COK,2003,0,17.80379,0,,
Cook Islands,COK,2004,0,16.942583,0,,
Cook Islands,COK,2005,0,16.073889,0,,
Cook Islands,COK,2006,0,15.221276,0,,
Cook Islands,COK,2007,0,14.602449,0,,
Cook Islands,COK,2008,0,14.165492,0,,
Cook Islands,COK,2009,0,13.674374,0,,
Cook Islands,COK,2010,0,13.1203,0,,
Cook Islands,COK,2011,0,12.482349,0,,
Cook Islands,COK,2012,0,11.568271,0,,
Cook Islands,COK,2013,0,10.442957,0,,
Cook Islands,COK,2014,0,9.31932,0,,
Cook Islands,COK,2015,0,8.197912,0,,
Cook Islands,COK,2016,0,7.0796785,0,,
Cook Islands,COK,2017,0,5.978577,0,,
Cook Islands,COK,2018,0,4.8980894,0,,
Cook Islands,COK,2019,0,4.857492,0,,
Cook Islands,COK,2020,0,4.834496,0,,
Cook Islands,COK,2021,0,4.8271146,0,,
Cook Islands,COK,2022,0,4.8293858,0,,
Costa Rica,CRI,2000,121425.75,87574.59,11268.45,718572.7,3040351.5
Costa Rica,CRI,2001,113055.82,81986.89,11393.443,735777.5,3111008.5
Costa Rica,CRI,2002,104648.57,76348.28,11500.445,752131.1,3177994.8
Costa Rica,CRI,2003,96285.44,70715.04,11593.177,767836.94,3242179.5
Costa Rica,CRI,2004,88045.39,65142.79,11676.616,783175.75,3304759
Costa Rica,CRI,2005,79976,59664.098,11753.372,798262.3,3366231.5
Costa Rica,CRI,2006,72092.72,54289.703,11824.027,813149.44,3426816
Costa Rica,CRI,2007,64420.594,49036.633,11890.029,827897.25,3486774.5
Costa Rica,CRI,2008,56974.11,43915.4,11952.664,842595.1,3546483.8
Costa Rica,CRI,2009,49763.723,38932.03,12011.05,857092.44,3605327.8
Costa Rica,CRI,2010,42773.523,34074.07,13095.209,870097.06,3662212
Costa Rica,CRI,2011,36028.867,29360.219,14248.446,882677.4,3717610.8
Costa Rica,CRI,2012,29564.658,24816.207,13818.935,896551.75,3771841
Costa Rica,CRI,2013,23368.615,20434.354,13370.484,910019.44,3824342.5
Costa Rica,CRI,2014,17430.451,16208.304,12902.841,922993,3874753.5
Costa Rica,CRI,2015,11741.764,12133.385,12417.942,935548.75,3923400.5
Costa Rica,CRI,2016,6293.095,8205.312,11918.6,947843.7,3970944.5
Costa Rica,CRI,2017,1455.6136,4030.482,11404.787,959816.2,4017135
Costa Rica,CRI,2018,0,0,10866.923,970786.2,4059080.8
Costa Rica,CRI,2019,0,0,10294.728,980137.44,4094100
Costa Rica,CRI,2020,0,0.20263672,9706.208,988477.06,4124921.5
Costa Rica,CRI,2021,0,0.09082031,9696.1,994723,4149537.8
Costa Rica,CRI,2022,0,0,9681.635,1000187.5,4170960
Cote d'Ivoire,CIV,2000,961756.56,2556845.8,1414979.4,7987606.5,3878481.8
Cote d'Ivoire,CIV,2001,968855.4,2623773,1450941.8,8138340.5,4063558.5
Cote d'Ivoire,CIV,2002,985188.44,2679236.8,1486265.5,8287878,4245327.5
Cote d'Ivoire,CIV,2003,1004717.56,2729678,1521101.9,8497438,4363515.5
Cote d'Ivoire,CIV,2004,1024222.6,2778679.5,1555588.2,8705060,4481352
Cote d'Ivoire,CIV,2005,1043842.06,2826476.5,1589867.1,8911095,4598934
Cote d'Ivoire,CIV,2006,1063667.1,2873262,1624049.5,9116345,4716733
Cote d'Ivoire,CIV,2007,1083800.1,2919223,1658247.4,9321379,4835049
Cote d'Ivoire,CIV,2008,1104453.4,2964836.8,1692743.6,9527732,4954684.5
Cote d'Ivoire,CIV,2009,1125878,3010658.2,1727871.1,9736953,5076401
Cote d'Ivoire,CIV,2010,1148202.6,3056953.8,1763797.9,9950205,5200883.5
Cote d'Ivoire,CIV,2011,1171004,3102487,1799829.4,10163518,5326075.5
Cote d'Ivoire,CIV,2012,1194566,3147906.8,1836353.9,9506542,6325344.5
Cote d'Ivoire,CIV,2013,1219237.8,3194024.2,1873863.6,9103045,7079096
Cote d'Ivoire,CIV,2014,1248145.8,3248858,1917114.8,8935235,7646201
Cote d'Ivoire,CIV,2015,1281596.4,3312903,1966518.4,8774327,8261395
Cote d'Ivoire,CIV,2016,1316460.5,3377746.2,2017178.5,8595140,8907096
Cote d'Ivoire,CIV,2017,1352881.4,3443532,2069226.2,8397139,9585238
Cote d'Ivoire,CIV,2018,1390598.5,3509363,2122168.2,8177127.5,10294730
Cote d'Ivoire,CIV,2019,1429470.9,3574673,2175696.5,7946113,11021597
Cote d'Ivoire,CIV,2020,1469733.2,3639830.5,2230071,7771049.5,11701104
Cote d'Ivoire,CIV,2021,1526179.2,3688446.2,2276421,7960945.5,12026256
Cote d'Ivoire,CIV,2022,1558350.9,3763583.2,2323392.5,8154947,12360269
Croatia,HRV,2000,18217.352,43213.414,0,615539.6,3871463.8
Croatia,HRV,2001,17967.492,42620.53,0,607811.7,3838359
Croatia,HRV,2002,17807.477,42241.07,0,602959.06,3819860.5
Croatia,HRV,2003,17656.324,41882.527,0,598404.2,3803196
Croatia,HRV,2004,17521.72,41563.176,0,594401.9,3789863.5
Croatia,HRV,2005,17403.818,41283.566,0,590962.06,3780031.8
Croatia,HRV,2006,17292.371,41019.05,0,587738.25,3771510.5
Croatia,HRV,2007,17181.639,40756.457,0,584535.6,3763058.5
Cuba,CUB,2000,82134.08,502813.22,334434.9,,
Cuba,CUB,2001,79329.75,489542.22,335464.25,,
Cuba,CUB,2002,76525.48,476386,336408.34,,
Cuba,CUB,2003,73880.89,464155.72,337618.56,,
Cuba,CUB,2004,71377.08,452688.38,339067.12,,
Cuba,CUB,2005,68843.12,441083.06,340109.84,,
Cuba,CUB,2006,66274.336,429304.3,340945.3,,
Cuba,CUB,2007,63681.133,417411.56,341604.88,,
Cuba,CUB,2008,61082.01,405522.6,342171,,
Cuba,CUB,2009,58493.098,393735.38,342720.94,,
Cuba,CUB,2010,55916.426,382067.94,343274.7,,
Cuba,CUB,2011,53353.457,370534.25,343844.8,,
Cuba,CUB,2012,50809,359167.5,344469.2,,
Cuba,CUB,2013,48357.02,348210.25,345332.28,,
Cuba,CUB,2014,45917.754,337291.6,346168.38,,
Cuba,CUB,2015,43466.918,326314.75,346896.8,,
Cuba,CUB,2016,40997.96,315210.56,347428.72,,
Cuba,CUB,2017,38487.664,303892.53,347646.4,,
Cuba,CUB,2018,35960.113,292542.62,347711.66,,
Cuba,CUB,2019,33418.43,281173.53,347606.6,,
Cuba,CUB,2020,30863.09,269788.97,347298.44,,
Cuba,CUB,2021,28239.738,257879.66,326497.5,,
Cuba,CUB,2022,28002.598,243810.56,327735.88,,
Curacao,CUW,2000,0,1859.4303,0,,
Curacao,CUW,2001,0,1761.1051,0,,
Curacao,CUW,2002,0,1682.1414,0,,
Curacao,CUW,2003,0,1613.2297,0,,
Curacao,CUW,2004,0,1544.8116,0,,
Curacao,CUW,2005,0,1475.9797,0,,
Curacao,CUW,2006,0,1406.4994,0,,
Curacao,CUW,2007,0,1334.4915,0,,
Curacao,CUW,2008,0,1259.5204,0,,
Curacao,CUW,2009,0,1181.1256,0,,
Curacao,CUW,2010,0,1099.3365,0,,
Curacao,CUW,2011,0,1014.1267,0,,
Curacao,CUW,2012,0,925.8987,0,,
Curacao,CUW,2013,0,834.415,0,,
Curacao,CUW,2014,0,843.9024,0,,
Curacao,CUW,2015,0,851.6723,0,,
Curacao,CUW,2016,0,857.53345,0,,
Curacao,CUW,2017,0,861.47614,0,,
Cyprus,CYP,2000,357.87128,690.98267,0,38273.855,908914.3
Cyprus,CYP,2001,363.9629,703.9153,0,38943.574,924818.56
Cyprus,CYP,2002,370.6208,716.0784,0,39644.453,941462.8
Cyprus,CYP,2003,377.67804,807.3088,0,40374.13,958790.9
Cyprus,CYP,2004,384.81305,901.38745,0,38386.516,979011.3
Cyprus,CYP,2005,391.9708,998.27625,0,36302.7,999369.06
Cyprus,CYP,2006,399.13696,1097.9047,0,34120.863,1019820.1
Cyprus,CYP,2007,406.33313,1200.3071,0,31842.852,1040423.56
Cyprus,CYP,2008,413.56805,1305.5387,0,29468.838,1061202
Cyprus,CYP,2009,420.83777,1413.5354,0,26997.818,1082141.9
Cyprus,CYP,2010,428.1638,1524.516,0,24430.598,1103302.9
Cyprus,CYP,2011,434.2434,1633.5254,0,21700.977,1121317.4
Cyprus,CYP,2012,438.83838,1738.7643,0,18825.494,1135552.9
Cyprus,CYP,2013,443.00067,1844.3162,0,15874.751,1148806
Cyprus,CYP,2014,446.98953,1950.9788,0,12864.606,1161732.5
Cyprus,CYP,2015,451.0431,2059.7852,0,9803.473,1174965.8
Cyprus,CYP,2016,455.18423,2171.0593,0,6689.6143,1188565.1
Cyprus,CYP,2017,459.30765,2284.201,0,3519.714,1202259.8
Cyprus,CYP,2018,463.2716,2398.7456,0,293.36816,1215675.6
Cyprus,CYP,2019,467.0835,2418.3174,0,0,1225950.6
Cyprus,CYP,2020,470.36172,2435.7195,0,0,1234631
Cyprus,CYP,2021,472.82596,2449.3677,0,0,1241265.8
Cyprus,CYP,2022,475.4995,2464.7124,0,0,1248547.9
Czechia,CZE,2000,5300.7197,14541.898,0,356604.34,9858263
Czechia,CZE,2001,5290.475,14573.84,0,356822.44,9853590
Czechia,CZE,2002,5289.6836,14020.045,0,345596.1,9873264
Czechia,CZE,2003,5289.8325,13466.45,0,334383.88,9894898
Czechia,CZE,2004,5291.5664,12913.4,0,323210.78,9919583
Czechia,CZE,2005,5296.458,12364.728,0,312159.1,9950293
Czechia,CZE,2006,5304.208,11818.195,0,301191.22,9986502
Czechia,CZE,2007,5316.1357,11276.208,0,290366.22,10030870
Czechia,CZE,2008,5332.0806,10735.995,0,279635.75,10082879
Czechia,CZE,2009,5349.0273,10191.431,0,268832.84,10137137
Czechia,CZE,2010,5366.167,9640.496,0,257900.55,10191842
Czechia,CZE,2011,5377.243,9072.431,0,246559.89,10235369
Czechia,CZE,2012,5385.649,8469.8,0,234670.98,10262539
Czechia,CZE,2013,5394.2803,7842.5156,0,222475.7,10278839
Czechia,CZE,2014,5402.55,7216.754,0,210298.36,10294264
Czechia,CZE,2015,5412.8,7205.6646,0,210409.72,10300769
Czechia,CZE,2016,5421.604,7193.3555,0,210464.6,10304512
Czechia,CZE,2017,5431.2573,7178.881,0,210515.19,10308180
Czechia,CZE,2018,5441.5806,7162.17,0,210554.53,10311435
Czechia,CZE,2019,5452.2725,7142.566,0,210571,10313705
Czechia,CZE,2020,5459.5303,7115.664,0,210421.2,10307957
Czechia,CZE,2021,5460.3145,7076.9834,0,209983.14,10288231
Czechia,CZE,2022,5463.578,7039.31,0,209611.6,10271872
Democratic Republic of Congo,COD,2000,8521006,18214040,3621016.8,12323071,5937183.5
Democratic Republic of Congo,COD,2001,8531150,18731342,4038997,12685522,6119645
Democratic Republic of Congo,COD,2002,8538750,19267136,4487252,13061686,6307247.5
Democratic Republic of Congo,COD,2003,8530670,19792304,4960435.5,13431957,6490275
Democratic Republic of Congo,COD,2004,8519414,20335574,5466729.5,13815960,6677929
Democratic Republic of Congo,COD,2005,8512514,20917160,6014363.5,14228596,6877611
Democratic Republic of Congo,COD,2006,8504034,21525450,6603440.5,14662851,7085856
Democratic Republic of Congo,COD,2007,8489883,22152038,7234269.5,15113462,7299767
Democratic Republic of Congo,COD,2008,8466132,22787734,7906151,15574072,7515634
Democratic Republic of Congo,COD,2009,8433018,23434070,8622143,16046732,7734266.5
Democratic Republic of Congo,COD,2010,8395234,24105252,9390045,16541123,7959601.5
Democratic Republic of Congo,COD,2011,8356405.5,24814642,10219246,17067634,8196339.5
Democratic Republic of Congo,COD,2012,8307830.5,25539244,11104212,17610528,8436053
Democratic Republic of Congo,COD,2013,8252924.5,26291508,12054035,18179046,8682511
Democratic Republic of Congo,COD,2014,8189655.5,27067878,13071721,18771866,8934464
Democratic Republic of Congo,COD,2015,8109918,27843230,14148867,19371982,9182911
Democratic Republic of Congo,COD,2016,8023959,28654096,15307861,20005616,9439445
Democratic Republic of Congo,COD,2017,7923170,29472914,16538977,20654074,9694141
Democratic Republic of Congo,COD,2018,7795429,30253994,17819654,21286510,9931767
Democratic Republic of Congo,COD,2019,7647313.5,31019088,19163458,21918408,10158622
Democratic Republic of Congo,COD,2020,7487987.5,31805320,20596764,22576850,10386245
Democratic Republic of Congo,COD,2021,7657279,32256916,22116740,22946872,10916312
Democratic Republic of Congo,COD,2022,7827038,32691586,23722600,23299310,11469675
Denmark,DNK,2000,0,0.031738278,0,319288.62,5021366
Denmark,DNK,2001,0,0.014160156,0,320489.9,5040258
Denmark,DNK,2002,0,0,0,321562.94,5057134
Denmark,DNK,2003,0,0.14160155,0,322618.62,5073736.5
Denmark,DNK,2004,0,0.0625,0,302273.62,5113312
Denmark,DNK,2005,0,0.13378906,0,281853.47,5154459.5
Denmark,DNK,2006,0,0,0,261308.11,5196555.5
Denmark,DNK,2007,0,0,0,240605.33,5239117
Denmark,DNK,2008,0,0,0,219775.75,5282975
Denmark,DNK,2009,0,0.21777344,0,198787.8,5327664
Denmark,DNK,2010,0,0.12304688,0,177633.75,5373215.5
Denmark,DNK,2011,0,0.008789062,0,156307.62,5419708.5
Denmark,DNK,2012,0,0.25976562,0,134776.34,5466182.5
Denmark,DNK,2013,0,0.17333983,0,113036.65,5512347.5
Denmark,DNK,2014,0,0.10693359,0,91116.66,5559536
Denmark,DNK,2015,0,0,0,69018.74,5608777
Denmark,DNK,2016,0,0.18847655,0,46721.336,5660135.5
Denmark,DNK,2017,0,0.0034179683,0,24198.863,5713085
Denmark,DNK,2018,0,0,0,4680.7534,5762005
Denmark,DNK,2019,0,0,0,4704.494,5791173.5
Denmark,DNK,2020,0,0.19189453,0,4728.8267,5820912
Denmark,DNK,2021,0,0.009765625,0,4752.0415,5849488.5
Denmark,DNK,2022,0,0,0,4774.6787,5877486.5
Djibouti,DJI,2000,7160.21,65096.434,109926.08,,
Djibouti,DJI,2001,7974.6177,66491.24,113361.73,,
Djibouti,DJI,2002,8824.291,67859.46,116822.77,,
Djibouti,DJI,2003,9631.297,68643.98,119341.516,,
Djibouti,DJI,2004,10394.108,68948.516,121072.39,,
Djibouti,DJI,2005,11179.525,69276.766,122880.62,,
Djibouti,DJI,2006,12031.562,69876.09,125220.68,,
Djibouti,DJI,2007,12937.009,70622.13,127879.875,,
Djibouti,DJI,2008,13857.799,71289.23,130455.77,,
Djibouti,DJI,2009,14810.875,71968.06,133108.72,,
Djibouti,DJI,2010,15779.865,72577.22,135745.4,,
Djibouti,DJI,2011,16756.404,73086.48,138312.77,,
Djibouti,DJI,2012,17745.088,73525.305,140863.95,,
Djibouti,DJI,2013,18745.164,73896.4,143413.95,,
Djibouti,DJI,2014,19754.443,74196.445,145949.2,,
Djibouti,DJI,2015,20767.773,74412.08,148465.17,,
Djibouti,DJI,2016,21785.16,74549.66,150960.45,,
Djibouti,DJI,2017,22806.682,74614.734,153456.55,,
Djibouti,DJI,2018,23830.848,74606.82,155957.48,,
Djibouti,DJI,2019,24851.867,74512.43,158439.95,,
Djibouti,DJI,2020,25069.373,75144.26,160879.56,,
Djibouti,DJI,2021,25256.203,75682.45,163211.56,,
Djibouti,DJI,2022,25427.145,76171.305,165532.17,,
Dominica,DMA,2000,0,4215.9785,0,,
Dominica,DMA,2001,0,4120.757,0,,
Dominica,DMA,2002,0,4043.8977,0,,
Dominica,DMA,2003,0,3970.8914,0,,
Dominica,DMA,2004,0,3894.7185,0,,
Dominica,DMA,2005,0,3816.445,0,,
Dominica,DMA,2006,0,3736.1875,0,,
Dominica,DMA,2007,0,3653.9045,0,,
Dominica,DMA,2008,0,3570.1907,0,,
Dominica,DMA,2009,0,3486.3591,0,,
Dominica,DMA,2010,0,3400.6848,0,,
Dominica,DMA,2011,0,3316.0051,0,,
Dominica,DMA,2012,0,3238.8333,0,,
Dominica,DMA,2013,0,3151.4585,0,,
Dominica,DMA,2014,0,3176.7366,0,,
Dominica,DMA,2015,0,3205.8613,0,,
Dominica,DMA,2016,0,3208.9749,0,,
Dominica,DMA,2017,0,3223.9954,0,,
Dominican Republic,DOM,2000,154435.84,279186.28,352773.56,4170758.8,3583636.5
Dominican Republic,DOM,2001,158436.7,271470.22,340091.75,4250963.5,3648077.8
Dominican Republic,DOM,2002,162306.27,263743.06,327194.16,4330101.5,3711755.2
Dominican Republic,DOM,2003,164236.64,254387.38,312109.4,4409011,3780107.2
Dominican Republic,DOM,2004,165157.95,244626.17,296289.12,4486979,3850074.8
Dominican Republic,DOM,2005,165857.28,235254.53,280700.97,4563649.5,3919305
Dominican Republic,DOM,2006,166309.5,226260.55,265334.12,4638703,3987561
Dominican Republic,DOM,2007,166548.39,217690.81,250250.73,4712557.5,4055158.8
Dominican Republic,DOM,2008,166650.36,209646.27,235569.27,4787245.5,4123837.2
Dominican Republic,DOM,2009,166688.81,202178.47,221349.14,4863622,4194222.2
Dominican Republic,DOM,2010,166602.14,195221.02,207510.11,4940796.5,4265625
Dominican Republic,DOM,2011,166946.38,188953,194310.14,5017817,4335711
Dominican Republic,DOM,2012,167550.23,183206.11,181551.17,5094155,4404419.5
Dominican Republic,DOM,2013,168036.78,177811.4,169012.86,5169635,4472555
Dominican Republic,DOM,2014,168399.78,172765.39,156694.25,5244185.5,4540070.5
Dominican Republic,DOM,2015,168636.48,168063.62,144595.95,5317680.5,4606854.5
Dominican Republic,DOM,2016,168751.25,163697.47,132717.97,5389815,4672610
Dominican Republic,DOM,2017,168770.72,159667.78,121068.19,5460526,4737212
Dominican Republic,DOM,2018,168821.77,155983.34,109670.08,5530279,4800776.5
Dominican Republic,DOM,2019,168908.75,152618.48,98500.98,5598810,4863043.5
Dominican Republic,DOM,2020,169096.83,149596.08,87570.96,5667884,4925516
Dominican Republic,DOM,2021,169367.38,146882.16,50127.266,5763723,4987773.5
Dominican Republic,DOM,2022,169615.06,144353.8,50459.805,5818028,5046364.5
East Timor,TLS,2002,65222.56,334173.47,49748.656,,
East Timor,TLS,2003,64564.156,326703.44,52201.12,,
East Timor,TLS,2004,63987.09,319490.94,54821.26,,
East Timor,TLS,2005,63623.63,313119.5,57749.254,,
East Timor,TLS,2006,63292.617,306683.16,60856.98,,
East Timor,TLS,2007,62836.062,299400.34,64003.125,,
East Timor,TLS,2008,62218.133,291113.3,67142.55,,
East Timor,TLS,2009,61437.188,281831.84,64797.395,,
East Timor,TLS,2010,60597.39,272045.66,62042.855,,
East Timor,TLS,2011,59751.914,261982.27,58915.37,,
East Timor,TLS,2012,58824.14,251285.81,55318.38,,
East Timor,TLS,2013,57761.836,239736.86,51189.99,,
East Timor,TLS,2014,56579.9,227413.14,46536.895,,
East Timor,TLS,2015,55204.938,214043.86,41298.32,,
East Timor,TLS,2016,53653.293,199739.94,35500.91,,
East Timor,TLS,2017,52029.39,184922.61,29223.129,,
East Timor,TLS,2018,50333.15,169595.66,22458.922,,
East Timor,TLS,2019,48567.594,153771.25,23221.643,,
East Timor,TLS,2020,46767.742,137554.42,24012.146,,
East Timor,TLS,2021,44944.016,120948.54,24839.396,,
East Timor,TLS,2022,43407.547,105071.15,25639.824,,
Eastern Mediterranean (WHO),,2000,23646026,49824384,20371198,118066900,280826180
Eastern Mediterranean (WHO),,2001,23670982,49991036,20987604,121907850,288257820
Eastern Mediterranean (WHO),,2002,23726548,50229960,21642028,125884980,295354000
Eastern Mediterranean (WHO),,2003,23741396,50168916,22442090,129790380,302626720
Eastern Mediterranean (WHO),,2004,23541466,49754440,23269210,133698264,310435680
Eastern Mediterranean (WHO),,2005,23020482,49046780,25252102,136344030,319520320
Eastern Mediterranean (WHO),,2006,22432430,48316980,26514122,139759100,329569500
Eastern Mediterranean (WHO),,2007,21751722,47408036,27733194,143165710,340055970
Eastern Mediterranean (WHO),,2008,20996784,46366944,28952924,146985810,350789980
Eastern Mediterranean (WHO),,2009,20310570,45391640,30191534,149877280,362864220
Eastern Mediterranean (WHO),,2010,19539518,44253732,31444518,152669900,374812320
Eastern Mediterranean (WHO),,2011,18734000,43024296,32694692,155359380,386200450
Eastern Mediterranean (WHO),,2012,17932950,41780584,33898356,157964720,397426500
Eastern Mediterranean (WHO),,2013,17067388,40469440,35115570,160546300,409032670
Eastern Mediterranean (WHO),,2014,16164148,39076076,36374024,162825810,421301500
Eastern Mediterranean (WHO),,2015,14817884,36745496,36221544,167019340,434206300
Eastern Mediterranean (WHO),,2016,13803020,35145636,37490940,168363740,446831200
Eastern Mediterranean (WHO),,2017,12784540,33468804,38825460,169925940,459376130
Eastern Mediterranean (WHO),,2018,11721893,31703850,39853696,172131410,472433100
Eastern Mediterranean (WHO),,2019,10613268,29902146,41267704,174148600,485507300
Eastern Mediterranean (WHO),,2020,9500921,28117014,42672444,176201090,497655680
Eastern Mediterranean (WHO),,2021,8580549,26232228,44115756,178066530,509546800
Eastern Mediterranean (WHO),,2022,7809066,25428636,45244064,179966740,521470940
Eastern and South-Eastern Asia (SDG),,2000,65082220,315799680,18678188,249456770,1368369700
Eastern and South-Eastern Asia (SDG),,2001,63923828,311352160,18638812,250446980,1390150800
Eastern and South-Eastern Asia (SDG),,2002,61633250,288863460,19054400,254519180,1427869400
Eastern and South-Eastern Asia (SDG),,2003,60341136,273029540,19572436,260311470,1454825100
Eastern and South-Eastern Asia (SDG),,2004,59004860,257370060,20089400,266073120,1481460900
Eastern and South-Eastern Asia (SDG),,2005,55795896,243823630,20610364,271643680,1508041900
Eastern and South-Eastern Asia (SDG),,2006,52646510,230595120,21141984,277244800,1534410600
Eastern and South-Eastern Asia (SDG),,2007,49469004,217678980,21657418,282822100,1560898400
Eastern and South-Eastern Asia (SDG),,2008,47239630,204034830,22145608,288452380,1587305900
Eastern and South-Eastern Asia (SDG),,2009,44080460,191584820,22609706,294069380,1613726300
Eastern and South-Eastern Asia (SDG),,2010,40967896,179363100,23059750,299691400,1639967600
Eastern and South-Eastern Asia (SDG),,2011,37923840,167514460,23489632,422852500,1548173400
Eastern and South-Eastern Asia (SDG),,2012,34937188,155992560,23903366,423759330,1578999800
Eastern and South-Eastern Asia (SDG),,2013,31845666,144824910,24288754,424269600,1609973400
Eastern and South-Eastern Asia (SDG),,2014,28953178,133660270,24636014,424300350,1640586900
Eastern and South-Eastern Asia (SDG),,2015,26092080,122692984,24944794,423890940,1670734200
Eastern and South-Eastern Asia (SDG),,2016,23269212,111959700,25198152,423120930,1700478000
Eastern and South-Eastern Asia (SDG),,2017,20488566,101538136,25433684,421929860,1730136700
Eastern and South-Eastern Asia (SDG),,2018,17702048,91465460,25247064,420508060,1758124300
Eastern and South-Eastern Asia (SDG),,2019,14991632,81413770,25177788,418538980,1784159900
Eastern and South-Eastern Asia (SDG),,2020,13021798,71189470,25205446,416112220,1807815000
Eastern and South-Eastern Asia (SDG),,2021,12301719,60024310,21555780,417349400,1828261900
Eastern and South-Eastern Asia (SDG),,2022,11723311,49483828,15758958,426897920,1840461000
Ecuador,ECU,2000,1019049.25,1097972.2,116939.48,3043534,7349012
Ecuador,ECU,2001,1024128.8,1034974.25,119526.29,3119117.8,7547774
Ecuador,ECU,2002,1033897.1,970107.56,115351.34,3204752.8,7746500.5
Ecuador,ECU,2003,1005459.44,944533.2,111029.45,3293474.5,7946687
Ecuador,ECU,2004,976025.8,917410.1,106397.1,3384032.5,8150727.5
Ecuador,ECU,2005,945555.56,888647.4,101440.28,3476245.5,8358123
Ecuador,ECU,2006,914153.25,858313.75,96162.31,3570541.8,8569889
Ecuador,ECU,2007,881762.6,826358.25,90551.555,3666957.5,8786205
Ecuador,ECU,2008,848323.8,792653.8,84590.45,3765135.2,9006093
Ecuador,ECU,2009,813769.94,757107.5,78264.484,3864781.5,9228842
Ecuador,ECU,2010,778082.7,719682.8,71565.56,3965853.8,9454399
Ecuador,ECU,2011,741951.9,680625.3,64517.69,4068806.8,9681826
Ecuador,ECU,2012,704962.1,639779.56,57089.637,4172707.2,9909344
Ecuador,ECU,2013,666452.6,596808.4,49242.88,4275951,10134535
Ecuador,ECU,2014,626637.1,551885.4,40992.426,4379306.5,10359172
Ecuador,ECU,2015,585788.8,505241.4,32352.967,4484662.5,10587856
Ecuador,ECU,2016,544022.44,456939.94,23320.035,4592867.5,10822436
Ecuador,ECU,2017,487844.16,444924.22,16763.818,4697178,11050234
Ecuador,ECU,2018,446439.78,450166.88,11644.729,4809916,11297504
Ecuador,ECU,2019,403609.66,455368.84,6261.7363,4925859,11552640
Ecuador,ECU,2020,357452.94,458092.22,607.06396,5018572,11753872
Ecuador,ECU,2021,309607.97,459610.28,0,5096043,11932475
Ecuador,ECU,2022,311307.56,462133.62,0,5150775.5,12076783
Egypt,EGY,2000,32458.105,754906.9,466722.9,,
Egypt,EGY,2001,31969.836,767465.1,458292.03,,
Egypt,EGY,2002,31460.12,780515.3,449480.4,,
Egypt,EGY,2003,30915.564,793764.3,440093.06,,
Egypt,EGY,2004,30319.021,806790.2,429883.88,,
Egypt,EGY,2005,29672.69,819637.1,418884,,
Egypt,EGY,2006,28979.754,832394,407137.88,,
Egypt,EGY,2007,28271.453,845744.3,394983.88,,
Egypt,EGY,2008,27537.754,859558.5,382319.56,,
Egypt,EGY,2009,26761.957,873554.3,368971.1,,
Egypt,EGY,2010,25962.81,888403.06,355187.3,,
Egypt,EGY,2011,25163.521,905102.56,341276.97,,
Egypt,EGY,2012,24341.93,922874.7,326848.66,,
Egypt,EGY,2013,23479.04,941460.44,311709.75,,
Egypt,EGY,2014,22566.188,960654.4,295730.56,,
Egypt,EGY,2015,21563.941,978845.25,278393.03,,
Egypt,EGY,2016,20478.008,996152.7,259783.44,,
Egypt,EGY,2017,19306.984,1012542.9,239933.44,,
Egypt,EGY,2018,18055.234,1028050.9,244566.48,,
Egypt,EGY,2019,16723.773,1042490.1,248962.86,,
Egypt,EGY,2020,15324.156,1056298.9,253218.16,,
Egypt,EGY,2021,15561.692,1073391.5,257256.62,,
Egypt,EGY,2022,15782.5205,1089602.8,261060.53,,
El Salvador,SLV,2000,344682,532971.9,395314.62,,
El Salvador,SLV,2001,342236.12,530882.25,394219.2,,
El Salvador,SLV,2002,329469.88,498324.9,372745.25,,
El Salvador,SLV,2003,316468.47,465483.78,350143.94,,
El Salvador,SLV,2004,303312.78,432534.34,326563.53,,
El Salvador,SLV,2005,290081.7,399625.2,302136.53,,
El Salvador,SLV,2006,276847.34,366906.88,277006.4,,
El Salvador,SLV,2007,264147,335215.2,251843.52,,
El Salvador,SLV,2008,250357.19,303077.62,225590.28,,
El Salvador,SLV,2009,236903.2,271601.6,199027.23,,
El Salvador,SLV,2010,223800.48,240811.8,172213.78,,
El Salvador,SLV,2011,211068.11,210727.02,145204.67,,
El Salvador,SLV,2012,198717.33,181349.08,118039.125,,
El Salvador,SLV,2013,186745.28,152662.08,90744.47,,
El Salvador,SLV,2014,175111.44,124628.984,63334.992,,
El Salvador,SLV,2015,163771.27,97222.375,35840.727,,
El Salvador,SLV,2016,152796.52,70482.99,13772.578,,
El Salvador,SLV,2017,142166.4,44400.066,13652.325,,
El Salvador,SLV,2018,131812.75,18969.846,13518.788,,
El Salvador,SLV,2019,121268.07,2307.7017,13311.096,,
El Salvador,SLV,2020,110876.63,0.28710938,13057.848,,
El Salvador,SLV,2021,101174.96,0.25195312,12829.067,,
El Salvador,SLV,2022,76534.71,0,12608.284,,
Equatorial Guinea,GNQ,2000,216009.8,103124.59,15832.061,,
Equatorial Guinea,GNQ,2001,210157.36,119731.46,16868.062,,
Equatorial Guinea,GNQ,2002,203335.97,136591.31,17960.645,,
Equatorial Guinea,GNQ,2003,195640.9,153625.6,19116.4,,
Equatorial Guinea,GNQ,2004,187182.62,170815.6,20348.178,,
Equatorial Guinea,GNQ,2005,178114.45,188200.02,21673.219,,
Equatorial Guinea,GNQ,2006,168509.17,205851.67,23112.438,,
Equatorial Guinea,GNQ,2007,158384.53,223799.98,24680.537,,
Equatorial Guinea,GNQ,2008,147676.33,241997.83,26384.957,,
Equatorial Guinea,GNQ,2009,136308.8,260331.92,28225.139,,
Equatorial Guinea,GNQ,2010,124174.23,278609.25,30195.31,,
Equatorial Guinea,GNQ,2011,110973.375,295990.84,32218.684,,
Equatorial Guinea,GNQ,2012,96807.195,312294.03,34288.125,,
Equatorial Guinea,GNQ,2013,84411.24,331283.47,36210.223,,
Equatorial Guinea,GNQ,2014,86402.83,342957.2,37858.168,,
Equatorial Guinea,GNQ,2015,88329.98,354641.88,39532.766,,
Equatorial Guinea,GNQ,2016,90182.98,366256.9,41221.11,,
Equatorial Guinea,GNQ,2017,91951.93,377727.38,42911.52,,
Eritrea,ERI,2000,84510.75,665283.6,522877.56,,
Eritrea,ERI,2001,120272.28,652220.9,529363.4,,
Eritrea,ERI,2002,158051.83,641995,538855.7,,
Eritrea,ERI,2003,198688.5,635010.7,552027.8,,
Eritrea,ERI,2004,241373.64,626790.56,565258.25,,
Eritrea,ERI,2005,281639.47,607657.56,569486.44,,
Eritrea,ERI,2006,320208.56,583414.8,569270.9,,
Eritrea,ERI,2007,358499.7,558292.06,568327.7,,
Eritrea,ERI,2008,401121.2,538823.5,573504,,
Eritrea,ERI,2009,446741.56,520792.66,580259.2,,
Eritrea,ERI,2010,491178.4,499386.97,584010.2,,
Eritrea,ERI,2011,535606.75,476602.7,586747.3,,
Eritrea,ERI,2012,577927.4,451103.5,586560.44,,
Eritrea,ERI,2013,580282.25,453759.97,590897.56,,
Eritrea,ERI,2014,579542.56,454019.78,592138.7,,
Eritrea,ERI,2015,576858.25,452774.62,591436,,
Eritrea,ERI,2016,575561.06,452636.06,592198.1,,
Estonia,EST,2000,0,36847.445,0,79346.47,1280683
Estonia,EST,2001,0,34378.234,0,76539.36,1277077.4
Estonia,EST,2002,0,31925.412,0,73727.49,1273587.1
Estonia,EST,2003,0,29490.434,0,70914.73,1270254.9
Estonia,EST,2004,0,27076.314,0,68110.2,1267293.5
Estonia,EST,2005,0,24680.707,0,65310.43,1264670.9
Estonia,EST,2006,0,22294.273,0,62492.133,1261922.5
Estonia,EST,2007,0,19946.447,0,59742.086,1260885.5
Estonia,EST,2008,0,17638.271,0,57082.715,1262290
Estonia,EST,2009,0,15339.9,0,54439.742,1264772.4
Estonia,EST,2010,0,13029.85,0,51743.242,1266762
Estonia,EST,2011,0,10706.412,0,48975.684,1267746.8
Estonia,EST,2012,0,8357.191,0,46039.43,1268285.4
Estonia,EST,2013,0,6012.743,0,42990.59,1268978.8
Estonia,EST,2014,0,3705.2913,0,39997.184,1270823.5
Estonia,EST,2015,0,1430.5167,0,40032.496,1273194
Estonia,EST,2016,0,1115.3896,0,39968.57,1274842.1
Estonia,EST,2017,0,801.7506,0,39909.88,1276837.4
Estonia,EST,2018,0,487.08755,0,39934.273,1281726.5
Estonia,EST,2019,0,168.70236,0,39960.816,1286909.5
Estonia,EST,2020,0,0.030273438,0,39904.715,1289539.2
Estonia,EST,2021,0,0.011230469,0,39745.9,1288955.2
Estonia,EST,2022,0,0,0,39524.832,1286537.2
Eswatini,SWZ,2000,273951.66,157052.55,49097.992,,
Eswatini,SWZ,2001,269092.22,155259.39,52008.977,,
Eswatini,SWZ,2002,263673.97,153171.42,54969.5,,
Eswatini,SWZ,2003,257744.97,150812.23,57974.723,,
Eswatini,SWZ,2004,251437.67,148254.55,61040.457,,
Eswatini,SWZ,2005,244806.75,145528.7,64169.797,,
Eswatini,SWZ,2006,238002.84,142721.31,67394.73,,
Eswatini,SWZ,2007,231064.14,139868.5,70727.23,,
Eswatini,SWZ,2008,223216.95,136564.33,73919.586,,
Eswatini,SWZ,2009,215138.52,133120.2,77130.66,,
Eswatini,SWZ,2010,207013.25,129647.5,80416.81,,
Eswatini,SWZ,2011,198910.94,126190.56,83807.34,,
Eswatini,SWZ,2012,191012.52,122851.09,87392.914,,
Eswatini,SWZ,2013,183169.86,119557.6,91131.55,,
Eswatini,SWZ,2014,175345.84,116289.1,95020.516,,
Eswatini,SWZ,2015,167501.3,113022.734,99052.37,,
Eswatini,SWZ,2016,159610.25,109744.555,103222.836,,
Eswatini,SWZ,2017,151632.89,106428.26,105754.984,,
Eswatini,SWZ,2018,143549.92,103060.664,108311.055,,
Eswatini,SWZ,2019,135356.73,99638.26,110888.4,,
Eswatini,SWZ,2020,127236.61,96299.3,113651.21,,
Eswatini,SWZ,2021,119019.8,92924.01,116481.03,,
Eswatini,SWZ,2022,110437.484,89298.19,119101.016,,
Ethiopia,ETH,2000,21376106,28563898,4568766,9142112,3380984.2
Ethiopia,ETH,2001,21119110,28570138,5365745.5,10217912,3746026.5
Ethiopia,ETH,2002,20833096,28556714,6209824,11498150,3975435.5
Ethiopia,ETH,2003,20509176,28512194,7100470.5,12820616,4226379
Ethiopia,ETH,2004,20144602,28433252,8038590,14184534,4500045.5
Ethiopia,ETH,2005,19738352,28318884,9025431,15589600,4797671.5
Ethiopia,ETH,2006,19292918,28173224,10064183,17038932,5121789
Ethiopia,ETH,2007,18811134,28001218,11160835,18542692,5480311
Ethiopia,ETH,2008,18254690,27745116,12311860,20124544,5920889.5
Ethiopia,ETH,2009,17652120,27447116,13514241,21746766,6395341.5
Ethiopia,ETH,2010,17011090,27119626,14776262,23421184,6909625.5
Ethiopia,ETH,2011,16332189,26764914,16102461,25152050,7466316
Ethiopia,ETH,2012,15604932,26367020,17486834,26928000,8064497
Ethiopia,ETH,2013,14823084,25915788,18921192,28729570,8694736
Ethiopia,ETH,2014,13988821,25414432,20410228,30566580,9366705
Ethiopia,ETH,2015,13106538,24871076,21961424,32448076,10084787
Ethiopia,ETH,2016,12178754,24291736,23583336,34384730,10854676
Ethiopia,ETH,2017,11202028,23671562,25275276,36372420,11676667
Ethiopia,ETH,2018,10169017,22996000,27024728,38391980,12547709
Ethiopia,ETH,2019,9082701,22271510,28839862,40453384,13473137
Ethiopia,ETH,2020,7943731.5,21500856,30726678,42562740,14456910
Ethiopia,ETH,2021,6747436.5,20672236,32670640,44698430,15494273
Ethiopia,ETH,2022,5493850,19783540,34545880,47223744,16332908
Europe (WHO),,2000,7200745,14695814,6667457.5,89596184,750645000
Europe (WHO),,2001,7069291,14468620,6621437,89037280,753164200
Europe (WHO),,2002,6911964,13995706,6593667.5,88196890,756382800
Europe (WHO),,2003,6747658.5,13518587,6579911.5,87323810,760083000
Europe (WHO),,2004,6578700.5,13049830,6812296,84675160,765657150
Europe (WHO),,2005,6230653.5,12072712,6748182,78455700,775882700
Europe (WHO),,2006,6054225.5,11641729,6927386,75777680,782388200
Europe (WHO),,2007,5875850,11207339,7084389.5,73096520,788945150
Europe (WHO),,2008,4615614.5,11815421,7271195,70231180,796071940
Europe (WHO),,2009,4465238,11362972,7421519,67656770,802807900
Europe (WHO),,2010,4310388.5,11190785,7575714,65062790,809125950
Europe (WHO),,2011,4154716.8,11020804,7730769.5,62505388,815383940
Europe (WHO),,2012,3998963.2,10863911,7889919.5,60242984,821490800
Europe (WHO),,2013,3835783,10723103,7916765,58196976,827531970
Europe (WHO),,2014,3669994.8,10599307,8070025.5,57202310,832566800
Europe (WHO),,2015,3499005.2,10479913,7988316.5,56510200,837666100
Europe (WHO),,2016,3320041,10362048,7944594,55908580,842605630
Europe (WHO),,2017,3131665.8,10239105,7888510.5,55252244,847202300
Europe (WHO),,2018,2953243,10136925,7804294,54789388,851008260
Europe (WHO),,2019,2797844.5,10036693,7695936.5,54314210,854717060
Europe (WHO),,2020,2728040.2,9956843,7581844,53997496,857349000
Europe (WHO),,2021,2738160.8,9978770,7444423,53870790,858495000
Europe (WHO),,2022,3290097,9639427,7176692,55002164,857673500
Europe and Northern America (SDG),,2000,1394649.1,10911295,2668568.8,68944140,953653600
Europe and Northern America (SDG),,2001,1387199.1,10809542,2655097.2,68648296,957356540
Europe and Northern America (SDG),,2002,1381267.5,10579607,2653127.5,68434900,961061400
Europe and Northern America (SDG),,2003,1373964,10345699,2669005.8,68225290,965045570
Europe and Northern America (SDG),,2004,1366645.9,10118310,2932562.5,65783324,971333440
Europe and Northern America (SDG),,2005,1189104.9,10405603,2902897.2,63175164,977853700
Europe and Northern America (SDG),,2006,1184034.9,10209576,3116212.8,63242180,982547000
Europe and Northern America (SDG),,2007,1181118.6,10012819,3309187.5,54940924,995717440
Europe and Northern America (SDG),,2008,97943.84,10860225,3533524.8,52433636,1003412300
Europe and Northern America (SDG),,2009,127388.195,10644462,3711101.5,50182584,1010515840
Europe and Northern America (SDG),,2010,156920.52,10457929,3882995.5,47731148,1017370400
Europe and Northern America (SDG),,2011,186523.33,10271865,4054394.2,45290916,1024154750
Europe and Northern America (SDG),,2012,216469.25,10099394,4228062.5,43057800,1030804800
Europe and Northern America (SDG),,2013,243453.36,9935675,4270434.5,41060590,1037102600
Europe and Northern America (SDG),,2014,273561.44,9771289,4439337.5,40394452,1041760600
Europe and Northern America (SDG),,2015,305135.03,9612895,4386689.5,40147732,1046198500
Europe and Northern America (SDG),,2016,336899.56,9459263,4335468.5,39926736,1050794500
Europe and Northern America (SDG),,2017,368362.56,9304346,4282062.5,39707068,1055361340
Europe and Northern America (SDG),,2018,393856.3,9147993,4223595,39461310,1059555840
Europe and Northern America (SDG),,2019,424517.75,8994008,4166358.2,39194252,1063522100
Europe and Northern America (SDG),,2020,454287.25,8828278,4080728.5,39059684,1065917250
Europe and Northern America (SDG),,2021,482673.78,8663471,3971789.5,51565460,1053934600
Europe and Northern America (SDG),,2022,396077.12,8475233,3754325.5,50764250,1055202750
Falkland Islands,FLK,2012,0,176.0388,0,,
Falkland Islands,FLK,2013,0,175.96933,0,,
Falkland Islands,FLK,2014,0,176.22131,0,,
Falkland Islands,FLK,2015,0,176.53438,0,,
Falkland Islands,FLK,2016,0,178.06952,0,,
Falkland Islands,FLK,2017,0,179.0098,0,,
Falkland Islands,FLK,2018,0,178.32039,0,,
Falkland Islands,FLK,2019,0,177.43988,0,,
Falkland Islands,FLK,2020,0,175.7745,0,,
Faroe Islands,FRO,2000,0,0,0,,
Faroe Islands,FRO,2001,0,0,0,,
Faroe Islands,FRO,2002,0,0,0,,
Faroe Islands,FRO,2003,0,0,0,,
Faroe Islands,FRO,2004,0,0,0,,
Faroe Islands,FRO,2005,0,0,0,,
Faroe Islands,FRO,2006,0,0,0,,
Faroe Islands,FRO,2007,0,0,0,,
Faroe Islands,FRO,2008,0,0,0,,
Faroe Islands,FRO,2009,0,0,0,,
Faroe Islands,FRO,2010,0,0,0,,
Faroe Islands,FRO,2011,0,0,0,,
Faroe Islands,FRO,2012,0,0,0,,
Faroe Islands,FRO,2013,0,0,0,,
Faroe Islands,FRO,2014,0,0,0,,
Faroe Islands,FRO,2015,0,0,0,,
Faroe Islands,FRO,2016,0,0,0,,
Faroe Islands,FRO,2017,0,0,0,,
Faroe Islands,FRO,2018,0,0,0,,
Faroe Islands,FRO,2019,0,0,0,,
Faroe Islands,FRO,2020,0,0,0,,
Faroe Islands,FRO,2021,0,0,0,,
Faroe Islands,FRO,2022,0,0,0,,
Fiji,FJI,2000,19614.244,16498.666,7034.5083,462742.9,326618.7
Fiji,FJI,2001,19686.34,16611.863,7079.6074,467034.66,330907.56
Fiji,FJI,2002,19750.018,16719.074,7122.0796,471180.66,335119.16
Fiji,FJI,2003,19755.318,16919.559,7161.375,475181.25,339288.53
Fiji,FJI,2004,19756.16,17117.227,7199.781,479153.78,343467.03
Fiji,FJI,2005,19750.662,17309.877,7236.4434,483030.3,347595.7
Fiji,FJI,2006,19739.88,17498.729,7271.889,486856.2,351716.34
Fiji,FJI,2007,19712.584,17673.336,7301.892,490343.5,355616.7
Fiji,FJI,2008,19614.549,17797.904,7311.6333,492849.1,359157.78
Fiji,FJI,2009,19474.287,17885.998,7307.4204,494522.4,362192.88
Fiji,FJI,2010,19313.02,17952.879,7295.747,495712.8,364894.56
Fiji,FJI,2011,19137.783,18004.135,7279.0264,496571.56,367362.5
Fiji,FJI,2012,18950.79,18041.707,7258.1255,497161.6,369646.78
Fiji,FJI,2013,18757.434,18069.82,7234.7925,497584.6,371806.34
Fiji,FJI,2014,18557.332,18088.332,7209.0146,497849.06,373856.28
Fiji,FJI,2015,18347.107,18093.65,7179.4204,497858.1,375721.75
Fiji,FJI,2016,18127.469,18086.02,7146.142,497613.6,377397.75
Fiji,FJI,2017,17898.11,18064.613,7108.907,497089.53,378857.84
Fiji,FJI,2018,17656.232,18026.377,7066.5703,496205.66,380041.12
Fiji,FJI,2019,17406.564,17975.37,7020.713,495056.78,381005.62
Fiji,FJI,2020,17205.873,17970.342,6994.2495,495257.97,382993.56
Fiji,FJI,2021,17047.129,18005.791,6984.8237,496662.66,385909.62
Fiji,FJI,2022,16905.674,18056.828,6982.658,498587.44,389233.34
Finland,FIN,2000,0,0,0,320390.25,4855819
Finland,FIN,2001,0,0,0,300520.4,4887482
Finland,FIN,2002,0,0,0,280599.94,4919996.5
Finland,FIN,2003,0,0,0,260569.28,4952419.5
Finland,FIN,2004,0,0,0,240567.36,4987573.5
Finland,FIN,2005,0,0,0,220561.94,5025509
Finland,FIN,2006,0,0,0,200499.81,5065751
Finland,FIN,2007,0,0,0,180354.27,5108335
Finland,FIN,2008,0,0.08544922,0,160097.8,5153252.5
Finland,FIN,2009,0,0,0,139666.33,5199148.5
Finland,FIN,2010,0,0.12597656,0,119010.25,5244261
Finland,FIN,2011,0,0.04541016,0,98167.945,5289998
Finland,FIN,2012,0,0,0,77139.13,5336720
Finland,FIN,2013,0,0,0,55899.59,5382972.5
Finland,FIN,2014,0,0,0,34445.82,5426994.5
Finland,FIN,2015,0,0,0,20239.701,5459221
Finland,FIN,2016,0,0.18896484,0,20229.275,5474990
Finland,FIN,2017,0,0,0,20207.79,5487932.5
Finland,FIN,2018,0,0.12353516,0,20156.248,5495304.5
Finland,FIN,2019,0,0,0,20090.004,5501447.5
Finland,FIN,2020,0,0,0,20020.8,5509447
Finland,FIN,2021,0,0,0,19934.98,5516057
Finland,FIN,2022,0,0,0,19834.37,5520910.5
France,FRA,2000,0,0.85156256,0,1551185.9,57114268
France,FRA,2001,0,0,0,1562499.9,57452270
France,FRA,2002,0,1.8203125,0,1574047.2,57798736
France,FRA,2003,0,0.28125,0,1585542.9,58142720
France,FRA,2004,0,0,0,1523042.9,58585390
France,FRA,2005,0,0,0,1459628,59050452
France,FRA,2006,0,0,0,1394919.5,59524228
France,FRA,2007,0,0,0,1328732.2,60000644
France,FRA,2008,0,0,0,1260677.6,60460330
France,FRA,2009,0,0,0,1190789.9,60902510
France,FRA,2010,0,1.5703124,0,1119098.9,61325464
France,FRA,2011,0,0.421875,0,1045671.3,61729596
France,FRA,2012,0,0.9609375,0,970358.7,62101052
France,FRA,2013,0,0,0,893308.5,62441868
France,FRA,2014,0,1.7421876,0,814918.6,62773572
France,FRA,2015,0,0,0,734962.1,63074810
France,FRA,2016,0,1.6171875,0,653463.75,63335852
France,FRA,2017,0,0,0,570723.44,63573360
France,FRA,2018,0,0.3828125,0,486867.4,63790940
France,FRA,2019,0,0,0,402023.25,63997736
France,FRA,2020,0,1.2421875,0,316092.06,64163960
France,FRA,2021,0,0,0,229276.08,64302172
France,FRA,2022,0,0,0,191200.84,64435428
French Guiana,GUF,2001,0,12411.225,0,6260.059,152726.72
French Guiana,GUF,2002,0,12942.147,0,6527.8496,159260
French Guiana,GUF,2003,0,13483.57,0,6800.936,165922.5
French Guiana,GUF,2004,0,14025.717,0,7074.3877,172593.89
French Guiana,GUF,2005,0,14573.512,0,7350.688,179334.81
French Guiana,GUF,2006,0,14844.283,0,7492.5747,185532.14
French Guiana,GUF,2007,0,15019.1,0,7586.102,190698.8
French Guiana,GUF,2008,0,15167.639,0,7666.381,195682.97
French Guiana,GUF,2009,0,15291.657,0,7734.2656,200498.08
French Guiana,GUF,2010,0,15400.403,0,7794.406,205258.19
French Guiana,GUF,2011,0,15515.8955,0,7857.929,210258.19
French Guiana,GUF,2012,0,15649.286,0,7930.489,215663.22
French Guiana,GUF,2013,0,15804.691,0,8014.1797,221551.11
French Guiana,GUF,2014,0,15939.8545,0,8087.5737,227343.56
French Guiana,GUF,2015,0,16041.42,0,8143.863,232840.73
French Guiana,GUF,2016,0,16139.78,0,8198.445,238474.75
French Guiana,GUF,2017,0,16272.058,0,8270.18,244810.77
French Guiana,GUF,2018,0,16436.053,0,8357.961,251853
French Guiana,GUF,2019,0,16593.11,0,8442.138,259036.75
French Guiana,GUF,2020,0,16705.004,0,8503.232,265760.78
French Guiana,GUF,2021,0,16779.58,0,8545.195,272124.22
French Guiana,GUF,2022,0,17180.555,0,8749.396,278627.03
French Polynesia,PYF,2000,0,0.39351693,0,20001.47,230925.12
French Polynesia,PYF,2001,0,0.29522428,0,20330.047,234718.64
French Polynesia,PYF,2002,0,0.19352013,0,20655.91,238480.89
French Polynesia,PYF,2003,0,0.08844038,0,20977.63,242195.28
French Polynesia,PYF,2004,0,0,0,21293.21,245838.77
French Polynesia,PYF,2005,0,0,0,21606.312,249453.67
French Polynesia,PYF,2006,0,0,0,21912.482,252988.52
French Polynesia,PYF,2007,0,0,0,22173.693,256004.31
French Polynesia,PYF,2008,0,0,0,22363.404,258194.6
French Polynesia,PYF,2009,0,0,0,22500.902,259782.08
French Polynesia,PYF,2010,0,0,0,22620.867,261167.11
French Polynesia,PYF,2011,0,0,0,25167.086,260097.94
French Polynesia,PYF,2012,0,0,0,27723.164,258860.84
French Polynesia,PYF,2013,0,0,0,30315.28,257716.73
French Polynesia,PYF,2014,0,0,0,32976.754,256896.23
French Polynesia,PYF,2015,0,0,0,35678.504,256108.48
French Polynesia,PYF,2016,0,0,0,38391.91,255149.06
French Polynesia,PYF,2017,0,0,0,41156.777,254293.23
French Polynesia,PYF,2018,0,0,0,43990.652,253615.33
French Polynesia,PYF,2019,0,0,0,46854.207,252862.8
French Polynesia,PYF,2020,0,0,0,49768.87,252151.14
French Polynesia,PYF,2021,0,0,0,52705.266,251326.75
French Polynesia,PYF,2022,0,0,0,55702.164,250576.84
Gabon,GAB,2000,143503.81,57827.008,48121.63,,
Gabon,GAB,2001,138829.47,58745.957,53153.2,,
Gabon,GAB,2002,134185.48,59682.395,58458.4,,
Gabon,GAB,2003,129579.875,60642.234,64055.16,,
Gabon,GAB,2004,125037.05,61642.117,69976.38,,
Gabon,GAB,2005,120587.25,62703.984,76265.62,,
Gabon,GAB,2006,116227.42,63838.926,82965.7,,
Gabon,GAB,2007,111942.73,65050.418,90108.23,,
Gabon,GAB,2008,107688.91,66327.55,97712.234,,
Gabon,GAB,2009,103481.55,67688.7,105828.766,,
Gabon,GAB,2010,99315.55,69150.37,114527.72,,
Gabon,GAB,2011,95153.555,70703.42,123831.65,,
Gabon,GAB,2012,90906.93,72298.93,133697.48,,
Gabon,GAB,2013,86508.72,73883.31,144037.3,,
Gabon,GAB,2014,81905,75390.88,154693.72,,
Gabon,GAB,2015,77048.9,76753.16,159832.33,,
Gabon,GAB,2016,71941.875,77938.09,164661.56,,
Gabon,GAB,2017,66635.164,78962.414,169203.12,,
Gabon,GAB,2018,61208.863,79887.35,173572.78,,
Gabon,GAB,2019,55718.05,80764.09,177866.11,,
Gabon,GAB,2020,50163.258,81591.36,182084.75,,
Gabon,GAB,2021,44551.395,82368.22,186214.72,,
Gabon,GAB,2022,38895.48,83111.5,190287.64,,
Gambia,GMB,2000,1147.9342,245058.1,154758.22,723636.8,312937.84
Gambia,GMB,2001,1139.4379,245049.58,156545.19,735738.8,340976
Gambia,GMB,2002,1131.5388,244892.66,158183.5,747325.06,370690.3
Gambia,GMB,2003,1125.3181,244718.6,159738.38,758672,402002.7
Gambia,GMB,2004,1123.0265,244819.72,161378.53,770493.6,434410.1
Gambia,GMB,2005,1122.2783,244945.27,162983.27,782361.8,468955.34
Gambia,GMB,2006,1123.5159,245163.22,164592.4,794482.44,505932.38
Gambia,GMB,2007,1126.6877,245431.02,166171.78,806708,545445.5
Gambia,GMB,2008,1131.4642,245643.28,167642.62,818672.6,587451.94
Gambia,GMB,2009,1137.9042,245772.47,168977.06,830248.4,631983.25
Gambia,GMB,2010,1145.8844,245757.3,170122.3,841189.7,679059.8
Gambia,GMB,2011,1155.6875,245618.34,171081.53,851519.6,728836.8
Gambia,GMB,2012,1167.488,245352.12,171839.8,861177.06,781477.44
Gambia,GMB,2013,1181.0267,244863.67,172320.33,869781.25,836722.6
Gambia,GMB,2014,1196.0654,244069.36,172452.08,876975.25,894326.2
Gambia,GMB,2015,1212.6177,242942.75,172204.14,882598.44,954175.06
Gambia,GMB,2016,1230.8699,241497.34,171575.52,886638.94,1016263.44
Gambia,GMB,2017,1250.9639,239736.27,170555.98,906172.94,1063465.6
Gambia,GMB,2018,1272.9913,237657.55,169134.22,929767.25,1107084
Gambia,GMB,2019,1297.3569,235317.56,167339.81,953541.4,1151386.9
Gambia,GMB,2020,1324.6766,232805.17,165225.95,977852.56,1196786.9
Gambia,GMB,2021,1354.9059,230089.7,162762.39,1002594.06,1243115
Gambia,GMB,2022,1387.854,227115.17,159898.47,1027518.25,1290072.2
Georgia,GEO,2000,6300.368,225700.03,0,1298488.5,2734682.8
Georgia,GEO,2001,6152.3823,214916.42,0,1268340.2,2655071.8
Georgia,GEO,2002,6028.7515,205290.25,0,1244710.5,2605098.2
Georgia,GEO,2003,5922.3105,196733.73,0,1227702,2587467
Georgia,GEO,2004,5540.4307,189352.19,0,1215119.5,2578848
Georgia,GEO,2005,5170.24,182171.73,0,1202959.9,2570880
Georgia,GEO,2006,4810.0635,175140.94,0,1190924.8,2562991.2
Georgia,GEO,2007,4459.197,168238.34,0,1178879.1,2554893.5
Georgia,GEO,2008,4118.3955,161495.47,0,1167052.8,2547031.5
Georgia,GEO,2009,3789.0088,154974.36,10998.782,1144940,2540497.8
Georgia,GEO,2010,3473.805,148810.92,33140.46,1113527.2,2537878.5
Georgia,GEO,2011,3168.9294,142871.66,54909.27,1083455.9,2537256.2
Georgia,GEO,2012,2869.4885,136947.84,76253.08,1053168.5,2535117.2
Georgia,GEO,2013,2576.7615,131090.52,97167.96,1023036.25,2532151.5
Georgia,GEO,2014,2295.379,125550.266,117871.766,995045.8,2533472
Georgia,GEO,2015,2025.0657,120370.49,123359.97,984826.9,2540549.5
Georgia,GEO,2016,1761.0018,115324.516,119637.55,984565.4,2549821.5
Georgia,GEO,2017,1501.8712,110340.92,115931.34,984408.94,2559717
Georgia,GEO,2018,1247.1661,105381.28,112200.03,984022,2569474.5
Georgia,GEO,2019,996.69055,100408.07,108402.15,983006.3,2577997.8
Georgia,GEO,2020,750.6357,95391.62,104501.77,980971.3,2584296.5
Georgia,GEO,2021,509.82712,90358.125,103599.4,974961.2,2588551.8
Georgia,GEO,2022,274.712,85258.484,102527.21,967387.5,2588937.2
Germany,DEU,2000,0,0,0,128118.23,81423570
Germany,DEU,2001,0,0,0,128057.766,81386510
Germany,DEU,2002,0,1.2187501,0,127943.86,81315490
Germany,DEU,2003,0,0,0,127789.03,81219020
Germany,DEU,2004,0,1.125,0,122428.03,81144240
Germany,DEU,2005,0,0,0,117084.12,81095090
Germany,DEU,2006,0,0,0,111750.22,81066070
Germany,DEU,2007,0,0,0,106446.98,81077384
Germany,DEU,2008,0,1.5312501,0,101149.43,81116340
Germany,DEU,2009,0,0,0,98772.04,81161840
Germany,DEU,2010,0,0.15625001,0,96345.7,81228744
Germany,DEU,2011,0,1.046875,0,93876.68,81329496
Germany,DEU,2012,0,0.546875,0,91562.586,81454000
Germany,DEU,2013,0,1.15625,0,89251.24,81591340
Germany,DEU,2014,0,0,0,86972.54,81771860
Germany,DEU,2015,0,1.390625,0,84718.79,81988504
Germany,DEU,2016,0,0,0,82462.72,82248960
Germany,DEU,2017,0,0.95312506,0,80188.66,82544184
Germany,DEU,2018,0,0,0,77827.086,82818860
Germany,DEU,2019,0,0.375,0,75378.02,83072770
Germany,DEU,2020,0,0,0,72787.69,83256200
Germany,DEU,2021,0,0,0,70027.52,83338530
Germany,DEU,2022,0,1.203125,0,69686.06,83300150
Ghana,GHA,2000,3304972.2,1640899.2,1894084.2,10446751,2378795.8
Ghana,GHA,2001,3258701.8,1622312.4,1969835.5,10852633,2492092.8
Ghana,GHA,2002,3212130,1602900,2007798.9,11179721,2755775.5
Ghana,GHA,2003,3161166.5,1580559.2,2043639.8,11470350,3073798
Ghana,GHA,2004,3105370,1555005.8,2076890.4,11706229,3462949
Ghana,GHA,2005,3046037.2,1526748,2108067,11938371,3877727.5
Ghana,GHA,2006,2982609,1495470,2136704.2,12164803,4319000
Ghana,GHA,2007,2914714.8,1460887.1,2162279.2,12383324,4787116
Ghana,GHA,2008,2842362.5,1422915.9,2184544.5,12593294,5282970
Ghana,GHA,2009,2765585.5,1381443.5,2203168.8,12793618,5806945.5
Ghana,GHA,2010,2683445,1335966.5,2217224.5,12979724,6358358.5
Ghana,GHA,2011,2597051,1286908.8,2227193.5,13155238,6939549
Ghana,GHA,2012,2507827,1234868.6,2234025.8,13326722,7555319.5
Ghana,GHA,2013,2414994.8,1179343.4,2236793,13489692,8204776
Ghana,GHA,2014,2317658.5,1119796.6,2234402.8,13638558,8885941
Ghana,GHA,2015,2215913.2,1056192,2226609.2,13772754,9599472
Ghana,GHA,2016,2110219.5,988656.94,2213544,13894090,10347791
Ghana,GHA,2017,1999043.5,916390.1,2193196.5,13990809,11122822
Ghana,GHA,2018,1882532.1,839424.06,2165175,14060939,11922571
Ghana,GHA,2019,1762452.9,758506.1,2130994.2,14114826,12755510
Ghana,GHA,2020,1639028,673663.44,2090614.4,14153375,13623719
Ghana,GHA,2021,1511792.5,584634.44,2043072.5,14378967,14314563
Ghana,GHA,2022,1363648.5,542970.1,1987425.4,14695748,14886077
Gibraltar,GIB,2000,0,0,0,0,27741
Gibraltar,GIB,2001,0,0,0,0,27721
Gibraltar,GIB,2002,0,0,0,0,27892
Gibraltar,GIB,2003,0,0,0,0,28301
Gibraltar,GIB,2004,0,0,0,0,28716
Gibraltar,GIB,2005,0,0,0,0,29155
Gibraltar,GIB,2006,0,0,0,0,29587
Gibraltar,GIB,2007,0,0,0,0,29996
Gibraltar,GIB,2008,0,0,0,0,30398
Gibraltar,GIB,2009,0,0,0,0,30819
Gibraltar,GIB,2010,0,0,0,0,31262
Gibraltar,GIB,2011,0,0,0,0,31701
Gibraltar,GIB,2012,0,0,0,0,32160
Gibraltar,GIB,2013,0,0,0,0,32411
Gibraltar,GIB,2014,0,0,0,0,32452
Gibraltar,GIB,2015,0,0,0,0,32520
Gibraltar,GIB,2016,0,0,0,0,32564.998
Gibraltar,GIB,2017,0,0,0,0,32602.002
Gibraltar,GIB,2018,0,0,0,0,32647.998
Gibraltar,GIB,2019,0,0,0,0,32685.002
Gibraltar,GIB,2020,0,0,0,0,32709
Gibraltar,GIB,2021,0,0,0,0,32668.998
Gibraltar,GIB,2022,0,0,0,0,32648.998
Greece,GRC,2000,0,34642.035,0,58918.14,10944549
Greece,GRC,2001,0,32093.465,0,54477.457,10985611
Greece,GRC,2002,0,29359.975,0,49718.984,11017538
Greece,GRC,2003,0,26649.445,0,44996.945,11038841
Greece,GRC,2004,0,23970.785,0,40326.258,11050793
Greece,GRC,2005,0,21337.871,0,35731.293,11056379
Greece,GRC,2006,0,18755.379,0,39735.504,11047602
Greece,GRC,2007,0,16221.02,0,45318.29,11029954
Greece,GRC,2008,0,13747.075,0,50873.504,11009002
Greece,GRC,2009,0,11335.758,0,56411.445,10987749
Greece,GRC,2010,0,8984.65,0,61912.934,10962886
Greece,GRC,2011,0,6690.3955,0,67349.43,10930685
Greece,GRC,2012,0,4456.6064,0,72678.54,10886500
Greece,GRC,2013,0,2289.853,0,77910.3,10834305
Greece,GRC,2014,0,192.40474,0,83075.4,10779701
Greece,GRC,2015,0,0,0,88135.305,10718506
Greece,GRC,2016,0,0,0,93131.85,10656610
Greece,GRC,2017,0,0.21679688,0,98065.445,10594162
Greece,GRC,2018,0,0.0039062505,0,102926.22,10530346
Greece,GRC,2019,0,0.07421875,0,107724.15,10466300
Greece,GRC,2020,0,0,0,112434.47,10399798
Greece,GRC,2021,0,0.4980469,0,117025.5,10328340
Greece,GRC,2022,0,0.05273437,0,116348.875,10268622
Greenland,GRL,2000,0,0,0,,
Greenland,GRL,2001,0,0,0,,
Greenland,GRL,2002,0,0,0,,
Greenland,GRL,2003,0,0,0,,
Greenland,GRL,2004,0,0,0,,
Greenland,GRL,2005,0,0,0,,
Greenland,GRL,2006,0,0,0,,
Greenland,GRL,2007,0,0,0,,
Greenland,GRL,2008,0,0,0,,
Greenland,GRL,2009,0,0,0,,
Greenland,GRL,2010,0,0,0,,
Greenland,GRL,2011,0,0,0,,
Greenland,GRL,2012,0,0,0,,
Greenland,GRL,2013,0,0,0,,
Greenland,GRL,2014,0,0,0,,
Greenland,GRL,2015,0,0,0,,
Greenland,GRL,2016,0,0,0,,
Greenland,GRL,2017,0,0,0,,
Greenland,GRL,2018,0,0,0,,
Greenland,GRL,2019,0,0,0,,
Greenland,GRL,2020,0,0,0,,
Greenland,GRL,2021,0,0,0,,
Greenland,GRL,2022,0,0,0,,
Grenada,GRD,2000,0,5972.221,1217.5173,15673.161,84569.1
Grenada,GRD,2001,0,5746.442,1226.2747,15035.406,85927.875
Grenada,GRD,2002,0,5507.657,1232.6802,14359.536,87131.125
Grenada,GRD,2003,0,5277.871,1241.5455,13702.976,88517.61
Grenada,GRD,2004,0,5058.023,1253.4957,13067.724,90136.76
Grenada,GRD,2005,330.762,4502.0986,1265.0536,12413.995,91742.09
Grenada,GRD,2006,739.92,3864.1414,1276.6073,11746.079,93361.25
Grenada,GRD,2007,1154.4916,3217.4358,1288.2368,11064.676,95000.16
Grenada,GRD,2008,1574.6919,2562.224,1300.093,10376.349,96664.64
Grenada,GRD,2009,2000.7323,1898.2512,1312.2002,9692.831,98344.984
Grenada,GRD,2010,2432.8323,1225.2026,1324.5715,8996.709,100059.69
Grenada,GRD,2011,2872.95,543.0661,1338.0238,8292.576,101871.38
Grenada,GRD,2012,3318.5222,3.0885162e-12,1351.1218,7570.4624,103671.9
Grenada,GRD,2013,3753.7803,0,1358.2947,6803.098,105029.83
Grenada,GRD,2014,3786.7456,0,1370.2231,6737.3457,106077.68
Grenada,GRD,2015,3819.101,0,1381.9309,6794.9126,106984.055
Grenada,GRD,2016,3850.7505,0,1393.383,6851.2227,107870.64
Grenada,GRD,2017,3881.4045,0,1404.4752,6905.762,108729.35
Guadeloupe,GLP,2001,0,3631.7979,0,3804.574,413751.6
Guadeloupe,GLP,2002,0,3601.032,0,3772.3442,410246.6
Guadeloupe,GLP,2003,0,3565.032,0,3734.6318,406145.34
Guadeloupe,GLP,2004,0,3523.4705,0,3691.093,401410.44
Guadeloupe,GLP,2005,0,3476.9766,0,3642.3872,396113.62
Guadeloupe,GLP,2006,0,3269.2478,0,3623.2593,394033.5
Guadeloupe,GLP,2007,0,3086.7002,0,3631.1914,394896.12
Guadeloupe,GLP,2008,0,2902.0134,0,3637.2568,395555.75
Guadeloupe,GLP,2009,0,2717.5576,0,3644.2405,396315.2
Guadeloupe,GLP,2010,0,2531.3823,0,3649.5356,396891.06
Guadeloupe,GLP,2011,0,2342.9539,0,3651.8997,397148.16
Guadeloupe,GLP,2012,0,2153.2297,0,3652.18,397178.62
Guadeloupe,GLP,2013,0,1961.3245,0,4957.894,395427.78
Guadeloupe,GLP,2014,0,1766.2137,0,6247.237,392833.53
Guadeloupe,GLP,2015,0,1571.4927,0,7523.1523,389994.34
Guadeloupe,GLP,2016,0,1380.2332,0,8800.373,387673.4
Guadeloupe,GLP,2017,0,1191.3401,0,10080.966,385749.7
Guadeloupe,GLP,2018,0,1003.4089,0,11359.395,383899.2
Guadeloupe,GLP,2019,0,816.1547,0,12633.514,382035.3
Guadeloupe,GLP,2020,0,631.11865,0,13936.65,381074.22
Guadeloupe,GLP,2021,0,446.2193,0,15251.734,380353.03
Guadeloupe,GLP,2022,0,445.88245,0,16533.373,378772.78
Guam,GUM,2000,0,961.12805,0,1014.8339,158212.03
Guam,GUM,2001,0,929.4091,0,1023.55115,159571.03
Guam,GUM,2002,0,895.39703,0,1030.39,160637.22
Guam,GUM,2003,0,859.7319,0,1035.8562,161489.42
Guam,GUM,2004,0,822.6441,0,1040.0378,162141.31
Guam,GUM,2005,0,784.33105,0,1042.9971,162602.67
Guam,GUM,2006,0,744.9897,0,1044.8094,162885.2
Guam,GUM,2007,0,704.85614,0,1045.626,163012.52
Guam,GUM,2008,0,664.1712,0,1045.6433,163015.19
Guam,GUM,2009,0,623.09985,0,1044.9807,162911.92
Guam,GUM,2010,0,583.7637,0,1047.303,163273.92
Guam,GUM,2011,0,545.6478,0,1052.2877,164051.06
Guam,GUM,2012,0,507.1628,0,1057.2686,164827.56
Guam,GUM,2013,0,509.18057,0,1061.475,165483.34
Guam,GUM,2014,0,510.67105,0,1064.5822,165967.75
Guam,GUM,2015,0,511.99692,0,1067.3461,166398.66
Guam,GUM,2016,0,513.1186,0,1069.6843,166763.19
Guam,GUM,2017,0,513.9111,0,1071.3365,167020.75
Guam,GUM,2018,0,514.1305,0,1071.794,167092.06
Guam,GUM,2019,0,513.96594,0,1071.4508,167038.58
Guam,GUM,2020,0,515.8161,0,1075.3079,167639.88
Guam,GUM,2021,0,519.7876,0,1083.5872,168930.62
Guam,GUM,2022,0,523.56714,0,1091.4662,170158.97
Guatemala,GTM,2000,396085.5,1133217.6,54969.32,4657006.5,5494615
Guatemala,GTM,2001,394571,1118879.9,60219.68,4755292.5,5680231
Guatemala,GTM,2002,392888.78,1103643.6,65691.52,4855317,5872315.5
Guatemala,GTM,2003,390959.25,1087104.9,71362.22,4954171,6066907
Guatemala,GTM,2004,388769.47,1069275.9,77240.32,5052351,6264799
Guatemala,GTM,2005,386147.25,1049771.5,83302.71,5148673.5,6464919.5
Guatemala,GTM,2006,383117.5,1028672.8,89551.69,5243396,6667668.5
Guatemala,GTM,2007,379830.88,1006391.25,96022.484,5338573,6875789
Guatemala,GTM,2008,376121.2,982483.25,102674.62,5431823,7086350
Guatemala,GTM,2009,371976.8,956908.75,109497.33,5522537.5,7298491
Guatemala,GTM,2010,367552.47,930097.44,116535.016,5613210,7515726
Guatemala,GTM,2011,362934.16,902237.25,123817.97,5704912.5,7739551
Guatemala,GTM,2012,358049.25,873145,131330.33,5796745,7969036.5
Guatemala,GTM,2013,352709.1,842433,139009.22,5886564.5,8201946
Guatemala,GTM,2014,346861.4,809996.9,146820.69,5973221,8436841
Guatemala,GTM,2015,340500.84,775867.44,154744.98,6056432,8673562
Guatemala,GTM,2016,333791.7,740423.1,162838.31,6138513,8915438
Guatemala,GTM,2017,326632.1,703465.6,171040.9,6261709,9115876
Guatemala,GTM,2018,318770.78,664501.3,173890.86,6384013,9308999
Guatemala,GTM,2019,310285.6,623767.25,176540.36,6500595,9495149
Guatemala,GTM,2020,301485.9,581952.25,179144.05,6617255,9682883
Guatemala,GTM,2021,292202,538765.5,181587.33,6729807.5,9866120
Guatemala,GTM,2022,282473.7,494352.5,183870.39,6838286,10044925
Guinea,GIN,2000,1392593.4,1597767.5,1176439.4,,
Guinea,GIN,2001,1375069.4,1577816.4,1208514.2,,
Guinea,GIN,2002,1360537.8,1561045,1244307.6,,
Guinea,GIN,2003,1354730.1,1554027.4,1289693.1,,
Guinea,GIN,2004,1346670,1544136.6,1334892.1,,
Guinea,GIN,2005,1335854.8,1530779.1,1379256.6,,
Guinea,GIN,2006,1325404.2,1517524,1425951.4,,
Guinea,GIN,2007,1317214.9,1506503.5,1477283.6,,
Guinea,GIN,2008,1309688.4,1495856.5,1531874.6,,
Guinea,GIN,2009,1301684.1,1484247.8,1588633.1,,
Guinea,GIN,2010,1292974.9,1471397.5,1647440.6,,
Guinea,GIN,2011,1283471.8,1457161.1,1661862.9,,
Guinea,GIN,2012,1272682.9,1440949.4,1674321.9,,
Guinea,GIN,2013,1260784.8,1422928.2,1684964.1,,
Guinea,GIN,2014,1248331.8,1403686.9,1694463.5,,
Guinea,GIN,2015,1235351.2,1383312.4,1703038,,
Guinea,GIN,2016,1221462.2,1361307.4,1710089.9,,
Guinea,GIN,2017,1205811.6,1336654,1714311.2,,
Guinea,GIN,2018,1188327.6,1309208.2,1715442.8,,
Guinea,GIN,2019,1169410.4,1279336.2,1713886.1,,
Guinea,GIN,2020,1148648,1246520.9,1708909.6,,
Guinea,GIN,2021,1125563.9,1210168.4,1699590.6,,
Guinea,GIN,2022,1100320.8,1170388.9,1685964.1,,
Guinea-Bissau,GNB,2000,32267.3,489312.56,28614.232,461875.78,218779.16
Guinea-Bissau,GNB,2001,31855.72,489431.88,35021.41,473840.1,227230.88
Guinea-Bissau,GNB,2002,31447.627,489793.38,41902.35,486360,236174.67
Guinea-Bissau,GNB,2003,31037.574,490328.12,49290.8,499398.88,245597.53
Guinea-Bissau,GNB,2004,30614.662,490884.25,57210.98,512839.22,255459.94
Guinea-Bissau,GNB,2005,30175.97,491424.6,65695.016,526662.4,265755
Guinea-Bissau,GNB,2006,29724.393,492018.8,74794.5,540984.3,276569
Guinea-Bissau,GNB,2007,29265.748,492780.47,84575.125,555962.25,287988.44
Guinea-Bissau,GNB,2008,28781.037,493414.84,95039.984,571309,299886.2
Guinea-Bissau,GNB,2009,28259.54,493745.34,106194.4,586833.5,312163.3
Guinea-Bissau,GNB,2010,27704.55,493845.12,118097.65,602657.5,324915.16
Guinea-Bissau,GNB,2011,27123.16,493851.28,130829.836,618967.5,338245.22
Guinea-Bissau,GNB,2012,26513.598,493756,144452.06,635800.1,352195.34
Guinea-Bissau,GNB,2013,25863.832,493353.84,158964,652923.7,366647.7
Guinea-Bissau,GNB,2014,25159.434,492378.9,174328.67,670009.5,381432.47
Guinea-Bissau,GNB,2015,24393.771,490691.9,190525.9,686864.3,396443.03
Guinea-Bissau,GNB,2016,23567.635,488289.97,207571.98,703463.2,411659.2
Guinea-Bissau,GNB,2017,22677.342,485075.88,225440.95,719646.56,426985.28
Guinea-Bissau,GNB,2018,21726.812,481108.3,244173.02,735484.06,442462.75
Guinea-Bissau,GNB,2019,20723.15,476523.38,263852.9,751161.75,458195.84
Guinea-Bissau,GNB,2020,19661.586,471195.8,284436.97,766475.4,474058.28
Guinea-Bissau,GNB,2021,18540.309,465052.44,305890.38,781282.5,489955.34
Guinea-Bissau,GNB,2022,18819.73,472873.6,313135.4,798104.9,502632.28
Guyana,GUY,2000,35185.234,37953.676,13861.322,,
Guyana,GUY,2001,33913.94,36535.453,14110.036,,
Guyana,GUY,2002,32626.725,35102.883,14353.447,,
Guyana,GUY,2003,31372.906,33672.516,14592.869,,
Guyana,GUY,2004,30108.848,32229.162,14821.9795,,
Guyana,GUY,2005,28815.111,30762.46,15035.606,,
Guyana,GUY,2006,27492.492,29273.635,15232.24,,
Guyana,GUY,2007,26148.871,27770.842,15413.856,,
Guyana,GUY,2008,24786.219,26256.271,15579.608,,
Guyana,GUY,2009,23407.15,24732.887,15729.199,,
Guyana,GUY,2010,22017.383,23206.475,15864.0625,,
Guyana,GUY,2011,20620.906,21681.188,15985.135,,
Guyana,GUY,2012,19260.688,20234.291,16189.775,,
Guyana,GUY,2013,17990.924,18882.3,16476.506,,
Guyana,GUY,2014,16710.877,17520.902,16772.002,,
Guyana,GUY,2015,15419.66,16148.284,17076.342,,
Guyana,GUY,2016,14114.96,14761.552,17388.354,,
Guyana,GUY,2017,12809.031,13346.095,17708,,
Guyana,GUY,2018,11797.522,12155.211,18458.174,,
Guyana,GUY,2019,10588.32,10751.154,19010.621,,
Guyana,GUY,2020,9163.857,9276.048,19212.863,,
Guyana,GUY,2021,7833.8613,8193.3545,19624.225,,
Guyana,GUY,2022,6455.425,7063.44,19964.518,,
Haiti,HTI,2000,1338056.1,1738797.1,581640.25,,
Haiti,HTI,2001,1252755.1,1799580.9,602534.56,,
Haiti,HTI,2002,1165948.6,1857854,623547.7,,
Haiti,HTI,2003,1078334.8,1914063.1,644874.7,,
Haiti,HTI,2004,998450.2,1983156.2,669529.56,,
Haiti,HTI,2005,918299.94,2053830.9,695132.9,,
Haiti,HTI,2006,837143.56,2124908.2,721540.5,,
Haiti,HTI,2007,754692.7,2195515.8,748477.9,,
Haiti,HTI,2008,671003.6,2265416,775905,,
Haiti,HTI,2009,586317.4,2334961.5,803942.44,,
Haiti,HTI,2010,498440.6,2393235,828855.44,,
Haiti,HTI,2011,410458.4,2450234.2,854076.94,,
Haiti,HTI,2012,323867.25,2516743.5,883409.56,,
Haiti,HTI,2013,236584.36,2582011.2,913128.9,,
Haiti,HTI,2014,148739.38,2645955.5,943245.75,,
Haiti,HTI,2015,77769.06,2691417.2,973818.56,,
Haiti,HTI,2016,7839.1196,2734658.2,1004883.75,,
Haiti,HTI,2017,0,2715005,1036520.94,,
Haiti,HTI,2018,0,2686610.8,1068685.9,,
Haiti,HTI,2019,0,2657351.2,1101374.4,,
Haiti,HTI,2020,0,2655984.2,1109711,,
Haiti,HTI,2021,0,2653202,1117481.5,,
Haiti,HTI,2022,0,2649602.2,1124918.6,,
High-income countries,,2000,2152294.5,16975406,1667143,65376910,990882900
High-income countries,,2001,2128399.2,16822980,1693533,66210388,996964400
High-income countries,,2002,1022038.7,9824542,1546744.9,70152980,1007969100
High-income countries,,2003,1003837.56,9692582,1589788.8,70996360,1014098100
High-income countries,,2004,968995.25,9568921,1670097.2,71516540,1020706900
High-income countries,,2005,780967.75,9892657,1500957.8,72039570,1027749400
High-income countries,,2006,759331.75,9726326,1568936.6,72699016,1035577900
High-income countries,,2007,730921.9,9514518,1640577.2,50596332,1067248450
High-income countries,,2008,691828.56,9270370,1741622.6,50714988,1076997800
High-income countries,,2009,670031.9,9041864,1792767.4,50746252,1086173800
High-income countries,,2010,646270.3,8837190,1857877.6,50269210,1094695300
High-income countries,,2011,618434.7,8622911,1928833.5,49706320,1102746500
High-income countries,,2012,589785.1,8405760,1992165,48877716,1111036300
High-income countries,,2013,559025.56,8186583.5,2051943.9,48097548,1118934300
High-income countries,,2014,514587.22,7955005.5,2101702.8,47318628,1126484700
High-income countries,,2015,118749.07,6933470.5,733458.94,49335260,1133684700
High-income countries,,2016,113785.6,6794168,747867.4,48755268,1140842600
High-income countries,,2017,106829.38,6665163,763151.94,48240320,1147815000
High-income countries,,2018,100763.38,6584698.5,779598.1,47718370,1154514700
High-income countries,,2019,102505.21,6500646,780994.4,47182444,1160875900
High-income countries,,2020,95616.54,6450767.5,789050.9,46466176,1164819000
High-income countries,,2021,90274.28,6374832.5,785156.44,63490524,1149280600
High-income countries,,2022,88383.06,6248165,789200.44,62656936,1155132700
Honduras,HND,2000,209401.34,756753.6,8986.634,2912291.8,2769292
Honduras,HND,2001,201935.62,751936.4,9281.308,3011622.5,2863085.2
Honduras,HND,2002,193514,744734.8,9577.215,3113304,2958778
Honduras,HND,2003,184617.66,736208.4,13217.712,3133524.8,3134312.2
Honduras,HND,2004,175290.27,726408.7,17047.576,3147667.8,3316993
Honduras,HND,2005,165575.8,715413.94,21066.76,3155546.5,3507010
Honduras,HND,2006,155478.8,703178.6,25273.484,3156838.2,3704431.2
Honduras,HND,2007,145017.81,689681.8,29664.098,3151046.8,3909051.2
Honduras,HND,2008,134208.38,674892,34233.55,3137743.8,4120699
Honduras,HND,2009,123092.016,658887.56,38979.72,3116837.2,4339505.5
Honduras,HND,2010,111689.55,641665.7,43898.375,3088113.5,4565565.5
Honduras,HND,2011,100035.84,623279.06,48985.695,3051382.5,4798821
Honduras,HND,2012,88158.16,603759.6,54239.3,3006591.5,5039618.5
Honduras,HND,2013,76092.875,583187.56,59657.73,2953683.8,5288035
Honduras,HND,2014,63864.434,561594.44,65240.17,2892618.2,5544528
Honduras,HND,2015,51506.137,539085.9,70990.13,2857508,5775414.5
Honduras,HND,2016,39035.12,515671.34,76906.53,2907024.5,5922160
Honduras,HND,2017,26470.912,491383.2,82989.29,2956102.2,6069896
Honduras,HND,2018,13831.09,466257.62,89239.49,3004817.5,6218704
Honduras,HND,2019,2115.3018,439323.28,95656.266,3053164,6368570.5
Honduras,HND,2020,2120.0698,399690.22,102208.16,3100210,6517534.5
Honduras,HND,2021,2121.184,359045.34,108855.29,3144963,6663360
Honduras,HND,2022,0,327189.75,110563.19,3192173.2,6802934
Hong Kong,HKG,2000,0,84526.5,0,41731.926,6604936.5
Hong Kong,HKG,2001,0,79712.32,0,39461.87,6682367.5
Hong Kong,HKG,2002,0,74529.56,0,37006.633,6737311
Hong Kong,HKG,2003,0,69170.16,0,34460.457,6782826.5
Hong Kong,HKG,2004,0,63673.45,0,31842.363,6820482
Hong Kong,HKG,2005,0,58054.742,0,29159.479,6849660
Hong Kong,HKG,2006,0,52422.48,0,26465.926,6881707
Hong Kong,HKG,2007,0,46865.207,0,23806.842,6930784
Hong Kong,HKG,2008,0,41288.426,0,21135.152,6988253
Hong Kong,HKG,2009,0,35602.582,0,18405.219,7040587.5
Hong Kong,HKG,2010,0,29817.758,0,15621.671,7086998.5
Hong Kong,HKG,2011,0,23986.521,0,12811.717,7138566
Hong Kong,HKG,2012,0,18122.877,0,9983.852,7205953.5
Hong Kong,HKG,2013,0,12167.685,0,7107.3765,7277551.5
Hong Kong,HKG,2014,0,6101.1836,0,4170.6904,7341911.5
Hong Kong,HKG,2015,0,0,0,1182.6681,7398655
Hong Kong,HKG,2016,0,0,0,0,7435927
Hong Kong,HKG,2017,0,0,0,0,7461519
Hong Kong,HKG,2018,0,0,0,0,7481555
Hong Kong,HKG,2019,0,0,0,0,7496122
Hong Kong,HKG,2020,0,0,0,0,7500958
Hong Kong,HKG,2021,0,0,0,0,7494578
Hong Kong,HKG,2022,0,0,0,0,7488865
Hungary,HUN,2000,3613.9277,0,0,1360273.4,8838168
Hungary,HUN,2001,3595.7217,0,0,1356223,8818137
Hungary,HUN,2002,3543.3672,0.12109376,0,1348673.8,8796184
Hungary,HUN,2003,3491.2937,0,0,1341067.6,8773503
Hungary,HUN,2004,3441.8833,0,0,1334386.9,8756665
Hungary,HUN,2005,3387.3027,0.09765626,0,1327524.9,8742613
Hungary,HUN,2006,3328.286,0.2558594,0,1320740.6,8732994
Hungary,HUN,2007,3270.038,0,0,1314081,8723821
Hungary,HUN,2008,3211.7974,0,0,1307239.5,8713058
Hungary,HUN,2009,3155.109,0.14257812,0,1300812.5,8704612
Hungary,HUN,2010,3103.0535,0,0,1294085.6,8689637
Hungary,HUN,2011,3047.9768,0,0,1285882.4,8664314
Hungary,HUN,2012,3006.5415,0,0,1279113.1,8640007
Hungary,HUN,2013,2970.8481,0.08398437,0,1125111.5,8766556
Hungary,HUN,2014,2935.6323,0,0,972602.75,8892363
Hungary,HUN,2015,2901.573,0,0,821739.8,9019605
Hungary,HUN,2016,2865.4558,0,0,671758.75,9140479
Hungary,HUN,2017,2829.9766,0,0,523380.47,9262731
Hungary,HUN,2018,0,0.08984376,0,377036.53,9399322
Hungary,HUN,2019,0,0,0,231635.47,9540160
Hungary,HUN,2020,0,0.001953126,0,86830.63,9663743
Hungary,HUN,2021,0,0.11132812,0,0,9709786
Hungary,HUN,2022,0,0,0,0,9967308
Iceland,ISL,2000,0,0,0,27708.22,253753.78
Iceland,ISL,2001,0,0.0029449465,0,26553.36,258684.64
Iceland,ISL,2002,0,0.0015716554,0,25251.393,262546.6
Iceland,ISL,2003,0,0.008941649,0,23876.129,265924.84
Iceland,ISL,2004,0,0.003753662,0,22522.334,269838.66
Iceland,ISL,2005,0,0.00067138666,0,21292.246,275736.75
Iceland,ISL,2006,0,0,0,20169.596,283900.4
Iceland,ISL,2007,0,0,0,19016.83,292836.2
Iceland,ISL,2008,0,0.0074768066,0,17673.9,300041.1
Iceland,ISL,2009,0,0,0,16028.043,302771.94
Iceland,ISL,2010,0,0,0,14300.859,304032.12
Iceland,ISL,2011,0,0,0,12635.139,306657.88
Iceland,ISL,2012,0,0,0,10983.993,309995
Iceland,ISL,2013,0,0,0,9354.022,314669.97
Iceland,ISL,2014,0,0,0,7704.9795,319939.03
Iceland,ISL,2015,0,0,0,6013.493,325046.5
Iceland,ISL,2016,0,0,0,4300.8,331374.2
Iceland,ISL,2017,0,0.000030517576,0,2563.6453,341068.34
Iceland,ISL,2018,0,0,0,744.16125,352201.84
Iceland,ISL,2019,0,0.005554199,0,0,360774
Iceland,ISL,2020,0,0,0,0,366669
Iceland,ISL,2021,0,0,0,0,370335
Iceland,ISL,2022,0,0,0,0,372899
India,IND,2000,14460660,154297700,44447660,,
India,IND,2001,14297270,150650770,45568750,,
India,IND,2002,14109707,146707700,46428140,,
India,IND,2003,13906872,142536430,47272760,,
India,IND,2004,13688955,138140880,48101504,,
India,IND,2005,13454170,133504480,48905244,,
India,IND,2006,13201291,128618620,49676492,,
India,IND,2007,12933542,123518970,50424110,,
India,IND,2008,12653111,118228984,51153868,,
India,IND,2009,12362176,112770360,51872012,,
India,IND,2010,12062953,107164460,52586748,,
India,IND,2011,11755130,101408680,53296132,,
India,IND,2012,11436255,95484490,53989540,,
India,IND,2013,11106268,89393624,54663630,,
India,IND,2014,10763110,83123390,55304680,,
India,IND,2015,10408022,76689016,55913964,,
India,IND,2016,10046758,70136830,56518476,,
India,IND,2017,9676879,63451264,57102370,,
India,IND,2018,9295441,56618576,57642970,,
India,IND,2019,8903986,49657530,58142412,,
India,IND,2020,8502841,42579936,58594990,,
India,IND,2021,8085951.5,35371840,58947356,,
India,IND,2022,7658822,28082124,59222468,,
Indonesia,IDN,2000,8217663.5,43427012,1263711,110767430,50396600
Indonesia,IDN,2001,7977108.5,42268770,1298103.9,113727576,51840890
Indonesia,IDN,2002,7730417.5,41069444,1332563.9,116690000,53292676
Indonesia,IDN,2003,7478127.5,39831044,1367069.4,119652870,54751020
Indonesia,IDN,2004,7218251.5,38542730,1401183.5,122577640,56198780
Indonesia,IDN,2005,6955562,37228320,1435576.6,125523544,57662144
Indonesia,IDN,2006,6693334,35905424,1496630.5,128530136,59171896
Indonesia,IDN,2007,6429882.5,34564172,1558548.1,131591976,60713708
Indonesia,IDN,2008,6163626,33195894,1620933.1,134680880,62275220
Indonesia,IDN,2009,5893890,31795634,1683347.8,137766700,63841710
Indonesia,IDN,2010,5623268,30373764,1745896.6,140859570,65413664
Indonesia,IDN,2011,5360341,28963484,1809250.2,143983700,66982936
Indonesia,IDN,2012,5095462.5,27529744,1873201.9,147147710,68576560
Indonesia,IDN,2013,4826768.5,26061710,1936870.4,150286720,70163864
Indonesia,IDN,2014,4553950,24557720,1999898.1,153381580,71736620
Indonesia,IDN,2015,4277957.5,23022046,2062241.5,156434640,73295090
Indonesia,IDN,2016,3999119,21456130,2123686,159436480,74834776
Indonesia,IDN,2017,3718186.2,19863272,2184112.2,162381460,76351810
Indonesia,IDN,2018,3435907.8,18247518,2243634.8,165285650,77854150
Indonesia,IDN,2019,3153156.8,16613161,2302431,168165330,79348790
Indonesia,IDN,2020,2868098.8,14950665,2332991,170926580,80779640
Indonesia,IDN,2021,2580517.2,13259094,2360142,173451420,82102020
Indonesia,IDN,2022,2293565,11555377,2385821.8,175882880,83383700
Iran,IRN,2000,238517.55,2156355.5,1437247.9,2498828.5,59213430
Iran,IRN,2001,238248.17,2066891.6,1452256.6,2529989,60387464
Iran,IRN,2002,236189.94,1962474.2,1456562.9,2542620.8,61129268
Iran,IRN,2003,233999.12,1858221.2,1460122.6,2554028,61848320
Iran,IRN,2004,233391.31,1767250.2,1473724.8,2583105.5,63004200
Iran,IRN,2005,214023.61,1694796.1,1487315.5,2612295.8,64174164
Iran,IRN,2006,194597.9,1621123,1500015,2640051,65319970
Iran,IRN,2007,175353.4,1547752.8,1512396.5,2666928,66416988
Iran,IRN,2008,156184.55,1473979.6,1524105.1,2692502,67471624
Iran,IRN,2009,137107.03,1400061.5,1535698.5,2717969.5,68531850
Iran,IRN,2010,118193.445,1326729.1,1548008.5,2744814.8,69636104
Iran,IRN,2011,99258.22,1251791.6,1558411.1,2768375,70665140
Iran,IRN,2012,80510.46,1177399.2,1569133.5,2792469.2,71704936
Iran,IRN,2013,62037.465,1105377.9,1582932,2822049,72886536
Iran,IRN,2014,62093.066,1019470.8,1603845.6,2864459.8,74411810
Iran,IRN,2015,62370.105,936157.4,1630961.1,2918114.8,76243240
Iran,IRN,2016,62374.36,847770.75,1651452.1,2960096,77784536
Iran,IRN,2017,62121.992,755618.44,1665429.9,2990514.5,79031400
Iran,IRN,2018,61797.344,662767.7,1677573,3017698.5,80197730
Iran,IRN,2019,61350.73,569043.8,1686398.6,3038942.5,81208460
Iran,IRN,2020,60749.01,474724.94,1690883.9,3052376.2,82011464
Iran,IRN,2021,60093.297,381127.12,1693627.2,3062629,82725950
Iran,IRN,2022,59438.812,288783.28,1696245.4,3072647.2,83433460
Iraq,IRQ,2000,2752971.5,1649659.1,314652.22,7537805.5,12373768
Iraq,IRQ,2001,2701254.5,1618234.4,324149.28,7886726,12895297
Iraq,IRQ,2002,2644385.5,1583607,333601.03,8252720.5,13441029
Iraq,IRQ,2003,2577180.5,1542662.9,342344.34,8620581,13986053
Iraq,IRQ,2004,2499299.2,1495191,350255.4,8987811,14526390
Iraq,IRQ,2005,2417306,1445112.5,358214.66,9377973,15100077
Iraq,IRQ,2006,2276729.8,1359856.4,357732.53,9565860,15345429
Iraq,IRQ,2007,2101117,1253599.8,351208.88,9604290,15350670
Iraq,IRQ,2008,1983009,1181542.8,354021.62,9913008,15786799
Iraq,IRQ,2009,1891338.1,1125023.5,362365.66,10402791,16507521
Iraq,IRQ,2010,1779584.4,1057567.8,368222.97,10868152,17191348
Iraq,IRQ,2011,1663133.4,987740.44,374460.97,11389232,17963494
Iraq,IRQ,2012,1552881.6,921185.6,383952.28,12051850,18954576
Iraq,IRQ,2013,1433056.2,848475.44,393695.34,12773358,20033216
Iraq,IRQ,2014,1284753.4,758396.56,398279.5,13379188,20925872
Iraq,IRQ,2015,1116807.9,656196.7,398977.84,13901501,21684332
Iraq,IRQ,2016,951338.56,533126.1,397735.97,14404628,22411114
Iraq,IRQ,2017,802004.06,379289.03,395110.28,14907903,23136854
Iraq,IRQ,2018,647254,218391.4,391691.88,15434950,23898414
Iraq,IRQ,2019,486331.44,49872.473,387011.12,15969599,24670704
Iraq,IRQ,2020,318298.16,0,379676.56,16467615,25391396
Iraq,IRQ,2021,323074.44,0.203125,386020.38,16833732,25990768
Iraq,IRQ,2022,327530.66,0,392037.34,17193400,26583152
Ireland,IRL,2000,0,105089.95,0,1235549,2428310.8
Ireland,IRL,2001,0,109228.78,0,1248696.6,2471092.8
Ireland,IRL,2002,0,113610.05,0,1263164.5,2517483.8
Ireland,IRL,2003,0,118071.78,0,1276471.9,2564161.2
Ireland,IRL,2004,0,122901.62,0,1292329.2,2616723.2
Ireland,IRL,2005,0,128341.42,0,1125879.8,2866994.8
Ireland,IRL,2006,0,134683.94,0,959064.44,3141057.8
Ireland,IRL,2007,0,141541.73,0,786922.9,3431369.5
Ireland,IRL,2008,0,147501.34,0,600744,3704147
Ireland,IRL,2009,0,152070.14,0,403919.4,3943802.5
Ireland,IRL,2010,0,155935.2,0,203643.45,4165006.2
Ireland,IRL,2011,0,159674.53,0,70677.2,4314149
Ireland,IRL,2012,0,163458.19,0,63803.574,4337288
Ireland,IRL,2013,0,167435.42,0,56929.227,4364467
Ireland,IRL,2014,0,171794.72,0,50086.613,4400285.5
Ireland,IRL,2015,0,176599.88,0,43244.562,4445915.5
Ireland,IRL,2016,0,181725.83,0,36325.72,4497736.5
Ireland,IRL,2017,0,187178.67,0,29297.764,4555377.5
Ireland,IRL,2018,0,192996.2,0,22135.361,4619375
Ireland,IRL,2019,0,195639.81,0,14795.055,4685584.5
Ireland,IRL,2020,0,197841.9,0,7247.106,4741030
Ireland,IRL,2021,0,199668.9,0,0,4786857
Ireland,IRL,2022,0,201356.1,0,0,4821752.5
Isle of Man,IMN,2009,0,1114.3314,0,1649.0332,80151.63
Isle of Man,IMN,2010,0,1126.6017,0,1667.1912,81034.21
Isle of Man,IMN,2011,0,1133.617,0,1677.5728,81538.805
Isle of Man,IMN,2012,0,1133.4557,0,1677.3341,81527.2
Isle of Man,IMN,2013,0,1130.8485,0,1673.4757,81339.67
Isle of Man,IMN,2014,0,1013.0633,0,1501.2454,81381.695
Isle of Man,IMN,2015,0,895.36536,0,1328.6626,81368.98
Isle of Man,IMN,2016,0,779.9896,0,1159.0488,81510.96
Isle of Man,IMN,2017,0,667.1834,0,992.78644,81920.03
Isle of Man,IMN,2018,0,554.4527,0,826.1746,82394.375
Isle of Man,IMN,2019,0,440.99545,0,658.0176,82833.984
Isle of Man,IMN,2020,0,326.93216,0,488.4906,83230.58
Isle of Man,IMN,2021,0,212.82318,0,318.4285,83731.75
Isle of Man,IMN,2022,0,98.16746,0,147.08015,84273.75
Israel,ISR,2000,0,0,0,13947.504,6103010.5
Israel,ISR,2001,0,0,0,14213.965,6223768.5
Israel,ISR,2002,0,0.1899414,0,15390.915,6341301.5
Israel,ISR,2003,0,0,0,16603.355,6459310
Israel,ISR,2004,0,0,0,17852.63,6578133
Israel,ISR,2005,0,0,0,19131.549,6694993
Israel,ISR,2006,0,0.03466797,0,20444.307,6811633
Israel,ISR,2007,0,0.009277344,0,21797.523,6930205.5
Israel,ISR,2008,0,0,0,23193.896,7051328
Israel,ISR,2009,0,0,0,24635.455,7175067.5
Israel,ISR,2010,0,0,0,26125.418,7302319.5
Israel,ISR,2011,0,0,0,27662.297,7432087
Israel,ISR,2012,0,0.04296875,0,29241.426,7562864.5
Israel,ISR,2013,0,0,0,30867.31,7695808.5
Israel,ISR,2014,0,0.17480469,0,32543.33,7831303
Israel,ISR,2015,0,0,0,34288.023,7973490
Israel,ISR,2016,0,0,0,36106.777,8122902.5
Israel,ISR,2017,0,0,0,37965.2,8271292
Israel,ISR,2018,0,0.21191408,0,39853.223,8416630
Israel,ISR,2019,0,0.23779297,0,41804.746,8566114
Israel,ISR,2020,0,0,0,43791.15,8713698
Israel,ISR,2021,0,0,0,45785.066,8854274
Israel,ISR,2022,0,0,0,47798.547,8990510
Italy,ITA,2000,0,252327.23,0,2727938.5,53986132
Italy,ITA,2001,0,237799.06,0,2619298,54137892
Italy,ITA,2002,0,223585.03,0,2514187.8,54369804
Italy,ITA,2003,0,210063.05,0,2417214.8,54797896
Italy,ITA,2004,0,196778.67,0,2323690.8,55340188
Italy,ITA,2005,0,182967.69,0,2224744.8,55792164
Italy,ITA,2006,0,168667.05,0,2120465.5,56140770
Italy,ITA,2007,0,154559.89,0,2118833,56505090
Italy,ITA,2008,0,140503.98,0,2287304.2,56796416
Italy,ITA,2009,0,125992.234,0,2453735,56983110
Italy,ITA,2010,0,111159.555,0,2618530.8,57092760
Italy,ITA,2011,0,96103.55,0,2782142.8,57147708
Italy,ITA,2012,0,80890.055,0,2944959.5,57164296
Italy,ITA,2013,0,65546.766,0,3106553.5,57140500
Italy,ITA,2014,0,50047.36,0,3262787,57009950
Italy,ITA,2015,0,49972.785,0,3412603,56770332
Italy,ITA,2016,0,49877.973,0,3560512.8,56508230
Italy,ITA,2017,0,49782.9,0,3707816,56246430
Italy,ITA,2018,0,49677.86,0,3853757.5,55973990
Italy,ITA,2019,0,49553.832,0,3997517.5,55680864
Italy,ITA,2020,0,49365.203,0,4135098.2,55316110
Italy,ITA,2021,0,49149.285,0,4269140.5,54922036
Italy,ITA,2022,0,48980.984,0,4254521.5,54733970
Jamaica,JAM,2000,78429.23,87171.79,13595.15,,
Jamaica,JAM,2001,76931.93,85473.43,13633.751,,
Jamaica,JAM,2002,75479.73,83783.87,13681.547,,
Jamaica,JAM,2003,74038.39,82090.22,13732.022,,
Jamaica,JAM,2004,72595.445,80390.38,22697.195,,
Jamaica,JAM,2005,71146.305,78675.734,35688.562,,
Jamaica,JAM,2006,69690.37,76948.24,49541,,
Jamaica,JAM,2007,68200.41,75176.25,63508.125,,
Jamaica,JAM,2008,66672.2,73356.49,77564.2,,
Jamaica,JAM,2009,65165.9,71553.984,91766.01,,
Jamaica,JAM,2010,63669.152,69755.57,106109.87,,
Jamaica,JAM,2011,62187.08,67967.4,120614.89,,
Jamaica,JAM,2012,60715.746,66195.09,135302.16,,
Jamaica,JAM,2013,59216.418,64396.26,150092.77,,
Jamaica,JAM,2014,57659.06,62537.965,150652.88,,
Jamaica,JAM,2015,56057.855,60634.395,151105.05,,
Jamaica,JAM,2016,54413.633,58687.23,151439.77,,
Jamaica,JAM,2017,52715.1,56683.01,151608.72,,
Jamaica,JAM,2018,50974.242,54635.35,151629.03,,
Jamaica,JAM,2019,49210.25,52563.78,151540.03,,
Jamaica,JAM,2020,49032.562,52573.18,151388.92,,
Jamaica,JAM,2021,48850.207,52587.867,151243.75,,
Jamaica,JAM,2022,48522.63,52455.81,150668.48,,
Japan,JPN,2000,0,1896823.9,0,824079.25,124082950
Japan,JPN,2001,0,1900741.1,0,825781.1,124339210
Japan,JPN,2002,0,1904271.6,0,827315,124570160
Japan,JPN,2003,0,1907272.4,0,828618.6,124766456
Japan,JPN,2004,0,1909799.5,0,829716.56,124931770
Japan,JPN,2005,0,1864143.5,0,817714.8,125116510
Japan,JPN,2006,0,1818061.8,0,805530.8,125278580
Japan,JPN,2007,0,1771909.2,0,793319,125441210
Japan,JPN,2008,0,1725233.9,0,780874.75,125571520
Japan,JPN,2009,0,1678089,0,768215.44,125670740
Japan,JPN,2010,0,1630265.5,0,755237.56,125719930
Japan,JPN,2011,0,1581381.4,0,741750.5,125684130
Japan,JPN,2012,0,1531906.2,0,727957.8,125593820
Japan,JPN,2013,0,1482299.6,0,714067.7,125482550
Japan,JPN,2014,0,1432514.9,0,700052.5,125344170
Japan,JPN,2015,0,1382624,0,685940.8,125182370
Japan,JPN,2016,0,1332573.1,0,671699.6,124989580
Japan,JPN,2017,0,1281961.4,0,657115.06,124723400
Japan,JPN,2018,0,1230863,0,642205.3,124382790
Japan,JPN,2019,0,1179527.2,0,627081.1,123985080
Japan,JPN,2020,0,1127792,0,611637.44,123505330
Japan,JPN,2021,0,1075727.4,0,595887.1,122940910
Japan,JPN,2022,0,1070022.6,0,592727.06,122288936
Jordan,JOR,2000,2880.0974,59012.637,10824.367,2278683.5,2704773.5
Jordan,JOR,2001,2941.271,59956.89,11051.323,2327141.8,2762218.8
Jordan,JOR,2002,3005.3484,60947.152,11289.06,2377900,2822390.8
Jordan,JOR,2003,3074.184,62021.793,11544.861,2432431.2,2887045
Jordan,JOR,2004,3151.9946,63261.01,11833.904,2494061.5,2960114.5
Jordan,JOR,2005,3249.6814,63412.13,11804.44,2564578.2,3035489.5
Jordan,JOR,2006,3496.5957,65881.234,12162.457,2618722.8,3375284.5
Jordan,JOR,2007,3745.417,68218.23,12489.215,2656153,3732851.2
Jordan,JOR,2008,3856.7969,67983.96,12342.817,2583488.5,3965201.2
Jordan,JOR,2009,3960.9448,67658.57,12183.259,2499139.8,4197550.5
Jordan,JOR,2010,4066.5845,67392.86,12037.474,2409064.5,4438696
Jordan,JOR,2011,4188.2817,67424.6,11948.387,2321154,4705265
Jordan,JOR,2012,4264.2607,66764.92,11740.895,2201650.2,4927443
Jordan,JOR,2013,4565.6265,69612.83,12152.1455,2185488,5422995.5
Jordan,JOR,2014,5153.69,76612.695,13280.514,2274376.5,6288603
Jordan,JOR,2015,5656.7607,83157.54,14437.907,2288278.8,7102715.5
Jordan,JOR,2016,5942.4785,86396.65,15024.843,2185554,7671738.5
Jordan,JOR,2017,6097.379,87687.2,15275.982,2018851,8087469.5
Jordan,JOR,2018,6248.61,88901.586,15516.496,1840013.2,8509186
Jordan,JOR,2019,6396.5127,90046.26,15747.237,1649534.9,8936958
Jordan,JOR,2020,6539.1816,91098.59,15964.725,1447364.2,9367754
Jordan,JOR,2021,6675.6206,92541.08,16164.785,1477381.8,9555515
Jordan,JOR,2022,6762.967,93304.625,16246.244,1496535,9673020
Kazakhstan,KAZ,2000,279755.78,1081694.6,139977.86,4120431.2,9614393
Kazakhstan,KAZ,2001,263595.3,1039132.1,141128.84,4153703,9683726
Kazakhstan,KAZ,2002,247578.73,997158.4,151061.8,3983616.5,9959548
Kazakhstan,KAZ,2003,231776.03,956121.9,161337.55,3814910.5,10252566
Kazakhstan,KAZ,2004,216224.23,916277.75,172076.44,3648563.5,10568781
Kazakhstan,KAZ,2005,200854.36,877475,183350.47,3483889,10910680
Kazakhstan,KAZ,2006,185607.14,839616.25,195253.88,3320389.2,11281882
Kazakhstan,KAZ,2007,170215.34,801648.56,207651.39,3153771.8,11672849
Kazakhstan,KAZ,2008,154530.38,762955.9,220442.9,2981501.2,12077086
Kazakhstan,KAZ,2009,138602.55,723850.6,233765.28,2804689.8,12501460
Kazakhstan,KAZ,2010,122415.92,684382.5,247713.94,2623345,12949980
Kazakhstan,KAZ,2011,105852.44,644044.4,262203.1,2435381.2,13417436
Kazakhstan,KAZ,2012,90353.695,600838.2,277085.78,2238880,13895705
Kazakhstan,KAZ,2013,75918.51,562852.9,292312.62,2033735.6,14380914
Kazakhstan,KAZ,2014,61111.082,540859.25,307692.25,1819130.1,14863506
Kazakhstan,KAZ,2015,45903.3,518024.66,323348.7,1595222.4,15353409
Kazakhstan,KAZ,2016,30310.496,494437.28,339314.94,1362235.2,15852255
Kazakhstan,KAZ,2017,14333.578,469978.03,355484.53,1119811.9,16355207
Kazakhstan,KAZ,2018,14477.042,474682.3,359841.72,1132755.4,16556342
Kazakhstan,KAZ,2019,14607.316,478953.2,364066.28,1145091,16751541
Kazakhstan,KAZ,2020,14736.944,483204.12,368467.75,1157795,16955038
Kazakhstan,KAZ,2021,14852.793,487002.44,372724.34,1169849.9,17152036
Kenya,KEN,2000,8949602,5069494,2171349.2,,
Kenya,KEN,2001,9070490,5118026,2267558,,
Kenya,KEN,2002,9191795,5165417.5,2367235.5,,
Kenya,KEN,2003,9306879,5207875.5,2468736.2,,
Kenya,KEN,2004,9423775,5249844,2574216.2,,
Kenya,KEN,2005,9539385,5289475.5,2682926.5,,
Kenya,KEN,2006,9654471,5327144.5,2795199,,
Kenya,KEN,2007,9768289,5362356.5,2910915,,
Kenya,KEN,2008,9882929,5396162.5,3030800,,
Kenya,KEN,2009,9995491,5426853,3154051,,
Kenya,KEN,2010,10093021,5447379,3276561.5,,
Kenya,KEN,2011,10172584,5456272.5,3397131,,
Kenya,KEN,2012,10237208,5455203.5,3516384.2,,
Kenya,KEN,2013,10287782,5444717.5,3634330.5,,
Kenya,KEN,2014,10324369,5424864,3750632.8,,
Kenya,KEN,2015,10349002,5396771,3865715,,
Kenya,KEN,2016,10371547,5365573,3983059,,
Kenya,KEN,2017,10389091,5329694,4101504,,
Kenya,KEN,2018,10389435,5282888,4215997.5,,
Kenya,KEN,2019,10382043,5230029.5,4329925.5,,
Kenya,KEN,2020,10375650,5175498.5,4446811.5,,
Kenya,KEN,2021,10360246,5114209,4562283,,
Kenya,KEN,2022,10339328,5047910.5,4677610,,
Kiribati,KIR,2000,0,34273.504,463.47354,45056.176,9032.842
Kiribati,KIR,2001,0,34225.34,473.21497,46478.023,9354.421
Kiribati,KIR,2002,0,34336.082,488.03574,47929.617,9646.267
Kiribati,KIR,2003,0,34434.434,503.2245,49418.61,9945.736
Kiribati,KIR,2004,0,34515.324,518.72455,50938.5,10251.448
Kiribati,KIR,2005,0,34577.945,534.5378,52488.38,10563.138
Kiribati,KIR,2006,0,34476.598,545.95636,54127.89,10932.557
Kiribati,KIR,2007,0,34237.02,553.7072,55853.883,11353.392
Kiribati,KIR,2008,0,33975.918,596.236,57603.254,11790.592
Kiribati,KIR,2009,0,33695.36,722.74426,59332.617,12245.285
Kiribati,KIR,2010,0,33364.37,991.836,60931.617,12707.183
Kiribati,KIR,2011,0,32955.92,1280.4761,62469.41,13165.193
Kiribati,KIR,2012,0,32471.328,1588.468,63940.29,13617.911
Kiribati,KIR,2013,0,31936.344,1916.834,65384.473,14073.345
Kiribati,KIR,2014,0,31360.787,2266.5764,66821.555,14536.082
Kiribati,KIR,2015,0,30762.99,2639.7969,68289.65,15014.567
Kiribati,KIR,2016,0,30156.078,3038.3115,69807.04,15511.578
Kiribati,KIR,2017,0,29529.334,3462.182,71348.97,16021.515
Kiribati,KIR,2018,0,28882.768,3912.6196,72919.79,16545.824
Kiribati,KIR,2019,0,28222.283,4391.764,74537.95,17089.002
Kiribati,KIR,2020,0,27581.84,4907.1646,76300.34,17673.64
Kiribati,KIR,2021,0,26943.707,5459.7314,78176.69,18293.86
Kiribati,KIR,2022,0,26254.688,5642.4233,80419.01,18915.879
Kuwait,KWT,2000,0,0,0,0,1934901
Kuwait,KWT,2001,0,0,0,0,1991674
Kuwait,KWT,2002,0,0,0,0,2047364
Kuwait,KWT,2003,0,0,0,0,2101506
Kuwait,KWT,2004,0,0,0,0,2153481
Kuwait,KWT,2005,0,0,0,0,2235403
Kuwait,KWT,2006,0,0,0,0,2363409
Kuwait,KWT,2007,0,0,0,0,2506769
Kuwait,KWT,2008,0,0,0,0,2650930
Kuwait,KWT,2009,0,0,0,0,2795550
Kuwait,KWT,2010,0,0,0,0,2943356
Kuwait,KWT,2011,0,0,0,0,3143825
Kuwait,KWT,2012,0,0,0,0,3394663
Kuwait,KWT,2013,0,0,0,0,3646518
Kuwait,KWT,2014,0,0,0,0,3761584
Kuwait,KWT,2015,0,0,0,0,3908743
Kuwait,KWT,2016,0,0,0,0,4048085
Kuwait,KWT,2017,0,0,0,0,4124903.8
Kuwait,KWT,2018,0,0,0,0,4317185
Kuwait,KWT,2019,0,0,0,0,4441100
Kuwait,KWT,2020,0,0,0,0,4360444
Kuwait,KWT,2021,0,0,0,0,4250114
Kuwait,KWT,2022,0,0,0,0,4268873
Kyrgyzstan,KGZ,2000,719760.56,218839.47,39634.676,1703554.1,2253393.5
Kyrgyzstan,KGZ,2001,726528.9,220891.06,40006.77,1719554.5,2274462.5
Kyrgyzstan,KGZ,2002,707940.56,215099.22,40778.14,1753477.1,2309346.2
Kyrgyzstan,KGZ,2003,689783.06,209433.14,41609.914,1790015.4,2347434.5
Kyrgyzstan,KGZ,2004,672029.7,203889.92,42508.793,1829453.5,2389158.2
Kyrgyzstan,KGZ,2005,653357.6,198062.6,48930.758,1785389.9,2507373
Kyrgyzstan,KGZ,2006,633822.8,191973.14,55575.56,1737502.6,2627911.2
Kyrgyzstan,KGZ,2007,613099.3,185518.97,62400.55,1684819.6,2748927.8
Kyrgyzstan,KGZ,2008,592188.9,179005.86,69496.96,1630049.1,2874674
Kyrgyzstan,KGZ,2009,572667.44,172910.58,77095.9,1577495.1,3013915.8
Kyrgyzstan,KGZ,2010,552381,166608.25,84987.08,1521296.4,3158501.2
Kyrgyzstan,KGZ,2011,531126.06,160021.55,93135.266,1460785.9,3307267.2
Kyrgyzstan,KGZ,2012,510042.6,153476.44,101752.055,1398984.6,3467694.5
Kyrgyzstan,KGZ,2013,488743.4,146834.42,110819.836,1349423.5,3623738.8
Kyrgyzstan,KGZ,2014,467067.97,140026.88,120350.04,1299995.4,3786976.8
Kyrgyzstan,KGZ,2015,444820.72,132972.5,130333.52,1247661.4,3959191.8
Kyrgyzstan,KGZ,2016,421728.7,126194.48,140713.56,1191567.9,4138094.2
Kyrgyzstan,KGZ,2017,397531.97,124854.23,151380.97,1130674.8,4316819.5
Kyrgyzstan,KGZ,2018,372306.12,123352.31,162355.14,1065358,4500122.5
Kyrgyzstan,KGZ,2019,346034.47,121668.4,173589.89,995480.2,4686870.5
Kyrgyzstan,KGZ,2020,291323.8,119865.56,185382.4,923647.44,4904655
Kyrgyzstan,KGZ,2021,294628.84,121225.27,187729.9,936325.25,4987834
Kyrgyzstan,KGZ,2022,297772.47,122519.08,190003.78,948753,5071575
Land Locked Developing Countries,,2000,48015384,82975390,26770876,86330960,85727340
Land Locked Developing Countries,,2001,47501988,82984120,28171356,88921750,88967840
Land Locked Developing Countries,,2002,46993100,83154170,29928602,91581610,93027650
Land Locked Developing Countries,,2003,46512324,83426900,31811210,94410024,97291896
Land Locked Developing Countries,,2004,45782410,83329540,33751050,97250504,101615840
Land Locked Developing Countries,,2005,44963460,83112744,35761960,100071130,106182900
Land Locked Developing Countries,,2006,44113412,82868400,37846684,102973340,111021000
Land Locked Developing Countries,,2007,43078104,82346480,39917900,105915256,115966536
Land Locked Developing Countries,,2008,41956904,81733520,42073640,109412400,120774856
Land Locked Developing Countries,,2009,40849724,81193820,44341950,113159416,125924910
Land Locked Developing Countries,,2010,39634680,80516600,46676588,116964220,131281710
Land Locked Developing Countries,,2011,40521504,81200136,51587636,124248370,137751660
Land Locked Developing Countries,,2012,39133150,80478760,54358220,128532710,143575090
Land Locked Developing Countries,,2013,37604070,79602060,57192740,132896670,149563280
Land Locked Developing Countries,,2014,35932692,78609220,60033560,137313250,155848620
Land Locked Developing Countries,,2015,34120360,77438984,62910532,141757500,162350190
Land Locked Developing Countries,,2016,32192116,76149670,65900490,146432940,168945060
Land Locked Developing Countries,,2017,30170114,74761304,68936790,151295020,175787380
Land Locked Developing Countries,,2018,28108766,73284010,72075816,156630620,182558700
Land Locked Developing Countries,,2019,26015664,71785270,75389240,162266140,189515570
Land Locked Developing Countries,,2020,24236494,70275750,78658550,168363150,196330880
Land Locked Developing Countries,,2021,22573154,68601130,81736120,174798220,203137800
Land Locked Developing Countries,,2022,21501572,66901372,84449656,182702340,208249570
Laos,LAO,2000,1397548.1,1496330.6,30969.736,2241112.2,264892.2
Laos,LAO,2001,1333370.4,1470015.9,37886.867,2310510,367923.8
Laos,LAO,2002,1266916.8,1441192,45391.656,2370382.8,482218.03
Laos,LAO,2003,1198281.6,1409702.2,53456.07,2423994.8,603630.06
Laos,LAO,2004,1127628.8,1375508.9,62046.55,2561340.2,641642.3
Laos,LAO,2005,1059417.6,1342340.2,71365.555,2700355.8,679490.8
Laos,LAO,2006,996006.44,1312273.6,81679.234,2840976.2,715657.4
Laos,LAO,2007,931104.6,1280776.4,92731,2983961.2,752775
Laos,LAO,2008,864499.2,1247514.9,104505.44,3128632.2,790709
Laos,LAO,2009,796273.4,1212483.8,117004.836,3274776,829392.4
Laos,LAO,2010,726467.4,1175651.1,130224.71,3422255.5,868819.25
Laos,LAO,2011,655164.44,1137030.2,144162.94,3570986.8,908982.75
Laos,LAO,2012,582454.2,1096650.5,158817.66,3720974.8,949906.3
Laos,LAO,2013,508433.8,1054534.5,174188.55,3872055.5,991529.8
Laos,LAO,2014,433118.34,1010567.56,190245.12,4023754.8,1033768.5
Laos,LAO,2015,356961.56,965708.7,207175.12,4179948,1077625.5
Laos,LAO,2016,279943.7,920173.75,205869.23,4361754,1123622.2
Laos,LAO,2017,201703.11,873104.8,223165.88,4529011,1170932.2
Laos,LAO,2018,122177.82,824192.1,241168.95,4698236,1219231.1
Laos,LAO,2019,42583.492,772176.56,259848.02,4869011,1268434
Laos,LAO,2020,42784.16,777969.5,261072.53,4943363.5,1294209.1
Laos,LAO,2021,42959.64,783380.75,262143.33,5016644,1319930.1
Laos,LAO,2022,43112.676,788460.3,263077.16,5089151.5,1345673.5
Latin America and the Caribbean (SDG),,2000,13336320,30454644,4676596.5,102890840,371153700
Latin America and the Caribbean (SDG),,2001,13095605,29341926,4569450,104659530,378246140
Latin America and the Caribbean (SDG),,2002,12991199,28081574,4447856.5,106750210,384888640
Latin America and the Caribbean (SDG),,2003,12709900,26971690,4321660,108827780,391371040
Latin America and the Caribbean (SDG),,2004,12426409,25859068,4205171.5,110879210,397752260
Latin America and the Caribbean (SDG),,2005,12134121,24729686,4088375.2,112914260,404097570
Latin America and the Caribbean (SDG),,2006,11831234,23585002,3967605,114911500,410369380
Latin America and the Caribbean (SDG),,2007,11519240,22428682,3842957.5,116871440,416584220
Latin America and the Caribbean (SDG),,2008,11200403,21266422,3732286,118573850,422919680
Latin America and the Caribbean (SDG),,2009,10877222,20091780,3753577,120127960,429221820
Latin America and the Caribbean (SDG),,2010,10548887,18911716,3775902.8,121702730,435607740
Latin America and the Caribbean (SDG),,2011,10216713,17730796,3798819.5,123318110,442115360
Latin America and the Caribbean (SDG),,2012,9879562,16555012,3824634.8,124948620,448611000
Latin America and the Caribbean (SDG),,2013,9442717,15515592,3843421.5,125062376,456459260
Latin America and the Caribbean (SDG),,2014,9012946,14453194,3855190,125144210,464268540
Latin America and the Caribbean (SDG),,2015,8597127,13363914,3867461.2,127946690,469301300
Latin America and the Caribbean (SDG),,2016,8164979.5,12461104,3872009.5,130698890,474144060
Latin America and the Caribbean (SDG),,2017,10157879,9547094,3717112,132969610,479056480
Latin America and the Caribbean (SDG),,2018,10127977,8068949,3755580.5,135611250,483740000
Latin America and the Caribbean (SDG),,2019,9475205,7303431,3700929,137960200,488407000
Latin America and the Caribbean (SDG),,2020,8835403,6865746.5,3158456.8,140665460,492311070
Latin America and the Caribbean (SDG),,2021,7684650.5,5844651,2724353,145316800,494527650
Latin America and the Caribbean (SDG),,2022,7284432,5619947,2729976.5,147902510,496732220
Latvia,LVA,2000,0,36329.457,16241.071,129633.766,2210325.8
Latvia,LVA,2001,0,35931.92,15987.622,128202.48,2179127
Latvia,LVA,2002,0,34302.24,15741.394,126883.7,2149216.8
Latvia,LVA,2003,0,32675.195,15516.033,125468.555,2120682.2
Latvia,LVA,2004,0,30970.99,15330.925,123634.805,2093506.2
Latvia,LVA,2005,0,29315.422,15149.323,121837.44,2066854.9
Latvia,LVA,2006,0,27807.092,14944.924,119537.84,2041623.1
Latvia,LVA,2007,0,26366.182,14742.683,113401.11,2021543
Latvia,LVA,2008,0,24974.314,14556.016,107464.766,2003417
Latvia,LVA,2009,0,23593.652,14389.516,101564.66,1986717.1
Latvia,LVA,2010,0,22204.031,14228.968,95613.03,1969484.1
Latvia,LVA,2011,0,20843.627,14069.678,89772.945,1952287.9
Latvia,LVA,2012,0,19522.271,13918.478,84088.58,1936106.8
Latvia,LVA,2013,0,18237.914,13775.18,78550.64,1920922.2
Latvia,LVA,2014,0,16993.271,13643.086,73171.96,1907230.5
Latvia,LVA,2015,0,15782.103,13520.309,67925.445,1894727.1
Latvia,LVA,2016,0,14592.36,13404.075,62757.68,1882721.8
Latvia,LVA,2017,0,13418.953,13289.293,57647.35,1870506.5
Latvia,LVA,2018,0,12260.283,13172.597,52586.848,1857610.2
Latvia,LVA,2019,0,11122.865,13059.18,47604.188,1844768.8
Latvia,LVA,2020,0,10004.336,12944.985,42689.414,1831413.2
Latvia,LVA,2021,0,8891.124,12808.035,37785.18,1814434.6
Latvia,LVA,2022,0,7804.8936,12672.054,32983.324,1797190.8
Least Developed Countries,,2000,94267570,168232480,57400080,169775520,165349740
Least Developed Countries,,2001,94162560,169041780,59986580,176017020,171600820
Least Developed Countries,,2002,94061830,170246350,62923780,182827360,178972930
Least Developed Countries,,2003,93747840,170898900,66068028,189733330,186474160
Least Developed Countries,,2004,93159840,171162720,69358180,196425390,194313600
Least Developed Countries,,2005,92192040,171092880,72961520,201999300,203944460
Least Developed Countries,,2006,91174030,170980000,76732790,208599070,212695900
Least Developed Countries,,2007,90028810,170655300,80588540,214872350,221754240
Least Developed Countries,,2008,88608290,170032080,84586820,221303650,231282600
Least Developed Countries,,2009,87123040,169371490,88742660,227981040,241252400
Least Developed Countries,,2010,85499624,168531870,93030720,234914600,251821520
Least Developed Countries,,2011,85937490,169018910,99897810,245439660,263840750
Least Developed Countries,,2012,84077080,168105000,104719710,252451840,276021540
Least Developed Countries,,2013,82006460,167066140,109749960,259642940,288668400
Least Developed Countries,,2014,79749740,165866370,114926020,266918110,301937820
Least Developed Countries,,2015,77319640,164407840,120252210,274173060,315775420
Least Developed Countries,,2016,74743200,162800060,125782990,281747650,330192060
Least Developed Countries,,2017,71870280,161101200,131478140,289567970,345271300
Least Developed Countries,,2018,69004664,158905300,137356400,297501060,360726430
Least Developed Countries,,2019,66225932,156133060,143713620,305437900,376683100
Least Developed Countries,,2020,63538110,153426220,150131460,313935870,392711870
Least Developed Countries,,2021,61209056,149956050,156671940,322416640,409315000
Least Developed Countries,,2022,59127670,147719840,163003890,333669570,421658560
Lebanon,LBN,2000,6283.0776,376044,291435.34,1768303.5,1878576.2
Lebanon,LBN,2001,6382.775,361133.2,297604.62,1805736.1,1918343.5
Lebanon,LBN,2002,6466.342,344710.34,303066.2,1838874.9,1953548.4
Lebanon,LBN,2003,6550.8906,327789.97,308614.53,1872539.4,1989312.4
Lebanon,LBN,2004,6652.6694,311122.28,315019.62,1911402.8,2030599.5
Lebanon,LBN,2005,6751.9146,293678.47,321353.4,1949833.5,2071426.8
Lebanon,LBN,2006,6863.626,276086.94,328331.6,1992173.9,2116407.8
Lebanon,LBN,2007,6994.132,258459.1,336267.44,2040325.5,2167561.8
Lebanon,LBN,2008,7107.5664,239402.52,343441.6,2083855.1,2213806
Lebanon,LBN,2009,7199.9404,218963.34,349647.88,2121512.2,2253811.2
Lebanon,LBN,2010,7264.892,197175.61,354560.6,2151320.2,2285478.5
Lebanon,LBN,2011,7336.5205,175122.38,359832.2,2183306.2,2319458.8
Lebanon,LBN,2012,7530.3374,155117.5,371161,2252044.5,2392483.8
Lebanon,LBN,2013,8258.186,143098.4,409034.62,2481845,2636615
Lebanon,LBN,2014,9124.147,128259.336,454134.88,2755494.2,2927329
Lebanon,LBN,2015,9305.339,100369.16,465405.66,2823880,2999979.8
Lebanon,LBN,2016,9101.284,68398.44,457402.84,2775322.5,2948394
Lebanon,LBN,2017,8884.074,37706.777,448636.94,2722134.8,2891889.2
Lebanon,LBN,2018,8653.71,8423.277,439098.38,2664259.2,2830404.5
Lebanon,LBN,2019,0,0,427861.12,2596076.2,2757969.8
Lebanon,LBN,2020,0,0,419056.28,2542652.2,2701214.2
Lebanon,LBN,2021,0,0,413854.7,2511091.2,2667685
Lebanon,LBN,2022,0,0,406240.7,2464892.8,2618605.5
Lesotho,LSO,2000,4677.537,453996.44,228123.03,1134901.9,176931.03
Lesotho,LSO,2001,10195.615,441343.5,228434.56,1125149.5,194349.78
Lesotho,LSO,2002,15630.645,428138.38,228317.12,1113501.1,211946.89
Lesotho,LSO,2003,20960.549,414485.9,227791.5,1100118.9,229673.1
Lesotho,LSO,2004,26155.057,400314.12,226787.89,1084716.5,247410.52
Lesotho,LSO,2005,31233.797,386250.88,225628.56,1068892,265418.7
Lesotho,LSO,2006,36332.703,373736.34,225179.03,1056713.4,284818.62
Lesotho,LSO,2007,41553.348,362940.66,225507.7,1048592.4,304870.78
Lesotho,LSO,2008,46858.875,352987.5,226273.89,1042616.8,326276.97
Lesotho,LSO,2009,52226.82,343414.88,227215.9,1037539.1,348772.2
Lesotho,LSO,2010,57581.88,333645,227964.45,1031659.06,371896.56
Lesotho,LSO,2011,62977.254,324001.47,228732.25,1025953.2,396012.78
Lesotho,LSO,2012,68546.375,314921.1,229767.66,1022673.7,418809.2
Lesotho,LSO,2013,74224.164,306032.75,230936.19,1022446.6,440299.22
Lesotho,LSO,2014,80019.73,297285.5,232218.03,1022895.56,462823.1
Lesotho,LSO,2015,85940.29,288629.94,233591.47,1023926.94,486432.38
Lesotho,LSO,2016,92003.36,280053.72,235061.73,1025565.8,511187.44
Lesotho,LSO,2017,98189.07,271438,236543.62,1027447.06,536999.1
Lesotho,LSO,2018,104461.34,262661.3,237935,1029150.8,563808.6
Lesotho,LSO,2019,110802.97,253677.92,239187.9,1030492.94,591540.25
Lesotho,LSO,2020,117230.78,244530.4,240333.31,1031639.3,620366.25
Lesotho,LSO,2021,117992.97,240695.14,242959.64,1044062.5,635743.9
Lesotho,LSO,2022,118569.63,236397.31,245222.97,1054989.1,650645.9
Liberia,LBR,2000,514113.88,477768.34,104998.96,,
Liberia,LBR,2001,518461.9,475373.75,109646.83,,
Liberia,LBR,2002,520931.9,470922.44,114109.17,,
Liberia,LBR,2003,513813.38,457592.25,116599.125,,
Liberia,LBR,2004,508623.72,445865.34,119604.49,,
Liberia,LBR,2005,520187.28,448427.03,126788.04,,
Liberia,LBR,2006,537793.8,455434.12,144752.81,,
Liberia,LBR,2007,552294.94,458958.53,163589.67,,
Liberia,LBR,2008,561687.56,457457.47,182520.36,,
Liberia,LBR,2009,565611.8,450908.97,201145.9,,
Liberia,LBR,2010,567734.5,442416.38,220491.84,,
Liberia,LBR,2011,575350.94,437593.6,243579.97,,
Liberia,LBR,2012,580351.75,430058.12,267394.25,,
Liberia,LBR,2013,577043.25,415818,288953.97,,
Liberia,LBR,2014,572575.7,400336.1,311233.1,,
Liberia,LBR,2015,567511.8,384037.22,334522.1,,
Liberia,LBR,2016,561842.94,366917.97,358840.78,,
Liberia,LBR,2017,555112.06,348682.44,383879.3,,
Liberia,LBR,2018,547947.94,329758.38,410072.47,,
Liberia,LBR,2019,540438.3,310179.44,437533.03,,
Liberia,LBR,2020,532893.2,290094.8,466605.28,,
Liberia,LBR,2021,524956.3,269268.62,497100.44,,
Liberia,LBR,2022,519711.94,244549.23,529055.75,,
Libya,LBY,2000,0,812803.56,0,,
Libya,LBY,2001,0,786003.8,0,,
Libya,LBY,2002,0,758258.56,0,,
Libya,LBY,2003,0,729301.75,0,,
Libya,LBY,2004,0,698890.56,0,,
Libya,LBY,2005,0,666585.94,0,,
Libya,LBY,2006,0,630077.6,0,,
Libya,LBY,2007,0,590093.44,0,,
Libya,LBY,2008,0,548605.5,0,,
Libya,LBY,2009,0,504884.78,0,,
Libya,LBY,2010,0,458868.78,0,,
Libya,LBY,2011,0,383556.7,0,,
Libya,LBY,2012,0,312763.88,0,,
Libya,LBY,2013,0,266840.53,0,,
Libya,LBY,2014,0,218809.38,0,,
Libya,LBY,2015,0,168328.77,0,,
Libya,LBY,2016,0,116121.07,0,,
Libya,LBY,2017,0,62407.824,0,,
Libya,LBY,2018,0,7026.864,0,,
Libya,LBY,2019,0,7125.897,0,,
Libya,LBY,2020,0,7217.944,0,,
Libya,LBY,2021,0,7306.173,0,,
Libya,LBY,2022,0,7389.7686,0,,
Liechtenstein,LIE,2000,0,0,0,0,33026
Liechtenstein,LIE,2001,0,0,0,0,33376
Liechtenstein,LIE,2002,0,0,0,0,33693
Liechtenstein,LIE,2003,0,0,0,0,34000
Liechtenstein,LIE,2004,0,0,0,0,34300
Liechtenstein,LIE,2005,0,0,0,0,34603
Liechtenstein,LIE,2006,0,0,0,0,34889
Liechtenstein,LIE,2007,0,0,0,0,35150
Liechtenstein,LIE,2008,0,0,0,0,35401
Liechtenstein,LIE,2009,0,0,0,0,35675
Liechtenstein,LIE,2010,0,0,0,0,35926
Liechtenstein,LIE,2011,0,0,0,0,36189
Liechtenstein,LIE,2012,0,0,0,0,36505
Liechtenstein,LIE,2013,0,0,0,0,36806
Liechtenstein,LIE,2014,0,0,0,0,37096
Liechtenstein,LIE,2015,0,0,0,0,37355
Liechtenstein,LIE,2016,0,0,0,0,37609
Liechtenstein,LIE,2017,0,0,0,0,37889
Liechtenstein,LIE,2018,0,0,0,0,38181
Liechtenstein,LIE,2019,0,0,0,0,38482
Liechtenstein,LIE,2020,0,0,0,0,38756
Liechtenstein,LIE,2021,0,0,0,0,39039
Liechtenstein,LIE,2022,0,0,0,0,39327
Lithuania,LTU,2000,0,371858.12,0,766276.94,2461502
Lithuania,LTU,2001,0,351858.5,0,761648.7,2446634.8
Lithuania,LTU,2002,0,331880.75,0,755864.44,2428054
Lithuania,LTU,2003,0,312083.2,0,749614.5,2407977.2
Lithuania,LTU,2004,0,292562.16,0,692673.7,2437355.2
Lithuania,LTU,2005,0,272788.25,0,636267.3,2464477.2
Lithuania,LTU,2006,0,252900.17,0,580533.8,2489498
Lithuania,LTU,2007,0,233538.03,0,525713.44,2513166.5
Lithuania,LTU,2008,0,214858.12,0,472177.28,2537342.5
Lithuania,LTU,2009,0,197264.36,0,420016.7,2563197.8
Lithuania,LTU,2010,0,180533,0,368899.84,2589586.2
Lithuania,LTU,2011,0,163991.6,0,318801.8,2617004.5
Lithuania,LTU,2012,0,147457.17,0,269689.1,2646194.8
Lithuania,LTU,2013,0,131392.67,0,221281.69,2675514.8
Lithuania,LTU,2014,0,115795.92,0,173574.75,2705556.2
Lithuania,LTU,2015,0,100645.336,0,126509.73,2736610
Lithuania,LTU,2016,0,85846.76,0,90382.47,2757444
Lithuania,LTU,2017,0,71389.45,0,90030.9,2743029.5
Lithuania,LTU,2018,0,57794.863,0,89656.98,2728676.2
Lithuania,LTU,2019,0,56939.7,0,88435.125,2703708
Lithuania,LTU,2020,0,56028.82,0,87133.766,2677104.2
Lithuania,LTU,2021,0,55009.254,0,85667.84,2645973.8
Lithuania,LTU,2022,0,53917.53,0,84094.08,2612043.2
Low-income countries,,2000,63081200,119252010,38207452,84743624,71194770
Low-income countries,,2001,63127452,120502650,40586060,88688670,73625060
Low-income countries,,2002,63125496,121894400,43290340,93030160,76745410
Low-income countries,,2003,63068490,123023200,46264644,97612984,80251150
Low-income countries,,2004,62752356,123801710,49363524,102283320,83836350
Low-income countries,,2005,62044572,124365096,52759120,107235256,87819930
Low-income countries,,2006,61278156,124903530,56350096,112341840,92409870
Low-income countries,,2007,60402884,125263940,60046756,117523840,97355530
Low-income countries,,2008,59289868,125365040,63866524,122888720,102406744
Low-income countries,,2009,58153164,125481240,67831420,128435140,107478930
Low-income countries,,2010,56889850,125415864,71920400,134059070,112897730
Low-income countries,,2011,57688944,126668350,78620536,143857680,118670800
Low-income countries,,2012,56206212,126523420,83240310,149802940,124229736
Low-income countries,,2013,54388588,126401704,88007950,155720420,129317070
Low-income countries,,2014,52575156,125967530,92900180,161651460,134608000
Low-income countries,,2015,50582376,125301290,97955090,167557760,140776500
Low-income countries,,2016,48453860,124509890,103256710,173602960,147860060
Low-income countries,,2017,45999756,123741050,108725370,180024750,155455950
Low-income countries,,2018,43587880,122554984,114416420,186324100,163982450
Low-income countries,,2019,41066230,121184104,120393060,192824850,173287200
Low-income countries,,2020,38648836,119548920,126376400,199598240,182881280
Low-income countries,,2021,36521508,117223000,132418110,206593760,192493680
Low-income countries,,2022,34427356,115719064,137948510,214346050,201286940
Lower-middle-income countries,,2000,119049350,290148500,98190660,755402400,996225800
Lower-middle-income countries,,2001,118743310,284901280,100691490,765424060,1032565600
Lower-middle-income countries,,2002,117347860,280506080,102548530,775264830,1069900800
Lower-middle-income countries,,2003,115716570,275521660,104326104,784488700,1107460700
Lower-middle-income countries,,2004,114001464,270244060,106339490,791533400,1147966500
Lower-middle-income countries,,2005,112056824,264682610,109282560,795750900,1190431100
Lower-middle-income countries,,2006,110038980,258804290,111368330,799945800,1233691900
Lower-middle-income countries,,2007,107919500,252660960,113401470,803475300,1278043400
Lower-middle-income countries,,2008,105698664,246222820,115393570,818845700,1310732700
Lower-middle-income countries,,2009,103368640,239528660,117357550,819944060,1358580000
Lower-middle-income countries,,2010,100949900,232635400,119318120,820969200,1408018800
Lower-middle-income countries,,2011,98432024,225529000,121225520,821703940,1458727800
Lower-middle-income countries,,2012,95786080,218161220,123031560,820141500,1512121300
Lower-middle-income countries,,2013,93006080,210527380,124645224,818525500,1566765600
Lower-middle-income countries,,2014,90113496,202602660,126326770,816740030,1622434000
Lower-middle-income countries,,2015,87108744,194399660,127673490,817243800,1675889900
Lower-middle-income countries,,2016,84010104,185962380,128928670,817789700,1729321700
Lower-middle-income countries,,2017,80866200,177222220,130123470,818305500,1782961200
Lower-middle-income countries,,2018,77594240,168222060,130550070,819422900,1836493200
Lower-middle-income countries,,2019,74638100,158424860,131659510,820073600,1889451300
Lower-middle-income countries,,2020,72073790,148341520,132860730,820734460,1941928400
Lower-middle-income countries,,2021,69379290,137118580,133898904,821740200,1993572100
Lower-middle-income countries,,2022,66997704,128445096,135399540,824021500,2035308400
Luxembourg,LUX,2000,0,0.0016479492,0,733.7369,434894.22
Luxembourg,LUX,2001,0,0.0076293945,0,748.73944,440501.28
Luxembourg,LUX,2002,0,0.0056152344,0,760.7187,445152.25
Luxembourg,LUX,2003,0,0,0,773.99066,450577
Luxembourg,LUX,2004,0,0,0,789.0025,456999
Luxembourg,LUX,2005,0,0,0,805.1183,464054.88
Luxembourg,LUX,2006,0,0.004486084,0,822.06793,471581.9
Luxembourg,LUX,2007,0,0.011413575,0,838.8956,479029.1
Luxembourg,LUX,2008,0,0,0,858.0372,487777
Luxembourg,LUX,2009,0,0,0,878.00867,496990
Luxembourg,LUX,2010,0,0,0,897.97943,506172.03
Luxembourg,LUX,2011,0,0,0,921.4235,517284.56
Luxembourg,LUX,2012,0,67.92091,0,1118.0095,529399.1
Luxembourg,LUX,2013,0,188.7355,0,1311.4799,541565.75
Luxembourg,LUX,2014,0,308.03458,0,1503.129,554257.8
Luxembourg,LUX,2015,0,426.07184,0,1692.9186,567289
Luxembourg,LUX,2016,0,543.2532,0,1882.0248,580925.75
Luxembourg,LUX,2017,0,658.2528,0,2065.4106,593559.4
Luxembourg,LUX,2018,0,770.20013,0,2241.3777,604901.44
Luxembourg,LUX,2019,0,764.39813,0,2257.779,616950.8
Luxembourg,LUX,2020,0,756.8752,0,2268.6274,627373.5
Luxembourg,LUX,2021,0,747.9527,0,2274.5461,636298.44
Luxembourg,LUX,2022,0,738.6007,0,2278.68,644581.75
Macao,MAC,2000,0,0,0,124.35506,431771.62
Macao,MAC,2001,0,0,0,126.43563,438995.56
Macao,MAC,2002,0,0,0,129.47125,449535.53
Macao,MAC,2003,0,0,0,133.17632,462399.8
Macao,MAC,2004,0,0,0,126.70429,475402.28
Macao,MAC,2005,0,0,0,119.69704,488499.28
Macao,MAC,2006,0,0,0,112.16187,501750.88
Macao,MAC,2007,0,0,0,104.10284,515225.9
Macao,MAC,2008,0,0,0,95.508766,528942.56
Macao,MAC,2009,0,0,0,86.369576,542934.6
Macao,MAC,2010,0,0,0,76.670006,557220.3
Macao,MAC,2011,0,0,0,66.29099,570936.7
Macao,MAC,2012,0,0,0,55.13936,582710.9
Macao,MAC,2013,0,0,0,43.397938,593330.56
Macao,MAC,2014,0,0,0,31.21037,604135.75
Macao,MAC,2015,0,0,0,18.567572,615220.44
Macao,MAC,2016,0,0,0,5.452424,626682.56
Macao,MAC,2017,0,0,0,0,638609
Macao,MAC,2018,0,0,0,0,650991
Macao,MAC,2019,0,0,0,0,663653
Macao,MAC,2020,0,0,0,0,676283
Macao,MAC,2021,0,0,0,0,686607
Macao,MAC,2022,0,0,0,0,695168
Madagascar,MDG,2000,6072393,3836163.2,316207.38,4867182,1124484.2
Madagascar,MDG,2001,6062127.5,4028278.8,339651.06,5028256.5,1251350.1
Madagascar,MDG,2002,6044073,4226337,364382.38,5189913,1387228.4
Madagascar,MDG,2003,6018388.5,4430686,390474.75,5352178,1532583.4
Madagascar,MDG,2004,5986031,4642372.5,418078.53,5516048,1688243.8
Madagascar,MDG,2005,5928746,4850096.5,448484.97,5698290.5,1866554.2
Madagascar,MDG,2006,5864201.5,5064241.5,480911.12,5882866.5,2058078.4
Madagascar,MDG,2007,5791910.5,5284770,515462.88,6069339.5,2263474
Madagascar,MDG,2008,5710582,5510880,552200.75,6256687,2483250
Madagascar,MDG,2009,5620365,5742945,591239.94,6444538.5,2718004.2
Madagascar,MDG,2010,5519648,5979611.5,632584,6631263,2967946
Madagascar,MDG,2011,5406497.5,6218772,676116.5,6814163.5,3232608.8
Madagascar,MDG,2012,5280469,6459629,721857.75,6992157,3512127.8
Madagascar,MDG,2013,5142360.5,6702816.5,769973.6,7165611,3807310.8
Madagascar,MDG,2014,4992631,6948760.5,820645.4,7394613.5,4059326
Madagascar,MDG,2015,4831543.5,7197689,873995.8,7627045.5,4320638.5
Madagascar,MDG,2016,4660630.5,7452026.5,930476.06,7861652.5,4597156
Madagascar,MDG,2017,4479652.5,7711879.5,990246.7,8098129,4889634.5
Madagascar,MDG,2018,4287080,7975018,1053184,8333816,5197442.5
Madagascar,MDG,2019,4082924.5,8241493,1119404.8,8568213,5521099.5
Madagascar,MDG,2020,3866379,8509741,1188893.8,8799620,5860544
Madagascar,MDG,2021,3636737.5,8777695,1261425.5,9025205,6214589
Madagascar,MDG,2022,3394966.8,9047144,1337439.4,9246749,6585415.5
Malawi,MWI,2000,847798.5,2749935.2,1584049.9,5269325.5,778277.7
Malawi,MWI,2001,838548.94,2713830.8,1657224.5,5449678,839535.75
Malawi,MWI,2002,829111.6,2676822.2,1734550.5,5638904,905110.25
Malawi,MWI,2003,819461.2,2638803.5,1816405.9,5837865,975429.44
Malawi,MWI,2004,809612.44,2599786.2,1903297.9,6047725,1050920.5
Malawi,MWI,2005,799472.6,2559440.2,1995567.9,6269123.5,1132044.1
Malawi,MWI,2006,788739.94,2516759.2,2093017.4,6500927,1218863.6
Malawi,MWI,2007,777049.06,2470548.8,2195187.5,6741297.5,1311380.1
Malawi,MWI,2008,764430.2,2420869.8,2302617.2,6991441,1410065.4
Malawi,MWI,2009,750599,2366858,2415094,7250614.5,1515765.5
Malawi,MWI,2010,735170.75,2307280.2,2531788.5,7515926.5,1628255.8
Malawi,MWI,2011,717990,2241644.2,2652443.8,7786302,1747713.5
Malawi,MWI,2012,698986.4,2169716.8,2777004,8061235.5,1874308.2
Malawi,MWI,2013,678142.7,2091450.8,2905641.2,8340957.5,2008583.1
Malawi,MWI,2014,655481,2006893.5,3038678.5,8625998,2150916.2
Malawi,MWI,2015,630858.25,1915615.8,3175766.5,8915091,2301609.8
Malawi,MWI,2016,604187.75,1817332.2,3316603,9206986,2460513.2
Malawi,MWI,2017,575534.25,1712253.9,3461755.8,9503009,2628614.5
Malawi,MWI,2018,544928.56,1600465,3611714.2,9804123,2806651.8
Malawi,MWI,2019,512366.84,1481928.6,3766869.5,10110940,2995233.2
Malawi,MWI,2020,477715.9,1356254.2,3926739,10421771,3194580.8
Malawi,MWI,2021,440780.16,1222879.9,4089879.8,10732394,3403808.8
Malawi,MWI,2022,401568.1,1081865.1,4256192.5,11042302,3623388.5
Malaysia,MYS,2000,196011.78,428774.88,91432.53,986930,21242002
Malaysia,MYS,2001,196643.08,430842.9,93229.61,998529.44,21823272
Malaysia,MYS,2002,197121.69,446513.25,94934.414,1008551.06,22395324
Malaysia,MYS,2003,197401.19,461834.44,96604.68,1017898.8,22965670
Malaysia,MYS,2004,197485.48,476776.2,98240.67,1026586.1,23534158
Malaysia,MYS,2005,197397.52,491352.6,99844.375,1034681.4,24100258
Malaysia,MYS,2006,197121.78,505487.56,101411.555,1042125.7,24663266
Malaysia,MYS,2007,196682.53,519205.56,102950.49,1049025.6,25224738
Malaysia,MYS,2008,,728339.06,104428.86,1055066,25776462
Malaysia,MYS,2009,,739824.7,105823.03,1060060.9,26311496
Malaysia,MYS,2010,,749426.4,107008.53,1062781,26798514
Malaysia,MYS,2011,,760400,108151.39,1066295.4,27249286
Malaysia,MYS,2012,,771722.4,109337.65,1070341.4,27708812
Malaysia,MYS,2013,,782678.3,110511.65,1074161.2,28167454
Malaysia,MYS,2014,,793155.94,111666.33,1077660.5,28623976
Malaysia,MYS,2015,,803063.25,112781.57,1080687.9,29072298
Malaysia,MYS,2016,,812468.2,113872.984,1083381,29516696
Malaysia,MYS,2017,,821574.8,114937.68,1085855,29953440
Malaysia,MYS,2018,,829898.5,115911.73,1087501.1,30365960
Malaysia,MYS,2019,,837653.75,116822.67,1088603,30760940
Malaysia,MYS,2020,,845122.3,117707.15,1089521,31147642
Malaysia,MYS,2021,,851962.5,118518.27,1089824.8,31513570
Malaysia,MYS,2022,,845673.94,119373.24,1090957.2,31882216
Maldives,MDV,2000,0,16723.707,746.03094,,
Maldives,MDV,2001,0,15909.55,755.33575,,
Maldives,MDV,2002,0,15087.306,764.63074,,
Maldives,MDV,2003,0,14250.102,773.492,,
Maldives,MDV,2004,0,13399.438,781.85876,,
Maldives,MDV,2005,0,12538.755,789.771,,
Maldives,MDV,2006,0,11787.951,805.2016,,
Maldives,MDV,2007,0,11183.534,833.15955,,
Maldives,MDV,2008,0,10555.035,803.35333,,
Maldives,MDV,2009,0,9876.375,770.0059,,
Maldives,MDV,2010,0,9144.724,732.8558,,
Maldives,MDV,2011,0,8356.585,691.5759,,
Maldives,MDV,2012,0,7508.4966,645.81415,,
Maldives,MDV,2013,0,6597.4316,595.2359,,
Maldives,MDV,2014,0,5660.922,543.3214,,
Maldives,MDV,2015,0,4676.398,488.53955,,
Maldives,MDV,2016,0,3597.7512,426.49966,,
Maldives,MDV,2017,0,2426.6853,357.05667,,
Maldives,MDV,2018,0,2159.0444,303.31104,,
Maldives,MDV,2019,0,2141.0938,244.18063,,
Maldives,MDV,2020,0,2096.3567,247.19102,,
Maldives,MDV,2021,0,2034.6506,248.73506,,
Maldives,MDV,2022,0,2065.3203,248.00545,,
Mali,MLI,2000,532805.1,4605049,495948.03,,
Mali,MLI,2001,524891.94,4579984.5,525571.44,,
Mali,MLI,2002,516795.34,4554746,547894.8,,
Mali,MLI,2003,508262.06,4527182.5,570843,,
Mali,MLI,2004,499169.53,4496299,594382.4,,
Mali,MLI,2005,489392.9,4460964.5,618430.7,,
Mali,MLI,2006,478674.6,4418898,642755.75,,
Mali,MLI,2007,466983.06,4369729.5,667338.56,,
Mali,MLI,2008,454206,4312386,692076.2,,
Mali,MLI,2009,440288.62,4246210,716882.25,,
Mali,MLI,2010,425327.22,4172013.2,741919.3,,
Mali,MLI,2011,409254.94,4089087.8,767119.7,,
Mali,MLI,2012,390864.75,3985062.5,790091.4,,
Mali,MLI,2013,371488.44,3872955,813210.5,,
Mali,MLI,2014,351969.12,3761750.8,838568,,
Mali,MLI,2015,331219,3640259.8,863991.8,,
Mali,MLI,2016,309422.16,3510505.5,890076.25,,
Mali,MLI,2017,286456.44,3371253.2,916705.94,,
Mali,MLI,2018,262089.89,3219810.5,943280.94,,
Mali,MLI,2019,236287.83,3055622,969719.1,,
Mali,MLI,2020,209187.52,2880397.8,996639.2,,
Mali,MLI,2021,180719.88,2693426.8,1024066.2,,
Mali,MLI,2022,155105.66,2487856.5,1051211,,
Malta,MLT,2000,0,0.0020141604,0,0,399212
Malta,MLT,2001,0,0.014282226,0,0,402151
Malta,MLT,2002,0,0,0,0,404699
Malta,MLT,2003,0,0.007003784,0,0,406919
Malta,MLT,2004,0,0,0,0,408798
Malta,MLT,2005,0,0.0017242433,0,0,410208
Malta,MLT,2006,0,0,0,0,411197
Malta,MLT,2007,0,0,0,0,412081
Malta,MLT,2008,0,0.014282227,0,0,413401
Malta,MLT,2009,0,0.0019073486,0,0,415500
Malta,MLT,2010,0,0,0,66.903984,418688.12
Malta,MLT,2011,0,0.010391235,0,142.36711,423428.62
Malta,MLT,2012,0,0.00041198728,0,220.30663,429686.7
Malta,MLT,2013,0,0.011825562,0,301.36374,437223.62
Malta,MLT,2014,0,0,0,386.2172,446054.78
Malta,MLT,2015,0,0.010971069,0,475.51443,456103.5
Malta,MLT,2016,0,0,0,569.57526,467135.44
Malta,MLT,2017,0,0,0,668.49054,478828.53
Malta,MLT,2018,0,0,0,772.02435,490813.94
Malta,MLT,2019,0,0,0,879.75104,502755.25
Malta,MLT,2020,0,0,0,991.10785,514366.88
Malta,MLT,2021,0,0.0046234126,0,1105.9147,525642.06
Malta,MLT,2022,0,0,0,1213.676,532072.4
Marshall Islands,MHL,2001,0,270.98096,5797.997,,
Marshall Islands,MHL,2002,0,273.4208,5828.2705,,
Marshall Islands,MHL,2003,0,275.4187,5849.1694,,
Marshall Islands,MHL,2004,0,277.11322,5863.9346,,
Marshall Islands,MHL,2005,0,278.57773,5874.082,,
Marshall Islands,MHL,2006,0,327.23508,5874.421,,
Marshall Islands,MHL,2007,0,375.9973,5869.9053,,
Marshall Islands,MHL,2008,0,424.65897,5859.395,,
Marshall Islands,MHL,2009,0,499.39606,5846.896,,
Marshall Islands,MHL,2010,0,630.97174,5836.0005,,
Marshall Islands,MHL,2011,0,755.4929,5795.605,,
Marshall Islands,MHL,2012,0,870.1834,5719.36,,
Marshall Islands,MHL,2013,0,977.455,5633.386,,
Marshall Islands,MHL,2014,0,1076.9125,5537.85,,
Marshall Islands,MHL,2015,0,1168.3265,5433.356,,
Marshall Islands,MHL,2016,0,1251.4506,5320.3706,,
Marshall Islands,MHL,2017,0,1326.3116,5200.063,,
Marshall Islands,MHL,2018,0,1392.8188,5073.055,,
Marshall Islands,MHL,2019,0,1450.5918,4938.507,,
Marshall Islands,MHL,2020,0,1499.6925,4797.484,,
Marshall Islands,MHL,2021,0,1540.1787,4650.6567,,
Marshall Islands,MHL,2022,0,1607.9181,4600.936,,
Martinique,MTQ,2000,0,1028.3998,0,1893.6226,429620.97
Martinique,MTQ,2001,0,1020.72974,0,1879.4995,426416.75
Martinique,MTQ,2002,0,1011.5572,0,1862.6097,422584.84
Martinique,MTQ,2003,0,996.53094,0,1834.9415,416307.53
Martinique,MTQ,2004,0,975.1233,0,1795.5231,407364.34
Martinique,MTQ,2005,0,951.9064,0,1752.773,397665.3
Martinique,MTQ,2006,0,951.83014,0,1731.626,392867.53
Martinique,MTQ,2007,0,963.8666,0,1732.7538,393123.38
Martinique,MTQ,2008,0,974.4031,0,1865.4338,392634.16
Martinique,MTQ,2009,0,982.64136,0,1993.2501,391238.1
Martinique,MTQ,2010,0,988.8581,0,2116.033,389076.1
Martinique,MTQ,2011,0,993.60626,0,2234.3892,386390.03
Martinique,MTQ,2012,0,998.0289,0,2350.5793,383637.38
Martinique,MTQ,2013,0,1003.27026,0,2467.3625,381255.38
Martinique,MTQ,2014,0,1013.4516,0,2595.589,380779.97
Martinique,MTQ,2015,0,1022.18225,0,2719.772,379773.06
Martinique,MTQ,2016,0,1024.677,0,2826.293,376494
Martinique,MTQ,2017,0,1027.7437,0,2932.8083,373491.44
Martinique,MTQ,2018,0,1031.4198,0,3039.6414,370769.94
Martinique,MTQ,2019,0,1034.9872,0,3144.822,368065.2
Martinique,MTQ,2020,0,1040.4896,0,3254.7559,366095.75
Martinique,MTQ,2021,0,1046.6205,0,3365.7886,364383.6
Martinique,MTQ,2022,0,1042.9624,0,3478.729,362985.28
Mauritania,MRT,2000,160663.05,901403.7,509855.3,,
Mauritania,MRT,2001,155829.42,899374.44,533121.9,,
Mauritania,MRT,2002,149631.06,890057.4,539444.06,,
Mauritania,MRT,2003,143258.8,880310.9,544932.06,,
Mauritania,MRT,2004,136701.05,870068.75,549496.9,,
Mauritania,MRT,2005,129998.17,859600.3,553231.7,,
Mauritania,MRT,2006,123157.48,848992.2,556159.1,,
Mauritania,MRT,2007,116174.12,838264.8,558248.56,,
Mauritania,MRT,2008,109167.45,828392.5,560120.75,,
Mauritania,MRT,2009,102150.555,819731.3,561939.5,,
Mauritania,MRT,2010,94994.76,811546.56,563207.2,,
Mauritania,MRT,2011,87661.195,803759.44,563803.44,,
Mauritania,MRT,2012,80081.664,796010.7,563395.56,,
Mauritania,MRT,2013,71986.81,785649,559979.8,,
Mauritania,MRT,2014,63419.926,772633.25,553332.1,,
Mauritania,MRT,2015,54583.242,759026.4,544809.6,,
Mauritania,MRT,2016,46690.785,743561.56,534276.4,,
Mauritania,MRT,2017,39167.39,726721.75,521598.34,,
Mauritania,MRT,2018,31513.182,709045.25,506688.22,,
Mauritania,MRT,2019,23727.604,690469.4,489418.9,,
Mauritania,MRT,2020,15810.729,670875.56,469602.44,,
Mauritania,MRT,2021,7768.371,650247.25,447145.53,,
Mauritania,MRT,2022,0,628639.2,422250.47,,
Mauritius,MUS,2000,1990.4789,6322.3794,0,,
Mauritius,MUS,2001,1909.8925,6059.637,0,,
Mauritius,MUS,2002,1826.534,5788.5156,0,,
Mauritius,MUS,2003,1740.9469,5510.871,0,,
Mauritius,MUS,2004,1653.2069,5226.8726,0,,
Mauritius,MUS,2005,1563.304,4936.6055,0,,
Mauritius,MUS,2006,1470.7015,4638.3506,0,,
Mauritius,MUS,2007,1375.6215,4332.901,0,,
Mauritius,MUS,2008,1278.5074,4021.492,0,,
Mauritius,MUS,2009,1179.3007,3704.1113,0,,
Mauritius,MUS,2010,1078.4048,3382.0444,0,,
Mauritius,MUS,2011,976.1183,3056.2263,0,,
Mauritius,MUS,2012,872.6956,2727.3284,0,,
Mauritius,MUS,2013,768.0918,2395.4067,0,,
Mauritius,MUS,2014,662.50464,2060.9158,0,,
Mauritius,MUS,2015,556.1097,1724.5806,0,,
Mauritius,MUS,2016,448.90213,1386.4059,0,,
Mauritius,MUS,2017,341.16074,1047.0848,0,,
Mauritius,MUS,2018,232.93599,706.69257,0,,
Mauritius,MUS,2019,124.434456,365.57562,0,,
Mauritius,MUS,2020,0,54.505634,0,,
Mauritius,MUS,2021,0,0,0,,
Mauritius,MUS,2022,0,0.0058593745,0,,
Mayotte,MYT,2009,5925.035,0,0,37143.29,163269.67
Mayotte,MYT,2010,6081.4756,0,0,38123.992,167580.53
Mayotte,MYT,2011,6249.406,1.6411214e-11,0,34031.13,177100.47
Mayotte,MYT,2012,6434.91,0,0,29755.55,187382.55
Mayotte,MYT,2013,6652.617,112.49345,0,25310.688,198904.19
Mayotte,MYT,2014,6904.172,396.39246,0,20623.566,211789.88
Mayotte,MYT,2015,7187.3213,703.76294,0,15607.763,226046.14
Mayotte,MYT,2016,7496.5938,1037.6868,0,10180.202,241568.52
Mayotte,MYT,2017,7821.5347,1399.4675,0,6212.8013,256131.2
Mayotte,MYT,2006,,4923.402,0,34469.777,151517.81
Mayotte,MYT,2007,,5044.5327,0,35317.844,155245.62
Mayotte,MYT,2008,,5183.226,0,36288.86,159513.9
Mayotte,MYT,2018,,9937.804,0,7387.851,265628.34
Mayotte,MYT,2019,,10686.477,0,8638.481,275164.03
Mayotte,MYT,2020,,11089.203,0,9958.91,284538.9
Mayotte,MYT,2021,,11467.58,0,11327.549,293218.9
Mayotte,MYT,2022,,11833.619,0,12750.787,301516.6
Mexico,MEX,2000,2388964,5710223.5,1096627.4,49926936,38750696
Mexico,MEX,2001,2399213.8,5401494,971741.25,51085840,39536004
Mexico,MEX,2002,2408941.2,5085054.5,842597.7,52254784,40325696
Mexico,MEX,2003,2290061,4888231,709163.7,53427150,41114736
Mexico,MEX,2004,2169732,4684983,571610.5,54610508,41908980
Mexico,MEX,2005,2047722.4,4474433.5,429926.78,55791790,42698524
Mexico,MEX,2006,1923546.9,4255416.5,284155.34,56953540,43470130
Mexico,MEX,2007,1797977.2,4029348,134619.23,58107830,44233204
Mexico,MEX,2008,1670975.2,3796145,0,59232360,44985012
Mexico,MEX,2009,1543137.5,3556805.5,0,60216816,45732670
Mexico,MEX,2010,1416228,3315398,0,61269000,46531772
Mexico,MEX,2011,1289851.1,3071313.2,0,62399196,47390116
Mexico,MEX,2012,1162279.1,2820110.5,0,63526924,48246588
Mexico,MEX,2013,1033063.4,2560589.5,0,64620164,49076864
Mexico,MEX,2014,902591.9,2293342.5,0,65678964,49880990
Mexico,MEX,2015,771283.75,2019020.2,0,66701800,50657796
Mexico,MEX,2016,639659.75,1738778.2,0,67714136,51426640
Mexico,MEX,2017,507852.94,1452637.2,0,68701940,52176836
Mexico,MEX,2018,375792.06,1160063.1,0,69610870,52867136
Mexico,MEX,2019,244114.8,862448.7,0,70463820,53514930
Mexico,MEX,2020,118229.234,677192.3,0,71159570,54043320
Mexico,MEX,2021,7445.7305,575394.5,0,71682110,54440184
Mexico,MEX,2022,0,374314.56,0,72254740,54875070
Micronesia (country),FSM,2006,7721.0703,2510.5728,0,,
Micronesia (country),FSM,2007,7667.2397,2559.84,0,,
Micronesia (country),FSM,2008,7609.2803,2606.755,0,,
Micronesia (country),FSM,2009,7550.76,2652.4634,0,,
Micronesia (country),FSM,2010,7531.1597,2711.1636,0,,
Micronesia (country),FSM,2011,7552.0903,2784.466,0,,
Micronesia (country),FSM,2012,7576.24,2859.3484,0,,
Micronesia (country),FSM,2013,7602.63,2935.516,0,,
Micronesia (country),FSM,2014,7631.68,3013.1936,0,,
Micronesia (country),FSM,2000,,9953.665,0,,
Micronesia (country),FSM,2001,,10043.204,0,,
Micronesia (country),FSM,2002,,10115.421,0,,
Micronesia (country),FSM,2003,,10166.687,0,,
Micronesia (country),FSM,2004,,10201.247,0,,
Micronesia (country),FSM,2005,,10223.288,0,,
Micronesia (country),FSM,2015,,10754.366,0,,
Micronesia (country),FSM,2016,,10866.866,0,,
Micronesia (country),FSM,2017,,10916.788,0,,
Micronesia (country),FSM,2018,,10966.118,0,,
Micronesia (country),FSM,2019,,11010.604,0,,
Micronesia (country),FSM,2020,,11082.474,0,,
Moldova,MDA,2000,0,665508.75,60695,1809720,1715649.4
Moldova,MDA,2001,0,643188.06,60233.83,1721889.9,1775189
Moldova,MDA,2002,0,620771.2,59725.934,1633228.6,1833916.1
Moldova,MDA,2003,0,598427.56,59185.605,1544236.6,1892132.1
Moldova,MDA,2004,0,577230.44,58721.47,1457678.1,1953365.2
Moldova,MDA,2005,0,554988.4,58243.223,1369234.1,2018916.4
Moldova,MDA,2006,0,529920.2,57547.14,1274667.6,2080613.1
Moldova,MDA,2007,0,504397.3,56732.72,1178882.1,2136830.8
Moldova,MDA,2008,0,479614.84,55927.926,1084848.8,2192030.8
Moldova,MDA,2009,0,455555.66,55133.355,992541.44,2246261.5
Moldova,MDA,2010,0,431044.34,54204.12,899516.75,2293420.8
Moldova,MDA,2011,0,405808.88,53089.9,805590,2330637.2
Moldova,MDA,2012,0,380748.72,51891.848,712959.1,2361591
Moldova,MDA,2013,0,356152.25,50641.89,622402,2387334
Moldova,MDA,2014,0,333573.34,49565.89,536618.25,2418578.5
Moldova,MDA,2015,0,313196.3,48907.492,530206.6,2385077.8
Moldova,MDA,2016,0,294026.12,48370.33,524969.94,2357756.5
Moldova,MDA,2017,0,275886.22,47940.504,520774.34,2335905
Moldova,MDA,2018,0,258547.61,47593.76,517358.72,2318336.8
Moldova,MDA,2019,0,241979.83,47336.94,514806.25,2305368
Moldova,MDA,2020,0,226209.97,47192.344,513358.97,2298085.8
Moldova,MDA,2021,0,210708.25,47063.117,511965.62,2291769.2
Moldova,MDA,2022,0,210488.84,50556.55,549860.94,2462089.8
Monaco,MCO,2000,0,0,0,0,32465
Monaco,MCO,2001,0,0,0,0,32444
Monaco,MCO,2002,0,0,0,0,32386.002
Monaco,MCO,2003,0,0,0,0,32316.002
Monaco,MCO,2004,0,0,0,0,32236
Monaco,MCO,2005,0,0,0,0,32140.998
Monaco,MCO,2006,0,0,0,0,32011.002
Monaco,MCO,2007,0,0,0,0,31823
Monaco,MCO,2008,0,0,0,0,31862
Monaco,MCO,2009,0,0,0,0,32401
Monaco,MCO,2010,0,0,0,0,33178
Monaco,MCO,2011,0,0,0,0,33945
Monaco,MCO,2012,0,0,0,0,34700
Monaco,MCO,2013,0,0,0,0,35425
Monaco,MCO,2014,0,0,0,0,36110
Monaco,MCO,2015,0,0,0,0,36760
Monaco,MCO,2016,0,0,0,0,37071
Monaco,MCO,2017,0,0,0,0,37044
Monaco,MCO,2018,0,0,0,0,37029
Monaco,MCO,2019,0,0,0,0,37034
Monaco,MCO,2020,0,0,0,0,36922
Monaco,MCO,2021,0,0,0,0,36686
Monaco,MCO,2022,0,0,0,0,36469
Mongolia,MNG,2000,448090.44,317244.6,153895.78,1084300.5,447447.66
Mongolia,MNG,2001,429141.94,306239.16,157398.5,1104701.1,475120.34
Mongolia,MNG,2002,410467,295326.5,160756.86,1124238,503828.66
Mongolia,MNG,2003,391985.5,284445.56,163932.36,1142639.1,533451.5
Mongolia,MNG,2004,373696.88,273591.25,166912.19,1159814.4,563934.4
Mongolia,MNG,2005,355683.2,262813.4,169706.36,1175797.2,595254.7
Mongolia,MNG,2006,338035.22,252183.56,172370.61,1191009.2,627643.25
Mongolia,MNG,2007,320974.75,241865.97,175022.31,1206242.9,661537.2
Mongolia,MNG,2008,304619.25,231955.34,177759.69,1222167.5,697385.2
Mongolia,MNG,2009,289020.47,222491.17,180639.3,1239106.4,735455.6
Mongolia,MNG,2010,273880.3,213262.06,183549.9,1256338.8,775489
Mongolia,MNG,2011,263789.44,206984.66,187227.1,1273178,812758.7
Mongolia,MNG,2012,256571.05,202458.95,191667.14,1291644.6,850007.4
Mongolia,MNG,2013,249364.19,197973.02,196413.58,1311692.8,889709.6
Mongolia,MNG,2014,242161.8,193525.23,201503.77,1333501.2,932131.06
Mongolia,MNG,2015,234841.77,189026.53,206896.17,1356754.4,977230.25
Mongolia,MNG,2016,227256.83,184361.39,212497.88,1380781,1024657.8
Mongolia,MNG,2017,219294.33,179440.06,218225.95,1404995.4,1074074.4
Mongolia,MNG,2018,210812.45,174170.16,224036.34,1429293.9,1125678.1
Mongolia,MNG,2019,201741.02,168490.06,229849.75,1453172.6,1179176.6
Mongolia,MNG,2020,191907.45,161827.33,235156.6,1473448.6,1231995
Mongolia,MNG,2021,182839.64,152640.8,239808.78,1489270.6,1283222.1
Mongolia,MNG,2022,173236.97,142924.97,244186.9,1503133.8,1334883.4
Montenegro,MNE,2006,1163.8378,9616.173,19670.912,71583.14,530510.94
Montenegro,MNE,2007,1067.7876,9137.452,18672.246,72309.836,530735.7
Montenegro,MNE,2008,972.57886,8665.106,17675.186,73218.03,530935.1
Montenegro,MNE,2009,878.1774,8199.4375,16679.05,74150.39,531274.94
Montenegro,MNE,2010,784.4479,7739.298,15682.504,75103.74,531734
Montenegro,MNE,2011,692.12067,7292.719,14702.039,76167.12,532934
Montenegro,MNE,2012,600.46246,6853.8687,13725.596,77300.3,534570.8
Montenegro,MNE,2013,508.52753,6412.5137,12732.884,78395.67,535896.4
Montenegro,MNE,2014,416.36334,5967.801,11722.335,79429.13,536758.4
Montenegro,MNE,2015,324.14566,5519.7666,10694.385,80381.766,537045.94
Montenegro,MNE,2016,232.28659,5072.404,9656.898,81289.5,537012.9
Montenegro,MNE,2017,163.93967,4605.2485,8615.129,82182.695,536870.94
Montenegro,MNE,2018,119.40103,4287.4165,5025.236,85579.35,536443.6
Montenegro,MNE,2019,75.85093,4004.7427,4231.784,86163.69,535919.94
Montenegro,MNE,2020,33.293312,3725.9531,3431.3232,86712.45,535144.94
Montenegro,MNE,2021,32.884914,3680.2437,3441.9905,86423.75,534280.1
Montenegro,MNE,2022,32.499176,3637.0823,3454.8623,86192.14,533765.4
Montserrat,MSR,2000,0,100.148125,0,,
Montserrat,MSR,2001,0,91.626076,0,,
Montserrat,MSR,2002,0,89.558495,0,,
Montserrat,MSR,2003,0,90.00294,0,,
Montserrat,MSR,2004,0,90.505005,0,,
Montserrat,MSR,2005,0,91.16169,0,,
Montserrat,MSR,2006,0,91.83681,0,,
Montserrat,MSR,2007,0,92.51091,0,,
Montserrat,MSR,2008,0,93.3197,0,,
Montserrat,MSR,2009,0,94.35974,0,,
Montserrat,MSR,2010,0,95.59186,0,,
Montserrat,MSR,2011,0,95.97099,0,,
Montserrat,MSR,2012,0,96.17554,0,,
Montserrat,MSR,2013,0,96.7854,0,,
Montserrat,MSR,2014,0,97.51015,0,,
Montserrat,MSR,2015,0,97.59718,0,,
Montserrat,MSR,2016,0,98.03102,0,,
Montserrat,MSR,2017,0,90.526924,0,,
Montserrat,MSR,2018,0,83.91869,0,,
Montserrat,MSR,2019,0,86.66943,0,,
Montserrat,MSR,2020,0,86.51328,0,,
Montserrat,MSR,2021,0,84.917595,0,,
Montserrat,MSR,2022,0,84.39851,0,,
Morocco,MAR,2000,864843.3,7782387,1405094.2,6647278.5,11854812
Morocco,MAR,2001,823336.3,7663459.5,1457380.8,6848163,12137759
Morocco,MAR,2002,780967.56,7539471.5,1469713.9,7089721.5,12421941
Morocco,MAR,2003,737609.75,7408779,1478826.6,7332644.5,12703410
Morocco,MAR,2004,693904.44,7277569,1485892.6,7582943.5,12992815
Morocco,MAR,2005,647305.5,7122150,1487711.5,7843920,13330816
Morocco,MAR,2006,599822.75,6958281,1485958.8,8108568.5,13680390
Morocco,MAR,2007,552049.56,6790938,1481249.1,8375765,14032632
Morocco,MAR,2008,504115.9,6621312.5,1473806,7933342,15102415
Morocco,MAR,2009,456097.25,6450140,1463775,7458412,16214451
Morocco,MAR,2010,408082.62,6278693.5,1451475.1,6952174,17374440
Morocco,MAR,2011,360104.34,6107658,1437053.8,6414151.5,18584732
Morocco,MAR,2012,312045.72,5935365.5,1420143.9,5841800,19842812
Morocco,MAR,2013,263858.62,5760698.5,1400467.5,5233259,21145244
Morocco,MAR,2014,215507.31,5582109,1377644.1,4586826,22486516
Morocco,MAR,2015,168792.97,5397150,1351467.2,4082221,23680826
Morocco,MAR,2016,122353.7,5208811.5,1322304,3913434.8,24540362
Morocco,MAR,2017,76059.17,5017506,1290192.5,3732759.8,25411598
Morocco,MAR,2018,29957.004,4821393.5,885058.3,3908646.8,26282456
Morocco,MAR,2019,0,4605172.5,847077.4,4137894.2,26714262
Morocco,MAR,2020,0,4359155,807078.25,4405068,27117472
Morocco,MAR,2021,0,4113004.2,765045.94,4542104.5,27656430
Morocco,MAR,2022,0,4100753.5,761494.44,4568097,28027626
Mozambique,MOZ,2000,3057849.8,9649983,1024821.56,,
Mozambique,MOZ,2001,3089703,9633899,1166763.2,,
Mozambique,MOZ,2002,3115976.8,9564435,1288087.1,,
Mozambique,MOZ,2003,3142509,9488086,1408225.6,,
Mozambique,MOZ,2004,3168845.8,9403103,1526777.2,,
Mozambique,MOZ,2005,3193816.2,9305672,1642861.9,,
Mozambique,MOZ,2006,3217149,9194849,1755979,,
Mozambique,MOZ,2007,3240634.5,9075389,1866690.6,,
Mozambique,MOZ,2008,3254249.8,8926630,1973537.9,,
Mozambique,MOZ,2009,3267303,8767962,2076846.1,,
Mozambique,MOZ,2010,3283147.2,8607148,2178134.8,,
Mozambique,MOZ,2011,3301930.2,8443369,2277389.5,,
Mozambique,MOZ,2012,3321946.5,8271109.5,2373272,,
Mozambique,MOZ,2013,3342355,8087309.5,2464866.8,,
Mozambique,MOZ,2014,3361009,7885999,2550149.8,,
Mozambique,MOZ,2015,3377054.2,7664717,2627899,,
Mozambique,MOZ,2016,3394170.5,7431153.5,2700419.8,,
Mozambique,MOZ,2017,3408504.8,7175838,2764105,,
Mozambique,MOZ,2018,3415430.2,6889021.5,2814483,,
Mozambique,MOZ,2019,3417953,6577328,2853271.2,,
Mozambique,MOZ,2020,3418674.8,6245482,2881931.8,,
Mozambique,MOZ,2021,3414619.2,5887555,3053615.5,,
Mozambique,MOZ,2022,3404599.8,5501639,3228072.5,,
Myanmar,MMR,2000,7165561,7996596.5,8642161,9204479,12529534
Myanmar,MMR,2001,7137937.5,7820081.5,8422554,9307794,13326457
Myanmar,MMR,2002,7106882.5,7636676,8184526,9406212,14145935
Myanmar,MMR,2003,7070871.5,7444907.5,7926294.5,9497538,14984682
Myanmar,MMR,2004,7028791,7243831,7646699,9579938,15839187
Myanmar,MMR,2005,6981110,7034227.5,7346460.5,9653677,16708998
Myanmar,MMR,2006,6928936,6817463.5,7026913.5,9719898,17595062
Myanmar,MMR,2007,6874606.5,6596029,6690553.5,9781686,18502772
Myanmar,MMR,2008,6808798.5,6361280.5,6328647.5,9825425,19405332
Myanmar,MMR,2009,6742521.5,6124007,5952146.5,9866457,20330704
Myanmar,MMR,2010,6687334.5,5894386.5,5570543.5,9921951,21316772
Myanmar,MMR,2011,6634738,5664151,5175127,10078069,22242440
Myanmar,MMR,2012,6583421,5431897,4764141,10346183,23092542
Myanmar,MMR,2013,6531565,5195939.5,4335689.5,10620334,23964808
Myanmar,MMR,2014,6477438,4954889,3888388.2,10897903,24853820
Myanmar,MMR,2015,6419569.5,4707758.5,3421520,11177025,25758076
Myanmar,MMR,2016,6359192.5,4455578,2935833,11459838,26681906
Myanmar,MMR,2017,6295257,4197697.5,2430870.8,11744467,27620046
Myanmar,MMR,2018,6227142.5,3933886.5,1906685.1,12029652,28568650
Myanmar,MMR,2019,6156796,3665565.5,1364171.6,12318929,29534746
Myanmar,MMR,2020,6085692.5,3393615.5,816003.25,12798989,30328900
Myanmar,MMR,2021,6011844.5,3116893,376813.3,13452528,30840010
Myanmar,MMR,2022,6038302,3127990.2,377695.34,13538293,31097026
Namibia,NAM,2000,173056.8,130266.02,133947.56,,
Namibia,NAM,2001,170995.3,130233.98,137457.4,,
Namibia,NAM,2002,167472.9,129213.6,139974.34,,
Namibia,NAM,2003,163223.9,127647.84,141977.05,,
Namibia,NAM,2004,158651.05,125812.445,143749.6,,
Namibia,NAM,2005,153990.9,123883.43,145479.05,,
Namibia,NAM,2006,149304.73,121906.67,147215.39,,
Namibia,NAM,2007,144673.92,119945.73,149036.94,,
Namibia,NAM,2008,140151.88,118045.3,151007,,
Namibia,NAM,2009,135750.78,116215.58,153150.8,,
Namibia,NAM,2010,131423.34,114419.766,155432.19,,
Namibia,NAM,2011,127154.445,112643.305,157841.31,,
Namibia,NAM,2012,122897.12,110850.445,160342.22,,
Namibia,NAM,2013,118694.19,109070.555,162981.16,,
Namibia,NAM,2014,114515.55,107274.266,165723.95,,
Namibia,NAM,2015,110353.29,105450.87,168559.34,,
Namibia,NAM,2016,106226.93,103612.734,171505.9,,
Namibia,NAM,2017,102125.984,101746.914,174544.31,,
Namibia,NAM,2018,98029.93,99830.23,177634.89,,
Namibia,NAM,2019,93939.83,97859.9,179124.12,,
Namibia,NAM,2020,89926.67,95906.914,180681.3,,
Namibia,NAM,2021,85887.95,93860.234,182097.2,,
Namibia,NAM,2022,85641.21,93642.61,182353.89,,
Nauru,NRU,2000,0,199.05225,0,,
Nauru,NRU,2001,0,206.23427,0,,
Nauru,NRU,2002,0,213.4374,0,,
Nauru,NRU,2003,0,220.72997,0,,
Nauru,NRU,2004,0,227.96837,0,,
Nauru,NRU,2005,0,235.01157,0,,
Nauru,NRU,2006,0,241.86588,0,,
Nauru,NRU,2007,0,248.61305,0,,
Nauru,NRU,2008,0,255.3962,0,,
Nauru,NRU,2009,0,262.50394,0,,
Nauru,NRU,2010,0,270.07205,0,,
Nauru,NRU,2011,0,278.57266,0,,
Nauru,NRU,2012,0,290.44308,0,,
Nauru,NRU,2013,0,305.084,0,,
Nauru,NRU,2014,0,319.9674,0,,
Nauru,NRU,2015,0,335.17462,0,,
Nauru,NRU,2016,0,342.72617,0,,
Nauru,NRU,2017,0,350.06793,0,,
Nauru,NRU,2018,0,357.3198,0,,
Nauru,NRU,2019,0,363.55283,0,,
Nepal,NPL,2000,832559.75,3922526,237912.61,12999029,6567472
Nepal,NPL,2001,816784.6,3818168.2,275083.72,13298490,6747544
Nepal,NPL,2002,801059.6,3714475,313684.53,13587382,6915576.5
Nepal,NPL,2003,783841.1,3603402.5,353495.88,13863820,7078349
Nepal,NPL,2004,765094.9,3484925.5,394362.06,14125137,7234446.5
Nepal,NPL,2005,744636.6,3358363.2,436000.8,14365366,7380743
Nepal,NPL,2006,722404.1,3223627.2,478118.2,14580000,7514822
Nepal,NPL,2007,698766.5,3082575,520672.66,14772994,7638646
Nepal,NPL,2008,674173.06,2937359.5,563756,14950817,7755439
Nepal,NPL,2009,648820,2788969,607346.9,15115574,7866231
Nepal,NPL,2010,623054.6,2639001.8,651624.8,15273610,7974274.5
Nepal,NPL,2011,596497.94,2485953.8,696051.9,15414026,8073869.5
Nepal,NPL,2012,569014.6,2329459.8,740189.1,15530360,8161670.5
Nepal,NPL,2013,541286.3,2172480.5,784621.06,16097888,7785278.5
Nepal,NPL,2014,514160.97,2018459.4,830574.25,16690627,7408283.5
Nepal,NPL,2015,488230.94,1869523.8,879395.5,17334136,7039036
Nepal,NPL,2016,463871.72,1726738.2,932571.75,18055064,6682939
Nepal,NPL,2017,440291.3,1586677.4,989505.3,18838750,6328201.5
Nepal,NPL,2018,416254.3,1444675.1,1047959.5,19641100,5956724
Nepal,NPL,2019,391793.22,1300892.1,1107997.6,20463236,5568576
Nepal,NPL,2020,369276.94,1162854.4,1177162.8,21442536,5196795.5
Nepal,NPL,2021,347918.34,1026888.8,1255581.8,22575904,4828695
Nepal,NPL,2022,353392.9,1048687.4,1275385.6,22946874,4923242.5
Netherlands,NLD,2000,0,0.47851562,0,974.0674,15898161
Netherlands,NLD,2001,0,0.2578125,0,1167.8483,15980468
Netherlands,NLD,2002,0,0.20507812,0,1362.9752,16055676
Netherlands,NLD,2003,0,0,0,1559.0671,16126020
Netherlands,NLD,2004,0,0.08789062,0,1757.2903,16194278
Netherlands,NLD,2005,0,0,0,1956.4098,16259874
Netherlands,NLD,2006,0,0.2421875,0,2156.9348,16323519
Netherlands,NLD,2007,0,0,0,2358.7378,16388874
Netherlands,NLD,2008,0,0,0,2563.2888,16458207
Netherlands,NLD,2009,0,0.23632812,0,2770.5762,16533436
Netherlands,NLD,2010,0,0.056640625,0,2980.3628,16614137
Netherlands,NLD,2011,0,0,0,3192.6738,16698279
Netherlands,NLD,2012,0,0,0,3406.7666,16781892
Netherlands,NLD,2013,0,0.19335936,0,3622.8013,16863730
Netherlands,NLD,2014,0,0,0,3841.5845,16950238
Netherlands,NLD,2015,0,0,0,4062.5408,17037044
Netherlands,NLD,2016,0,0.48339847,0,4284.701,17120220
Netherlands,NLD,2017,0,0,0,4508.47,17202688
Netherlands,NLD,2018,0,0,0,4733.265,17281310
Netherlands,NLD,2019,0,0,0,4959.237,17358302
Netherlands,NLD,2020,0,0,0,5185.4414,17429372
Netherlands,NLD,2021,0,0,0,5412.172,17496284
Netherlands,NLD,2022,0,0.4501953,0,5639.1455,17558372
New Caledonia,NCL,2000,0,10844.287,0,17858.129,192834.58
New Caledonia,NCL,2001,0,11062.115,0,18216.844,196708.03
New Caledonia,NCL,2002,0,11278.084,0,18572.496,200548.4
New Caledonia,NCL,2003,0,10940.242,0,17911.674,205833.08
New Caledonia,NCL,2004,0,10568.137,0,17185.656,210895.2
New Caledonia,NCL,2005,0,10157.732,0,16388.197,215595.08
New Caledonia,NCL,2006,0,9731.108,0,15555.218,220348.67
New Caledonia,NCL,2007,0,9297.053,0,14700.375,225369.58
New Caledonia,NCL,2008,0,8844.809,0,13806.111,230426.08
New Caledonia,NCL,2009,0,8381.416,0,12883.055,235711.53
New Caledonia,NCL,2010,0,7916.511,0,11944.979,241564.5
New Caledonia,NCL,2011,0,7442.7725,0,10979.139,247881.1
New Caledonia,NCL,2012,0,6949.423,0,9968.325,254385.25
New Caledonia,NCL,2013,0,6434.8574,0,8909.521,261049.62
New Caledonia,NCL,2014,0,5882.14,0,7779.608,267136.28
New Caledonia,NCL,2015,0,5268.4756,0,7460.112,270303.44
New Caledonia,NCL,2016,0,4619.67,0,7496.766,271631.53
New Caledonia,NCL,2017,0,3965.9197,0,7530.467,272852.62
New Caledonia,NCL,2018,0,3308.5515,0,7562.384,274009.06
New Caledonia,NCL,2019,0,2648.3616,0,7593.382,275132.25
New Caledonia,NCL,2020,0,1989.5828,0,7638.713,276774.72
New Caledonia,NCL,2021,0,1327.6991,0,7694.009,278778.28
New Caledonia,NCL,2022,0,1337.6177,0,7751.4873,280860.9
New Zealand,NZL,2000,0,0.008789063,0,601669.4,3253596.8
New Zealand,NZL,2001,0,0.020507812,0,607024.4,3282554.8
New Zealand,NZL,2002,0,0.015624999,0,616232.94,3332351
New Zealand,NZL,2003,0,0.020996092,0,627369.2,3392571.8
New Zealand,NZL,2004,0,0.06445312,0,636962.2,3444446.8
New Zealand,NZL,2005,0,0,0,644979.5,3487801.2
New Zealand,NZL,2006,0,0.09472657,0,611351.7,3568626.2
New Zealand,NZL,2007,0,0,0,576022.94,3645471.2
New Zealand,NZL,2008,0,0.10839844,0,539528.8,3720709.5
New Zealand,NZL,2009,0,0,0,502730.7,3800155.5
New Zealand,NZL,2010,0,0.048339844,0,465182.34,3881155.5
New Zealand,NZL,2011,0,0,0,425953.12,3955316
New Zealand,NZL,2012,0,0,0,385521.78,4024762.5
New Zealand,NZL,2013,0,0.018066406,0,345401.75,4105242.5
New Zealand,NZL,2014,0,0.053710938,0,306062.4,4208132.5
New Zealand,NZL,2015,0,0.034179688,0,266221.44,4324368.5
New Zealand,NZL,2016,0,0,0,224934.77,4443146.5
New Zealand,NZL,2017,0,0,0,182154.23,4564097.5
New Zealand,NZL,2018,0,0,0,138243.6,4700282.5
New Zealand,NZL,2019,0,0,0,93052.555,4865981.5
New Zealand,NZL,2020,0,0,0,45333.17,5015799.5
New Zealand,NZL,2021,0,0.19335938,0,0,5129727
New Zealand,NZL,2022,0,0,0,0,5185288
Nicaragua,NIC,2000,223466,736887.25,31186.295,1680270.8,2451411.8
Nicaragua,NIC,2001,223130.8,745838,34727.64,1699137.8,2489930
Nicaragua,NIC,2002,222585.6,754239.25,38291.832,1716881.5,2527007.8
Nicaragua,NIC,2003,221879.33,762239.5,41880.023,1733871,2563192
Nicaragua,NIC,2004,221069.67,770023.06,45498.043,1750531.9,2599100.5
Nicaragua,NIC,2005,220390.69,778420,49195.332,1768860.8,2637811.2
Nicaragua,NIC,2006,219703.61,787091.44,52951.78,1789155.1,2680909.2
Nicaragua,NIC,2007,219039.48,795993.56,56771.445,1810225.5,2725423
Nicaragua,NIC,2008,218390.34,805113.44,60656.062,1780441.5,2823142.8
Nicaragua,NIC,2009,217759.31,814464.8,64609.88,1750614.9,2923190.2
Nicaragua,NIC,2010,217122.61,823971.1,68629.336,1720576.5,3025434.5
Nicaragua,NIC,2011,216459.58,833558.8,72710.14,1690158,3129666.5
Nicaragua,NIC,2012,215750.25,843153.06,76846.734,1659206.1,3235651
Nicaragua,NIC,2013,214975.16,852676.4,81032.21,1627579.5,3343115.8
Nicaragua,NIC,2014,214131.86,862113.9,85264.82,1627377.2,3419788
Nicaragua,NIC,2015,213219.2,871458.9,89813.43,1649324.8,3474782
Nicaragua,NIC,2016,212239.86,880718.7,94418.55,1671481.5,3530376
Nicaragua,NIC,2017,214277.14,889573.9,99215.875,1693028.1,3584437.2
Nicaragua,NIC,2018,216232.02,898125.7,100119.53,1718382.8,3639373
Nicaragua,NIC,2019,218083,906288.44,100974.945,1743869,3694708.2
Nicaragua,NIC,2020,219841.52,914108.5,101787.4,1769560.6,3750597.2
Niger,NER,2000,332793.62,6362640.5,570325.3,,
Niger,NER,2001,344193.72,6439651.5,647681.1,,
Niger,NER,2002,356375.84,6521056,732619.7,,
Niger,NER,2003,369103.94,6602220,825710.5,,
Niger,NER,2004,381832.97,6684476.5,927715.94,,
Niger,NER,2005,395654.28,6766260.5,1039317.7,,
Niger,NER,2006,410078,6846804.5,1161138,,
Niger,NER,2007,425140.62,6925951.5,1293977.4,,
Niger,NER,2008,440898.7,7003808.5,1438759.2,,
Niger,NER,2009,457365.88,7079728,1596365.8,,
Niger,NER,2010,474587.28,7153513,1767813.8,,
Niger,NER,2011,492540.34,7223896,1953926,,
Niger,NER,2012,511492.72,7293781,2156793.2,,
Niger,NER,2013,531214,7358739.5,2376555,,
Niger,NER,2014,551409.3,7413715.5,2613030.5,,
Niger,NER,2015,572554.5,7464211,2869471.5,,
Niger,NER,2016,594660.8,7509119,3147176.2,,
Niger,NER,2017,617286.75,7541738,3445009,,
Niger,NER,2018,640450.75,7561562.5,3763999.2,,
Niger,NER,2019,664257.44,7568988.5,4105789,,
Niger,NER,2020,688609.8,7562050.5,4470824.5,,
Niger,NER,2021,713650.06,7541493,4861057,,
Niger,NER,2022,739570.1,7508275.5,5145460.5,,
Nigeria,NGA,2000,28309628,29507494,10436644,39117876,15480344
Nigeria,NGA,2001,28804578,28634078,11026151,41331144,16356728
Nigeria,NGA,2002,28289914,28736558,11278935,43424404,17853214
Nigeria,NGA,2003,27743910,28822506,11515355,45584020,19454008
Nigeria,NGA,2004,27164000,28888882,11732709,47807456,21163794
Nigeria,NGA,2005,26548786,28933546,11928385,50092530,22987476
Nigeria,NGA,2006,25898268,28956108,12100877,52441976,24932540
Nigeria,NGA,2007,25214520,28958476,12249429,54862630,27008974
Nigeria,NGA,2008,24495606,28938140,12371341,57353696,29223720
Nigeria,NGA,2009,23741178,28893962,12463743,59913624,31583252
Nigeria,NGA,2010,22951508,28826244,12525414,62549868,34099828
Nigeria,NGA,2011,22129444,28737590,12553637,65262470,36780604
Nigeria,NGA,2012,21266180,28616666,12541454,68191240,39460400
Nigeria,NGA,2013,20354112,28452130,12481448,71868170,41570268
Nigeria,NGA,2014,19390266,28237862,12368760,75649864,43732264
Nigeria,NGA,2015,18372468,27967978,12198654,79520520,45936170
Nigeria,NGA,2016,17312398,27657420,11975096,83519100,48202920
Nigeria,NGA,2017,16218546,27319340,11701838,87695670,50560508
Nigeria,NGA,2018,15082097,26939106,11369950,92011480,52984996
Nigeria,NGA,2019,13900865,26511332,10974787,96451280,55466212
Nigeria,NGA,2020,12680749,26045936,10518184,101056090,58026456
Nigeria,NGA,2021,11418154,25535236,9994489,105802590,60650856
Nigeria,NGA,2022,10114111,24980356,9401817,110701016,63343916
Niue,NIU,2000,0,15.69783,0,20.583021,2037.719
Niue,NIU,2001,0,15.220992,0,19.957788,1975.8212
Niue,NIU,2002,0,14.872825,0,19.501272,1930.626
Niue,NIU,2003,0,14.592776,0,19.134071,1894.2731
Niue,NIU,2004,0,14.312729,0,18.766872,1857.9204
Niue,NIU,2005,0,16.80984,0,18.391901,1820.7982
Niue,NIU,2006,0,19.329319,0,18.136705,1795.5339
Niue,NIU,2007,0,21.924747,0,18.000751,1782.0746
Niue,NIU,2008,0,24.622652,0,17.963774,1778.4136
Niue,NIU,2009,0,27.242529,0,17.877575,1769.88
Niue,NIU,2010,0,29.894041,0,17.82106,1764.2849
Niue,NIU,2011,0,32.572598,0,19.692318,1758.735
Niue,NIU,2012,0,35.306602,0,25.170576,1752.5227
Niue,NIU,2013,0,38.25618,0,30.813038,1755.9308
Niue,NIU,2014,0,41.15167,0,36.431137,1755.4171
Niue,NIU,2015,0,44.214603,0,42.217327,1760.568
Niue,NIU,2016,0,47.319206,0,48.069923,1765.6107
Niue,NIU,2017,0,50.30399,0,53.815777,1764.8801
Niue,NIU,2018,0,53.59661,0,59.90929,1773.494
Niue,NIU,2019,0,57.421066,0,66.646774,1796.9321
Niue,NIU,2020,0,58.048786,0,67.37534,1816.5759
Niue,NIU,2021,0,57.89933,0,67.20187,1811.8988
Niue,NIU,2022,0,57.809654,0,67.09779,1809.0925
North Korea,PRK,2013,68398.484,777799.1,171758.12,7155099,16828764
North Korea,PRK,2014,68421.98,872132.5,172363.3,7144833.5,16868378
North Korea,PRK,2015,68464.625,967143.7,173018,7136573.5,16912816
North Korea,PRK,2016,68476.555,1062326.4,173689.31,7127227,16957892
North Korea,PRK,2017,68448.555,1157427.6,174343.69,7115642.5,17000458
North Korea,PRK,2018,68378.73,1252308.1,174983.03,7101819.5,17040658
North Korea,PRK,2019,68267.89,1346858.9,175610.28,7085908,17078796
North Korea,PRK,2020,68117.58,1347614.9,176708.73,7103969,17171058
North Korea,PRK,2021,67918.09,1347644.6,177777.2,7119114,17259456
North Korea,PRK,2000,,0,162882.44,7081030,16123148
North Korea,PRK,2001,,0.515625,163989.25,7120578,16227953
North Korea,PRK,2002,,0,164960.66,7154146,16319303
North Korea,PRK,2003,,0,166053.38,7192988.5,16422664
North Korea,PRK,2004,,14897.124,167234.23,7233339.5,16533459
North Korea,PRK,2005,,105509.64,167923.36,7239228,16588320
North Korea,PRK,2006,,196903.44,168489.52,7239505.5,16630863
North Korea,PRK,2007,,288924.38,168953.53,7235335,16663293
North Korea,PRK,2008,,381501.1,169357.67,7228455.5,16689732
North Korea,PRK,2009,,474137.9,169854.53,7216959.5,16720558
North Korea,PRK,2010,,566758.5,170332.03,7201573.5,16747772
North Korea,PRK,2011,,659451.7,170754.11,7183973.5,16769609
North Korea,PRK,2012,,752530.6,171222.5,7168128.5,16795890
North Korea,PRK,2022,,1414673.9,178818.73,7131576.5,17344348
North Macedonia,MKD,2000,975.8728,11880.273,50615.59,334446.6,1640017.6
North Macedonia,MKD,2001,988.2278,12022.073,50861.4,337508.62,1652003.9
North Macedonia,MKD,2002,998.6766,12140.604,51003.984,339904.44,1660689.5
North Macedonia,MKD,2003,1006.7752,12230.488,51023.133,341490.22,1665391.4
North Macedonia,MKD,2004,1014.1112,12310.997,50999.66,342805.6,1668743.6
North Macedonia,MKD,2005,1019.77155,12300.608,49882.164,344819.75,1670639.9
North Macedonia,MKD,2006,1024.5372,12278.412,48784.926,346687.16,1672299.9
North Macedonia,MKD,2007,1028.5895,12246.894,47713.793,348472.9,1674025.9
North Macedonia,MKD,2008,1032.0865,12208.839,46672.637,350234.8,1676078.8
North Macedonia,MKD,2009,1035.248,12167.583,45668.816,352057.4,1678858.1
North Macedonia,MKD,2010,1037.9269,12121.657,44689.84,353890.16,1682088.2
North Macedonia,MKD,2011,1039.4758,12064.339,43705.887,355522.56,1684766.8
North Macedonia,MKD,2012,1039.8546,11995.93,42711.684,356937.9,1686792.6
North Macedonia,MKD,2013,1039.656,11924.147,41730.203,358348.97,1689172.1
North Macedonia,MKD,2014,1038.867,11849.301,40756.926,359756.28,1691889.6
North Macedonia,MKD,2015,1037.1653,11768.407,39773.17,361040.38,1694342.8
North Macedonia,MKD,2016,1034.4861,11681.51,38775.95,362194.12,1696509.9
North Macedonia,MKD,2017,1030.8466,11589.524,37761.79,363220,1698376.9
North Macedonia,MKD,2018,1026.3353,11493.983,36730.934,366603.66,1697636.1
North Macedonia,MKD,2019,1020.6843,11392.809,35670.824,367335.75,1698755.9
North Macedonia,MKD,2020,1012.50385,11271.087,34530.656,367367.47,1696890.2
North Macedonia,MKD,2021,1001.4041,11125.284,33299.51,366549.22,1691354.8
North Macedonia,MKD,2022,988.74164,11031.382,33147.98,364192.8,1684238.4
Northern Africa and Western Asia (SDG),,2000,9533244,32698162,17108836,61616900,240704540
Northern Africa and Western Asia (SDG),,2001,9473635,32710980,17447938,63364164,245720400
Northern Africa and Western Asia (SDG),,2002,9404578,32597182,17743328,64227296,251862660
Northern Africa and Western Asia (SDG),,2003,9284172,32135234,18165196,65130684,258287900
Northern Africa and Western Asia (SDG),,2004,9150688,31658250,18614612,65993184,264928540
Northern Africa and Western Asia (SDG),,2005,8882986,30822036,19253406,66525876,272851800
Northern Africa and Western Asia (SDG),,2006,8554508,29953302,19955650,66630212,282079100
Northern Africa and Western Asia (SDG),,2007,8181539,29041090,20714574,66475870,292207300
Northern Africa and Western Asia (SDG),,2008,7861212.5,28111510,21470124,66604010,302343400
Northern Africa and Western Asia (SDG),,2009,7558180.5,27147836,22237688,66966388,312332220
Northern Africa and Western Asia (SDG),,2010,7223438.5,26100416,23033984,67081440,322260260
Northern Africa and Western Asia (SDG),,2011,6862964,24964172,23848148,67460780,331389400
Northern Africa and Western Asia (SDG),,2012,6502994.5,23799084,24612562,68306216,340327840
Northern Africa and Western Asia (SDG),,2013,6128135,22625100,25377880,69495160,349678140
Northern Africa and Western Asia (SDG),,2014,5720756,21408060,26177554,70774640,359229820
Northern Africa and Western Asia (SDG),,2015,4928554.5,19339176,25567172,74207860,369073400
Northern Africa and Western Asia (SDG),,2016,4516876.5,18073236,26423432,74671750,379000130
Northern Africa and Western Asia (SDG),,2017,4110863,16729247,27322108,74947096,388797380
Northern Africa and Western Asia (SDG),,2018,3674767,15320093,27897384,76822904,397329700
Northern Africa and Western Asia (SDG),,2019,3236814,13904384,28850396,78245420,405912540
Northern Africa and Western Asia (SDG),,2020,2834181.5,12522967,29789092,79557800,413351400
Northern Africa and Western Asia (SDG),,2021,2628849.8,11259404,30770574,81806584,419005440
Northern Africa and Western Asia (SDG),,2022,2457704.2,10756003,31600978,83072504,425802880
Northern Mariana Islands,MNP,2000,0,2535.7712,0,11902.938,65899.28
Northern Mariana Islands,MNP,2001,0,2342.4639,0,11801.095,65335.438
Northern Mariana Islands,MNP,2002,0,2112.827,0,11481.75,63567.426
Northern Mariana Islands,MNP,2003,0,1887.265,0,11127.817,61607.914
Northern Mariana Islands,MNP,2004,0,1668.0063,0,10466.441,59763.555
Northern Mariana Islands,MNP,2005,0,1457.0195,0,9802.233,57765.754
Northern Mariana Islands,MNP,2006,0,1256.2983,0,9144.671,55659.03
Northern Mariana Islands,MNP,2007,0,1067.2156,0,8501.226,53481.56
Northern Mariana Islands,MNP,2008,0,890.60205,0,7877.39,51264.01
Northern Mariana Islands,MNP,2009,0,727.14526,0,7279.7793,49049.074
Northern Mariana Islands,MNP,2010,0,576.2089,0,6703.7437,46807.05
Northern Mariana Islands,MNP,2011,0,449.69357,0,6317.148,45753.16
Northern Mariana Islands,MNP,2012,0,338.83026,0,6105.1304,45915.04
Northern Mariana Islands,MNP,2013,0,228.39053,0,5886.9966,46025.61
Northern Mariana Islands,MNP,2014,0,118.70913,0,5662.3,46074.992
Northern Mariana Islands,MNP,2015,0,10.208328,0,5432.8535,46070.94
Northern Mariana Islands,MNP,2016,0,0,0,5191.3174,45941.68
Northern Mariana Islands,MNP,2017,0,0,0,4949.477,45779.527
Northern Mariana Islands,MNP,2018,0,0,0,4708.869,45595.13
Northern Mariana Islands,MNP,2019,0,0,0,4667.12,45190.883
Northern Mariana Islands,MNP,2020,0,0,0,4641.7524,44945.25
Northern Mariana Islands,MNP,2021,0,0,0,4631.8296,44849.168
Northern Mariana Islands,MNP,2022,0,0,0,4638.382,44912.617
Norway,NOR,2000,0,0,0,4094.6904,4487107.5
Norway,NOR,2001,0,0.032226566,0,4115.5176,4509901.5
Norway,NOR,2002,0,0.13378906,0,4137.7827,4534300
Norway,NOR,2003,0,0.12988281,0,6640.402,4558526.5
Norway,NOR,2004,0,0,0,9172.703,4583104
Norway,NOR,2005,0,0.15722656,0,11745.566,4611943
Norway,NOR,2006,0,0,0,14370.8545,4646716
Norway,NOR,2007,0,0,0,17077.01,4692500
Norway,NOR,2008,0,0.06933593,0,19879.967,4748773.5
Norway,NOR,2009,0,0,0,22753.92,4806445.5
Norway,NOR,2010,0,0,0,25693.635,4864047.5
Norway,NOR,2011,0,0.08691406,0,28718.105,4924842.5
Norway,NOR,2012,0,0.030761719,0,31822.459,4987233.5
Norway,NOR,2013,0,0.03125,0,34971.195,5045697
Norway,NOR,2014,0,0.20947264,0,38154.47,5099768
Norway,NOR,2015,0,0,0,41361.402,5148994.5
Norway,NOR,2016,0,0.034179688,0,44572.652,5192017
Norway,NOR,2017,0,0,0,47784.812,5229607
Norway,NOR,2018,0,0.23681639,0,50984.945,5261334.5
Norway,NOR,2019,0,0.06933594,0,54233.438,5294045.5
Norway,NOR,2020,0,0,0,57473.855,5322365
Norway,NOR,2021,0,0,0,60654.543,5342366.5
Norway,NOR,2022,0,0,0,63955.934,5370363
Oceania (SDG),,2000,2786413,1113290.4,120017.07,,
Oceania (SDG),,2001,2882042.2,1142800.1,128967.56,,
Oceania (SDG),,2002,2979508.2,1178296.6,132217.22,,
Oceania (SDG),,2003,3079063.5,1214037.5,135484.23,,
Oceania (SDG),,2004,3180562.5,1250383.5,138779.98,,
Oceania (SDG),,2005,3181028.2,1322904.8,144380.64,,
Oceania (SDG),,2006,3184461.8,1390466.4,150952.14,,
Oceania (SDG),,2007,3175045.2,1468554.8,157749.22,,
Oceania (SDG),,2008,3160596.2,1549639.8,164793.03,,
Oceania (SDG),,2009,3140925.8,1633840.9,172695.14,,
Oceania (SDG),,2010,3115737.2,1721215.9,181350.61,,
Oceania (SDG),,2011,3083171.2,1810828.6,190576.03,,
Oceania (SDG),,2012,3042254.2,1902079.8,200341.55,,
Oceania (SDG),,2013,2993695,1995365.4,209106.36,,
Oceania (SDG),,2014,2937645.8,2090625.5,218475.89,,
Oceania (SDG),,2015,2866512.2,2195449,228452.27,,
Oceania (SDG),,2016,2795503.8,2294487.5,239037.45,,
Oceania (SDG),,2017,2716989.8,2395078.2,250217.98,,
Oceania (SDG),,2018,2631761,2496824.5,261946.4,,
Oceania (SDG),,2019,2539342,2594367.2,273999.53,,
Oceania (SDG),,2020,2438792.2,2692735.8,286841.5,,
Oceania (SDG),,2021,2330138.5,2786913.2,300004,,
Oceania (SDG),,2022,2308194.8,2898237.8,284297,,
Oman,OMN,2000,0,117739.1,218940.75,40784.098,1966788.9
Oman,OMN,2001,0,119297.984,221850.19,41319.39,1992185.6
Oman,OMN,2002,0,120787.664,224631.12,41830.574,2016409.6
Oman,OMN,2003,0,122224.555,227314.27,42323.39,2039738
Oman,OMN,2004,0,123566.97,229636.1,42866.02,2072785.8
Oman,OMN,2005,98.5427,117759.3,232753.02,43628.8,2120952.2
Oman,OMN,2006,311.77887,111594.5,235739.77,44373.484,2168629.5
Oman,OMN,2007,530.0785,105215.016,238645.14,45108.66,2216201.2
Oman,OMN,2008,753.45886,98653.38,241532.38,45846.17,2264242.5
Oman,OMN,2009,982.2609,91944.164,244491.83,46602.402,2313516.2
Oman,OMN,2010,1277.2626,89312.1,259838.47,49735.523,2481750.8
Oman,OMN,2011,1663.8789,88824.01,285181.28,55059.16,2776141.5
Oman,OMN,2012,2088.3328,85931.55,308007.6,60197.92,3079353.8
Oman,OMN,2013,2521.5579,80217.125,325856.75,64461.645,3343623
Oman,OMN,2014,2922.5845,71475.67,335570.5,67185.55,3532112.8
Oman,OMN,2015,3335.353,61750.777,344094.62,69714.61,3712880.5
Oman,OMN,2016,3786.6436,51558.293,354228.66,72613.78,3915882.5
Oman,OMN,2017,4202.6304,40004.113,359341.78,74487.67,4063818
Oman,OMN,2018,4549.6694,27496.803,357989.25,74998.63,4136122.8
Oman,OMN,2019,4839.1855,16048.924,352476.28,74587.91,4154815.5
Oman,OMN,2020,1369.8448,11830.921,342636.8,73188.13,4114373.5
Oman,OMN,2021,1286.6616,11112.59,335237.66,72285.375,4100549.2
Oman,OMN,2022,1231.5729,10636.897,334101.06,72681.66,4157646.5
Pakistan,PAK,2000,8074468,7342594,4089089.2,81101300,53762476
Pakistan,PAK,2001,8015009,7503520,4220039,83853010,55626156
Pakistan,PAK,2002,7899152,7622653,4333338,86188490,57219180
Pakistan,PAK,2003,7749211,7718316.5,4435386.5,88304810,58668960
Pakistan,PAK,2004,7593936,7818027.5,4541746.5,90512790,60182130
Pakistan,PAK,2005,7423847.5,7912249,5604982,91415304,62015710
Pakistan,PAK,2006,7240172.5,8002026.5,5869668.5,93091780,63866344
Pakistan,PAK,2007,7050248.5,8095501,6117792.5,94860990,65799990
Pakistan,PAK,2008,6853267.5,8192349.5,6377591.5,96692100,67816660
Pakistan,PAK,2009,6649571,8293720.5,6650539,97298980,71230420
Pakistan,PAK,2010,6436716.5,8397438,6935507,97898420,74786424
Pakistan,PAK,2011,6203976,8489503,7221137,98326480,78361640
Pakistan,PAK,2012,5941878,8554826,7493726.5,98411090,81804340
Pakistan,PAK,2013,5655763.5,8597327,7755047.5,98201200,85128216
Pakistan,PAK,2014,5354709,8628016,8013884.5,97827336,88427680
Pakistan,PAK,2015,5040525.5,8648071,8270676.5,97304540,91705480
Pakistan,PAK,2016,4715145.5,8659136,8526436,96653120,94971010
Pakistan,PAK,2017,4388965.5,8679989,8799650,96082060,98428990
Pakistan,PAK,2018,4063277.5,8717161,9099110,95666936,102185000
Pakistan,PAK,2019,3730923.5,8758642,9414053,95272024,106117640
Pakistan,PAK,2020,3393140.2,8809245,9750868,94946660,110296820
Pakistan,PAK,2021,3048012.2,8866887,10108882,94665440,114712900
Pakistan,PAK,2022,2693463.2,8928013,10485326,94386490,119331576
Palau,PLW,2000,0,126.941345,0,6692.1553,12906.903
Palau,PLW,2001,0,126.38587,0,6552.763,13148.851
Palau,PLW,2002,0,125.287834,0,6387.325,13338.387
Palau,PLW,2003,0,124.194145,0,6224.529,13531.276
Palau,PLW,2004,0,121.32306,0,6022.395,13763.281
Palau,PLW,2005,0,117.956825,0,5786.5986,13926.444
Palau,PLW,2006,0,113.94073,0,5511.19,13993.868
Palau,PLW,2007,0,109.8682,0,5226.5073,14029.624
Palau,PLW,2008,0,105.91171,0,4941.774,14054.313
Palau,PLW,2009,0,102.06772,0,4657.441,14066.491
Palau,PLW,2010,0,98.34162,0,4374.4917,14067.168
Palau,PLW,2011,0,94.710686,0,4092.6638,14052.626
Palau,PLW,2012,0,91.27077,0,3816.743,14037.984
Palau,PLW,2013,0,88.75255,0,3576.4368,14139.812
Palau,PLW,2014,0,86.99623,0,3362.3867,14346.616
Palau,PLW,2015,0,85.36451,0,3147.842,14560.795
Palau,PLW,2016,0,83.94141,0,2936.1956,14795.863
Palau,PLW,2017,0,82.602745,0,2722.918,15031.4795
Palau,PLW,2018,0,81.37544,0,2509.1228,15273.502
Palau,PLW,2019,0,80.33736,0,2297.1787,15538.484
Palau,PLW,2020,0,79.387215,0,2083.679,15808.934
Palau,PLW,2021,0,78.485146,0,1867.8485,16077.666
Palau,PLW,2022,0,77.55535,0,1648.3494,16329.096
Palestine,PSE,2000,38953.51,243372.67,11326.851,549850.1,2296451
Palestine,PSE,2001,37997.3,239413.7,11630.062,567933.7,2373103
Palestine,PSE,2002,36823.695,234096.33,11892.409,584245.8,2442427.8
Palestine,PSE,2003,35518.914,227935.58,12136.487,599830.56,2508768.2
Palestine,PSE,2004,34150.145,221358.55,12382.731,615731.94,2576501.8
Palestine,PSE,2005,32753.643,214590.86,12645.904,632651,2648551.8
Palestine,PSE,2006,31322.705,207596.2,12926.381,650646.56,2725176.2
Palestine,PSE,2007,29834.62,200230.4,13217.55,669427.06,2805168.2
Palestine,PSE,2008,28262.766,192305.25,13509.599,688459.25,2886281.5
Palestine,PSE,2009,26595.469,183760.9,13794.421,707535.75,2967711.2
Palestine,PSE,2010,24851.5,174718.7,14080.494,727137.25,3051490
Palestine,PSE,2011,23031.084,165167.72,14368.89,747320.6,3137855.5
Palestine,PSE,2012,21123.656,155023.3,14653.394,767789.3,3225571.5
Palestine,PSE,2013,19131.111,144285.95,18166.842,785359.75,3314850.5
Palestine,PSE,2014,17053.158,132939.98,22121.018,802788.9,3405572
Palestine,PSE,2015,14905.496,121095.27,26348.66,821079.06,3501185.2
Palestine,PSE,2016,12680.426,108690.15,30869.459,840150.56,3601457.5
Palestine,PSE,2017,10356.02,95528.25,35650.703,858665.2,3700746.8
Palestine,PSE,2018,7938.463,81626.195,40693.273,876551.25,3798737.8
Palestine,PSE,2019,5436.818,67040.07,46020.2,894180.94,3897096.5
Palestine,PSE,2020,2858.0684,51834.254,51698.805,912600.1,4000409.5
Palestine,PSE,2021,1302.269,34844.188,57743.277,931598.06,4107904.2
Palestine,PSE,2022,304.7535,17634.465,63718.285,951022.06,4217392.5
Panama,PAN,2000,124336.9,189184.95,0,,
Panama,PAN,2001,122240.016,186392.98,0,,
Panama,PAN,2002,120052.22,183410.52,0,,
Panama,PAN,2003,117766.516,180227.36,674.7626,,
Panama,PAN,2004,115401.59,176866.98,5240.0547,,
Panama,PAN,2005,112947.94,173311.45,10254.638,,
Panama,PAN,2006,110381.83,169521.02,15482.588,,
Panama,PAN,2007,107714.53,165507.69,20926.744,,
Panama,PAN,2008,104950.35,161277.84,26591.46,,
Panama,PAN,2009,102086.62,156822.03,32478.541,,
Panama,PAN,2010,99122.016,152133.5,38588.734,,
Panama,PAN,2011,96046.68,147205.1,44928.53,,
Panama,PAN,2012,92873.38,142048.42,51506.39,,
Panama,PAN,2013,89587.78,136634.72,58317.836,,
Panama,PAN,2014,86191.07,130960.35,65365.168,,
Panama,PAN,2015,82702.31,125044.875,72660.82,,
Panama,PAN,2016,79119.8,118878.664,74075.66,,
Panama,PAN,2017,75434.88,112441.836,75497.94,,
Panama,PAN,2018,71635.97,105709.2,76908.76,,
Panama,PAN,2019,67850.625,100119.23,78257.76,,
Panama,PAN,2020,64058.254,97152.18,79456.414,,
Panama,PAN,2021,60139.133,94007.016,80556.54,,
Panama,PAN,2022,60217.07,94128.88,81444.13,,
Papua New Guinea,PNG,2000,2720184.8,965894.1,73082.76,,
Papua New Guinea,PNG,2001,2814776.5,999360.7,75564.43,,
Papua New Guinea,PNG,2002,2911221.5,1033500.4,78103.06,,
Papua New Guinea,PNG,2003,3009817.2,1068396.2,80696.03,,
Papua New Guinea,PNG,2004,3110363.8,1103971.8,83334.87,,
Papua New Guinea,PNG,2005,3110522.8,1172083.5,88526.14,,
Papua New Guinea,PNG,2006,3105944.8,1242935.8,93927.164,,
Papua New Guinea,PNG,2007,3096316.8,1316529.1,99538.04,,
Papua New Guinea,PNG,2008,3081741.5,1393037.5,105372.02,,
Papua New Guinea,PNG,2009,3061984.5,1472505,111978.71,,
Papua New Guinea,PNG,2010,3036652.5,1554888.5,119166.15,,
Papua New Guinea,PNG,2011,3003881,1639311.5,126894.22,,
Papua New Guinea,PNG,2012,2962746.8,1725211.8,135152.19,,
Papua New Guinea,PNG,2013,2913965,1812943.2,144017.16,,
Papua New Guinea,PNG,2014,2857700.5,1902514.6,153505.34,,
Papua New Guinea,PNG,2015,2794039,1993885,163627.23,,
Papua New Guinea,PNG,2016,2722894.2,2086880.1,174380.17,,
Papua New Guinea,PNG,2017,2644273.8,2181354.5,185761.22,,
Papua New Guinea,PNG,2018,2558331.8,2277260.2,197773.56,,
Papua New Guinea,PNG,2019,2465229.8,2374549.5,210417,,
Papua New Guinea,PNG,2020,2363907,2471896.5,223574.84,,
Papua New Guinea,PNG,2021,2254420,2568791,234163.53,,
Papua New Guinea,PNG,2022,2137397.2,2665280.5,244778.03,,
Paraguay,PRY,2000,146537.5,1070374.4,701.131,1352681.9,2553523.8
Paraguay,PRY,2001,138211.95,1018644.1,735.62854,1406882.8,2647066.5
Paraguay,PRY,2002,129451.67,963480.6,1436.2812,1457172.2,2734971.5
Paraguay,PRY,2003,121110.766,910046.3,2202.2573,1505743,2814151.5
Paraguay,PRY,2004,112709.52,855841.06,3255.152,1553414,2891104.5
Paraguay,PRY,2005,104159.43,800414.8,4378.8237,1600584.1,2967340.5
Paraguay,PRY,2006,95476.2,743858.56,5571.9355,1647131.1,3042637.2
Paraguay,PRY,2007,86684.62,686340.6,6833.535,1693129.2,3117157
Paraguay,PRY,2008,77824.09,628155.9,8164.792,1739098.8,3191904.8
Paraguay,PRY,2009,68937.375,569638.2,9570.421,1785931.5,3268496.5
Paraguay,PRY,2010,60079.977,511271.28,11064.066,1835622.9,3350574.8
Paraguay,PRY,2011,51218.61,452837.2,12653.63,1888508.5,3438721
Paraguay,PRY,2012,42273.566,393694.7,14333.475,1942987.1,3530033
Paraguay,PRY,2013,33250.043,333869.1,16113.725,1999031.6,3623387.5
Paraguay,PRY,2014,24106.906,273085.06,17993.389,2056476.2,3719059.8
Paraguay,PRY,2015,14822.477,211175.45,19970.445,2115047,3816935
Paraguay,PRY,2016,5478.0854,147986.75,22044.465,2174497.2,3916608.8
Paraguay,PRY,2017,0,79559.836,24213.143,2234392.5,4017238.2
Paraguay,PRY,2018,0,4300.6367,26466.816,2294197.5,4118363.2
Paraguay,PRY,2019,0,0,26700.482,2322873,4180452.8
Paraguay,PRY,2020,0,0,26906.998,2350248.8,4241539
Paraguay,PRY,2021,0,0,27090.24,2376124.8,4300584.5
Paraguay,PRY,2022,0,0.10351563,27231.854,2398877.2,4354634.5
Peru,PER,2000,1964366.4,3001663.5,325173.3,9395817,11967418
Peru,PER,2001,1895453,2931034.8,323911.9,9627556,12236953
Peru,PER,2002,1823366.8,2854342,321750.44,9845389,12489656
Peru,PER,2003,1749158,2773089.5,318830.44,10052471,12729792
Peru,PER,2004,1673989.4,2688915,315315.34,10253023,12962668
Peru,PER,2005,1598191.6,2602194.5,311231.94,10447222,13188426
Peru,PER,2006,1521719.4,2512859.8,306566.8,10633950,13405983
Peru,PER,2007,1445146.2,2421659.8,301392.75,10814924,13617264
Peru,PER,2008,1375123.9,2333510.2,295908.2,10993973,13807671
Peru,PER,2009,1307941,2246423,290148.22,11174056,13990758
Peru,PER,2010,1241329.2,2159648.8,284227.3,11361303,14183063
Peru,PER,2011,1175694.1,2073845,278234.9,11560180,14389767
Peru,PER,2012,1110590,1988373.8,272104.6,11769234,14609288
Peru,PER,2013,1045718.6,1902663.5,265760,11986224,14838442
Peru,PER,2014,981202.56,1817018.2,259255.22,12214724,15081751
Peru,PER,2015,917338.25,1732104.2,252700.8,12461757,15347962
Peru,PER,2016,854466.25,1648620.2,246216.3,12736106,15647371
Peru,PER,2017,791842.1,1565350.6,239650.3,13033697,15974946
Peru,PER,2018,730601.7,1485008.8,233472.44,13385293,16369568
Peru,PER,2019,667872.06,1401968,226837.69,13748787,16779394
Peru,PER,2020,600614.3,1309594.9,218641.4,14055194,17120714
Peru,PER,2021,531051.06,1211972.5,209473.81,14333656,17429318
Peru,PER,2022,459635.3,1109602.9,199362.47,14580239,17700750
Philippines,PHL,2000,2439067,6149783,2341943,35396332,31631104
Philippines,PHL,2001,2356039.5,6111475.5,2404763,36359976,32393836
Philippines,PHL,2002,2266790,6065137.5,2450335.5,36503030,34000276
Philippines,PHL,2003,2171503,6011253,2495706.5,36605540,35658830
Philippines,PHL,2004,2070404.6,5950496,2541168.5,36670804,37374630
Philippines,PHL,2005,1963020.9,5881551,2586175,37416456,38414044
Philippines,PHL,2006,1849340.4,5804325.5,2630663.5,38351772,39265736
Philippines,PHL,2007,1730031.9,5720940,2675599.5,39304180,40130628
Philippines,PHL,2008,1605196.9,5632014,2721355,40279360,41014400
Philippines,PHL,2009,1474192.8,5535622.5,2767089.2,41265092,41904956
Philippines,PHL,2010,1336084.1,5428519,2811884.2,42249936,42810276
Philippines,PHL,2011,1188433.1,5300543.5,2853148.5,43207428,43788360
Philippines,PHL,2012,1035521.2,5165018.5,2893553.8,44167976,44770252
Philippines,PHL,2013,877243.9,5020971.5,2932483.8,45122340,45747070
Philippines,PHL,2014,713699,4867970,2969492.8,46063384,46710660
Philippines,PHL,2015,545789.3,4711904,3008152.2,47046920,47718600
Philippines,PHL,2016,373349.4,4554760,3050084,48099588,48797480
Philippines,PHL,2017,195454.38,4389901.5,3091431.2,49164196,49897520
Philippines,PHL,2018,12168.376,4215164.5,3130555.8,50215884,50995064
Philippines,PHL,2019,0,3855311.5,3167825.2,51261044,52096620
Philippines,PHL,2020,0,3470346.8,3203633.8,52306916,53210080
Philippines,PHL,2021,0,3069584,3234511.5,53297388,54278850
Philippines,PHL,2022,0,2657347.8,3263536,54283160,55354964
Poland,POL,2005,0,324331.03,0,2777750.2,35473830
Poland,POL,2006,0,324790.47,0,2626610.2,35595780
Poland,POL,2007,0,325284.34,0,2475270.5,35721324
Poland,POL,2008,0,326003.84,0,2325064.5,35871812
Poland,POL,2009,0,326986.7,0,2175893.8,36052404
Poland,POL,2010,0,607160.44,0,2003932.4,35986260
Poland,POL,2011,0,888377.5,0,1833700.1,35898772
Poland,POL,2012,0,1170489.5,0,1665813.8,35789572
Poland,POL,2013,0,1452735.5,0,1499907.2,35654708
Poland,POL,2014,0,1735380.9,0,1336930.9,35509560
Poland,POL,2015,0,2018421.8,0,1177076.8,35357650
Poland,POL,2016,0,2301626.2,0,1020452.56,35210036
Poland,POL,2017,0,2585748.2,0,867515.25,35079550
Poland,POL,2018,0,2868481.5,0,717639.94,34935336
Poland,POL,2019,0,3148897,0,571133.2,34773572
Poland,POL,2020,0,3424426.2,0,564750.25,34439188
Poland,POL,2021,0,3692263.2,0,557527.7,34057936
Poland,POL,2022,0,3838410.5,0,579953.6,35438780
Portugal,PRT,2000,0,79349.29,0,573819.7,9647457
Portugal,PRT,2001,0,81274.836,0,572831,9717714
Portugal,PRT,2002,0,82959.39,0,571290.3,9776665
Portugal,PRT,2003,0,84371.52,0,568807.9,9820164
Portugal,PRT,2004,0,85523.21,0,565537,9850462
Portugal,PRT,2005,0,86475.68,0,561946.5,9874893
Portugal,PRT,2006,0,87269.92,0,558285.1,9898392
Portugal,PRT,2007,0,87924.8,0,554688.6,9922938
Portugal,PRT,2008,0,88378.82,0,550775.3,9941806
Portugal,PRT,2009,0,88643.65,0,546636.06,9956064
Portugal,PRT,2010,0,88649.58,0,533531.2,9966221
Portugal,PRT,2011,0,88335.74,0,519715.44,9956775
Portugal,PRT,2012,0,87719.31,0,505335.62,9929031
Portugal,PRT,2013,0,86843.34,0,493692.38,9884000
Portugal,PRT,2014,0,85846.29,0,482564.6,9839961
Portugal,PRT,2015,0,84829.8,0,472484.2,9808121
Portugal,PRT,2016,0,83771.27,0,463277.5,9785704
Portugal,PRT,2017,0,82649.016,0,454789.7,9770091
Portugal,PRT,2018,0,81466.734,0,447005.1,9761363
Portugal,PRT,2019,0,80303.164,0,440334.88,9769284
Portugal,PRT,2020,0,79083.18,0,434338.9,9784770
Portugal,PRT,2021,0,77619.92,0,427976.28,9784507
Portugal,PRT,2022,0,75962.4,0,421482.9,9773419
Puerto Rico,PRI,2000,0,106652.1,0,845075,2875381
Puerto Rico,PRI,2001,0,101140.445,0,847467.9,2883522.8
Puerto Rico,PRI,2002,0,95454.96,0,848450.8,2886867.2
Puerto Rico,PRI,2003,0,89684.72,0,848592.8,2887350.2
Puerto Rico,PRI,2004,0,83853.945,0,847965.9,2885217.2
Puerto Rico,PRI,2005,0,77989.336,0,846690.9,2880879
Puerto Rico,PRI,2006,0,72110.63,0,844846.1,2874602.5
Puerto Rico,PRI,2007,0,66236.03,0,842519.2,2866684.5
Puerto Rico,PRI,2008,0,60381.637,0,839801.06,2857436.2
Puerto Rico,PRI,2009,0,54567.27,0,736874.3,2947497.2
Puerto Rico,PRI,2010,0,48777.34,0,634237.8,3034906.8
Puerto Rico,PRI,2011,0,42987.79,0,531657,3116969
Puerto Rico,PRI,2012,0,37201.41,0,429321.84,3191464.8
Puerto Rico,PRI,2013,0,31432.973,0,327642.06,3255943
Puerto Rico,PRI,2014,0,25704.357,0,227205.38,3307100.2
Puerto Rico,PRI,2015,0,20093.947,0,129154.66,3348086.2
Puerto Rico,PRI,2016,0,14660.202,0,34180.797,3383899
Puerto Rico,PRI,2017,0,9412.129,0,9232.857,3347762.8
Puerto Rico,PRI,2018,0,4385.0674,0,4206.3364,3310677.8
Puerto Rico,PRI,2019,0,0,0,4178.4233,3288708.5
Puerto Rico,PRI,2020,0,0,0,4151.366,3267412.5
Puerto Rico,PRI,2021,0,0,0,4131.6523,3251896.5
Puerto Rico,PRI,2022,0,0,0,4127.057,3248280
Qatar,QAT,2000,0,627.0447,0,23012.826,622297.1
Qatar,QAT,2001,0,658.9766,0,24184.742,653987.25
Qatar,QAT,2002,0,692.3268,0,25408.709,687084.9
Qatar,QAT,2003,0,726.63226,0,26667.734,721130.6
Qatar,QAT,2004,0,755.1898,0,27715.81,749471.94
Qatar,QAT,2005,0,823.887,0,30237.03,817649.06
Qatar,QAT,2006,0,985.37164,0,36163.59,977911
Qatar,QAT,2007,0,1195.8627,0,43888.703,1186808.4
Qatar,QAT,2008,0,1402.0349,0,51455.32,1391419.5
Qatar,QAT,2009,0,1464.2056,0,51902.883,1556907
Qatar,QAT,2010,0,1452.7556,0,49412.645,1662638.8
Qatar,QAT,2011,0,1418.7367,0,45901.066,1756851.2
Qatar,QAT,2012,0,1381.4178,0,42011.55,1862267.1
Qatar,QAT,2013,0,1350.4331,0,47923.62,1986227
Qatar,QAT,2014,0,1333.0587,0,55749.848,2157382.2
Qatar,QAT,2015,0,1305.1138,0,64727.293,2348540.8
Qatar,QAT,2016,0,1243.2219,0,73803.28,2520119.5
Qatar,QAT,2017,0,1132.4032,0,81544.56,2629078
Qatar,QAT,2018,0,985.3112,0,87713.68,2678033
Qatar,QAT,2019,0,827.1961,0,93580.336,2712827.5
Qatar,QAT,2020,0,643.7311,0,92024.234,2667717
Qatar,QAT,2021,0,461.68015,0,89624.445,2598149
Qatar,QAT,2022,0,297.21423,0,89859.58,2604965.2
Reunion,REU,2000,0,2188.8582,0,19229.895,764005.3
Reunion,REU,2001,0,2216.9326,0,19476.541,773804.56
Reunion,REU,2002,0,2244.0935,0,19715.158,783284.8
Reunion,REU,2003,0,2271.2595,0,19953.822,792766.94
Reunion,REU,2004,0,2297.8098,0,20187.076,802034.1
Reunion,REU,2005,0,2323.2734,0,20410.781,810922
Reunion,REU,2006,0,2238.5383,0,20700.34,822426.1
Reunion,REU,2007,0,2159.3923,0,21076.256,837361.4
Reunion,REU,2008,0,2071.6313,0,21406.967,850500.44
Reunion,REU,2009,0,1970.6708,0,21633.652,859506.75
Reunion,REU,2010,0,1862.7529,0,21808.63,866458.6
Reunion,REU,2011,0,1751.8794,0,23266.406,871615.7
Reunion,REU,2012,0,1637.3962,0,24716.154,875790.44
Reunion,REU,2013,0,1520.1023,0,26160.19,879209.7
Reunion,REU,2014,0,1406.3394,0,27713.895,885669.7
Reunion,REU,2015,0,1290.1101,0,29284.682,891920.1
Reunion,REU,2016,0,1167.2418,0,30759.605,894701.1
Reunion,REU,2017,0,1045.4431,0,32315.424,899378.2
Reunion,REU,2018,0,924.2424,0,33973.703,906289.1
Reunion,REU,2019,0,800.51373,0,35648.77,912969.75
Reunion,REU,2020,0,674.6198,0,37354.785,919792.56
Reunion,REU,2021,0,546.3384,0,39081.703,926501
Reunion,REU,2022,0,550.8187,0,40811.375,932689.8
Romania,ROU,2000,0,0,0,4021853.2,17898022
Romania,ROU,2001,0,0.15624999,0,4008795,17788794
Romania,ROU,2002,0,0.75,0,3986713.2,17666816
Romania,ROU,2003,0,0.6640625,0,3946981.8,17534336
Romania,ROU,2004,0,0,0,3903803.8,17385482
Romania,ROU,2005,0,0.328125,0,3859855.5,17232408
Romania,ROU,2006,0,0.60937494,0,3818639,17090762
Romania,ROU,2007,0,0,0,3780783,16963448
Romania,ROU,2008,0,0.18750001,0,3746404.8,16851104
Romania,ROU,2009,0,0,0,3714954.2,16751364
Romania,ROU,2010,0,0.0625,0,3683617,16651594
Romania,ROU,2011,0,0,0,3655301.5,16564984
Romania,ROU,2012,0,0,0,3639468.8,16497649
Romania,ROU,2013,0,0.10156251,0,3628815.8,16437731
Romania,ROU,2014,0,0.0625,0,3618123,16377712
Romania,ROU,2015,0,0,0,3602614,16303464
Romania,ROU,2016,0,0,0,3582293.2,16215527
Romania,ROU,2017,0,0,0,3562378.2,16136475
Romania,ROU,2018,0,0,0,3542287.5,16064495
Romania,ROU,2019,0,0.062499996,0,3522616.8,16001594
Romania,ROU,2020,0,0,0,3501738,15940299
Romania,ROU,2021,0,0.42968753,0,3473914,15854645
Romania,ROU,2022,0,0.3984375,0,3524449.2,16134819
Russia,RUS,2000,1154641,4773844,904250.8,30253990,109758120
Russia,RUS,2001,1149978.8,4754547,900568.8,30129482,109300950
Russia,RUS,2002,1145063.5,4623411,898359.2,30036770,108886536
Russia,RUS,2003,1138982.5,4488814,895499.94,29934596,108488824
Russia,RUS,2004,1132893.1,4355435.5,892711.44,29839132,108133464
Russia,RUS,2005,1127124.9,4224463.5,890154.8,29751492,107806810
Russia,RUS,2006,1122089.6,4097305.2,888157.56,29682626,107548490
Russia,RUS,2007,1118942.6,3977869.2,887640.1,29663292,107469944
Russia,RUS,2008,,4981486.5,888293.56,29683146,107533624
Russia,RUS,2009,,4870323.5,889631.3,29725604,107678080
Russia,RUS,2010,,4759277,890958.56,29768092,107824270
Russia,RUS,2011,,4649793,892549.06,29819436,108002770
Russia,RUS,2012,,4543242,894776,29896714,108294630
Russia,RUS,2013,,4437061,897155.3,29983478,108639150
Russia,RUS,2014,,4329136,899260.9,30066224,108990440
Russia,RUS,2015,,4221410,901463.75,30156752,109388770
Russia,RUS,2016,,4113834.5,903755.5,30255196,109836370
Russia,RUS,2017,,4002143.2,905166.8,30329186,110216040
Russia,RUS,2018,,3885589,905426.1,30369276,110492000
Russia,RUS,2019,,3765529.2,904742.94,30382458,110689550
Russia,RUS,2020,,3639749.5,902465.4,30346760,110728350
Russia,RUS,2021,,3504715.2,897517.9,30225800,110474710
Russia,RUS,2022,,3373619.8,893110.56,30127128,110319460
Rwanda,RWA,2000,1495597,1244699.9,1761741,,
Rwanda,RWA,2001,1458791.2,1238324.8,1776929.4,,
Rwanda,RWA,2002,1426359,1236000.8,1797825.6,,
Rwanda,RWA,2003,1408171.5,1245321.8,1834556.5,,
Rwanda,RWA,2004,1393363.5,1258657.4,1877480,,
Rwanda,RWA,2005,1377546,1272507.4,1921724.2,,
Rwanda,RWA,2006,1360337.6,1286619.2,1966937.1,,
Rwanda,RWA,2007,1341595.9,1300948.1,2013066.8,,
Rwanda,RWA,2008,1320659.4,1314941.4,2059264.2,,
Rwanda,RWA,2009,1297055.4,1328180,2104854.8,,
Rwanda,RWA,2010,1270830,1340745,2149928,,
Rwanda,RWA,2011,1241800.9,1352484.6,2194205.5,,
Rwanda,RWA,2012,1209120.9,1362478.2,2236139.2,,
Rwanda,RWA,2013,1173110.2,1371035.9,2276145,,
Rwanda,RWA,2014,1134514.8,1379033.9,2315650.2,,
Rwanda,RWA,2015,1093354.5,1386565.8,2354792.5,,
Rwanda,RWA,2016,1050058.1,1394293.9,2394687,,
Rwanda,RWA,2017,1004228.9,1401870.6,2434759,,
Rwanda,RWA,2018,954958.3,1408138.9,2472979.8,,
Rwanda,RWA,2019,902218,1413048,2509198.2,,
Rwanda,RWA,2020,846400.75,1417244.4,2544513.5,,
Rwanda,RWA,2021,787157.3,1420241.8,2578018,,
Rwanda,RWA,2022,724182.2,1421485.4,2662279.2,,
Saint Barthelemy,BLM,2000,0,42.902447,0,20.90879,7018.189
Saint Barthelemy,BLM,2001,0,44.047398,0,21.466791,7205.486
Saint Barthelemy,BLM,2002,0,45.210526,0,22.03365,7395.756
Saint Barthelemy,BLM,2003,0,46.373657,0,22.600508,7586.0264
Saint Barthelemy,BLM,2004,0,47.542843,0,23.170317,7777.287
Saint Barthelemy,BLM,2005,0,44.83317,0,21.916927,7977.25
Saint Barthelemy,BLM,2006,0,41.918327,0,20.564928,8174.517
Saint Barthelemy,BLM,2007,0,38.81648,0,19.123045,8372.061
Saint Barthelemy,BLM,2008,0,35.52763,0,17.591152,8569.881
Saint Barthelemy,BLM,2009,0,32.051773,0,15.969118,8767.979
Saint Barthelemy,BLM,2010,0,28.322742,0,14.223581,8945.453
Saint Barthelemy,BLM,2011,0,24.288385,0,12.326889,9071.384
Saint Barthelemy,BLM,2012,0,20.111572,0,10.359665,9185.528
Saint Barthelemy,BLM,2013,0,15.853883,0,8.353352,9313.793
Saint Barthelemy,BLM,2014,0,11.492543,0,6.296893,9454.21
Saint Barthelemy,BLM,2015,0,7.028335,0,4.1928,9631.778
Saint Barthelemy,BLM,2016,0,2.4052842,0,2.0135891,9837.581
Saint Barthelemy,BLM,2017,0,0,0,0,10044
Saint Barthelemy,BLM,2018,0,0,0,0,10258
Saint Barthelemy,BLM,2019,0,0,0,0,10480
Saint Barthelemy,BLM,2020,0,0,0,0,10681
Saint Barthelemy,BLM,2021,0,0,0,0,10861
Saint Barthelemy,BLM,2022,0,0,0,0,10967
Saint Helena,SHN,2002,0,87.76499,0,574.0182,5189.217
Saint Helena,SHN,2003,0,86.205,0,563.81525,5096.98
Saint Helena,SHN,2004,0,84.57,0,553.12164,5000.308
Saint Helena,SHN,2005,0,82.979996,0,542.7224,4906.2974
Saint Helena,SHN,2006,0,81.39,0,532.3232,4812.287
Saint Helena,SHN,2007,0,77.038506,0,521.50183,4714.46
Saint Helena,SHN,2008,0,73.64,0,516.5615,4669.799
Saint Helena,SHN,2009,0,71.347496,0,519.2797,4694.3726
Saint Helena,SHN,2010,0,69.173,0,523.082,4728.745
Saint Helena,SHN,2011,0,66.95,0,526.78937,4762.2603
Saint Helena,SHN,2012,0,64.668,0,530.3034,4794.0283
Saint Helena,SHN,2013,0,62.353,0,533.82086,4825.826
Saint Helena,SHN,2014,0,60.026997,0,537.5385,4859.434
Saint Helena,SHN,2015,0,57.718502,0,541.75244,4897.5293
Saint Helena,SHN,2016,0,55.100002,0,543.30804,4911.5923
Saint Helena,SHN,2017,0,52.202496,0,542.1026,4900.695
Saint Helena,SHN,2018,0,49.247997,0,540.10614,4882.646
Saint Helena,SHN,2019,0,49.023,0,537.6385,4860.3384
Saint Helena,SHN,2020,0,48.78,0,534.9735,4836.2466
Saint Helena,SHN,2021,0,48.635998,0,533.3942,4821.969
Saint Helena,SHN,2022,0,48.365997,0,530.43317,4795.2007
Saint Kitts and Nevis,KNA,2000,0,704.69366,0,,
Saint Kitts and Nevis,KNA,2001,0,707.10254,0,,
Saint Kitts and Nevis,KNA,2002,0,705.61346,0,,
Saint Kitts and Nevis,KNA,2003,0,702.3759,0,,
Saint Kitts and Nevis,KNA,2004,0,698.8267,0,,
Saint Kitts and Nevis,KNA,2005,0,695.1809,0,,
Saint Kitts and Nevis,KNA,2006,0,691.558,0,,
Saint Kitts and Nevis,KNA,2007,0,687.7809,0,,
Saint Kitts and Nevis,KNA,2008,0,683.96857,0,,
Saint Kitts and Nevis,KNA,2009,0,679.9631,0,,
Saint Kitts and Nevis,KNA,2010,0,675.73987,0,,
Saint Kitts and Nevis,KNA,2011,0,672.3494,0,,
Saint Kitts and Nevis,KNA,2012,0,668.4665,0,,
Saint Kitts and Nevis,KNA,2013,0,663.0756,0,,
Saint Kitts and Nevis,KNA,2014,0,663.38104,0,,
Saint Kitts and Nevis,KNA,2015,0,663.39496,0,,
Saint Kitts and Nevis,KNA,2016,0,663.3671,0,,
Saint Kitts and Nevis,KNA,2017,0,663.3255,0,,
Saint Lucia,LCA,2000,0,12578.735,2765.3718,,
Saint Lucia,LCA,2001,0,12694.918,2781.8489,,
Saint Lucia,LCA,2002,0,12904.691,2793.186,,
Saint Lucia,LCA,2003,0,12423.484,2817.8782,,
Saint Lucia,LCA,2004,0,11914.349,2842.087,,
Saint Lucia,LCA,2005,0,11378.403,2866.043,,
Saint Lucia,LCA,2006,0,10815.572,2889.3977,,
Saint Lucia,LCA,2007,0,10228.325,2912.6328,,
Saint Lucia,LCA,2008,0,9620.143,2936.5295,,
Saint Lucia,LCA,2009,0,8993.27,2961.889,,
Saint Lucia,LCA,2010,0,8344.147,2991.106,,
Saint Lucia,LCA,2011,0,7632.489,3026.0745,,
Saint Lucia,LCA,2012,0,6900.791,3057.1577,,
Saint Lucia,LCA,2013,0,6155.417,3086.2686,,
Saint Lucia,LCA,2014,0,5401.289,3115.0952,,
Saint Lucia,LCA,2015,0,4639.424,3144.0212,,
Saint Lucia,LCA,2016,0,3869.7131,3172.6316,,
Saint Lucia,LCA,2017,0,3092.499,3200.726,,
Saint Lucia,LCA,2018,0,2308.717,3228.573,,
Saint Lucia,LCA,2019,0,2316.611,3241.774,,
Saint Lucia,LCA,2020,0,2323.8252,3254.3203,,
Saint Lucia,LCA,2021,0,2327.7139,3262.607,,
Saint Lucia,LCA,2022,0,2328.7583,3267.2034,,
Saint Martin (French part),MAF,2000,0,0,0,977.13,28632.87
Saint Martin (French part),MAF,2001,0,0,0,1002.771,29384.227
Saint Martin (French part),MAF,2002,0,0,0,1028.28,30131.719
Saint Martin (French part),MAF,2003,0,0,0,1053.657,30875.342
Saint Martin (French part),MAF,2004,0,0,0,1079.001,31617.996
Saint Martin (French part),MAF,2005,0,0,0,1103.916,32348.082
Saint Martin (French part),MAF,2006,0,0,0,1128.039,33054.957
Saint Martin (French part),MAF,2007,0,0,0,1151.271,33735.727
Saint Martin (French part),MAF,2008,0,0,0,1172.853,34368.145
Saint Martin (French part),MAF,2009,0,0,0,1192.356,34939.64
Saint Martin (French part),MAF,2010,0,0.61038303,0,1203.0938,35254.297
Saint Martin (French part),MAF,2011,0,2.987582,0,1199.4514,35147.562
Saint Martin (French part),MAF,2012,0,5.318755,0,1188.6825,34832
Saint Martin (French part),MAF,2013,0,7.594094,0,1175.8364,34455.57
Saint Martin (French part),MAF,2014,0,9.821283,0,1163.289,34087.89
Saint Martin (French part),MAF,2015,0,12.04612,0,1155.2625,33852.69
Saint Martin (French part),MAF,2016,0,14.252512,0,1148.2927,33648.453
Saint Martin (French part),MAF,2017,0,16.38121,0,1137.8273,33341.79
Saint Martin (French part),MAF,2018,0,18.290913,0,1116.5125,32717.197
Saint Martin (French part),MAF,2019,0,20.063616,0,1092.3308,32008.605
Saint Martin (French part),MAF,2020,0,21.850048,0,1073.528,31457.623
Saint Martin (French part),MAF,2021,0,23.53487,0,1053.5073,30870.957
Saint Martin (French part),MAF,2022,0,23.419214,0,1048.3301,30719.25
Saint Pierre and Miquelon,SPM,2007,0,521.504,0,501.59592,5040.9004
Saint Pierre and Miquelon,SPM,2008,0,521.07404,0,501.1823,5036.744
Saint Pierre and Miquelon,SPM,2009,0,520.644,0,500.7687,5032.5874
Saint Pierre and Miquelon,SPM,2010,0,520.47205,0,500.6033,5030.925
Saint Pierre and Miquelon,SPM,2011,0,519.87,0,500.0243,5025.106
Saint Pierre and Miquelon,SPM,2012,0,518.322,0,498.53537,5010.1426
Saint Pierre and Miquelon,SPM,2013,0,516.43005,0,496.7156,4991.8545
Saint Pierre and Miquelon,SPM,2014,0,515.054,0,495.39212,4978.5537
Saint Pierre and Miquelon,SPM,2015,0,514.10803,0,494.48224,4969.41
Saint Pierre and Miquelon,SPM,2016,0,512.99005,0,493.40692,4958.6035
Saint Pierre and Miquelon,SPM,2017,0,512.302,0,492.74515,4951.9526
Saint Pierre and Miquelon,SPM,2018,0,511.184,0,491.66983,4941.146
Saint Pierre and Miquelon,SPM,2019,0,509.55005,0,490.09824,4925.352
Saint Pierre and Miquelon,SPM,2020,0,507.91602,0,488.5266,4909.5576
Saint Vincent and the Grenadines,VCT,2008,586.3693,3030.2305,0,,
Saint Vincent and the Grenadines,VCT,2009,581.6197,2841.2827,0,,
Saint Vincent and the Grenadines,VCT,2010,576.5769,2651.7493,0,,
Saint Vincent and the Grenadines,VCT,2011,571.1553,2461.5159,0,,
Saint Vincent and the Grenadines,VCT,2012,565.66315,2272.1611,0,,
Saint Vincent and the Grenadines,VCT,2013,560.1177,2083.8147,0,,
Saint Vincent and the Grenadines,VCT,2014,555.06964,1898.4381,0,,
Saint Vincent and the Grenadines,VCT,2015,550.5915,1886.9349,0,,
Saint Vincent and the Grenadines,VCT,2016,545.6566,1873.8579,0,,
Saint Vincent and the Grenadines,VCT,2000,,5179.772,0,,
Saint Vincent and the Grenadines,VCT,2001,,4993.7607,0,,
Saint Vincent and the Grenadines,VCT,2002,,4806.7583,0,,
Saint Vincent and the Grenadines,VCT,2003,,4613.4624,0,,
Saint Vincent and the Grenadines,VCT,2004,,4414.32,0,,
Saint Vincent and the Grenadines,VCT,2005,,4213.5684,0,,
Saint Vincent and the Grenadines,VCT,2006,,4012.0334,0,,
Saint Vincent and the Grenadines,VCT,2007,,3812.1772,0,,
Saint Vincent and the Grenadines,VCT,2017,,2403.9282,0,,
Saint Vincent and the Grenadines,VCT,2018,,2391.6624,0,,
Samoa,WSM,2000,601.24927,8559.03,14645.152,48868.79,111333.766
Samoa,WSM,2001,606.2542,8635.34,14769.708,49216.062,112302.64
Samoa,WSM,2002,609.8041,8678.785,14852.478,49587.805,112901.13
Samoa,WSM,2003,612.3648,8701.584,14907.714,49956.637,113261.695
Samoa,WSM,2004,614.3473,8716.176,14948.877,50278.207,113515.38
Samoa,WSM,2005,590.90686,8259.535,15027.54,50679.164,114068.85
Samoa,WSM,2006,567.9968,7811.3535,15122.1,51134.92,114742.625
Samoa,WSM,2007,545.95496,7375.916,15244.5205,51683.305,115628.3
Samoa,WSM,2008,524.2701,6945.593,15384.052,52289.18,116643.91
Samoa,WSM,2009,502.52078,6514.292,15530.231,52919.652,117709.3
Samoa,WSM,2010,480.74283,6082.2812,15685.282,53582.445,118841.24
Samoa,WSM,2011,459.0729,5650.9595,15855.35,54299.637,120085.98
Samoa,WSM,2012,437.25693,5216.53,16032.721,55056.04,121381.45
Samoa,WSM,2013,415.15152,4777.3643,14579.683,57176.637,122990.16
Samoa,WSM,2014,392.65747,4332.5635,13092.237,59626.816,124312.74
Samoa,WSM,2015,369.76453,3881.9907,11569.778,62115.766,125633.695
Samoa,WSM,2016,346.74924,3428.4424,10020.336,64694.035,127054.445
Samoa,WSM,2017,323.47546,2970.139,8438.119,67349.94,128548.336
Samoa,WSM,2018,299.6822,2504.3262,6816.0034,70033.12,130047.88
Samoa,WSM,2019,260.70663,2164.345,5155.14,72783.414,131541.38
Samoa,WSM,2020,244.6744,1883.5323,3467.153,75847.555,133486.1
Samoa,WSM,2021,228.79541,1598.17,1953.2418,79031.46,135952.34
Samoa,WSM,2022,211.87054,1298.875,629.42676,81938.66,138303.17
San Marino,SMR,2000,0,0,0,0,26823
San Marino,SMR,2001,0,0,0,0,27335
San Marino,SMR,2002,0,0,0,0,27969
San Marino,SMR,2003,0,0,0,0,28601
San Marino,SMR,2004,0,0,0,0,29093
San Marino,SMR,2005,0,0,0,0,29508
San Marino,SMR,2006,0,0,0,0,29959
San Marino,SMR,2007,0,0,0,0,30372
San Marino,SMR,2008,0,0,0,0,30700
San Marino,SMR,2009,0,0,0,0,31059
San Marino,SMR,2010,0,0,0,0,31608
San Marino,SMR,2011,0,0,0,0,32494.998
San Marino,SMR,2012,0,0,0,0,33132
San Marino,SMR,2013,0,0,0,0,33285
San Marino,SMR,2014,0,0,0,0,33389
San Marino,SMR,2015,0,0,0,0,33570
San Marino,SMR,2016,0,0,0,0,33834
San Marino,SMR,2017,0,0,0,0,34056
San Marino,SMR,2018,0,0,0,0,34156
San Marino,SMR,2019,0,0,0,0,34178
San Marino,SMR,2020,0,0,0,0,34007
San Marino,SMR,2021,0,0,0,0,33745
San Marino,SMR,2022,0,0,0,0,33660
Sao Tome and Principe,STP,2000,14309.07,13157.317,17435.62,61786.516,37025.484
Sao Tome and Principe,STP,2001,13947.409,12712.333,18285.666,62961.62,38350.965
Sao Tome and Principe,STP,2002,13626.9795,12316.464,19303.746,64563.324,40030.496
Sao Tome and Principe,STP,2003,13302.783,11913.569,20400.38,66292.44,41852.82
Sao Tome and Principe,STP,2004,12949.92,11478.063,21533.762,68008.984,43726.273
Sao Tome and Principe,STP,2005,12572.501,11012.828,22708.676,69726.54,45659.45
Sao Tome and Principe,STP,2006,12170.826,10518.128,23928.068,71449.695,47658.29
Sao Tome and Principe,STP,2007,11745.533,9994.155,25194.762,73182.71,49727.832
Sao Tome and Principe,STP,2008,11293.882,9438.242,26504.328,74908.75,51858.793
Sao Tome and Principe,STP,2009,10812.137,8846.753,27845.64,76594.99,54028.496
Sao Tome and Principe,STP,2010,10296.162,8216.63,29205.94,78206.11,56213.164
Sao Tome and Principe,STP,2011,9748.807,7550.268,30585.549,79745.695,58413.688
Sao Tome and Principe,STP,2012,9175.319,6852.0366,31996.557,81246.19,60653.9
Sao Tome and Principe,STP,2013,8581.177,6124.038,33433.715,82700.9,62917.17
Sao Tome and Principe,STP,2014,7964.66,5365.5044,34888.75,84089.555,65188.52
Sao Tome and Principe,STP,2015,7326.7466,4577.4087,36357.086,85403.82,67458.93
Sao Tome and Principe,STP,2016,6668.7554,3761.2185,37836.484,86641.23,69724.31
Sao Tome and Principe,STP,2017,5992.637,2918.7183,39328.582,87808.31,71987.76
Sao Tome and Principe,STP,2018,5299.8843,2051.3582,40833.93,88908.63,74250.19
Sao Tome and Principe,STP,2019,4799.7437,1609.708,42227.74,89698.63,76263.18
Sao Tome and Principe,STP,2020,4538.4897,1333.863,43721.207,90628.836,78418.62
Sao Tome and Principe,STP,2021,4291.454,1065.8671,45321.14,91690.09,80738.43
Sao Tome and Principe,STP,2022,4253.983,1056.5614,46211.227,93317.72,82540.52
Saudi Arabia,SAU,2015,0,217931.4,216187.12,,
Saudi Arabia,SAU,2016,0,222955.52,221172.39,,
Saudi Arabia,SAU,2017,0,228744.67,226913.81,,
Saudi Arabia,SAU,2018,0,234885.02,233005.75,,
Saudi Arabia,SAU,2019,0,240945.42,239018.62,,
Saudi Arabia,SAU,2020,0,242727.6,240785.22,,
Saudi Arabia,SAU,2021,0,243048.19,241103.3,,
Saudi Arabia,SAU,2022,0,246790.81,244816.3,,
Senegal,SEN,2000,155443.9,3260261.5,489732.5,3855122.2,1943727
Senegal,SEN,2001,152286.62,3236307.5,499597.9,4036020.8,2013814.6
Senegal,SEN,2002,148953.31,3210843,509067.16,4225279.5,2086807.6
Senegal,SEN,2003,145234.97,3178039.2,517522.53,4425794,2167913
Senegal,SEN,2004,141158.97,3138990.2,524948.1,4637119.5,2256474.8
Senegal,SEN,2005,136878.7,3098333,531778.06,4858096,2348971
Senegal,SEN,2006,132402.98,3056460.5,538066.3,5090284.5,2446172.5
Senegal,SEN,2007,127675.234,3012312.2,543605,5332726,2547550.5
Senegal,SEN,2008,122648.23,2964977,548197.56,5584479.5,2652626.2
Senegal,SEN,2009,117351.4,2915381.8,551977.6,5847873,2762446
Senegal,SEN,2010,111757.48,2863123.5,554843.2,6123212,2877185
Senegal,SEN,2011,105825,2807431.2,556606.56,6409639.5,2996378
Senegal,SEN,2012,99533.086,2748018,557165.5,6707152.5,3119964
Senegal,SEN,2013,92846.61,2684169.2,556326.6,7014735,3247489
Senegal,SEN,2014,85773.26,2616367.2,554136.06,7334234.5,3379796
Senegal,SEN,2015,78285.58,2544152.5,550452.2,7665943.5,3517346.5
Senegal,SEN,2016,70358.21,2467063.2,545113.06,8009064,3659758
Senegal,SEN,2017,61983.098,2385222.5,538081.2,8364800.5,3807706
Senegal,SEN,2018,55209.723,2296371.5,529246.8,8733008,3961074
Senegal,SEN,2019,49100.68,2200989.8,518440.06,9112731,4119520
Senegal,SEN,2020,42732.914,2100037.2,505597.8,9504475,4283276.5
Senegal,SEN,2021,36096.586,1992893.9,490496.94,9905851,4451381.5
Senegal,SEN,2022,29188.682,1878957.1,472905.06,10313189,4622209
Serbia,SRB,2000,1694.997,48499.188,798314.5,1187463.4,5899050
Serbia,SRB,2001,1683.3312,47678.26,797688.06,1181388.9,5889354.5
Serbia,SRB,2002,1672.4841,46886.336,797430.44,1175879.8,5882400.5
Serbia,SRB,2003,1661.0088,46080.723,796832.75,1169910.8,5872977.5
Serbia,SRB,2004,1647.9741,45239.43,795504.8,1162849.1,5858154
Serbia,SRB,2005,1633.3108,44359.54,764324,1183591.1,5837036
Serbia,SRB,2006,1600.7115,43484.637,732920.7,1203654.6,5813131
Serbia,SRB,2007,1568.3821,42616.92,701632.4,1223496.5,5788859.5
Serbia,SRB,2008,1536.7329,41765.406,670605.4,1243416.1,5765470
Serbia,SRB,2009,1505.5939,40926.81,639780.6,1263307,5742514
Serbia,SRB,2010,1474.9622,40099.68,609137.94,1283164,5719871.5
Serbia,SRB,2011,1444.9502,39288.715,578754.8,1303128.9,5698301
Serbia,SRB,2012,1418.4869,38521.81,548522.4,1324667.4,5678220
Serbia,SRB,2013,1394.0664,37792.285,518707.06,1347316.1,5661466.5
Serbia,SRB,2014,1370.1823,37077.72,489150.12,1370184.8,5646177.5
Serbia,SRB,2015,1346.2164,36359.953,459598.84,1392633.8,5629557.5
Serbia,SRB,2016,1322.1218,35639.32,430077.84,1414618.5,5611630
Serbia,SRB,2017,1297.3324,34910.94,400608.97,1435819.6,5592243
Serbia,SRB,2018,1271.8123,34173.03,371182.66,1456138.2,5571052.5
Serbia,SRB,2019,1245.7683,33432.035,341861.3,1475750,5548767.5
Serbia,SRB,2020,1217.818,32649.295,312288.4,1492908.2,5518941
Serbia,SRB,2021,1186.7615,31793.826,282264.28,1505877.5,5475647
Serbia,SRB,2022,1168.483,31430.646,279498.38,1487809.9,5421458
Seychelles,SYC,2004,3195.884,1538.2097,0,,
Seychelles,SYC,2005,3239.9473,1451.6827,0,,
Seychelles,SYC,2006,3285.5947,1362.8826,0,,
Seychelles,SYC,2007,3332.0718,1271.3632,0,,
Seychelles,SYC,2008,3381.8313,1177.896,0,,
Seychelles,SYC,2009,3434.1184,1081.916,0,,
Seychelles,SYC,2010,3486.1414,982.38434,0,,
Seychelles,SYC,2011,3539.6357,879.7587,0,,
Seychelles,SYC,2012,3595.5442,774.09515,0,,
Seychelles,SYC,2013,3648.5479,664.18463,0,,
Seychelles,SYC,2014,3697.1003,550.08685,0,,
Seychelles,SYC,2015,3743.8416,432.55087,0,,
Seychelles,SYC,2016,3791.6772,311.99643,0,,
Seychelles,SYC,2017,3840.833,188.32549,0,,
Seychelles,SYC,2018,3889.4983,61.377716,0,,
Seychelles,SYC,2000,,4875.6816,0,,
Seychelles,SYC,2001,,4846.946,0,,
Seychelles,SYC,2002,,4813.384,0,,
Seychelles,SYC,2003,,4776.1987,0,,
Seychelles,SYC,2019,,3868.6902,0,,
Seychelles,SYC,2020,,3779.1946,0,,
Seychelles,SYC,2021,,3812.8933,0,,
Seychelles,SYC,2022,,3836.0632,0,,
Sierra Leone,SLE,2000,1677476.8,720930.8,302330.88,1645264.4,238064.03
Sierra Leone,SLE,2001,1766768.1,759948.75,319038.25,1753595.6,257745.58
Sierra Leone,SLE,2002,1804174.8,809136.1,341351.5,1903380.2,282070.1
Sierra Leone,SLE,2003,1810258.1,847302.3,359015.44,2030709.8,303621.56
Sierra Leone,SLE,2004,1802089,881213.7,374827.8,2150599.8,324599
Sierra Leone,SLE,2005,1777813.5,909778.44,388791.03,2261978.8,344972.03
Sierra Leone,SLE,2006,1741799.8,934326.56,401360.16,2367247,365040.53
Sierra Leone,SLE,2007,1703907.5,959316.8,414054.97,2475760.2,386123.38
Sierra Leone,SLE,2008,1669370.6,987879.56,428226.88,2595830.2,409552.56
Sierra Leone,SLE,2009,1636087.5,1019228.8,443537.03,2725851.5,435136.88
Sierra Leone,SLE,2010,1601111.5,1051839.8,459322.44,2862091.5,462333.1
Sierra Leone,SLE,2011,1562044.2,1084215.6,474929.4,3000651,490544.44
Sierra Leone,SLE,2012,1519363.4,1116609.9,490457.66,3142250.5,519905.62
Sierra Leone,SLE,2013,1473051.8,1148943.5,505845.78,3286628.5,550389.4
Sierra Leone,SLE,2014,1423022.5,1181095.6,521045.8,3433548.5,581975.5
Sierra Leone,SLE,2015,1369125.2,1212836.4,535937.3,3582315.8,614558.1
Sierra Leone,SLE,2016,1312653.2,1245262.2,551004.1,3736266,648727.06
Sierra Leone,SLE,2017,1253276.1,1278193.4,566224.2,3895361.5,684509.5
Sierra Leone,SLE,2018,1190201.9,1310833.2,581261.56,4057438.5,721545.7
Sierra Leone,SLE,2019,1123773.2,1343446.6,596223,4223382.5,760002.7
Sierra Leone,SLE,2020,1053979.8,1375954.2,611071.8,4393090.5,799873.6
Sierra Leone,SLE,2021,980612.25,1407969.6,625635.44,4565458.5,840964.75
Sierra Leone,SLE,2022,903659.8,1439261.2,639810.56,4739831,883154.75
Singapore,SGP,2000,0,0,0,0,4053602
Singapore,SGP,2001,0,0,0,0,4121337
Singapore,SGP,2002,0,0,0,0,4176794
Singapore,SGP,2003,0,0,0,0,4226413
Singapore,SGP,2004,0,0,0,0,4270401
Singapore,SGP,2005,0,0,0,0,4344637
Singapore,SGP,2006,0,0,0,0,4486583
Singapore,SGP,2007,0,0,0,0,4663256
Singapore,SGP,2008,0,0,0,0,4838402
Singapore,SGP,2009,0,0,0,0,5010704
Singapore,SGP,2010,0,0,0,0,5163590
Singapore,SGP,2011,0,0,0,0,5281344
Singapore,SGP,2012,0,0,0,0,5381005
Singapore,SGP,2013,0,0,0,0,5478055
Singapore,SGP,2014,0,0,0,0,5570502
Singapore,SGP,2015,0,0,0,0,5650018
Singapore,SGP,2016,0,0,0,0,5711933
Singapore,SGP,2017,0,0,0,0,5764487
Singapore,SGP,2018,0,0,0,0,5814537
Singapore,SGP,2019,0,0,0,0,5866405
Singapore,SGP,2020,0,0,0,0,5909869
Singapore,SGP,2021,0,0,0,0,5941060
Singapore,SGP,2022,0,0,0,0,5975689
Sint Maarten (Dutch part),SXM,2000,0,1055.3727,0,,
Sint Maarten (Dutch part),SXM,2001,0,1081.0282,0,,
Sint Maarten (Dutch part),SXM,2002,0,1116.0448,0,,
Sint Maarten (Dutch part),SXM,2003,0,1156.2563,0,,
Sint Maarten (Dutch part),SXM,2004,0,1197.1936,0,,
Sint Maarten (Dutch part),SXM,2005,0,1238.8285,0,,
Sint Maarten (Dutch part),SXM,2006,0,1281.4113,0,,
Sint Maarten (Dutch part),SXM,2007,0,1324.7614,0,,
Sint Maarten (Dutch part),SXM,2008,0,1368.5947,0,,
Sint Maarten (Dutch part),SXM,2009,0,1412.4716,0,,
Sint Maarten (Dutch part),SXM,2010,0,1455.3424,0,,
Sint Maarten (Dutch part),SXM,2011,0,1498.905,0,,
Sint Maarten (Dutch part),SXM,2012,0,1614.4299,0,,
Sint Maarten (Dutch part),SXM,2013,0,1767.5448,0,,
Sint Maarten (Dutch part),SXM,2014,0,1833.329,0,,
Sint Maarten (Dutch part),SXM,2015,0,1885.1406,0,,
Sint Maarten (Dutch part),SXM,2016,0,1938.64,0,,
Sint Maarten (Dutch part),SXM,2017,0,1963.8188,0,,
Slovakia,SVK,2000,0,0.058593746,108561.11,311915.06,4956213.5
Slovakia,SVK,2001,0,0,108635.43,311911.7,4955909
Slovakia,SVK,2002,0,0,108779.49,277519.06,4988907.5
Slovakia,SVK,2003,0,0.0234375,108931.99,243107.3,5022336.5
Slovakia,SVK,2004,0,0.09179688,109112.55,208705.92,5057112.5
Slovakia,SVK,2005,0,0.056640625,109308.51,174267.84,5092666
Slovakia,SVK,2006,0,0,109499.23,139749.8,5127986
Slovakia,SVK,2007,0,0.16406249,109693.125,105167.53,5163521
Slovakia,SVK,2008,0,0.013671876,109929.016,70544.766,5201162.5
Slovakia,SVK,2009,0,0,94217.195,51883.02,5242825.5
Slovakia,SVK,2010,0,0,74344.625,37194.684,5284884.5
Slovakia,SVK,2011,0,0.06835938,54159.465,22610.326,5325910.5
Slovakia,SVK,2012,0,0.041015625,33762.87,29594.734,5345925.5
Slovakia,SVK,2013,0,0,25981.594,35512.223,5353245
Slovakia,SVK,2014,0,0,11557.1875,48062.08,5359949.5
Slovakia,SVK,2015,0,0,11543.806,46197.945,5366702.5
Slovakia,SVK,2016,0,0,11540.388,44339.766,5375323
Slovakia,SVK,2017,0,0.0078125,11546.026,42482.164,5385389
Slovakia,SVK,2018,0,0.12695314,11556.204,40605.69,5394583
Slovakia,SVK,2019,0,0.17187499,11572.08,38716.926,5403634.5
Slovakia,SVK,2020,0,0,11584.612,36787.203,5408309.5
Slovakia,SVK,2021,0,0.17382814,11578.288,34773.824,5401270
Slovakia,SVK,2022,0,0.119140625,12014.337,33994.93,5597443.5
Slovenia,SVN,2000,0,9921.694,0,166580.7,1807836.8
Slovenia,SVN,2001,0,9912.436,0,166425.23,1806149.5
Slovenia,SVN,2002,0,9918.835,0,166532.69,1807315.5
Slovenia,SVN,2003,0,9947.055,0,167006.48,1812457.6
Slovenia,SVN,2004,0,9983.61,0,167620.23,1819118.2
Slovenia,SVN,2005,0,10023.89,0,168296.5,1826457.6
Slovenia,SVN,2006,0,10067.85,0,169034.58,1834467.6
Slovenia,SVN,2007,0,10116.145,0,169845.42,1843267.5
Slovenia,SVN,2008,0,10170.165,0,170752.39,1853110.5
Slovenia,SVN,2009,0,10227.89,0,171721.58,1863628.6
Slovenia,SVN,2010,0,10286.436,0,158714.08,1888286.5
Slovenia,SVN,2011,0,10327.265,0,145298.06,1909827.5
Slovenia,SVN,2012,0,10346.77,0,131499.98,1927507.4
Slovenia,SVN,2013,0,10361.87,0,117598.86,1944413.2
Slovenia,SVN,2014,0,10374.585,0,103632.82,1960909.6
Slovenia,SVN,2015,0,10404.311,0,89778.984,1980678.9
Slovenia,SVN,2016,0,10450.1,0,75961.055,2003608.8
Slovenia,SVN,2017,0,10491.96,0,61995.355,2025904.8
Slovenia,SVN,2018,0,10529.62,0,47896.684,2047497.9
Slovenia,SVN,2019,0,10564.504,0,33686.715,2068649.5
Slovenia,SVN,2020,0,10588.205,0,25955.482,2081097.4
Slovenia,SVN,2021,0,10597.05,0,25977.162,2082835.6
Slovenia,SVN,2022,0,10599.22,0,25982.482,2083262.2
Small Island Developing States,,2000,4620181,4606760,1551458.4,14128641,30263294
Small Island Developing States,,2001,4624618.5,4662755,1578724.2,14135695,30890596
Small Island Developing States,,2002,4694510.5,5056633.5,1654566.9,14602166,31496956
Small Island Developing States,,2003,4697897.5,5105594.5,1682222.8,14856807,31875726
Small Island Developing States,,2004,4696121,5181081.5,1722584.1,15089955,32231164
Small Island Developing States,,2005,4607362.5,5280637.5,1771111,15336290,32656510
Small Island Developing States,,2006,4520238,5375609.5,1823287.6,15573730,33160006
Small Island Developing States,,2007,4418424.5,5480136,1877373.6,15807750,33702424
Small Island Developing States,,2008,4307765.5,5588125.5,1933411.1,16041500,34247116
Small Island Developing States,,2009,4191197.8,5690443.5,1983851,16280781,34808000
Small Island Developing States,,2010,4067387.2,5789456,2036032.4,16514793,35327252
Small Island Developing States,,2011,3936381.2,5889720.5,2090845,16756429,35807268
Small Island Developing States,,2012,3798494.5,6001137.5,2151759,17011228,36288420
Small Island Developing States,,2013,3651975,6113721.5,2205751.5,17268634,36770436
Small Island Developing States,,2014,3497576,6224816,2254388.8,17537536,37233504
Small Island Developing States,,2015,3344792.5,6325156,2297904.8,17817306,37670264
Small Island Developing States,,2016,3193448.5,6415243,2341789,18080404,38095840
Small Island Developing States,,2017,3094333.8,6451238,2391018.5,18349560,38484040
Small Island Developing States,,2018,2997397.8,6505561.5,2455814.5,18700590,38806816
Small Island Developing States,,2019,2974033.8,6455624,2516337.2,18934502,39268490
Small Island Developing States,,2020,2862387,6673122,2625348.8,18992248,39627170
Small Island Developing States,,2021,2743200,6727017.5,2617854,19382656,39917656
Small Island Developing States,,2022,2714366.8,6804458.5,2625416.2,19530318,40301796
Solomon Islands,SLB,2000,32585.676,37290.164,21774.133,,
Solomon Islands,SLB,2001,33246.957,38119.668,22264.9,,
Solomon Islands,SLB,2002,33895.56,38939.64,22750.531,,
Solomon Islands,SLB,2003,34542.047,39762.312,23238.188,,
Solomon Islands,SLB,2004,35187.8,40589.4,23728.898,,
Solomon Islands,SLB,2005,35321.145,46367.48,23928.523,,
Solomon Islands,SLB,2006,35444.43,52328.09,24962.137,,
Solomon Islands,SLB,2007,35557.07,58473.18,26001.143,,
Solomon Islands,SLB,2008,35654.387,64797.15,27041.725,,
Solomon Islands,SLB,2009,35754.043,71335.26,28096.666,,
Solomon Islands,SLB,2010,35872.664,78134.016,29180.338,,
Solomon Islands,SLB,2011,36012.652,85218.36,30295.69,,
Solomon Islands,SLB,2012,36167.703,92595.28,31439.697,,
Solomon Islands,SLB,2013,36326.11,100252.86,32603.479,,
Solomon Islands,SLB,2014,36477.203,108174.13,33777.832,,
Solomon Islands,SLB,2015,36611.53,116337.89,34953.89,,
Solomon Islands,SLB,2016,36722.387,124724.52,36123.848,,
Solomon Islands,SLB,2017,36805.445,133317.33,37282.117,,
Solomon Islands,SLB,2018,37515.92,141607.95,38387.047,,
Solomon Islands,SLB,2019,38225.863,144272.33,39211.332,,
Solomon Islands,SLB,2020,38953.13,147001.4,40057.83,,
Solomon Islands,SLB,2021,39698.242,149797.16,40927.023,,
Somalia,SOM,2000,1921776.6,4030805.5,705289.9,,
Somalia,SOM,2001,1989188.8,3957254.5,835878.94,,
Somalia,SOM,2002,2053836.6,3863214,972506.56,,
Somalia,SOM,2003,2108328.8,3745235,1117859.5,,
Somalia,SOM,2004,2163591.5,3615746.8,1270440.2,,
Somalia,SOM,2005,2095254,3587222,1427514.1,,
Somalia,SOM,2006,2013601.5,3538354.8,1585144.2,,
Somalia,SOM,2007,2021558,3578563.2,1757167.9,,
Somalia,SOM,2008,1905246.1,3494188.8,1927532.4,,
Somalia,SOM,2009,1777596.5,3387912.2,2092038.9,,
Somalia,SOM,2010,1648159,3276248.5,2258874.5,,
Somalia,SOM,2011,1502625.2,3128727.5,2404659.2,,
Somalia,SOM,2012,1384877.2,3015442.8,2567279.8,,
Somalia,SOM,2013,1282841.5,2939784.5,2772962.2,,
Somalia,SOM,2014,1177432.1,2863030.8,2994382,,
Somalia,SOM,2015,1063750.6,2773992.2,3221606,,
Somalia,SOM,2016,947160,2687142.8,3472873,,
Somalia,SOM,2017,823749.06,2594012.5,3741897.8,,
Somalia,SOM,2018,689445.3,2482156.8,4012045.8,,
Somalia,SOM,2019,547002.8,2359763.2,4295301,,
Somalia,SOM,2020,397183.44,2218778.5,4581448,,
Somalia,SOM,2021,251765.61,2047184.6,4866250.5,,
Somalia,SOM,2022,256723.06,2092249.5,4996316.5,,
South Africa,ZAF,2000,3845916.5,2057499.6,1316378.5,,
South Africa,ZAF,2001,3710759.5,1994816.2,1331178,,
South Africa,ZAF,2002,3572172,1930411.2,1344898,,
South Africa,ZAF,2003,3432928,1865475.6,1358162.5,,
South Africa,ZAF,2004,3294536.2,1800671,1371368.5,,
South Africa,ZAF,2005,3157182.5,1736079.1,1384571,,
South Africa,ZAF,2006,3020964,1671757.4,1397841.1,,
South Africa,ZAF,2007,2886760.8,1608194.1,1411629.5,,
South Africa,ZAF,2008,2756239.2,1546335.5,1426906.1,,
South Africa,ZAF,2009,2627595,1485169.5,1442919.2,,
South Africa,ZAF,2010,2499126.5,1423749.4,1458843.6,,
South Africa,ZAF,2011,2372503.5,1363017.6,1475685.4,,
South Africa,ZAF,2012,2247333.5,1302768.6,1493375.2,,
South Africa,ZAF,2013,2122880.5,1242562.1,1511529.6,,
South Africa,ZAF,2014,2002526.5,1184411.9,1532859.9,,
South Africa,ZAF,2015,1890938,1131175,1561942.1,,
South Africa,ZAF,2016,1758114.1,1064871.1,1573826.8,,
South Africa,ZAF,2017,1616846.2,992833.56,1576285.5,,
South Africa,ZAF,2018,1490661.6,929459.44,1591766.5,,
South Africa,ZAF,2019,1365866.9,866460.9,1608246.8,,
South Africa,ZAF,2020,1240442.9,802557.6,1623422.9,,
South Africa,ZAF,2021,1113073.4,736811.1,1634837.4,,
South Africa,ZAF,2022,985286.4,670110.9,1643504.5,,
South Korea,KOR,2002,0,614615.56,0,755009.9,45951044
South Korea,KOR,2003,0,617460.94,0,758505.2,46163772
South Korea,KOR,2004,0,619896.8,0,761497.5,46345892
South Korea,KOR,2005,0,622004.7,0,764086.9,46503484
South Korea,KOR,2006,0,624079.9,0,766636.06,46658630
South Korea,KOR,2007,0,586814.06,0,729068.7,46904720
South Korea,KOR,2008,0,549344.7,0,691243.6,47158040
South Korea,KOR,2009,0,511703.4,0,653205,47423110
South Korea,KOR,2010,0,474098.03,0,615229.1,47723716
South Korea,KOR,2011,0,437296.34,0,578356.56,48154228
South Korea,KOR,2012,0,400777.94,0,541987.44,48691420
South Korea,KOR,2013,0,363497.25,0,504762.5,49229970
South Korea,KOR,2014,0,325429.2,0,466643.9,49765972
South Korea,KOR,2015,0,286476.28,0,435728.7,50272200
South Korea,KOR,2016,0,246229.06,0,424548.22,50639210
South Korea,KOR,2017,0,205011.53,0,412261.7,50894370
South Korea,KOR,2018,0,163348.66,0,399560.88,51113988
South Korea,KOR,2019,0,121325.36,0,386460.72,51296040
South Korea,KOR,2020,0,78963.06,0,372649.28,51393080
South Korea,KOR,2021,0,36494.824,0,372850.25,51420796
South Korea,KOR,2022,0,0,0,373009.78,51442796
South Sudan,SSD,2011,2139453.8,1387483,2499743.5,,
South Sudan,SSD,2012,2064736.6,1449720,2774105.8,,
South Sudan,SSD,2013,1965617.6,1504703.9,3051729.5,,
South Sudan,SSD,2014,1805520.4,1519519.2,3259694.2,,
South Sudan,SSD,2015,1623437.5,1517319.4,3436172.5,,
South Sudan,SSD,2016,1427625,1500423.1,3580281.2,,
South Sudan,SSD,2017,1204070.4,1445702.6,3628206.8,,
South Sudan,SSD,2018,1007394.75,1410739.8,3717032,,
South Sudan,SSD,2019,847822.6,1415248.5,3917594.8,,
South Sudan,SSD,2020,857466.2,1435823.8,3969588.5,,
South Sudan,SSD,2021,865519.9,1454092.2,4014811.2,,
South Sudan,SSD,2022,875127.56,1475370.2,4067905.8,,
South-east Asia (WHO),,2000,35286172,216853810,56681176,,
South-east Asia (WHO),,2001,34767996,211474240,57681300,,
South-east Asia (WHO),,2002,34253376,206104740,58448884,,
South-east Asia (WHO),,2003,33657252,200086290,59133690,,
South-east Asia (WHO),,2004,33026020,193785540,59780490,,
South-east Asia (WHO),,2005,32332162,187300540,60373264,,
South-east Asia (WHO),,2006,31605730,180535700,60943610,,
South-east Asia (WHO),,2007,30853854,173525600,61475108,,
South-east Asia (WHO),,2008,30069368,166276060,61964304,,
South-east Asia (WHO),,2009,29268850,158817040,62425050,,
South-east Asia (WHO),,2010,28474736,151196460,62884664,,
South-east Asia (WHO),,2011,27685024,143439860,63330788,,
South-east Asia (WHO),,2012,26882306,135481500,63748588,,
South-east Asia (WHO),,2013,25921454,127452440,64132270,,
South-east Asia (WHO),,2014,25110134,119032730,64467620,,
South-east Asia (WHO),,2015,24278384,110413304,64755850,,
South-east Asia (WHO),,2016,23435722,101646520,65027772,,
South-east Asia (WHO),,2017,22581778,92757570,65266136,,
South-east Asia (WHO),,2018,21667994,83823510,65384010,,
South-east Asia (WHO),,2019,20565276,74733720,65426292,,
South-east Asia (WHO),,2020,19673944,65405748,65459464,,
South-east Asia (WHO),,2021,18761326,55962656,65535804,,
South-east Asia (WHO),,2022,17921718,46971110,65894930,,
Spain,ESP,2000,0,0.60937506,0,264003.75,40477650
Spain,ESP,2001,0,0,0,265148.5,40701300
Spain,ESP,2002,0,0.70312506,0,254225.86,41223430
Spain,ESP,2003,0,0.46875,0,244042.88,41986224
Spain,ESP,2004,0,0,0,233120.58,42726544
Spain,ESP,2005,0,0.953125,0,221591.55,43463784
Spain,ESP,2006,0,0.92187506,0,209522.23,44213308
Spain,ESP,2007,0,1.7265624,0,197214.3,45048564
Spain,ESP,2008,0,0.890625,0,183827,45782710
Spain,ESP,2009,0,1.4921875,0,183803.62,46183970
Spain,ESP,2010,0,1.4921875,0,183278.95,46389492
Spain,ESP,2011,0,0,0,182558.25,46546670
Spain,ESP,2012,0,6468.6123,0,181330.16,46568284
Spain,ESP,2013,0,20206.555,0,179388.42,46403868
Spain,ESP,2014,0,33947.316,0,177496.27,46253108
Spain,ESP,2015,0,34021.957,0,176013.08,46221310
Spain,ESP,2016,0,34156.83,0,174803.1,46264356
Spain,ESP,2017,0,34339.78,0,173836.12,46375990
Spain,ESP,2018,0,34599.707,0,173215.97,46584230
Spain,ESP,2019,0,34953.438,0,173048.66,46923370
Spain,ESP,2020,0,35234.047,0,172465.7,47156108
Spain,ESP,2021,0,35434.223,0,171468.06,47280028
Spain,ESP,2022,0,35594.027,0,170267,47352770
Sri Lanka,LKA,2000,775297.94,2117090.8,328286.38,7164423.5,8391273
Sri Lanka,LKA,2001,762986.8,2096499,331983.7,7248737.5,8480069
Sri Lanka,LKA,2002,752235.8,2080418.4,335735.53,7352260,8590057
Sri Lanka,LKA,2003,741190.5,2063782.8,339540.8,7457110,8701556
Sri Lanka,LKA,2004,729579,2045835.8,343272.16,7560550,8811195
Sri Lanka,LKA,2005,717473.4,2026772.1,346955.12,7663172.5,8919492
Sri Lanka,LKA,2006,705484.6,2008315.4,350892.44,7759623,9046389
Sri Lanka,LKA,2007,693506.4,1990197.9,355046.53,7860881,9179023
Sri Lanka,LKA,2008,681089.2,1971142.8,359202.75,7962092,9312116
Sri Lanka,LKA,2009,667942.2,1950299.8,363199.22,8059711,9441325
Sri Lanka,LKA,2010,654081.9,1927690.9,367026.44,8153549,9566209
Sri Lanka,LKA,2011,640013.56,1904789.5,370962.97,8249688,9694288
Sri Lanka,LKA,2012,624573.2,1878107.2,374318.34,8332806,9807342
Sri Lanka,LKA,2013,607488.4,1846766.6,376893.53,8397785,9902823
Sri Lanka,LKA,2014,589870.9,1814087.1,379315.4,8458644,9997540
Sri Lanka,LKA,2015,571642.94,1779835.6,381510.7,8513872,10089836
Sri Lanka,LKA,2016,552891.5,1744274.4,383508.22,8564270,10180550
Sri Lanka,LKA,2017,536319.7,1704875.4,385312.97,8610045,10270258
Sri Lanka,LKA,2018,520783.47,1662856.1,386912.94,8651049,10359110
Sri Lanka,LKA,2019,504945.47,1619927.1,388348.44,8782429,10354015
Sri Lanka,LKA,2020,488847.16,1576206.6,389628.53,8925881,10334515
Sri Lanka,LKA,2021,472432.2,1531484.5,390679.66,9067095,10311749
Sri Lanka,LKA,2022,455883.4,1486325.5,391623.8,9209360,10288950
Sub-Saharan Africa (SDG),,2000,117496410,173993220,57379070,183467900,108183330
Sub-Saharan Africa (SDG),,2001,117966650,174024300,60790610,191636260,113164180
Sub-Saharan Africa (SDG),,2002,117286040,174912160,64092092,199491150,119456060
Sub-Saharan Africa (SDG),,2003,116420990,175803120,67524490,207559950,126131256
Sub-Saharan Africa (SDG),,2004,115437700,176627710,71088680,215565460,133542456
Sub-Saharan Africa (SDG),,2005,114221540,177467660,74754330,223832940,141388940
Sub-Saharan Africa (SDG),,2006,112910350,178141330,78490740,232213680,149913330
Sub-Saharan Africa (SDG),,2007,111582850,178925760,82384200,240419580,159058860
Sub-Saharan Africa (SDG),,2008,109972310,179433630,86402024,248830720,169112260
Sub-Saharan Africa (SDG),,2009,108188296,179845250,90539970,257342800,179824000
Sub-Saharan Africa (SDG),,2010,106296070,180148720,94800040,265891470,191268750
Sub-Saharan Africa (SDG),,2011,106402850,181750860,101615944,278497900,203691380
Sub-Saharan Africa (SDG),,2012,104157570,181922690,106332460,287178850,216702510
Sub-Saharan Africa (SDG),,2013,101692430,182024370,111205496,295825660,230511580
Sub-Saharan Africa (SDG),,2014,99009440,181944600,116144184,304351500,245240240
Sub-Saharan Africa (SDG),,2015,96129670,181668340,121161770,312797280,260990420
Sub-Saharan Africa (SDG),,2016,93083144,181280860,126332770,321101540,277232160
Sub-Saharan Africa (SDG),,2017,89641800,180860800,131561270,329562980,293864480
Sub-Saharan Africa (SDG),,2018,86249510,180025570,137128770,341516000,307808030
Sub-Saharan Africa (SDG),,2019,82870690,178647140,142954020,353926240,322279230
Sub-Saharan Africa (SDG),,2020,79475120,177272930,148842460,366758720,336910270
Sub-Saharan Africa (SDG),,2021,76387250,175141520,154663580,379826850,351919520
Sub-Saharan Africa (SDG),,2022,73389470,174146050,160460530,393030700,365739600
Sudan,SDN,2000,2835149.5,6591344.5,5130551,,
Sudan,SDN,2001,2903310.5,6751464.5,5257452.5,,
Sudan,SDN,2002,2968650,6905102.5,5379414,,
Sudan,SDN,2003,3033434.5,7057527,5500533,,
Sudan,SDN,2004,3100711,7215825.5,5626338,,
Sudan,SDN,2005,3037429.2,7046080,5921858,,
Sudan,SDN,2006,2975795.5,6878758,6241934,,
Sudan,SDN,2007,2913002,6707158.5,6584175,,
Sudan,SDN,2008,2843706.8,6518830.5,6938815.5,,
Sudan,SDN,2009,2766440,6310914,7304567.5,,
Sudan,SDN,2010,2673198.2,6065139.5,7658771.5,,
Sudan,SDN,2011,2563803.8,5781287.5,7994996.5,,
Sudan,SDN,2012,2452017.5,5490415.5,8352338,,
Sudan,SDN,2013,2339024.8,5194809.5,8738966,,
Sudan,SDN,2014,2229156.2,4903452.5,9178717,,
Sudan,SDN,2015,2118451,4606775.5,9667619,,
Sudan,SDN,2016,1998921.2,4286680,10177592,,
Sudan,SDN,2017,1872894.9,3947662,10724472,,
Sudan,SDN,2018,1735860.8,3579609.8,11287982,,
Sudan,SDN,2019,1584052.4,3174632,11839995,,
Sudan,SDN,2020,1420855.6,2739754.8,12396087,,
Sudan,SDN,2021,1247759.6,2277734.2,12964970,,
Sudan,SDN,2022,1064450.4,1850670.8,13528314,,
Suriname,SUR,2000,36555.26,13971.753,1867.4293,179534.47,247069.05
Suriname,SUR,2001,35395.24,13591.416,2044.5619,183815.92,252546.89
Suriname,SUR,2002,34171.227,13187.022,2228.019,188081.94,257997.78
Suriname,SUR,2003,32884.855,12758.408,2417.6313,192319.17,263399.9
Suriname,SUR,2004,31465.416,12278.192,2607.3806,196078.77,268142.25
Suriname,SUR,2005,30054.053,11764.859,2799.056,199488.75,272113.25
Suriname,SUR,2006,28617.203,11240.575,2997.702,202994.81,276172.72
Suriname,SUR,2007,27140.414,10703.316,3203.194,206579.14,280319.9
Suriname,SUR,2008,25618.863,10151.537,3415.402,210222.11,284530.06
Suriname,SUR,2009,24050.328,9584.73,3634.3838,213918.81,288798.75
Suriname,SUR,2010,22434.916,9002.508,3860.2434,217665.95,293116.4
Suriname,SUR,2011,20768.463,8403.574,4092.5742,221434.73,297446.62
Suriname,SUR,2012,19048.473,7786.944,4330.873,225195.25,301749.47
Suriname,SUR,2013,17274.875,7152.6177,4574.901,228935.42,306009.22
Suriname,SUR,2014,15441.813,6500.9844,4824.3,232649.88,310265.03
Suriname,SUR,2015,13556.301,5834.345,5080.3013,236399.84,314604.2
Suriname,SUR,2016,11623.516,5153.9697,5344.128,240236.64,319094.75
Suriname,SUR,2017,9643.393,4459.0405,5615.3877,244135.38,323705.84
Suriname,SUR,2018,7616.314,3749.0051,5893.346,248060.52,328395.88
Suriname,SUR,2019,5548.876,3025.8967,6181.9863,252171.6,333372.66
Suriname,SUR,2020,3437.7898,2287.5676,6478.8823,256358.69,338502.06
Suriname,SUR,2021,3464.1843,2311.3003,6538.606,258770.81,341900.06
Suriname,SUR,2022,3483.7144,2332.1218,6588.144,260793.47,344842.53
Sweden,SWE,2000,0,46062.68,0,7882.2295,8817098
Sweden,SWE,2001,0,45087.58,0,7906.0596,8843755
Sweden,SWE,2002,0,44110.45,0,7933.0693,8873968
Sweden,SWE,2003,0,43160.984,0,7965.62,8910379
Sweden,SWE,2004,0,42242.8,0,8004.63,8954016
Sweden,SWE,2005,0,41342.29,0,8047.8374,9002348
Sweden,SWE,2006,0,40417.87,0,8095.984,9056205
Sweden,SWE,2007,0,39480.348,0,8150.013,9116643
Sweden,SWE,2008,0,38564.92,0,8208.886,9182497
Sweden,SWE,2009,0,37677.348,0,8274.114,9255462
Sweden,SWE,2010,0,36820.125,0,7585.022,9337323
Sweden,SWE,2011,0,35922.043,0,6886.631,9424579
Sweden,SWE,2012,0,34986.312,0,6176.0635,9514825
Sweden,SWE,2013,0,34077.703,0,5453.3506,9609401
Sweden,SWE,2014,0,33198.707,0,4718.0605,9709591
Sweden,SWE,2015,0,32338.068,0,3967.8718,9813043
Sweden,SWE,2016,0,31493.16,0,3201.6248,9918623
Sweden,SWE,2017,0,30658.771,0,2418.5095,10025113
Sweden,SWE,2018,0,29830.916,0,1618.0406,10130849
Sweden,SWE,2019,0,29016.121,0,800.58527,10238105
Sweden,SWE,2020,0,28196.086,0,0,10340773
Sweden,SWE,2021,0,27377.135,0,0,10439720
Sweden,SWE,2022,0,27546.47,0,0,10521800
Switzerland,CHE,2000,0,0.040039062,0,237007.95,6945051
Switzerland,CHE,2001,0,0,0,238405.11,6985998
Switzerland,CHE,2002,0,0.14160156,0,240123.84,7036356
Switzerland,CHE,2003,0,0,0,241913.92,7088815.5
Switzerland,CHE,2004,0,0.12109374,0,243577.98,7137572.5
Switzerland,CHE,2005,0,0,0,245138.3,7183296.5
Switzerland,CHE,2006,0,0,0,246675.06,7228335
Switzerland,CHE,2007,0,0.06933594,0,248882.83,7293020.5
Switzerland,CHE,2008,0,0.15820312,0,252063.5,7386224
Switzerland,CHE,2009,0,0.21484374,0,255235.36,7479169
Switzerland,CHE,2010,0,0.18554688,0,258140.36,7564294.5
Switzerland,CHE,2011,0,0.06640624,0,261062.4,7649919
Switzerland,CHE,2012,0,0,0,263859.3,7731878
Switzerland,CHE,2013,0,0.05664063,0,266916.12,7821450.5
Switzerland,CHE,2014,0,0.22851562,0,270197.1,7917593.5
Switzerland,CHE,2015,0,0.3105469,0,273297.16,8008435
Switzerland,CHE,2016,0,0,0,276305.47,8096593.5
Switzerland,CHE,2017,0,0,0,278905.66,8172780.5
Switzerland,CHE,2018,0,0,0,280976.22,8233458
Switzerland,CHE,2019,0,0.10937499,0,282994.4,8292593
Switzerland,CHE,2020,0,0.20703125,0,285074.25,8353538.5
Switzerland,CHE,2021,0,0,0,286816.4,8404589
Switzerland,CHE,2022,0,0,0,288435.4,8452037
Syria,SYR,2000,91867.59,330801.6,947596.75,,
Syria,SYR,2001,83298.75,326691.78,971628.8,,
Syria,SYR,2002,74408.69,322391.7,996526.7,,
Syria,SYR,2003,65165.82,317809.78,1022036,,
Syria,SYR,2004,55601.633,313163.16,1048957.9,,
Syria,SYR,2005,45690.36,308460.53,1077403.9,,
Syria,SYR,2006,35989.355,308760.78,1126017.9,,
Syria,SYR,2007,25978.145,314451.34,1199016.8,,
Syria,SYR,2008,14321.4,311316.2,1242973.1,,
Syria,SYR,2009,1928.9843,301553.34,1262687.4,,
Syria,SYR,2010,482.84067,282343.94,1291425.5,,
Syria,SYR,2011,493.04385,266273.66,1324297.1,,
Syria,SYR,2012,491.58008,242746.98,1327222.5,,
Syria,SYR,2013,458.49203,208757.62,1271877.4,,
Syria,SYR,2014,419.74115,173294.52,1196911,,
Syria,SYR,2015,406.81894,140339.48,1142516.2,,
Syria,SYR,2016,406.85162,114067.16,1125481.4,,
Syria,SYR,2017,412.38782,90285.08,1123874.1,,
Syria,SYR,2018,425.18997,68261.516,1141777.5,,
Syria,SYR,2019,447.38754,47005.953,1183977.9,,
Syria,SYR,2020,467.9148,24511.281,1220621.1,,
Syria,SYR,2021,485.96326,19082.94,1248443.5,,
Syria,SYR,2022,510.00925,19659.95,1290102.1,,
Tajikistan,TJK,2000,2116493.8,366727.06,245142.48,1286953.9,2257680.8
Tajikistan,TJK,2001,2089944.2,366570.25,249601.83,1330021.5,2372672.2
Tajikistan,TJK,2002,2059428.2,365910.56,253506.05,1371925.6,2490984.5
Tajikistan,TJK,2003,2025243.1,364794.75,256857.42,1412713.8,2612883.2
Tajikistan,TJK,2004,1987540.2,363244.66,259641.42,1452349.4,2738428.2
Tajikistan,TJK,2005,1946694.4,361326,261880.97,1491000.6,2868243
Tajikistan,TJK,2006,1903052.4,359101.6,263595.38,1528841.2,3002826.2
Tajikistan,TJK,2007,1857216.1,356687.8,264847.6,1566318.6,3143321
Tajikistan,TJK,2008,1809726.1,354198.34,265701.94,1603931.2,3291069.5
Tajikistan,TJK,2009,1760987.6,351729.25,266212.06,1642164.2,3447503
Tajikistan,TJK,2010,1711071.1,349319.6,266388.22,1681285.5,3613714.2
Tajikistan,TJK,2011,1659821.1,346966.6,266206.4,1734253.2,3777571.5
Tajikistan,TJK,2012,1606190.6,344497.6,265525.53,1812258.5,3927909.8
Tajikistan,TJK,2013,1550016.4,341902.28,264298.6,1895035.2,4085357.2
Tajikistan,TJK,2014,1491164.5,339182.66,262488.44,1982955.9,4250556
Tajikistan,TJK,2015,1429123.9,336251.88,259984.86,2075798.9,4422904
Tajikistan,TJK,2016,1362970.1,332914.88,256592.08,2172605,4600236.5
Tajikistan,TJK,2017,1291984.4,328999.16,252130.33,2272265,4780146.5
Tajikistan,TJK,2018,1216750.5,324643.9,246661.44,2375644,4964432
Tajikistan,TJK,2019,1137708.8,319979.44,240235.39,2483811,5155268
Tajikistan,TJK,2020,1160202.4,326554.62,245104.3,2539977.5,5271368.5
Tajikistan,TJK,2021,1182347.5,333072.47,249919,2596531,5388194.5
Tajikistan,TJK,2022,1203558.5,339368.1,254555.94,2652199.5,5503105
Tanzania,TZA,2000,6005985,16157687,2420520.2,9386526,492984.9
Tanzania,TZA,2001,6098880.5,16020138,2645192.2,10128454,521804.56
Tanzania,TZA,2002,6185895,15847546,2876089.5,10892388,551612.56
Tanzania,TZA,2003,6263071.5,15641693,3115203,11725915,588035.7
Tanzania,TZA,2004,6340718,15419490,3373002.5,12353842,873826.1
Tanzania,TZA,2005,6421645,15184641,3642438.2,12994891,1195889.9
Tanzania,TZA,2006,6504165.5,14931842,3923390.2,13644976,1557677.8
Tanzania,TZA,2007,6586138.5,14655059,4215199.5,13976300,2283800.2
Tanzania,TZA,2008,6662225,14342086,4514875,14346262,3005434.8
Tanzania,TZA,2009,6722448,13972320,4815105,15158397,3289665
Tanzania,TZA,2010,6787017,13589039,5130138.5,16104774,3499558.8
Tanzania,TZA,2011,6868621,13214535,5471192,17131680,3730001.8
Tanzania,TZA,2012,6953140,12817708,5829439,18210542,3975309.2
Tanzania,TZA,2013,7045055,12404374,6209939.5,19355512,4238765.5
Tanzania,TZA,2014,7143372.5,11969586,6613515.5,20567342,4520736
Tanzania,TZA,2015,7257676.5,11525495,7051362.5,21879280,4829010
Tanzania,TZA,2016,7382007.5,11057271,7520624,23280344,5161552.5
Tanzania,TZA,2017,7498818.5,10535767,8005349.5,24719446,5507652
Tanzania,TZA,2018,7601943,9953141,8498807,26173960,5862588
Tanzania,TZA,2019,7692030,9312280,9000837,27641474,6225957
Tanzania,TZA,2020,7780762.5,8628218,9525266,29162718,6607556
Tanzania,TZA,2021,7868425,7899777.5,10073352,30738944,7007836.5
Tanzania,TZA,2022,7951468.5,7122167,10607274,32392242,7424597
Thailand,THA,2000,367934.97,3217471,125833.72,,
Thailand,THA,2001,362101.78,3020968.5,125386.04,,
Thailand,THA,2002,356105.25,2823340.2,124824.234,,
Thailand,THA,2003,349928.62,2624686,124137.83,,
Thailand,THA,2004,343576.84,2425332.2,123322.766,,
Thailand,THA,2005,337075.97,2225725.8,120087.27,,
Thailand,THA,2006,330476.2,2026517.5,121470.08,,
Thailand,THA,2007,323912.78,1828705.9,123231.04,,
Thailand,THA,2008,317318.75,1632028,125360.29,,
Thailand,THA,2009,310680.4,1436596.8,127863.75,,
Thailand,THA,2010,303941.78,1242446.2,130727.695,,
Thailand,THA,2011,299130.6,1056032.6,134497.94,,
Thailand,THA,2012,294751.8,871340.3,138661.47,,
Thailand,THA,2013,290312.97,686845.7,143059.7,,
Thailand,THA,2014,285750.72,502658.5,147659.77,,
Thailand,THA,2015,281042.94,319116.38,152441.06,,
Thailand,THA,2016,276306.5,136712.31,157462.67,,
Thailand,THA,2017,271477.53,0,162625.69,,
Thailand,THA,2018,222750.9,1.21875,107560.74,,
Thailand,THA,2019,0,1.2812501,25076.691,,
Thailand,THA,2020,0,0,0,,
Thailand,THA,2021,0,1.4374999,0,,
Thailand,THA,2022,0,0,0,,
Togo,TGO,2000,1154655.8,1386231.1,191637.08,1902614.4,372896.72
Togo,TGO,2001,1150293.2,1388678.8,203641,2013555.5,389257.25
Togo,TGO,2002,1144038.1,1389151,215842.62,2126586.2,405919.9
Togo,TGO,2003,1136933,1388895.9,228422.52,2243514.2,423235.12
Togo,TGO,2004,1129223.8,1388219.6,241443.98,2364998.8,441331.53
Togo,TGO,2005,1120352.2,1386433.2,254799.56,2490002,460010.12
Togo,TGO,2006,1112962,1386838.8,269131.4,2624857.8,480450.1
Togo,TGO,2007,1105737,1387853.8,284222.2,2767471.8,502252.5
Togo,TGO,2008,1096899.8,1387281.4,299661.03,2913921,524718.9
Togo,TGO,2009,1086445.5,1385064.5,315425.25,3063923,547765.9
Togo,TGO,2010,1073654.5,1380309.1,331291.12,3215496,571104.44
Togo,TGO,2011,1059320,1374238.2,347520.72,3083537.8,884055.25
Togo,TGO,2012,1043198.7,1366431.6,363992.47,3102668.5,1050343.5
Togo,TGO,2013,1025609.4,1357131.6,380752.6,3233819.5,1108916
Togo,TGO,2014,1006662.4,1346497.1,397836.44,3367559.8,1169827.1
Togo,TGO,2015,986373.7,1334542.5,415242.94,3503905.5,1233164.5
Togo,TGO,2016,964753.75,1321325.2,432981.78,3643122.5,1299170.8
Togo,TGO,2017,941814.2,1306842.8,451048.06,3785170,1367919.9
Togo,TGO,2018,917448.44,1290939.8,469379.8,3929568.8,1439342.4
Togo,TGO,2019,891676.8,1273631.8,487967.8,4076286,1513531.4
Togo,TGO,2020,864566.44,1255001.2,506829.66,4225515,1590667.9
Togo,TGO,2021,877180.75,1193910.2,526941,4393090.5,1653706.9
Togo,TGO,2022,889505,1130148.1,547291.3,4563533,1718221.9
Tokelau,TKL,2000,0,24.328594,0,,
Tokelau,TKL,2001,0,24.518433,0,,
Tokelau,TKL,2002,0,24.124151,0,,
Tokelau,TKL,2003,0,23.145752,0,,
Tokelau,TKL,2004,0,22.02132,0,,
Tokelau,TKL,2005,0,19.675514,0,,
Tokelau,TKL,2006,0,17.655537,0,,
Tokelau,TKL,2007,0,16.250557,0,,
Tokelau,TKL,2008,0,15.175196,0,,
Tokelau,TKL,2009,0,14.13489,0,,
Tokelau,TKL,2010,0,13.119624,0,,
Tokelau,TKL,2011,0,12.110626,0,,
Tokelau,TKL,2012,0,11.41754,0,,
Tokelau,TKL,2013,0,10.656055,0,,
Tokelau,TKL,2014,0,9.3529005,0,,
Tokelau,TKL,2015,0,7.8894625,0,,
Tokelau,TKL,2016,0,6.5524573,0,,
Tokelau,TKL,2017,0,5.583648,0,,
Tokelau,TKL,2018,0,4.7385616,0,,
Tokelau,TKL,2019,0,5.121505,0,,
Tokelau,TKL,2020,0,5.3407474,0,,
Tokelau,TKL,2021,0,5.4050584,0,,
Tokelau,TKL,2022,0,5.46937,0,,
Tonga,TON,2000,0,1003.32495,902.2283,70695.15,30002.293
Tonga,TON,2001,0,1009.6007,907.279,71105.266,30187.85
Tonga,TON,2002,0,1015.74005,912.222,71506.62,30369.42
Tonga,TON,2003,0,1022.0077,917.25726,71915.87,30554.873
Tonga,TON,2004,0,1028.4823,922.46466,72338.79,30746.271
Tonga,TON,2005,0,995.1175,927.65625,72766.13,30944.096
Tonga,TON,2006,0,960.9299,932.4856,73165.82,31130.766
Tonga,TON,2007,0,925.47003,936.214,73486.55,31289.766
Tonga,TON,2008,0,888.44653,938.476,73698.086,31406.994
Tonga,TON,2009,0,850.48566,940.0167,73853.164,31500.326
Tonga,TON,2010,0,812.4884,941.79285,74026.945,31601.783
Tonga,TON,2011,0,774.1623,943.4709,74193.19,31700.176
Tonga,TON,2012,0,732.8828,942.8336,74145.07,31681.21
Tonga,TON,2013,0,689.4784,939.99097,73900.09,31559.438
Tonga,TON,2014,0,646.14404,936.71356,73620.555,31422.59
Tonga,TON,2015,0,603.01587,933.0587,73312.02,31273.91
Tonga,TON,2016,0,560.8089,930.1799,73064.59,31151.414
Tonga,TON,2017,0,519.5925,928.3784,72901.91,31065.125
Tonga,TON,2018,0,478.8333,926.6593,72753.42,30991.086
Tonga,TON,2019,0,438.61404,925.37787,72646.51,30940.494
Tonga,TON,2020,0,400.5125,928.36163,72882.59,31042.521
Tonga,TON,2021,0,363.76483,935.27356,73433.805,31284.154
Tonga,TON,2022,0,326.67978,942.7119,74034.83,31553.78
Trinidad and Tobago,TTO,2000,15282.601,72062.82,16509.865,,
Trinidad and Tobago,TTO,2001,14357.808,68220.98,16975.535,,
Trinidad and Tobago,TTO,2002,13433.838,64388.76,17460.92,,
Trinidad and Tobago,TTO,2003,12500.568,60518.633,17955.744,,
Trinidad and Tobago,TTO,2004,11556.33,56602.734,18458.225,,
Trinidad and Tobago,TTO,2005,10602.887,52649.883,18971.75,,
Trinidad and Tobago,TTO,2006,9637.248,48645.508,19491.832,,
Trinidad and Tobago,TTO,2007,8660.529,44595.24,20020.736,,
Trinidad and Tobago,TTO,2008,7671.969,40495.293,20557.148,,
Trinidad and Tobago,TTO,2009,6673.694,36357.246,21107.834,,
Trinidad and Tobago,TTO,2010,5665.793,32183.094,21677.416,,
Trinidad and Tobago,TTO,2011,4646.3438,27964.188,22265.07,,
Trinidad and Tobago,TTO,2012,3613.9966,23694.947,22871.65,,
Trinidad and Tobago,TTO,2013,2566.2002,19360.86,15959.1,,
Trinidad and Tobago,TTO,2014,2583.8909,13876.339,16132.31,,
Trinidad and Tobago,TTO,2015,2600.8406,8312.523,16301.741,,
Trinidad and Tobago,TTO,2016,2617.1436,2674.3416,16467.934,,
Trinidad and Tobago,TTO,2017,0,0,16631.803,,
Trinidad and Tobago,TTO,2018,0,0,16925.404,,
Trinidad and Tobago,TTO,2019,0,0,17096.896,,
Trinidad and Tobago,TTO,2020,0,0,17076.56,,
Trinidad and Tobago,TTO,2021,0,0,17161.102,,
Trinidad and Tobago,TTO,2022,0,0,17221.629,,
Tunisia,TUN,2000,63645.996,670778.2,348327.7,1705815.5,7104748.5
Tunisia,TUN,2001,63624.67,644768.75,351134.16,1728015.2,7207580
Tunisia,TUN,2002,60070.457,621973.8,356374.28,1747210.2,7308931.5
Tunisia,TUN,2003,56510.207,599025.7,361623.72,1766256.9,7410381
Tunisia,TUN,2004,52968.566,576127.56,367026.7,1785140,7510961.5
Tunisia,TUN,2005,49521.97,553962.6,373130.66,1803958.9,7607769.5
Tunisia,TUN,2006,46056.85,531565.3,379230.8,1822537.6,7704167
Tunisia,TUN,2007,42588.492,509096.88,385438.44,1841324.9,7801946.5
Tunisia,TUN,2008,39120.6,486608.7,391800.7,1860578.9,7902271
Tunisia,TUN,2009,35654.4,464127.4,398356.4,1880471.4,8005895
Tunisia,TUN,2010,32194.645,441732.94,405204.62,1901409.6,8114521.5
Tunisia,TUN,2011,28787.48,420144.25,428468.88,1911581,8243546.5
Tunisia,TUN,2012,25356.941,398381.44,405472.53,1948737,8396435
Tunisia,TUN,2013,21862.535,375765.97,381289.47,1983285.6,8538081
Tunisia,TUN,2014,18349.764,352971.8,356605.28,2018447.9,8682574
Tunisia,TUN,2015,14811.461,329860.44,331283.16,2053694.4,8828130
Tunisia,TUN,2016,11251.091,306432.2,305333.8,2098236.8,8964413
Tunisia,TUN,2017,7672.91,282686.84,278770.22,2261974,8980339
Tunisia,TUN,2018,4082.2356,258609.55,251594.88,2428840.2,8989914
Tunisia,TUN,2019,487.40756,234236.48,223862.16,2598497.2,8992231
Tunisia,TUN,2020,184.92545,206367.25,195677.14,2771138,8988356
Tunisia,TUN,2021,186.63287,177932.81,197250.19,2799963.2,9087613
Tunisia,TUN,2022,188.2301,149383.84,198656.53,2826866,9181023
Turkey,TUR,2000,70494.28,2749404.8,1306345,,
Turkey,TUR,2001,71018.05,2738075.5,1323671.9,,
Turkey,TUR,2002,76783.414,2632104.2,1342219.5,,
Turkey,TUR,2003,82538.9,2523606,1359944.9,,
Turkey,TUR,2004,88373.445,2415614.5,1378409.9,,
Turkey,TUR,2005,94245.28,2306819.2,1396871.6,,
Turkey,TUR,2006,100113.17,2196393.2,1414808.1,,
Turkey,TUR,2007,105963.86,2084434.1,1432106.5,,
Turkey,TUR,2008,111807.94,1971487.8,1449028.4,,
Turkey,TUR,2009,117757.33,1859565.2,1466985.9,,
Turkey,TUR,2010,123837,1748655.1,1486205,,
Turkey,TUR,2011,129960.66,1637246,1505554.1,,
Turkey,TUR,2012,136334.73,1527682.2,1527379.6,,
Turkey,TUR,2013,143130.86,1420861.9,1553159.5,,
Turkey,TUR,2014,150455.69,1316457.4,1583722.9,,
Turkey,TUR,2015,157876.72,1209720.8,1614227.1,,
Turkey,TUR,2016,165066.12,1098580.4,1641445.2,,
Turkey,TUR,2017,171705.4,982201.4,1662523.6,,
Turkey,TUR,2018,177637.39,861521.4,1676482.9,,
Turkey,TUR,2019,183478.08,740873.1,1689490.4,,
Turkey,TUR,2020,189286.05,620648.2,1702125.4,,
Turkey,TUR,2021,189294.02,625109.1,1711653.5,,
Turkey,TUR,2022,189150.28,629019.75,1719717.9,,
Turkmenistan,TKM,2000,428884.3,74026.414,84387.12,935704,3046130
Turkmenistan,TKM,2001,408336.6,70585.59,86161.695,924696.25,3145314.2
Turkmenistan,TKM,2002,387049.5,67016.28,87911.61,911839.94,3245150.5
Turkmenistan,TKM,2003,364939.44,63303.445,89601.81,896826.9,3344316.5
Turkmenistan,TKM,2004,342409.47,59516.688,91318.72,880553.1,3445994
Turkmenistan,TKM,2005,319654.97,55690.727,88635.14,846726.6,3575067.5
Turkmenistan,TKM,2006,296435.7,51783.207,85843.71,811029.3,3708936.8
Turkmenistan,TKM,2007,272755.78,47794.836,82938.83,773422.7,3847981.8
Turkmenistan,TKM,2008,248700.47,43739.867,79931.914,734078.2,3993632.5
Turkmenistan,TKM,2009,224274.4,39619.105,76827.4,693012.3,4147223.8
Turkmenistan,TKM,2010,199444.34,35425.824,73608.39,650103.25,4309388.5
Turkmenistan,TKM,2011,174135.6,31147.094,70247.164,605108.3,4480173
Turkmenistan,TKM,2012,148267.4,26768.31,66710.6,557740,4659196
Turkmenistan,TKM,2013,121768.69,22275.69,62959.234,507687.16,4845404.5
Turkmenistan,TKM,2014,94599.46,17932.857,58950.895,454671.75,5036997
Turkmenistan,TKM,2015,66758.58,13576.017,54660.867,398533.03,5232902.5
Turkmenistan,TKM,2016,38340.2,9120.42,50067.21,355232,5415801.5
Turkmenistan,TKM,2017,10101.032,4576.168,45150.98,317320.94,5591233.5
Turkmenistan,TKM,2018,0,0.08203124,39721.168,276236.72,5749108
Turkmenistan,TKM,2019,0,0.078125,12752.577,306741.75,5838925.5
Turkmenistan,TKM,2020,0,0,0,322882.8,5927555.5
Turkmenistan,TKM,2021,0,0.01953125,0,326158.03,6015697
Turkmenistan,TKM,2022,0,0,0,329220.5,6101549.5
Turks and Caicos Islands,TCA,2016,0,99.624466,401.62308,19683.291,18061.459
Turks and Caicos Islands,TCA,2017,0,100.125435,413.1495,20525.508,18805.219
Turks and Caicos Islands,TCA,2018,0,100.68088,425.0616,21391.209,19570.049
Turks and Caicos Islands,TCA,2019,0,101.08834,436.42157,22231.283,20311.21
Turks and Caicos Islands,TCA,2020,0,100.57316,443.7694,22866.443,20865.215
Turks and Caicos Islands,TCA,2021,0,99.31064,447.6272,23316.348,21250.713
Turks and Caicos Islands,TCA,2022,0,97.624985,449.19232,23636.889,21519.293
Tuvalu,TUV,2000,0,87.866356,27.063549,8783.8545,739.21533
Tuvalu,TUV,2001,0,85.05436,27.26257,8768.573,740.1106
Tuvalu,TUV,2002,0,82.30519,27.47569,8757.83,741.3889
Tuvalu,TUV,2003,0,80.1134,28.131021,8809.615,750.1412
Tuvalu,TUV,2004,0,78.398895,29.105703,8918.524,764.97144
Tuvalu,TUV,2005,0,76.627335,30.089453,9025.511,779.7727
Tuvalu,TUV,2006,0,74.79267,31.08001,9129.654,794.47266
Tuvalu,TUV,2007,0,72.92843,32.088856,9234.602,809.3805
Tuvalu,TUV,2008,0,71.055214,33.125866,9343.08,824.7387
Tuvalu,TUV,2009,0,69.23015,34.218224,9463.298,841.25476
Tuvalu,TUV,2010,0,67.399895,35.3461,9588.864,858.3897
Tuvalu,TUV,2011,0,65.57171,36.517376,9721.594,876.3166
Tuvalu,TUV,2012,0,63.71855,37.719578,9857.845,894.7176
Tuvalu,TUV,2013,0,61.309437,38.616863,9912.308,905.7668
Tuvalu,TUV,2014,0,58.451496,39.205616,9891.539,909.80444
Tuvalu,TUV,2015,0,55.613937,39.762733,9868.207,913.416
Tuvalu,TUV,2016,0,52.798096,40.28712,9842.322,916.5924
Tuvalu,TUV,2017,0,50.023937,40.792786,9817.519,919.66425
Tuvalu,TUV,2018,0,47.551632,41.510582,9848.168,927.7688
Tuvalu,TUV,2019,0,45.306137,42.42227,9927.891,940.3815
Tuvalu,TUV,2020,0,43.12327,43.410213,10027.658,954.80945
Tuvalu,TUV,2021,0,40.98695,44.477753,10147.453,971.08167
Tuvalu,TUV,2022,0,38.712914,45.429893,10242.91,984.94727
Uganda,UGA,2000,3366736.8,5905811,8402619,5793952,551578.4
Uganda,UGA,2001,3355490.5,5928172,8622375,6180003.5,677283.2
Uganda,UGA,2002,3343036.8,5950817,8845420,6568559.5,837256.3
Uganda,UGA,2003,3327500.2,5970555,9067008,6977401,1012272.06
Uganda,UGA,2004,3302937.2,5976763,9270479,7394539.5,1201365.2
Uganda,UGA,2005,3273050.8,5975985.5,9464830,7826796,1405925.4
Uganda,UGA,2006,3239557.8,5971467,9654829,8279467,1627905.9
Uganda,UGA,2007,3202727,5963769,9841014,8753853,1868441.6
Uganda,UGA,2008,3161534.2,5951130,10020219,9248586,2128391.8
Uganda,UGA,2009,3115768.2,5933206,10191372,9763533,2408640.8
Uganda,UGA,2010,3065566.2,5910378.5,10354720,10300291,2710773.2
Uganda,UGA,2011,3010591.5,5882082,10508790,10858490,3035783.5
Uganda,UGA,2012,2950525.5,5847800,10652161,11437944,3384865.5
Uganda,UGA,2013,2885241.5,5807309.5,10783794,12038344,3758882
Uganda,UGA,2014,2817584,5766581.5,10914480,12673849,4164043.8
Uganda,UGA,2015,2748101,5727139,11047160,13350659,4604296.5
Uganda,UGA,2016,2679671.8,5695629,11195097,14088890,5089011
Uganda,UGA,2017,2609424.8,5666908.5,11348975,14882537,5619240.5
Uganda,UGA,2018,2530315,5626172.5,11479011,15696080,6183817
Uganda,UGA,2019,2444416.5,5578104.5,11593747,16542826,6789984
Uganda,UGA,2020,2350259,5519456.5,11685585,17413722,7435588
Uganda,UGA,2021,2246448.2,5446844,11746153,18297152,8117180.5
Uganda,UGA,2022,2131168.5,5355350,11763148,19173026,8826895
Ukraine,UKR,2000,2707.6736,864790.44,39938.734,15447836,32524482
Ukraine,UKR,2001,2678.8013,831992.6,39604.156,15316972,32223286
Ukraine,UKR,2002,4906.849,796774.2,49076.61,15160098,31965682
Ukraine,UKR,2003,7080.5107,762623.56,75057.96,14990672,31770212
Ukraine,UKR,2004,9198.041,729278.2,319515.88,13428531,32775436
Ukraine,UKR,2005,11251.663,696342,561408.06,11886470,33757140
Ukraine,UKR,2006,13261.938,664904.44,801145.75,10385383,34727856
Ukraine,UKR,2007,16540.418,633540.75,1039430.56,8920048,35703508
Ukraine,UKR,2008,32865.008,590234.4,1276576,7484599,36678664
Ukraine,UKR,2009,49117.305,548344.6,1513727.9,6079375.5,37673316
Ukraine,UKR,2010,65305.9,508094.22,1748775.9,4704555,38656290
Ukraine,UKR,2011,81416.45,468487.4,1982955.1,3343227.5,39640050
Ukraine,UKR,2012,97555.984,429886.5,2218599,1995936,40664252
Ukraine,UKR,2013,113669.87,391746.94,2308992.2,1916921.9,40575764
Ukraine,UKR,2014,129566.75,353489.3,2531900,1945192.9,40187924
Ukraine,UKR,2015,145354.11,315631.03,2525142.8,2033484,39962948
Ukraine,UKR,2016,161107.28,278331.7,2519292.8,2121690,39753150
Ukraine,UKR,2017,176669.53,241314.14,2511850.2,2207781.5,39519640
Ukraine,UKR,2018,191998.02,204595.33,2502977.8,2290685.2,39256696
Ukraine,UKR,2019,207101.64,168328.67,2493172,2370472.2,38972020
Ukraine,UKR,2020,221754.4,132498.45,2480122.5,2444665.2,38630624
Ukraine,UKR,2021,235772.47,115526.98,2463164,2509691.8,38207264
Ukraine,UKR,2022,191585.56,102475.914,2250900,2369825.8,34786950
United Arab Emirates,ARE,2000,0,12582.749,0,,
United Arab Emirates,ARE,2001,0,13337.083,0,,
United Arab Emirates,ARE,2002,0,13270.194,0,,
United Arab Emirates,ARE,2003,0,13119.593,0,,
United Arab Emirates,ARE,2004,0,12883.509,0,,
United Arab Emirates,ARE,2005,0,12884.494,0,,
United Arab Emirates,ARE,2006,0,13672.148,0,,
United Arab Emirates,ARE,2007,0,15090.243,0,,
United Arab Emirates,ARE,2008,0,16394.738,0,,
United Arab Emirates,ARE,2009,0,16944.855,0,,
United Arab Emirates,ARE,2010,0,16047.878,0,,
United Arab Emirates,ARE,2011,0,14251.498,0,,
United Arab Emirates,ARE,2012,0,12389.945,0,,
United Arab Emirates,ARE,2013,0,10466.462,0,,
United Arab Emirates,ARE,2014,0,8483.496,0,,
United Arab Emirates,ARE,2015,0,6442.793,0,,
United Arab Emirates,ARE,2016,0,4346.4126,0,,
United Arab Emirates,ARE,2017,0,2198.3638,0,,
United Arab Emirates,ARE,2018,0,0,0,,
United Arab Emirates,ARE,2019,0,0,0,,
United Arab Emirates,ARE,2020,0,0,0,,
United Arab Emirates,ARE,2021,0,0,0,,
United Arab Emirates,ARE,2022,0,0,0,,
United Kingdom,GBR,2000,0,0,0,0,58850044
United Kingdom,GBR,2001,0,1.3515625,0,0,59092016
United Kingdom,GBR,2002,0,1.5234376,0,0,59355692
United Kingdom,GBR,2003,0,2.125,0,0,59649800
United Kingdom,GBR,2004,0,1.390625,0,0,59995852
United Kingdom,GBR,2005,0,0,0,0,60383744
United Kingdom,GBR,2006,0,0.78125,0,1106.8995,60802590
United Kingdom,GBR,2007,0,0.21875,0,8544.241,61252132
United Kingdom,GBR,2008,0,0,0,16097.461,61726056
United Kingdom,GBR,2009,0,0,0,23775.807,62219600
United Kingdom,GBR,2010,0,0,0,31583.895,62728456
United Kingdom,GBR,2011,0,1.6484375,0,39525.473,63246840
United Kingdom,GBR,2012,0,0,0,47588.22,63761140
United Kingdom,GBR,2013,0,0.125,0,55755.727,64246544
United Kingdom,GBR,2014,0,1.0703125,0,64019.324,64709484
United Kingdom,GBR,2015,0,0,0,72374.37,65151990
United Kingdom,GBR,2016,0,1.828125,0,80814.63,65574384
United Kingdom,GBR,2017,0,0,0,89329.74,65975476
United Kingdom,GBR,2018,0,0,0,97884.375,66335104
United Kingdom,GBR,2019,0,1.7734375,0,106492.03,66672164
United Kingdom,GBR,2020,0,0,0,115070.51,66944410
United Kingdom,GBR,2021,0,0.9140625,0,123611.4,67157420
United Kingdom,GBR,2022,0,1.4296876,0,132216.84,67376720
United States,USA,2005,0,3274250.8,0,10513822,283054560
United States,USA,2006,0,3285854,0,10609520,285857730
United States,USA,2007,0,3298051.8,0,10707942,288737400
United States,USA,2008,0,3309545,0,10804890,291580450
United States,USA,2009,0,3319316.8,0,10896993,294295700
United States,USA,2010,0,3078699.8,0,10744387,297359780
United States,USA,2011,0,2836289.8,0,10587926,300452380
United States,USA,2012,0,2593025.2,0,10429624,303628640
United States,USA,2013,0,2347760.8,0,10264986,306762400
United States,USA,2014,0,2100805.2,0,10093764,309839400
United States,USA,2015,0,1852443.8,0,9915532,312839800
United States,USA,2016,0,1603672.5,0,9733940,315872540
United States,USA,2017,0,1354307.6,0,9547433,318889470
United States,USA,2018,0,1104066.1,0,9350266,321685700
United States,USA,2019,0,853749,0,9144649,324321250
United States,USA,2020,0,603279.56,0,8920818,326417900
United States,USA,2021,0,354055.03,0,8679839,327963700
United States,USA,2022,0,121402.6,0,8442781,329725660
United States Virgin Islands,VIR,2000,0,1386.5482,0,1228.1821,105570.266
United States Virgin Islands,VIR,2001,0,1384.26,0,1194.3794,105427.35
United States Virgin Islands,VIR,2002,0,1380.6644,0,1159.584,105184.75
United States Virgin Islands,VIR,2003,0,1375.0696,0,1123.3207,104789.61
United States Virgin Islands,VIR,2004,0,1368.0901,0,1086.2152,104288.695
United States Virgin Islands,VIR,2005,0,1364.738,0,1052.2273,104064.03
United States Virgin Islands,VIR,2006,0,1365.1667,0,1021.22156,104127.61
United States Virgin Islands,VIR,2007,0,1365.0829,0,989.8248,104152.09
United States Virgin Islands,VIR,2008,0,1364.7683,0,958.27026,104158.96
United States Virgin Islands,VIR,2009,0,1364.5818,0,926.8173,104175.6
United States Virgin Islands,VIR,2010,0,1360.422,0,892.7658,103888.81
United States Virgin Islands,VIR,2011,0,1351.9429,0,856.17017,103271.89
United States Virgin Islands,VIR,2012,0,1342.887,0,819.61194,102610.5
United States Virgin Islands,VIR,2013,0,1333.7283,0,814.0187,101910.25
United States Virgin Islands,VIR,2014,0,1325.0824,0,808.7382,101249.18
United States Virgin Islands,VIR,2015,0,1317.654,0,804.20105,100681.15
United States Virgin Islands,VIR,2016,0,1311.4176,0,800.3913,100204.195
United States Virgin Islands,VIR,2017,0,1305.4575,0,796.75366,99748.79
United States Virgin Islands,VIR,2018,0,1299.2283,0,792.95184,99272.82
United States Virgin Islands,VIR,2019,0,1292.3197,0,788.73535,98744.945
United States Virgin Islands,VIR,2020,0,1287.398,0,785.73145,98368.875
Upper-middle-income countries,,2000,61963570,321700060,17051352,343322180,1657788500
Upper-middle-income countries,,2001,61017636,316437950,17069672,350197470,1678047900
Upper-middle-income countries,,2002,60099764,299238980,17675164,350812900,1715229700
Upper-middle-income countries,,2003,58963296,282304450,18265178,357480030,1745802600
Upper-middle-income countries,,2004,57782956,265540240,18849622,364118050,1776145900
Upper-middle-income countries,,2005,54760930,250830100,19387732,370637300,1806598700
Upper-middle-income countries,,2006,51750356,236424540,19941936,376809570,1837256800
Upper-middle-income countries,,2007,48685440,222348940,20453898,382654200,1867358300
Upper-middle-income countries,,2008,45573556,208686380,20982204,388930020,1897819000
Upper-middle-income countries,,2009,42670684,195159150,21653694,395313440,1928610000
Upper-middle-income countries,,2010,39792040,181859500,22321984,401708480,1959319800
Upper-middle-income countries,,2011,36982628,168929620,22982774,408204900,1989356900
Upper-middle-income countries,,2012,34239132,156350220,23643880,415020540,2019970000
Upper-middle-income countries,,2013,31433712,144172320,24296028,420607040,2052219300
Upper-middle-income countries,,2014,28659230,132173976,24910834,425972450,2083879600
Upper-middle-income countries,,2015,25918246,120373680,25480012,431135100,2114899700
Upper-middle-income countries,,2016,23193944,108976200,26042638,435920500,2144650900
Upper-middle-income countries,,2017,22901114,95920960,26402174,440165000,2173819000
Upper-middle-income countries,,2018,20456506,84909650,27043214,444613980,2201020400
Upper-middle-income countries,,2019,17501238,74652100,27325202,449380350,2225561000
Upper-middle-income countries,,2020,14859591,65001356,27120466,454148450,2246566700
Upper-middle-income countries,,2021,13361919,54848316,23323326,461918800,2263474200
Upper-middle-income countries,,2022,13107360,44678120,17360948,472272960,2277344500
Uruguay,URY,2000,5707.6245,72053.336,21686.346,,
Uruguay,URY,2001,5543.6167,70535.13,21444.871,,
Uruguay,URY,2002,5379.318,68996.945,21044.229,,
Uruguay,URY,2003,5216.27,67461.38,20638.086,,
Uruguay,URY,2004,5058.4766,65974.945,20239.021,,
Uruguay,URY,2005,4573.0474,59763.67,20021.55,,
Uruguay,URY,2006,4113.411,53811.7,19803.2,,
Uruguay,URY,2007,3680.0244,48125.727,19591.395,,
Uruguay,URY,2008,3270.1228,42673.89,19381.39,,
Uruguay,URY,2009,2882.4397,37440.43,19171.55,,
Uruguay,URY,2010,2515.002,32405.145,18959.324,,
Uruguay,URY,2011,2167.3452,27562.703,18746.496,,
Uruguay,URY,2012,1857.3069,23066.223,18618.662,,
Uruguay,URY,2013,1563.2739,18716.006,18517.12,,
Uruguay,URY,2014,1277.7467,14443.322,18414.018,,
Uruguay,URY,2015,1000.4979,10245.668,18310.725,,
Uruguay,URY,2016,730.8765,6116.46,18201.12,,
Uruguay,URY,2017,468.69052,2054.4873,18076.049,,
Uruguay,URY,2018,0,0,17868.68,,
Uruguay,URY,2019,0,0.033935543,17579.545,,
Uruguay,URY,2020,0,0.016723633,17290.906,,
Uruguay,URY,2021,0,0,16986.002,,
Uruguay,URY,2022,0,0,16840.906,,
Uzbekistan,UZB,2000,1241007.4,485707.8,1435689.6,8361305.5,13401844
Uzbekistan,UZB,2001,1211322.8,463898.66,1404218.1,8253358,13915648
Uzbekistan,UZB,2002,1181147.4,441931.38,1372181.8,8142808.5,14440961
Uzbekistan,UZB,2003,1149961.6,419620.47,1338992.6,8026100,14971230
Uzbekistan,UZB,2004,1118062.2,397091.72,1305008.9,7905261,15509500
Uzbekistan,UZB,2005,1085751.2,374459.78,1270595,7782461,16060156
Uzbekistan,UZB,2006,1053191.5,351776.78,1235955.1,7658986.5,16626909
Uzbekistan,UZB,2007,1020875.2,329197.56,1201688.6,7538642.5,17219212
Uzbekistan,UZB,2008,988843.9,306707.28,1167869.9,7422115,17841272
Uzbekistan,UZB,2009,956590.94,284124.75,1133926.9,7305982,18487218
Uzbekistan,UZB,2010,923391.94,261223.64,1099021.4,7184935,19145656
Uzbekistan,UZB,2011,892370.25,238954.89,1066674.4,7081007,19778452
Uzbekistan,UZB,2012,863553.4,216988.72,1036472.75,6994335,20391702
Uzbekistan,UZB,2013,833772.6,194234.16,1004691.9,6902667,21027862
Uzbekistan,UZB,2014,803186.9,170698.36,971501.6,6807498.5,21693656
Uzbekistan,UZB,2015,771602.06,146296.5,936645.75,6707453.5,22387420
Uzbekistan,UZB,2016,738499.8,120901.6,899468.6,6598157.5,23096548
Uzbekistan,UZB,2017,703576.44,94466.48,859568.25,6476744,23811328
Uzbekistan,UZB,2018,667097.5,67070.89,817384.3,6346115,24551908
Uzbekistan,UZB,2019,629239.56,39532.703,773165.94,6217105,25317908
Uzbekistan,UZB,2020,589012.25,40171.23,726027.9,6091570.5,26079874
Uzbekistan,UZB,2021,547078.5,40839.85,676591.1,5956464.5,26860476
Uzbekistan,UZB,2022,503252.66,41517.207,624671.75,5809658,27648552
Vanuatu,VUT,2000,13426.799,16467.074,2034.4176,,
Vanuatu,VUT,2001,13725.788,16850.602,2083.155,,
Vanuatu,VUT,2002,14031.119,17242.906,2133.0564,,
Vanuatu,VUT,2003,14336.154,17635.992,2183.1455,,
Vanuatu,VUT,2004,14640.419,18029.156,2233.329,,
Vanuatu,VUT,2005,14842.84,17689.396,2295.634,,
Vanuatu,VUT,2006,15043.412,17321.584,2284.8894,,
Vanuatu,VUT,2007,15245.511,16928.984,2271.6824,,
Vanuatu,VUT,2008,15452.27,16514.129,2256.3662,,
Vanuatu,VUT,2009,15659.72,16071.66,2238.2258,,
Vanuatu,VUT,2010,15887.042,15612.542,2218.1165,,
Vanuatu,VUT,2011,16128.758,15131.677,2195.6704,,
Vanuatu,VUT,2012,16375.548,14622.563,2170.4363,,
Vanuatu,VUT,2013,16628.867,14084.916,2142.4116,,
Vanuatu,VUT,2014,16886.53,13515.3,2111.1235,,
Vanuatu,VUT,2015,17144.928,12909.543,2075.9526,,
Vanuatu,VUT,2016,17412.955,12273.001,2037.8064,,
Vanuatu,VUT,2017,17688.715,11602.053,1996.1963,,
Vanuatu,VUT,2018,17957.244,10885.885,1949.3616,,
Vanuatu,VUT,2019,18219.174,10124.78,1897.2849,,
Vanuatu,VUT,2020,18481.46,9322.212,1840.6003,,
Vanuatu,VUT,2021,18743.977,8476.853,1779.0934,,
Vanuatu,VUT,2022,19004.703,7586.6787,1712.4166,,
Venezuela,VEN,2000,449615.88,108245.21,119349.33,,
Venezuela,VEN,2001,449095,163382.3,121338.625,,
Venezuela,VEN,2002,448221.38,220436.7,123311.35,,
Venezuela,VEN,2003,447033.56,279420.22,125277.88,,
Venezuela,VEN,2004,445419.6,340249.94,127206.3,,
Venezuela,VEN,2005,443438.56,402933.9,129112.07,,
Venezuela,VEN,2006,441003.88,467357.4,130968.59,,
Venezuela,VEN,2007,438097.44,533432.3,132767.84,,
Venezuela,VEN,2008,434667.78,601006.7,134490.8,,
Venezuela,VEN,2009,430724.28,669979.75,136135.94,,
Venezuela,VEN,2010,426397.53,740457,137740.84,,
Venezuela,VEN,2011,421708.6,812420.44,139310.14,,
Venezuela,VEN,2012,416651.4,885805.25,140839.84,,
Venezuela,VEN,2013,411236,960573.94,142331.06,,
Venezuela,VEN,2014,416131.97,1025749.4,143756.88,,
Venezuela,VEN,2015,420769.16,1091518,145087.14,,
Venezuela,VEN,2016,423687.53,1153803.8,145819.86,,
Venezuela,VEN,2017,421233.84,1201520.1,144703.39,,
Venezuela,VEN,2018,,1636666.9,140944.92,,
Venezuela,VEN,2019,,1641370.9,136651.56,,
Venezuela,VEN,2020,,1664815.8,134128.19,,
Venezuela,VEN,2021,,1698027,132509.2,,
Venezuela,VEN,2022,,1754531.4,132735.81,,
Vietnam,VNM,2000,6972477,7608320.5,761483.06,27603528,36055332
Vietnam,VNM,2001,6633288,7429681,752363.6,28123462,36878980
Vietnam,VNM,2002,6290017.5,7248364,742440.25,28645790,37715692
Vietnam,VNM,2003,5943132,7064814,731701.94,29171308,38564870
Vietnam,VNM,2004,5592038.5,6878262,720076.7,29696806,39424044
Vietnam,VNM,2005,5236728,6688515,707495.94,30220188,40289170
Vietnam,VNM,2006,4876412.5,6494325,693821.4,30734744,41152496
Vietnam,VNM,2007,4512811.5,6297650,679238,31248118,42024450
Vietnam,VNM,2008,4147357.8,6100382,663922.3,31769032,42916548
Vietnam,VNM,2009,3780999.8,5904098,648049.1,32306812,43842970
Vietnam,VNM,2010,3412534,5707308,631527.9,32856242,44803400
Vietnam,VNM,2011,3041139.8,5508587.5,614075.4,33407448,45777868
Vietnam,VNM,2012,2667046.8,5308190,595707.44,33961536,46768844
Vietnam,VNM,2013,2290473.2,5106387.5,576402.9,34519148,47775330
Vietnam,VNM,2014,1911119.4,4902302,556072.9,35074284,48791730
Vietnam,VNM,2015,1529076.2,4695477.5,534635.1,35621732,49810480
Vietnam,VNM,2016,1144704.4,4485798,512047.75,36157856,50826120
Vietnam,VNM,2017,758546.44,4273469.5,488280.47,36680370,51832388
Vietnam,VNM,2018,375268.1,4054867.2,155380.16,37497970,52830840
Vietnam,VNM,2019,19638.268,3806361.2,15553.491,38110644,53824516
Vietnam,VNM,2020,0,3221279,0,38598270,54829136
Vietnam,VNM,2021,0,2614566.8,0,39045236,55808230
Vietnam,VNM,2022,0,2006137.5,0,39446964,56733750
Wallis and Futuna,WLF,2000,0,53.02831,0,4489.561,10180.409
Wallis and Futuna,WLF,2001,0,53.492935,0,4528.898,10269.608
Wallis and Futuna,WLF,2002,0,56.85231,0,4569.4907,10361.657
Wallis and Futuna,WLF,2003,0,59.8932,0,4581.72,10389.387
Wallis and Futuna,WLF,2004,0,62.02763,0,4526.5923,10264.381
Wallis and Futuna,WLF,2005,0,63.561066,0,4434.312,10055.127
Wallis and Futuna,WLF,2006,0,65.01154,0,4344.199,9850.79
Wallis and Futuna,WLF,2007,0,66.33556,0,4253.206,9644.458
Wallis and Futuna,WLF,2008,0,67.531425,0,4161.335,9436.133
Wallis and Futuna,WLF,2009,0,68.74626,0,4077.4153,9245.84
Wallis and Futuna,WLF,2010,0,69.979034,0,4000.5286,9071.492
Wallis and Futuna,WLF,2011,0,71.1602,0,3926.106,8902.733
Wallis and Futuna,WLF,2012,0,72.322914,0,3855.6675,8743.01
Wallis and Futuna,WLF,2013,0,73.527725,0,3791.949,8598.523
Wallis and Futuna,WLF,2014,0,74.9578,0,3743.4636,8488.578
Wallis and Futuna,WLF,2015,0,76.52879,0,3704.7283,8400.743
Wallis and Futuna,WLF,2016,0,78.071335,0,3666.9197,8315.009
Wallis and Futuna,WLF,2017,0,79.553825,0,3628.517,8227.93
Wallis and Futuna,WLF,2018,0,81.01627,0,3591.3452,8143.638
Wallis and Futuna,WLF,2019,0,82.55963,0,3559.657,8071.783
Wallis and Futuna,WLF,2020,0,84.37522,0,3541.0447,8029.5796
Wallis and Futuna,WLF,2021,0,86.39858,0,3531.8564,8008.7446
Wallis and Futuna,WLF,2022,0,85.98988,0,3515.1494,7970.86
Western Pacific (WHO),,2000,51573880,262870190,8603617,,
Western Pacific (WHO),,2001,50791000,259978460,8757745,,
Western Pacific (WHO),,2002,48840700,238747620,9329991,,
Western Pacific (WHO),,2003,47950024,224575260,10072164,,
Western Pacific (WHO),,2004,47030588,210622940,10834919,,
Western Pacific (WHO),,2005,44175196,198748770,11626949,,
Western Pacific (WHO),,2006,41385692,187202830,12418576,,
Western Pacific (WHO),,2007,38559172,176001170,13209877,,
Western Pacific (WHO),,2008,36689544,164114850,13998959,,
Western Pacific (WHO),,2009,33888092,153460740,14784391,,
Western Pacific (WHO),,2010,31116822,143052340,15561560,,
Western Pacific (WHO),,2011,28393234,133004170,16331664,,
Western Pacific (WHO),,2012,25717850,123309530,17101164,,
Western Pacific (WHO),,2013,23074580,113869100,17859292,,
Western Pacific (WHO),,2014,20448686,104645130,18599644,,
Western Pacific (WHO),,2015,17856350,95665460,19322726,,
Western Pacific (WHO),,2016,15307970,86950970,20011018,,
Western Pacific (WHO),,2017,12800155,78537300,20702726,,
Western Pacific (WHO),,2018,10329296,70366500,21053688,,
Western Pacific (WHO),,2019,8104186.5,62236424,21561276,,
Western Pacific (WHO),,2020,6391915.5,54060508,22142576,,
Western Pacific (WHO),,2021,5926633.5,44974480,18916216,,
Western Pacific (WHO),,2022,5631486,36211620,13075280,,
World,OWID_WRL,2000,246761630,748311360,155282620,1255970400,3734801400
World,OWID_WRL,2001,245509660,738932400,160195410,1274105900,3803937000
World,OWID_WRL,2002,242086770,711789000,165219020,1289501200,3896345300
World,OWID_WRL,2003,239243120,690927600,170608110,1302751600,3982595300
World,OWID_WRL,2004,235995150,669602500,176389070,1313269800,4072396000
World,OWID_WRL,2005,230130100,650280600,183100780,1316934500,4169284000
World,OWID_WRL,2006,224310600,630348600,189379330,1347064000,4242132000
World,OWID_WRL,2007,218219170,610345000,195695650,1351407900,4341710000
World,OWID_WRL,2008,211730370,590169100,202139680,1385060400,4413520000
World,OWID_WRL,2009,205305860,569933600,208793980,1399713700,4505174000
World,OWID_WRL,2010,198717070,549540400,215579700,1415061000,4596834000
World,OWID_WRL,2011,194156290,530613540,224921780,1424945200,4698330600
World,OWID_WRL,2012,187250320,510376960,232074740,1429735600,4802102000
World,OWID_WRL,2013,179811070,490298270,239170640,1431314200,4909839400
World,OWID_WRL,2014,172290980,469773860,246411550,1431961300,5018414600
World,OWID_WRL,2015,164161220,448147600,252016640,1433532400,5128577500
World,OWID_WRL,2016,156207660,427443330,259152450,1431945900,5238561000
World,OWID_WRL,2017,150307400,404796700,266190850,1429692800,5348669000
World,OWID_WRL,2018,142387070,383318050,272963330,1427719800,5457234400
World,OWID_WRL,2019,133899304,361868300,280329860,1424735400,5563949000
World,OWID_WRL,2020,126222020,340517860,287316450,1421476200,5665250000
World,OWID_WRL,2021,119834650,316833150,290594900,1448401400,5733459000
World,OWID_WRL,2022,115077130,296440100,291669250,1455854500,5815890000
Yemen,YEM,2000,1115009.4,6573932.5,3324518.8,,
Yemen,YEM,2001,1139525.8,6715777.5,3418406.2,,
Yemen,YEM,2002,1163748.5,6855704.5,3512870.2,,
Yemen,YEM,2003,1155931.4,6706767,3726378.2,,
Yemen,YEM,2004,1147152.4,6548746,3962533,,
Yemen,YEM,2005,1138759.4,6389156.5,4213546,,
Yemen,YEM,2006,1131298.4,6230501.5,4483345.5,,
Yemen,YEM,2007,1123044.2,6062738.5,4766883.5,,
Yemen,YEM,2008,1113022.6,5880484.5,5060824,,
Yemen,YEM,2009,1101230.2,5683800.5,5365453.5,,
Yemen,YEM,2010,1087647.8,5472660,5681014.5,,
Yemen,YEM,2011,1072387,5247681.5,6008446.5,,
Yemen,YEM,2012,1055332.2,5008315,6347617.5,,
Yemen,YEM,2013,1036284.06,4753687.5,6697813.5,,
Yemen,YEM,2014,1015077.94,4483185.5,7058058,,
Yemen,YEM,2015,991172.06,4194711,7424455.5,,
Yemen,YEM,2016,964654.4,3889138.2,7796786.5,,
Yemen,YEM,2017,935860.25,3568266.5,8177113.5,,
Yemen,YEM,2018,904609.8,3231785.8,8563308,,
Yemen,YEM,2019,871064.94,2880751.8,8956269,,
Yemen,YEM,2020,838040.8,2511004.8,9350346,,
Yemen,YEM,2021,808327.9,2119354.8,9738849,,
Yemen,YEM,2022,817223.2,2146873.2,9922080,,
Zambia,ZMB,2000,1887366.5,2971946.2,382699.44,,
Zambia,ZMB,2001,1882687.2,3010382.2,408194.75,,
Zambia,ZMB,2002,1870363.5,3042570,435013.44,,
Zambia,ZMB,2003,1856748.6,3075136.8,463235.88,,
Zambia,ZMB,2004,1842804.8,3109834.8,493217.44,,
Zambia,ZMB,2005,1829236.9,3148107.8,525321.6,,
Zambia,ZMB,2006,1816044.8,3190326,559788.5,,
Zambia,ZMB,2007,1801882.1,3234464,596436.56,,
Zambia,ZMB,2008,1785856.5,3279219.5,635172.94,,
Zambia,ZMB,2009,1766965,3322880,675762.6,,
Zambia,ZMB,2010,1744261.6,3363814.2,717955.5,,
Zambia,ZMB,2011,1716636.9,3399802.8,761286.8,,
Zambia,ZMB,2012,1684690.2,3431976.8,806008,,
Zambia,ZMB,2013,1649103.4,3461696.2,852461.6,,
Zambia,ZMB,2014,1609942.4,3489111.5,900730.4,,
Zambia,ZMB,2015,1566586.9,3512930.5,950532.94,,
Zambia,ZMB,2016,1519212.6,3533456.5,1001963.06,,
Zambia,ZMB,2017,1467910.6,3550892.5,1055112.8,,
Zambia,ZMB,2018,1412378.4,3564469.2,1109780.9,,
Zambia,ZMB,2019,1352594.1,3573999.5,1165909.9,,
Zambia,ZMB,2020,1288311.4,3578654,1223215.1,,
Zambia,ZMB,2021,1313088.4,3658893,1252645.2,,
Zambia,ZMB,2022,1336981,3737439.5,1281630.6,,
Zimbabwe,ZWE,2000,726447.25,1734793.8,867925.5,5050574,3454935.5
Zimbabwe,ZWE,2001,726867.7,1736590.6,869703.94,5082567,3495248
Zimbabwe,ZWE,2002,730544.25,1745940.4,914441.94,5061212,3532505.2
Zimbabwe,ZWE,2003,740762,1769882.9,965863.2,5043335.5,3555984.8
Zimbabwe,ZWE,2004,751546.75,1794971.1,1018193.56,5022158,3574011.2
Zimbabwe,ZWE,2005,761113.25,1817105.6,1069267.5,5008314.5,3568952.2
Zimbabwe,ZWE,2006,773397.9,1845680.9,1124605.4,5011101.5,3575704.2
Zimbabwe,ZWE,2007,786708.94,1876656.5,1182049.1,5019014.5,3586139.5
Zimbabwe,ZWE,2008,798873.4,1904844.4,1238349.8,5018062,3590217
Zimbabwe,ZWE,2009,813056.94,1937796.4,1298382.8,5028269,3602304
Zimbabwe,ZWE,2010,829366.44,1975755.8,1362576.2,5049666,3622407
Zimbabwe,ZWE,2011,847544.7,2018105.8,1430764.8,5080222,3649147.8
Zimbabwe,ZWE,2012,869443,2069243.2,1506369,5130312,3689964
Zimbabwe,ZWE,2013,894929.6,2128842.8,1589615.8,5198270.5,3743763.5
Zimbabwe,ZWE,2014,921010,2189875.2,1675708,5268336.5,3800822.8
Zimbabwe,ZWE,2015,946889.44,2250470.5,1763247.1,5336144.5,3858185
Zimbabwe,ZWE,2016,972527.44,2310544.2,1852124.4,5401627,3915881.2
Zimbabwe,ZWE,2017,998026.3,2370354.8,1942512.8,5465584,3974623
Zimbabwe,ZWE,2018,1023476.06,2430140,2034594.4,5528792.5,4035180
Zimbabwe,ZWE,2019,1048780.9,2489681,2128163.2,5590762.5,4097220.2
Zimbabwe,ZWE,2020,1074648.8,2550686,2224707,5655591.5,4164033
Zimbabwe,ZWE,2021,1100879.2,2612484,2323744.5,5721811.5,4234604.5
Zimbabwe,ZWE,2022,1121861.9,2662749.8,2369168.2,5839133.5,4327623.5