Entity,Code,Year,gdp,co2,water,inflation,population,fire
Afghanistan,AFG,2014,3017.9426,8697668.0,7506506.0,4.673996,32792528.0,172872.32086679022
Afghanistan,AFG,2015,2967.6921,9384400.0,8051421.5,-0.6617092,33831767.0,172872.32086679022
Afghanistan,AFG,2016,2958.7854,8605932.0,8576694.0,4.383892,34700613.0,172872.32086679022
Afghanistan,AFG,2017,2952.999,9311054.0,9150170.0,4.9759517,35688941.0,172872.32086679022
Afghanistan,AFG,2018,2902.392,10191504.0,9751830.0,0.6261492,36743040.0,0.25366512
Afghanistan,AFG,2019,2927.245,10400110.0,10383490.0,2.3023725,37856125.0,2.2768788
Afghanistan,AFG,2020,2769.6858,11118626.0,11069091.0,5.6018877,39068977.0,1.0102589
Afghanistan,AFG,2021,2144.1665,9868841.0,11754692.0,5.1332035,40000410.0,2.0934079
Afghanistan,AFG,2022,1981.7102,10169889.0,12352655.0,13.712102,40578847.0,0.50738263
Afghanistan,AFG,2023,1983.8126,10516319.0,100560480.2308451,-4.6447086,41454762.0,6.3582907
Albania,ALB,2014,12832.212,6072489.0,2035116.5,1.6258651,2903748.0,420.70084
Albania,ALB,2015,13156.332,4712144.0,2034800.2,1.8961741,2898634.0,62.55706
Albania,ALB,2016,13692.479,4555035.0,2034506.0,1.2754316,2897868.0,465.3779
Albania,ALB,2017,14155.04,5343792.0,2033888.2,1.9866613,2898245.0,1185.7499
Albania,ALB,2018,14710.982,5194860.0,2032706.0,2.0280597,2894229.0,1478.2352
Albania,ALB,2019,15078.507,4940528.0,2030854.0,1.4110907,2885011.0,467.42892
Albania,ALB,2020,14662.796,4865033.0,2026132.4,1.6208866,2871950.0,597.76044
Albania,ALB,2021,16126.777,5137011.0,2018445.4,2.0414717,2849641.0,1186.8959
Albania,ALB,2022,17111.953,4498282.0,2010546.1,6.7252026,2827614.0,1660.1467
Albania,ALB,2023,17991.016,4417333.0,100560480.2308451,4.759764,2811660.0,1712.0625
Albania,ALB,2024,18919.807,4444448.0,100560480.2308451,2.2144895,117476892.9578252,552.242
Algeria,DZA,2014,15073.763,152434660.0,29697354.0,2.9169269,39205035.0,8287.469
Algeria,DZA,2015,15239.518,160321620.0,30437140.0,4.784447,40019528.0,4651.6055
Algeria,DZA,2016,15511.686,158308320.0,30817174.0,6.3976946,40850719.0,6887.0547
Algeria,DZA,2017,15427.664,165251630.0,31152930.0,5.591116,41689302.0,44371.94
Algeria,DZA,2018,15343.426,174461180.0,31460406.0,4.26999,42505033.0,4655.672
Algeria,DZA,2019,15199.199,182425000.0,31582276.0,1.9517682,43294551.0,5292.958
Algeria,DZA,2020,14194.155,171138530.0,31393022.0,2.4151309,44042094.0,12159.121
Algeria,DZA,2021,14496.865,182035800.0,31166244.0,7.2260633,44761099.0,19626.861
Algeria,DZA,2022,14782.2,192778560.0,31700748.0,9.265515,45477391.0,12729.141
Algeria,DZA,2023,15159.324,202846660.0,100560480.2308451,9.322174,46164222.0,21341.12
Algeria,DZA,2024,15442.124,198203180.0,100560480.2308451,4.0461144,117476892.9578252,3616.261
Andorra,AND,2014,59929.246,461664.0,64917.273,6.6403600005775285,73755.0,172872.32086679022
Andorra,AND,2015,62105.152,465328.0,65030.574,6.6403600005775285,72195.0,172872.32086679022
Andorra,AND,2016,64402.81,472656.0,65750.26,6.6403600005775285,72197.0,172872.32086679022
Andorra,AND,2017,63239.656,472656.0,66925.86,6.6403600005775285,73780.0,172872.32086679022
Andorra,AND,2018,63048.598,498304.0,67991.78,6.6403600005775285,75181.0,172872.32086679022
Andorra,AND,2019,63215.9,490976.0,69197.3,6.6403600005775285,76492.0,172872.32086679022
Andorra,AND,2020,55488.492,377392.0,70427.27,6.6403600005775285,77397.0,172872.32086679022
Andorra,AND,2021,59332.203,414032.0,71636.414,6.6403600005775285,78379.0,172872.32086679022
Andorra,AND,2022,63913.383,423408.0,72352.47,6.6403600005775285,79722.0,172872.32086679022
Angola,AGO,2014,10250.593,26092148.0,100560480.2308451,7.2803874,27160767.0,1364.7545
Angola,AGO,2015,9980.93,27505228.0,100560480.2308451,9.355972,28157802.0,2968.143
Angola,AGO,2016,9381.81,25465634.0,100560480.2308451,30.694414,29183072.0,1571.5685
Angola,AGO,2017,9042.117,23600984.0,100560480.2308451,29.84448,30234836.0,2441.2124
Angola,AGO,2018,8620.215,23278050.0,100560480.2308451,19.628939,31297160.0,356.1696
Angola,AGO,2019,8274.543,22210076.0,100560480.2308451,17.080954,32375633.0,279.01157
Angola,AGO,2020,7556.968,16549341.0,100560480.2308451,22.27154,33451139.0,573.2588
Angola,AGO,2021,7408.1265,19218562.0,100560480.2308451,25.754295,34532427.0,1311.7072
Angola,AGO,2022,7397.4863,21089004.0,100560480.2308451,21.35529,35635028.0,850.73486
Angola,AGO,2023,7250.403,21674816.0,100560480.2308451,13.644102,36749909.0,2137.7585
Angola,AGO,2024,7344.1455,22333584.0,100560480.2308451,28.240496,117476892.9578252,4147.2573
Antigua and Barbuda,ATG,2014,25557.525,567920.0,100560480.2308451,1.0894415,88784.0,172872.32086679022
Antigua and Barbuda,ATG,2015,25734.152,578912.0,100560480.2308451,0.9689935,89421.0,172872.32086679022
Antigua and Barbuda,ATG,2016,26627.715,593568.0,100560480.2308451,-0.4894378,89980.0,172872.32086679022
Antigua and Barbuda,ATG,2017,27199.195,600896.0,100560480.2308451,2.432488,90483.0,172872.32086679022
Antigua and Barbuda,ATG,2018,28878.607,615552.0,100560480.2308451,1.207158,90942.0,172872.32086679022
Antigua and Barbuda,ATG,2019,29651.863,637536.0,100560480.2308451,1.431356,91377.0,172872.32086679022
Antigua and Barbuda,ATG,2020,23930.672,615552.0,100560480.2308451,0.62598974,91864.0,172872.32086679022
Antigua and Barbuda,ATG,2021,25745.496,633872.0,100560480.2308451,2.0629964,92358.0,172872.32086679022
Antigua and Barbuda,ATG,2022,27941.785,641832.0,100560480.2308451,7.5310783,92850.0,172872.32086679022
Antigua and Barbuda,ATG,2023,28474.045,640533.0,100560480.2308451,5.0671387,93331.0,172872.32086679022
Argentina,ARG,2014,28200.814,188539180.0,100560480.2308451,6.6403600005775285,43024071.0,16371.468
Argentina,ARG,2015,28669.207,191808800.0,100560480.2308451,6.6403600005775285,43477011.0,25893.92
Argentina,ARG,2016,27802.105,190020500.0,100560480.2308451,6.6403600005775285,43900312.0,14026.56
Argentina,ARG,2017,28334.904,187068020.0,100560480.2308451,6.6403600005775285,44288898.0,8811.404
Argentina,ARG,2018,27367.115,182483460.0,100560480.2308451,6.6403600005775285,44654876.0,4536.6953
Argentina,ARG,2019,26629.553,180427660.0,100560480.2308451,6.6403600005775285,44973469.0,3330.9424
Argentina,ARG,2020,23877.094,164612720.0,100560480.2308451,6.6403600005775285,45191960.0,29286.996
Argentina,ARG,2021,26300.273,190196930.0,100560480.2308451,6.6403600005775285,45312282.0,25567.648
Argentina,ARG,2022,27627.963,183768140.0,100560480.2308451,6.6403600005775285,45407904.0,30077.488
Argentina,ARG,2023,27104.98,178406990.0,100560480.2308451,6.6403600005775285,45538402.0,18927.016
Armenia,ARM,2014,12667.376,5604113.0,2402842.2,2.9813087,2922433.0,172872.32086679022
Armenia,ARM,2015,13112.76,5469204.0,2391485.2,3.7316911,2921179.0,172872.32086679022
Armenia,ARM,2016,13192.994,5206677.0,2376772.5,-1.4036076,2918796.0,172872.32086679022
Armenia,ARM,2017,14243.875,5536589.0,2361148.8,0.9695533,2914966.0,16.312296
Armenia,ARM,2018,15037.045,5822122.0,2353203.0,2.5202339,2909971.0,172872.32086679022
Armenia,ARM,2019,16215.36,6284110.0,2336103.0,1.4434466,2903975.0,172872.32086679022
Armenia,ARM,2020,15052.936,6795190.0,2319840.0,1.2114358,2890893.0,172872.32086679022
Armenia,ARM,2021,15921.705,7350704.0,2303915.0,7.1848364,2870339.0,172872.32086679022
Armenia,ARM,2022,17886.178,7698773.0,2291432.2,8.640911,2880880.0,172872.32086679022
Armenia,ARM,2023,19402.752,7430228.0,100560480.2308451,1.9804188,2943398.0,0.17876075
Armenia,ARM,2024,20078.785,7430715.0,100560480.2308451,0.26951197,117476892.9578252,1.012964
Aruba,ABW,2014,36275.68,872032.0,100560480.2308451,0.42144093,103381.0,172872.32086679022
Aruba,ABW,2015,35682.3,897680.0,100560480.2308451,0.4747636,104200.0,172872.32086679022
Aruba,ABW,2016,36021.832,883024.0,100560480.2308451,-0.931196,104989.0,172872.32086679022
Aruba,ABW,2017,38558.004,890352.0,100560480.2308451,-1.0282818,105737.0,172872.32086679022
Aruba,ABW,2018,39419.555,868368.0,100560480.2308451,3.6260414,106447.0,172872.32086679022
Aruba,ABW,2019,38435.426,831728.0,100560480.2308451,4.257462,107089.0,172872.32086679022
Australia,AUS,2014,55288.117,392609600.0,100560480.2308451,2.4879227,23595599.0,195381.78
Australia,AUS,2015,55691.7,400589200.0,100560480.2308451,1.5083667,23947997.0,187301.47
Australia,AUS,2016,56341.52,409666340.0,100560480.2308451,1.2769909,24329963.0,310940.12
Australia,AUS,2017,56684.65,413407840.0,100560480.2308451,1.9486474,24731044.0,134930.06
Australia,AUS,2018,57450.383,414780580.0,100560480.2308451,1.9114009,25119700.0,168314.81
Australia,AUS,2019,57837.062,414925300.0,100560480.2308451,1.6107678,25482714.0,1565317.4
Australia,AUS,2020,57059.742,398546900.0,100560480.2308451,0.8469055,25743787.0,2263470.8
Australia,AUS,2021,58182.336,388472300.0,100560480.2308451,2.8639104,25956417.0,192986.9
Australia,AUS,2022,59883.65,384078430.0,100560480.2308451,6.5940967,26200987.0,67148.516
Australia,AUS,2023,60461.156,384316060.0,100560480.2308451,5.597015,26451126.0,149672.36
Australia,AUS,2024,60082.004,386732380.0,100560480.2308451,3.1616142,117476892.9578252,139860.86
Austria,AUT,2014,60919.84,64158736.0,8453003.0,1.6058118,8547812.0,23.11703
Austria,AUT,2015,61026.0,66357780.0,8548169.0,0.89656335,8644037.0,1.0503589
Austria,AUT,2016,61647.78,67218740.0,8641068.0,0.8915917,8737920.0,4.14139
Austria,AUT,2017,62612.14,69601480.0,8701270.0,2.081269,8798779.0,2.141336
Austria,AUT,2018,63855.78,66566510.0,8743662.0,1.9983798,8841653.0,2.251089
Austria,AUT,2019,64688.145,67951230.0,8782494.0,1.5308956,8880876.0,6.819831
Austria,AUT,2020,60349.902,62179828.0,8809849.0,1.3819107,8921402.0,1.3655814
Austria,AUT,2021,62968.94,65751344.0,8823809.0,2.7666667,8967053.0,0.31245166
Austria,AUT,2022,65661.45,61454140.0,8840953.0,8.54687,9064678.0,19.507235
Austria,AUT,2023,64394.09,56908956.0,100560480.2308451,7.814134,9130434.0,11.607823
Austria,AUT,2024,63314.46,56367656.0,100560480.2308451,2.9379158,117476892.9578252,61.73711
Azerbaijan,AZE,2014,20709.201,34344760.0,6557230.5,1.3734418,9631136.0,191.28091
Azerbaijan,AZE,2015,20678.754,34683330.0,6696296.0,4.0276856,9752859.0,17.626558
Azerbaijan,AZE,2016,19822.41,34726970.0,6830306.5,12.443375,9868434.0,4.346705
Azerbaijan,AZE,2017,19659.004,34698280.0,6953106.5,12.935919,9968510.0,36.273464
Azerbaijan,AZE,2018,19781.852,34576230.0,7066487.0,2.2685468,10039782.0,29.231812
Azerbaijan,AZE,2019,20101.492,37752550.0,7179715.0,2.6105719,10110483.0,1.758648
Azerbaijan,AZE,2020,19126.098,36237164.0,7268715.5,2.7598095,10181736.0,0.9400585
Azerbaijan,AZE,2021,20111.375,38299644.0,7337317.0,6.650299,10234372.0,1.2491161
Azerbaijan,AZE,2022,21051.244,41174576.0,7417593.5,13.852259,10295307.0,0.81733143
Azerbaijan,AZE,2023,21310.738,42748196.0,100560480.2308451,8.785431,10318209.0,111.69262
Azerbaijan,AZE,2024,22072.105,39830140.0,100560480.2308451,2.2121718,117476892.9578252,6.878332
Bahamas,BHS,2014,32712.662,2062832.1,100560480.2308451,1.5137564,382312.0,198.93172
Bahamas,BHS,2015,32777.395,2231376.0,100560480.2308451,1.861483,385355.0,534.8764
Bahamas,BHS,2016,32172.229,2246032.0,100560480.2308451,-0.34637693,388060.0,1470.3981
Bahamas,BHS,2017,33049.87,2520832.0,100560480.2308451,1.518207,390496.0,1281.3647
Bahamas,BHS,2018,33650.24,2454880.0,100560480.2308451,2.2658634,392718.0,246.82602
Bahamas,BHS,2019,33202.355,2520832.0,100560480.2308451,2.4912353,394684.0,467.51746
Bahamas,BHS,2020,26452.525,2051840.1,100560480.2308451,0.0385211,395874.0,771.29364
Bahamas,BHS,2021,31064.682,2726016.0,100560480.2308451,2.9049127,396381.0,919.82526
Bahamas,BHS,2022,34342.79,2961983.0,100560480.2308451,5.6054063,397542.0,212.54375
Bahamas,BHS,2023,35221.31,2956122.0,100560480.2308451,3.0529158,399452.0,768.7832
Bahamas,BHS,2024,36244.035,3069679.0,100560480.2308451,0.4091625,117476892.9578252,1419.0757
Bahrain,BHR,2014,55065.82,30970746.0,1296914.6,2.6475532,1312857.0,172872.32086679022
Bahrain,BHR,2015,54149.914,32520614.0,1347343.2,1.8486274,1369656.0,172872.32086679022
Bahrain,BHR,2016,54107.074,31635436.0,1394319.0,2.7867935,1429609.0,172872.32086679022
Bahrain,BHR,2017,53859.773,32916580.0,1440950.5,1.3867183,1482003.0,172872.32086679022
Bahrain,BHR,2018,54893.074,32698486.0,1471095.5,2.0876694,1497634.0,172872.32086679022
Bahrain,BHR,2019,56749.96,37616144.0,1477840.0,1.00582,1485675.0,172872.32086679022
Bahrain,BHR,2020,53814.246,37429270.0,1461275.6,-2.3177063,1483081.0,172872.32086679022
Bahrain,BHR,2021,54954.676,36265130.0,1447227.2,-0.60631937,1501762.0,172872.32086679022
Bahrain,BHR,2022,57572.996,37826840.0,1456097.0,3.625741,1533460.0,172872.32086679022
Bahrain,BHR,2023,57819.906,38786692.0,100560480.2308451,0.07462068,1569674.0,172872.32086679022
Bangladesh,BGD,2014,5068.6396,67551890.0,87409256.0,6.9916387,157964931.0,0.14068742
Bangladesh,BGD,2015,5352.7114,76946130.0,89079570.0,6.19428,159383179.0,0.14029635
Bangladesh,BGD,2016,5682.5356,81761160.0,90838800.0,5.513526,160811934.0,172872.32086679022
Bangladesh,BGD,2017,6005.707,86530870.0,92671704.0,5.70207,162186146.0,172872.32086679022
Bangladesh,BGD,2018,6392.5933,86608110.0,94479600.0,5.5436215,163523109.0,3.271354
Bangladesh,BGD,2019,6838.326,94807690.0,96297690.0,5.591996,164913060.0,172872.32086679022
Bangladesh,BGD,2020,7015.1978,95729090.0,98202440.0,5.691075,166298024.0,29.081972
Bangladesh,BGD,2021,7441.0693,98530280.0,100140090.0,5.5456543,167658855.0,12.60215
Bangladesh,BGD,2022,7888.164,102147410.0,101187060.0,7.6969543,169384891.0,1.9720898
Bangladesh,BGD,2023,8242.398,104526670.0,100560480.2308451,9.883503,171466986.0,145.635
Bangladesh,BGD,2024,8486.785,108317880.0,100560480.2308451,10.465748,117476892.9578252,52.266975
Barbados,BRB,2014,18665.178,1367624.0,100560480.2308451,1.7695032,278355.0,172872.32086679022
Barbados,BRB,2015,18464.664,1334648.0,100560480.2308451,-1.1127899,278999.0,172872.32086679022
Barbados,BRB,2016,18754.666,1371455.0,100560480.2308451,1.2819282,279604.0,172872.32086679022
Barbados,BRB,2017,18740.35,1399244.0,100560480.2308451,4.660185,280177.0,172872.32086679022
Barbados,BRB,2018,18484.697,1446876.0,100560480.2308451,3.673814,280719.0,172872.32086679022
Barbados,BRB,2019,18572.51,1391916.0,100560480.2308451,4.10029,281216.0,172872.32086679022
Barbados,BRB,2023,19224.463,1316733.0,100560480.2308451,9.79207,282347.0,172872.32086679022
Belarus,BLR,2014,26564.436,63699212.0,8957425.0,18.119555,9472704.0,46.766533
Belarus,BLR,2015,25513.213,58827810.0,8972744.0,13.53449,9487289.0,1080.6313
Belarus,BLR,2016,24846.83,58188064.0,8988546.0,11.836581,9499066.0,5335.328
Belarus,BLR,2017,25503.98,59444372.0,8997096.0,6.0318375,9495793.0,584.86884
Belarus,BLR,2018,26363.463,62170668.0,8994249.0,4.872302,9480031.0,228.08244
Belarus,BLR,2019,26798.82,62170636.0,8982540.0,5.598156,9435415.0,2506.244
Belarus,BLR,2020,26731.496,59122900.0,8953320.0,5.5481434,9350943.0,899.51624
Belarus,BLR,2021,27611.18,60861080.0,8909554.0,9.460284,9251368.0,235.26517
Belarus,BLR,2022,26537.508,57120548.0,8877019.0,15.209675,9173240.0,118.58137
Belarus,BLR,2023,27782.438,55736064.0,100560480.2308451,5.000599,9115679.0,84.87288
Belarus,BLR,2024,29037.53,55818416.0,100560480.2308451,5.7853193,117476892.9578252,353.67377
Belgium,BEL,2014,57028.06,97080950.0,11140166.0,0.34000283,11210113.0,0.09730925
Belgium,BEL,2015,57534.4,101327496.0,11212447.0,0.56142914,11275332.0,172872.32086679022
Belgium,BEL,2016,57927.043,99816290.0,11281704.0,1.9738526,11332707.0,0.04928982
Belgium,BEL,2017,58555.152,99282190.0,11350093.0,2.1259708,11376583.0,31.33585
Belgium,BEL,2018,59383.88,100256370.0,11414957.0,2.053165,11428608.0,23.210161
Belgium,BEL,2019,60506.66,99798730.0,11477706.0,1.4368196,11490623.0,19.900719
Belgium,BEL,2020,57358.836,91254550.0,11529669.0,0.7407918,11540102.0,0.0
Belgium,BEL,2021,60669.215,94928070.0,11580200.0,2.4402485,11570843.0,1.4595603
Belgium,BEL,2022,62744.203,88914970.0,11625560.0,9.597511,11641814.0,0.0
Belgium,BEL,2023,62920.645,84703360.0,100560480.2308451,4.0490108,11712891.0,0.24332657
Belgium,BEL,2024,63083.184,85456200.0,100560480.2308451,3.1434913,117476892.9578252,0.82723784
Belize,BLZ,2014,12249.222,501968.03,100560480.2308451,1.2013997,348934.0,359.82672
Belize,BLZ,2015,12339.48,685168.0,100560480.2308451,-0.861584,356341.0,330.25073
Belize,BLZ,2016,12062.798,674176.0,100560480.2308451,0.6634272,364717.0,1954.2135
Belize,BLZ,2017,11574.452,666848.0,100560480.2308451,1.1476533,373215.0,2313.8208
Belize,BLZ,2018,11486.803,659540.0,100560480.2308451,0.26998264,380232.0,704.23865
Belize,BLZ,2019,11803.088,769440.0,100560480.2308451,0.18706939,385833.0,1541.6412
Belize,BLZ,2020,10032.545,653636.0,100560480.2308451,0.121434644,390819.0,7673.325
Belize,BLZ,2021,11677.461,693630.0,100560480.2308451,3.2356367,395355.0,473.58636
Belize,BLZ,2022,12569.818,723761.0,100560480.2308451,6.276893,402741.0,272.6519
Belize,BLZ,2023,12455.296,766451.0,100560480.2308451,4.38984,411112.0,7098.5024
Belize,BLZ,2024,13277.936,796027.0,100560480.2308451,3.2895598,117476892.9578252,15768.009
Benin,BEN,2014,2987.3823,4774016.0,100560480.2308451,-0.54875755,11030008.0,172872.32086679022
Benin,BEN,2015,2952.0022,5318238.0,100560480.2308451,0.21878593,11360681.0,172872.32086679022
Benin,BEN,2016,2962.6638,5310542.0,100560480.2308451,-0.79331017,11697845.0,172872.32086679022
Benin,BEN,2017,3041.7793,5555002.0,100560480.2308451,0.043264855,12039777.0,172872.32086679022
Benin,BEN,2018,3155.4512,5668449.0,100560480.2308451,0.91917074,12383349.0,172872.32086679022
Benin,BEN,2019,3281.1047,5272598.0,100560480.2308451,0.73284936,12726760.0,172872.32086679022
Benin,BEN,2020,3317.8596,5540920.0,100560480.2308451,3.0227213,13070169.0,172872.32086679022
Benin,BEN,2021,3464.2886,5805787.0,100560480.2308451,1.7335396,13413423.0,172872.32086679022
Benin,BEN,2022,3588.3252,6092278.0,100560480.2308451,1.3507786,13759507.0,172872.32086679022
Benin,BEN,2023,3721.2126,5927823.0,100560480.2308451,2.7387009,14111035.0,172872.32086679022
Bhutan,BTN,2014,11744.519,1332335.0,314874.3,8.271061,733151.0,34.675484
Bhutan,BTN,2015,12400.298,1433898.0,352750.9,4.548144,740623.0,82.62308
Bhutan,BTN,2016,13320.976,1560270.0,390543.72,3.2198868,747878.0,250.00085
Bhutan,BTN,2017,13482.343,1649287.0,427894.56,4.955084,754343.0,465.1502
Bhutan,BTN,2018,13854.8545,1681916.0,463558.4,2.723964,759766.0,428.0517
Bhutan,BTN,2019,14555.188,1564881.0,498912.1,2.7264304,764830.0,79.50626
Bhutan,BTN,2020,12979.937,1213662.0,534088.7,5.6293654,770013.0,27.958374
Bhutan,BTN,2021,13458.8125,1454682.0,564964.6,7.3468146,775450.0,48.97618
Bhutan,BTN,2022,14061.3125,1549593.0,573868.1,5.639167,780921.0,22.870762
Bhutan,BTN,2023,14645.266,1629648.0,100560480.2308451,4.2293444,786386.0,500.63138
Bolivia,BOL,2014,8851.712,19900322.0,100560480.2308451,5.7666006,10848889.0,24702.328
Bolivia,BOL,2015,9141.929,19899728.0,100560480.2308451,4.0596104,11014707.0,8821.495
Bolivia,BOL,2016,9390.791,21249604.0,100560480.2308451,3.6232142,11180020.0,88153.53
Bolivia,BOL,2017,9642.813,22181584.0,100560480.2308451,2.822758,11344591.0,74458.95
Bolivia,BOL,2018,9907.0625,22508872.0,100560480.2308451,2.27206,11508370.0,27395.756
Bolivia,BOL,2019,9985.23,22609254.0,100560480.2308451,1.839545,11671386.0,519360.88
Bolivia,BOL,2020,9000.976,18320192.0,100560480.2308451,0.94074214,11816301.0,175556.77
Bolivia,BOL,2021,9454.198,21766604.0,100560480.2308451,0.7373837,11937369.0,272224.9
Bolivia,BOL,2022,9681.707,23488206.0,100560480.2308451,1.7463287,12077156.0,181852.16
Bolivia,BOL,2023,9843.97,24620520.0,100560480.2308451,2.576888,12244161.0,367852.97
Bolivia,BOL,2024,9844.276,28708664.0,100560480.2308451,5.099766,117476892.9578252,1456265.8
Bosnia and Herzegovina,BIH,2014,13454.384,19311786.0,3171722.2,-0.897194,3564831.0,435.3525
Bosnia and Herzegovina,BIH,2015,14219.543,18460492.0,3130485.2,-1.036023,3518541.0,16.7727
Bosnia and Herzegovina,BIH,2016,14873.068,21734072.0,3092276.8,-1.5841,3472997.0,146.67964
Bosnia and Herzegovina,BIH,2017,15554.06,22152510.0,3056185.2,0.81013334,3428684.0,174.94629
Bosnia and Herzegovina,BIH,2018,16348.134,22078696.0,3021038.2,1.4171082,3386999.0,426.97977
Bosnia and Herzegovina,BIH,2019,17028.643,20810378.0,2981722.8,0.56278217,3345532.0,88.2994
Bosnia and Herzegovina,BIH,2020,16746.39,20831812.0,2924807.0,-1.051296,3299352.0,508.70023
Bosnia and Herzegovina,BIH,2021,18285.672,21267650.0,2863867.2,1.981639,3244912.0,120.30718
Bosnia and Herzegovina,BIH,2022,19297.072,20742836.0,2812219.5,14.020844,3204802.0,419.08527
Bosnia and Herzegovina,BIH,2023,19803.846,19881310.0,100560480.2308451,6.1059012,3185072.0,667.8938
Bosnia and Herzegovina,BIH,2024,20428.525,19425932.0,100560480.2308451,1.6921273,117476892.9578252,103.49287
Botswana,BWA,2014,17052.193,6850164.0,100560480.2308451,4.402253,2172053.0,172872.32086679022
Botswana,BWA,2015,15994.964,5417540.0,100560480.2308451,3.0620317,2203276.0,172872.32086679022
Botswana,BWA,2016,16905.588,6340873.0,100560480.2308451,2.8149579,2234784.0,172872.32086679022
Botswana,BWA,2017,17352.896,7066344.0,100560480.2308451,3.3082807,2266749.0,172872.32086679022
Botswana,BWA,2018,17825.02,7643491.0,100560480.2308451,3.2380157,2299149.0,0.3640338
Botswana,BWA,2019,18106.01,7485552.0,100560480.2308451,2.7728643,2332082.0,172872.32086679022
Botswana,BWA,2020,16289.392,6192160.0,100560480.2308451,1.8903592,2365895.0,172872.32086679022
Botswana,BWA,2021,17960.625,6683136.0,100560480.2308451,7.240978,2401448.0,172872.32086679022
Botswana,BWA,2022,18647.373,7395755.0,100560480.2308451,11.665567,2439895.0,172872.32086679022
Botswana,BWA,2023,18932.48,7248677.0,100560480.2308451,5.0676155,2480242.0,172872.32086679022
Brazil,BRA,2014,19183.172,556525500.0,165198660.0,6.32904,200085126.0,178819.2
Brazil,BRA,2015,18357.068,528173540.0,168259400.0,9.029901,201675534.0,211138.53
Brazil,BRA,2016,17620.928,491744830.0,171162370.0,8.739143,203218108.0,1776195.2
Brazil,BRA,2017,17724.48,497254560.0,174320900.0,3.4463735,204703440.0,1144367.8
Brazil,BRA,2018,17917.75,476600540.0,177380690.0,3.6648502,206107265.0,385744.1
Brazil,BRA,2019,18018.621,476723740.0,180419790.0,3.7329762,207455459.0,325869.16
Brazil,BRA,2020,17327.516,447999400.0,183181700.0,3.2117682,208660845.0,855987.7
Brazil,BRA,2021,18075.705,496562000.0,185700880.0,8.30166,209550291.0,488422.4
Brazil,BRA,2022,18554.047,480058300.0,187879790.0,9.280107,210306411.0,480311.3
Brazil,BRA,2023,19079.812,483991940.0,100560480.2308451,4.5935626,211140731.0,499881.38
Brazil,BRA,2024,19647.91,483011550.0,100560480.2308451,4.367464,117476892.9578252,2184201.5
Brunei,BRN,2014,83310.62,8830992.0,100560480.2308451,-0.20710874,416757.0,64.64845
Brunei,BRN,2015,81910.19,6933290.0,100560480.2308451,-0.4883474,422223.0,352.9452
Brunei,BRN,2016,78880.625,7632908.0,100560480.2308451,-0.27869326,427571.0,557.55457
Brunei,BRN,2017,78966.87,9309384.0,100560480.2308451,-1.2605057,432787.0,11.502665
Brunei,BRN,2018,78099.05,9341090.0,100560480.2308451,1.0250518,437811.0,8.357069
Brunei,BRN,2019,80228.16,9564189.0,100560480.2308451,-0.39052206,442690.0,93.0695
Brunei,BRN,2020,80280.9,11157091.0,100560480.2308451,1.94032,447411.0,128.9803
Brunei,BRN,2021,78248.8,11708841.0,100560480.2308451,1.7334139,451722.0,11.271721
Brunei,BRN,2022,76357.83,12237038.0,100560480.2308451,3.6822503,455374.0,13.496269
Brunei,BRN,2023,76616.7,12502692.0,100560480.2308451,0.3570643,458959.0,88.666985
Brunei,BRN,2024,79184.09,12052463.0,100560480.2308451,-0.38867417,117476892.9578252,125.908875
Bulgaria,BGR,2014,23446.406,45169064.0,7145329.0,-1.4181838,7223450.0,174.10367
Bulgaria,BGR,2015,24553.145,48127124.0,7072586.0,-0.104633264,7177515.0,27.704208
Bulgaria,BGR,2016,25626.824,45343750.0,6999725.0,-0.7986499,7127436.0,213.00166
Bulgaria,BGR,2017,26681.43,47445844.0,6926864.0,2.0615962,7075642.0,506.25986
Bulgaria,BGR,2018,27739.502,43503330.0,6852863.0,2.8145447,7024745.0,371.3996
Bulgaria,BGR,2019,29199.834,42194980.0,6779216.0,3.1037295,6975466.0,28.072416
Bulgaria,BGR,2020,28545.709,36571028.0,6697710.0,1.672441,6933656.0,121.73007
Bulgaria,BGR,2021,30971.914,42365030.0,6597374.0,3.2977443,6877222.0,312.27304
Bulgaria,BGR,2022,32433.15,46931790.0,6487232.0,15.325259,6825862.0,246.08875
Bulgaria,BGR,2023,33139.938,34500948.0,100560480.2308451,9.442842,6795805.0,192.94324
Bulgaria,BGR,2024,34083.234,31621824.0,100560480.2308451,2.4465194,117476892.9578252,1251.7965
Burkina Faso,BFA,2014,2083.1985,2867520.0,100560480.2308451,-0.2580895,18229466.0,172872.32086679022
Burkina Faso,BFA,2015,2101.7026,3743772.0,100560480.2308451,0.724839,18777488.0,172872.32086679022
Burkina Faso,BFA,2016,2162.7258,3987637.0,100560480.2308451,0.44104144,19334854.0,172872.32086679022
Burkina Faso,BFA,2017,2232.2878,4621631.0,100560480.2308451,1.482999,19894413.0,172872.32086679022
Burkina Faso,BFA,2018,2316.3943,5226246.0,100560480.2308451,1.955943,20438289.0,172872.32086679022
Burkina Faso,BFA,2019,2391.5364,5618020.0,100560480.2308451,-3.2333894,20961956.0,172872.32086679022
Burkina Faso,BFA,2020,2380.9316,5618088.0,100560480.2308451,1.88444,21478691.0,172872.32086679022
Burkina Faso,BFA,2021,2486.431,6328719.0,100560480.2308451,3.653533,21995249.0,172872.32086679022
Burkina Faso,BFA,2022,2466.0532,6542194.0,100560480.2308451,14.2902355,22509038.0,172872.32086679022
Burkina Faso,BFA,2023,2482.0723,6308441.0,100560480.2308451,0.74291044,23025777.0,172872.32086679022
Burundi,BDI,2014,977.76587,355126.0,100560480.2308451,4.405352,10799789.0,2.381644
Burundi,BDI,2015,918.5572,355408.0,100560480.2308451,5.5446887,11047581.0,3.838377
Burundi,BDI,2016,897.45905,428688.0,100560480.2308451,5.5576897,11239459.0,2.2279649
Burundi,BDI,2017,880.99347,516498.03,100560480.2308451,16.052536,11506764.0,9.8326645
Burundi,BDI,2018,868.5555,645097.0,100560480.2308451,-2.814698,11859444.0,12.368654
Burundi,BDI,2019,855.7327,685168.0,100560480.2308451,-0.68677217,12255339.0,1.6132085
Burundi,BDI,2020,833.9202,739430.0,100560480.2308451,7.3211064,12617041.0,3.3031335
Burundi,BDI,2021,836.6656,771677.0,100560480.2308451,8.404538,12965487.0,8.296395
Burundi,BDI,2022,829.38715,877523.0,100560480.2308451,18.800879,13321102.0,0.8449751
Burundi,BDI,2023,828.58295,900716.0,100560480.2308451,26.941484,13689455.0,172872.32086679022
Burundi,BDI,2024,835.62085,916664.0,100560480.2308451,20.212492,117476892.9578252,0.30731207
Cambodia,KHM,2014,4702.7305,6702344.0,3699411.5,3.8556886,15396771.0,204.74857
Cambodia,KHM,2015,4968.5728,8186074.5,3840444.0,1.2239319,15623253.0,71.520004
Cambodia,KHM,2016,5283.7295,10643550.0,3984431.2,3.0191398,15852802.0,390.53757
Cambodia,KHM,2017,5632.0312,12087146.0,4130999.5,2.9126356,16073374.0,435.7861
Cambodia,KHM,2018,6050.591,13937509.0,4277678.0,2.4590852,16274522.0,38.130756
Cambodia,KHM,2019,6448.885,18626280.0,4424100.5,1.942575,16481305.0,140.2009
Cambodia,KHM,2020,6128.782,20990796.0,4575341.0,2.9402952,16725484.0,363.48633
Cambodia,KHM,2021,6225.5327,20775382.0,4722614.0,2.920735,16974309.0,322.1711
Cambodia,KHM,2022,6458.368,20865134.0,4884686.5,5.343703,17201721.0,508.3898
Cambodia,KHM,2023,6695.292,21411502.0,100560480.2308451,2.1274679,17423884.0,768.2798
Cameroon,CMR,2014,4588.4863,8775174.0,100560480.2308451,1.8548985,22059894.0,56.661285
Cameroon,CMR,2015,4698.667,9849951.0,100560480.2308451,2.6762352,22763418.0,18.88671
Cameroon,CMR,2016,4767.132,9964924.0,100560480.2308451,0.8741904,23454165.0,482.40805
Cameroon,CMR,2017,4797.9756,9581728.0,100560480.2308451,0.6404092,24128609.0,88.93669
Cameroon,CMR,2018,4851.48,9843863.0,100560480.2308451,1.0688581,24806377.0,53.4737
Cameroon,CMR,2019,4882.3555,9605290.0,100560480.2308451,2.4528022,25506095.0,60.72044
Cameroon,CMR,2020,4763.482,9716267.0,100560480.2308451,2.4376087,26210566.0,1122.8134
Cameroon,CMR,2021,4793.556,9733522.0,100560480.2308451,2.2718577,26915765.0,164.06667
Cameroon,CMR,2022,4843.6504,9792435.0,100560480.2308451,6.2476773,27632770.0,46.496616
Cameroon,CMR,2023,4870.571,9694864.0,100560480.2308451,7.382814,28372690.0,492.12817
Cameroon,CMR,2024,4919.1416,9631583.0,100560480.2308451,4.5306125,117476892.9578252,965.08575
Canada,CAN,2014,55723.484,564938240.0,34966548.0,1.9066359,35634265.0,1792949.4
Canada,CAN,2015,55660.867,563002560.0,35309796.0,1.1252414,35962236.0,1909631.9
Canada,CAN,2016,55606.156,553707000.0,35706644.0,1.4287596,36353345.0,1102925.0
Canada,CAN,2017,56612.33,566660300.0,36162668.0,1.5968841,36808498.0,1501145.1
Canada,CAN,2018,57337.492,575090750.0,36658836.0,2.2682257,37294996.0,1192115.6
Canada,CAN,2019,57583.848,579007040.0,37161852.0,1.949269,37782934.0,1258382.1
Canada,CAN,2020,54092.88,524207940.0,37524572.0,0.71699965,38171903.0,351274.9
Canada,CAN,2021,56995.117,537478660.0,37788464.0,3.395193,38454058.0,1618428.4
Canada,CAN,2022,58321.062,547657660.0,38085060.0,6.802801,38821259.0,1450840.6
Canada,CAN,2023,57517.44,545478500.0,100560480.2308451,3.8790016,39299098.0,7789589.0
Canada,CAN,2024,56691.906,533340100.0,100560480.2308451,2.381584,117476892.9578252,4440485.0
Cape Verde,CPV,2014,7491.022,490976.0,100560480.2308451,-0.23877814,512334.0,172872.32086679022
Cape Verde,CPV,2015,7560.1367,494640.0,100560480.2308451,0.131188,512405.0,172872.32086679022
Cape Verde,CPV,2016,7881.303,531280.0,100560480.2308451,-1.4078164,512556.0,172872.32086679022
Cape Verde,CPV,2017,8234.56,571584.0,100560480.2308451,0.78441525,512899.0,172872.32086679022
Cape Verde,CPV,2018,8531.13,571584.0,100560480.2308451,1.2569957,513418.0,172872.32086679022
Cape Verde,CPV,2019,9111.63,630208.0,100560480.2308451,1.1066667,514116.0,172872.32086679022
Cape Verde,CPV,2020,7207.8687,520288.0,100560480.2308451,0.6057958,514683.0,172872.32086679022
Cape Verde,CPV,2021,7685.4194,589904.0,100560480.2308451,1.8621529,516655.0,172872.32086679022
Cape Verde,CPV,2022,8850.106,597650.0,100560480.2308451,7.930929,519750.0,172872.32086679022
Cape Verde,CPV,2023,9280.9795,571493.0,100560480.2308451,3.7243752,522335.0,172872.32086679022
Central African Republic,CAF,2014,1001.85596,131904.0,326542.4,14.8986845,4623187.0,297.46472
Central African Republic,CAF,2015,1043.9218,194192.0,322776.3,1.4029702,4629322.0,147.92982
Central African Republic,CAF,2016,1073.9448,238160.0,323285.1,4.9454327,4713663.0,8031.213
Central African Republic,CAF,2017,1103.8661,285792.0,324185.44,4.180723,4793512.0,1142.122
Central African Republic,CAF,2018,1125.7009,271136.0,325312.25,1.6121569,4878663.0,305.4054
Central African Republic,CAF,2019,1145.0956,311440.0,327338.88,2.6853735,4944708.0,652.49097
Central African Republic,CAF,2020,1136.5706,333424.0,330375.9,1.7101566,5026629.0,719.84766
Central African Republic,CAF,2021,1128.5524,366400.0,332007.7,4.259364,5112103.0,2513.083
Central African Republic,CAF,2022,1136.8018,377392.0,341803.2,5.5831676,5098038.0,892.21954
Central African Republic,CAF,2023,1132.6764,389279.0,100560480.2308451,2.9791386,5152415.0,1079.2443
Chad,TCD,2014,2821.2751,2182780.0,811566.75,1.6819731,14188680.0,172872.32086679022
Chad,TCD,2015,2823.3606,2351874.0,842574.25,4.3771267,14647626.0,12.3517275
Chad,TCD,2016,2623.1206,2381583.0,874707.06,-0.79244053,15114652.0,0.2285826
Chad,TCD,2017,2496.4927,2340762.0,909934.25,-1.5370996,15622756.0,1.3714978
Chad,TCD,2018,2552.6062,2383510.0,947399.6,4.274622,16156535.0,0.9143262
Chad,TCD,2019,2604.9163,2299785.0,985894.8,-0.97193915,16685223.0,10.591114
Chad,TCD,2020,2513.0159,2356446.0,1024961.25,4.464144,17224686.0,4.6481075
Chad,TCD,2021,2435.0728,2670142.0,1065992.4,-0.7728444,17828274.0,94.79859
Chad,TCD,2022,2655.71,2800401.0,1107184.0,5.788027,18455319.0,92.20841
Chad,TCD,2023,2641.4329,2848394.0,100560480.2308451,10.836357,19319075.0,723.4159
Chad,TCD,2024,2605.7717,2831401.0,100560480.2308451,8.8995075,117476892.9578252,1874.2306
Chile,CHL,2014,27505.049,77586210.0,17348888.0,4.718675,17864192.0,10543.968
Chile,CHL,2015,27811.375,81778460.0,17581070.0,4.3487735,18047630.0,11587.152
Chile,CHL,2016,27958.729,84250500.0,17826660.0,3.7861936,18267225.0,6908.337
Chile,CHL,2017,27892.994,84134620.0,18142688.0,2.1827185,18558868.0,64479.473
Chile,CHL,2018,28492.662,84442640.0,18471678.0,2.4348898,18893185.0,2616.7363
Chile,CHL,2019,28218.535,91977050.0,18805560.0,2.5575447,19197748.0,6564.4307
Chile,CHL,2020,26248.562,80178220.0,19063184.0,3.0454907,19370621.0,12912.059
Chile,CHL,2021,29089.85,83630310.0,19253684.0,4.5245686,19456323.0,5479.0815
Chile,CHL,2022,29569.479,85743784.0,19362874.0,11.643867,19553033.0,6211.2324
Chile,CHL,2023,29563.678,77604216.0,100560480.2308451,7.5816827,19658833.0,30602.113
Chile,CHL,2024,30182.787,78725544.0,100560480.2308451,4.297639,117476892.9578252,7199.0713
China,CHN,2014,13968.581,9976027000.0,100560480.2308451,1.9216416,1387951970.0,6009.0034
China,CHN,2015,14856.78,9858040000.0,100560480.2308451,1.4370238,1396134171.0,4946.442
China,CHN,2016,15772.765,9748175000.0,100560480.2308451,2.000002,1404052628.0,13849.877
China,CHN,2017,16757.973,10000013000.0,100560480.2308451,1.593136,1412354730.0,15104.239
China,CHN,2018,17806.791,10346790000.0,100560480.2308451,2.0747905,1419008954.0,14667.685
China,CHN,2019,18820.514,10713515000.0,100560480.2308451,2.899234,1423520357.0,30204.768
China,CHN,2020,19215.154,10896520000.0,100560480.2308451,2.419422,1426106093.0,21434.547
China,CHN,2021,20843.297,11284401000.0,100560480.2308451,0.98101515,1426437269.0,17097.232
China,CHN,2022,21499.383,11711807000.0,100560480.2308451,1.9735756,1425179562.0,7537.948
China,CHN,2023,22687.076,12172008000.0,100560480.2308451,0.23483683,1422584930.0,22500.143
China,CHN,2024,23845.62,12289037000.0,100560480.2308451,0.21812893,117476892.9578252,32898.203
Colombia,COL,2014,16480.363,92041690.0,33742600.0,2.8988378,46565426.0,312.2709
Colombia,COL,2015,16821.38,91026590.0,34165020.0,4.989831,46969938.0,270.87985
Colombia,COL,2016,17003.244,91582890.0,34634356.0,7.51346,47437513.0,20609.59
Colombia,COL,2017,16986.033,83458820.0,35263844.0,4.3143134,48131076.0,2179.2866
Colombia,COL,2018,17104.13,90810690.0,36034484.0,3.2405694,49024463.0,1613.8516
Colombia,COL,2019,17336.771,98961910.0,36773276.0,3.5230193,49907987.0,5054.8916
Colombia,COL,2020,15861.5,92305150.0,37389844.0,2.526635,50629997.0,3820.5317
Colombia,COL,2021,17383.09,103733530.0,37977956.0,3.4950576,51188174.0,629.1884
Colombia,COL,2022,18458.72,89436940.0,38312104.0,10.177232,51737944.0,1620.7582
Colombia,COL,2023,18382.998,89992344.0,100560480.2308451,11.735905,52321152.0,784.2216
Colombia,COL,2024,18503.67,92659384.0,100560480.2308451,6.609086,117476892.9578252,1476.8081
Comoros,COM,2014,3109.8958,164880.0,100560480.2308451,6.6403600005775285,711512.0,23.551105
Comoros,COM,2015,3105.593,179536.0,100560480.2308451,6.6403600005775285,726685.0,1.2059329
Comoros,COM,2016,3127.132,205184.0,100560480.2308451,6.6403600005775285,741745.0,4.443423
Comoros,COM,2017,3236.986,263808.0,100560480.2308451,6.6403600005775285,756672.0,1.2060215
Comoros,COM,2018,3303.2568,285792.0,100560480.2308451,6.6403600005775285,771597.0,0.6766309
Comoros,COM,2019,3357.898,311440.0,100560480.2308451,6.6403600005775285,786582.0,4.521502
Comoros,COM,2020,3424.5398,370064.0,100560480.2308451,6.6403600005775285,802172.0,1.055311
Comoros,COM,2021,3449.0435,498304.0,100560480.2308451,6.6403600005775285,818178.0,0.7536136
Comoros,COM,2022,3478.1736,531671.0,100560480.2308451,6.6403600005775285,834191.0,4.746027
Comoros,COM,2023,3516.4817,542130.0,100560480.2308451,6.6403600005775285,850390.0,39.865124
Congo,COG,2014,9159.257,5471087.0,2155886.2,0.91213953,4975887.0,1416.5653
Congo,COG,2015,8977.707,5636681.0,2237653.2,3.169098,5097583.0,1880.2688
Congo,COG,2016,8001.8257,5727211.0,2322122.2,3.1905618,5222545.0,34074.8
Congo,COG,2017,7372.7705,5650948.0,2409401.8,0.45006382,5351013.0,1008.9575
Congo,COG,2018,7029.3364,6544667.0,2477622.5,1.152779,5483128.0,3274.3655
Congo,COG,2019,6939.369,7293597.0,2546742.2,2.206073,5616656.0,1814.9633
Congo,COG,2020,6350.5093,7677297.0,2617120.8,1.7953714,5752792.0,2934.3962
Congo,COG,2021,6263.2114,7392860.0,2688937.5,1.7156428,5892187.0,2763.84
Congo,COG,2022,6205.105,8727515.0,100560480.2308451,3.0434434,6035104.0,4122.5996
Congo,COG,2023,6172.2876,8274273.0,100560480.2308451,4.3017454,6182890.0,3007.17
Congo,COG,2024,6181.4707,8839770.0,100560480.2308451,3.0914364,117476892.9578252,40994.453
Costa Rica,CRI,2014,20724.922,7701873.0,3874753.5,4.519201,4767126.0,26.676247
Costa Rica,CRI,2015,21254.783,7352825.0,3923400.5,0.801982,4818045.0,0.83443624
Costa Rica,CRI,2016,21925.6,7828942.0,3970944.5,-0.01747885,4867003.0,387.12247
Costa Rica,CRI,2017,22622.553,7986782.0,4017135.0,1.625907,4913177.0,2709.7852
Costa Rica,CRI,2018,23005.312,7966997.0,4059080.8,2.2211146,4957813.0,34.252613
Costa Rica,CRI,2019,23364.783,7660395.0,4094100.0,2.0960464,4999549.0,231.06718
Costa Rica,CRI,2020,22211.861,6754070.0,4124921.5,0.72491145,5034323.0,10.619437
Costa Rica,CRI,2021,23852.926,7665438.0,4149537.8,1.7264775,5059991.0,1.4419832
Costa Rica,CRI,2022,24831.719,8010137.5,4170960.0,8.274775,5081764.0,1.4394078
Costa Rica,CRI,2023,25979.629,8472529.0,100560480.2308451,0.5251935,5105526.0,1.3650341
Costa Rica,CRI,2024,26973.436,8760451.0,100560480.2308451,-0.41345933,117476892.9578252,112.59317
Cote d'Ivoire,CIV,2014,4907.5747,9903225.0,7646201.0,0.44868207,24527393.0,0.15181488
Cote d'Ivoire,CIV,2015,5110.8623,9554745.0,8261395.0,1.2514995,25246347.0,172872.32086679022
Cote d'Ivoire,CIV,2016,5320.8467,11979472.0,8907096.0,0.72317845,25989404.0,0.8376772
Cote d'Ivoire,CIV,2017,5556.114,12001905.0,9585238.0,0.6858811,26733376.0,172872.32086679022
Cote d'Ivoire,CIV,2018,5670.2,10415200.0,10294730.0,0.35940903,27464175.0,6.1726427
Cote d'Ivoire,CIV,2019,5894.879,10538745.0,11021597.0,-1.1068635,28193014.0,0.22845812
Cote d'Ivoire,CIV,2020,5787.8154,11018607.0,11701104.0,2.4250066,28915452.0,12.717371
Cote d'Ivoire,CIV,2021,6045.2046,13665820.0,12026256.0,4.091952,29639737.0,3.3506787
Cote d'Ivoire,CIV,2022,6272.264,14504321.0,12360269.0,5.2761674,30395004.0,172872.32086679022
Cote d'Ivoire,CIV,2023,6511.751,14052436.0,100560480.2308451,4.387117,31165653.0,0.6092165
Cote d'Ivoire,CIV,2024,6733.154,14828585.0,100560480.2308451,3.4663732,117476892.9578252,1.9038
Croatia,HRV,2014,28460.73,17649938.0,100560480.2308451,-0.21519616,4219485.0,52.51519
Croatia,HRV,2015,29471.752,17793892.0,100560480.2308451,-0.464499,4183732.0,431.99414
Croatia,HRV,2016,30824.86,18079278.0,100560480.2308451,-1.125,4136438.0,250.53488
Croatia,HRV,2017,32351.873,18713126.0,100560480.2308451,1.1293721,4079198.0,525.90704
Croatia,HRV,2018,33730.875,17694512.0,100560480.2308451,1.500125,4024868.0,749.5622
Croatia,HRV,2019,35123.49,17820422.0,100560480.2308451,0.77182037,3986338.0,81.059
Croatia,HRV,2020,32493.625,16870106.0,100560480.2308451,0.15481137,3953956.0,63.159973
Croatia,HRV,2021,36930.47,17402972.0,100560480.2308451,2.554507,3924607.0,36.116356
Croatia,HRV,2022,39861.79,17585164.0,100560480.2308451,10.7805805,3907031.0,187.18321
Croatia,HRV,2023,41135.086,18467598.0,100560480.2308451,7.941282,3896023.0,472.02628
Croatia,HRV,2024,42631.316,18464850.0,100560480.2308451,2.972005,117476892.9578252,446.084
Curacao,CUW,2014,31128.646,6796720.0,100560480.2308451,1.4987397,165041.0,172872.32086679022
Curacao,CUW,2015,30861.32,7331664.0,100560480.2308451,-0.47654206,166621.0,172872.32086679022
Curacao,CUW,2016,30209.787,6203152.0,100560480.2308451,-0.047207985,167787.0,172872.32086679022
Curacao,CUW,2017,29729.102,4968384.0,100560480.2308451,1.585588,168525.0,172872.32086679022
Curacao,CUW,2018,29256.814,4323520.0,100560480.2308451,2.5836875,181590.0,172872.32086679022
Curacao,CUW,2019,28659.656,2396256.0,100560480.2308451,2.6222079,189555.0,172872.32086679022
Cyprus,CYP,2014,36442.01,6929789.0,1161732.5,-1.3549888,1201806.0,27.083162
Cyprus,CYP,2015,37903.125,6952477.0,1174965.8,-2.0969977,1219504.0,8.877203
Cyprus,CYP,2016,40209.863,7349926.0,1188565.1,-1.4291667,1237114.0,559.7088
Cyprus,CYP,2017,42128.566,7469282.0,1202259.8,0.5317665,1254274.0,428.13495
Cyprus,CYP,2018,44227.91,7324203.0,1215675.6,1.4354912,1270743.0,24.345194
Cyprus,CYP,2019,46195.594,7324482.0,1225950.6,0.250371,1286669.0,27.93773
Cyprus,CYP,2020,44203.89,6903173.0,1234631.0,-0.6384228,1302250.0,22.99728
Cyprus,CYP,2021,48781.277,6950782.0,1241265.8,2.4460888,1317311.0,636.59375
Cyprus,CYP,2022,51588.445,7070778.0,1248547.9,8.395483,1331376.0,65.2165
Cyprus,CYP,2023,52190.875,7188089.0,100560480.2308451,3.5413418,1344981.0,44.98473
Cyprus,CYP,2024,53252.46,7299328.0,100560480.2308451,1.8002301,117476892.9578252,151.6571
Czechia,CZE,2014,40158.016,104232570.0,10294264.0,0.3439886,10517223.0,0.097849034
Czechia,CZE,2015,42066.574,104989704.0,10300769.0,0.30936456,10524418.0,172872.32086679022
Czechia,CZE,2016,43069.465,106636424.0,10304512.0,0.6835042,10531946.0,0.3914538
Czechia,CZE,2017,45177.523,107735540.0,10308180.0,2.4505339,10541343.0,0.685037
Czechia,CZE,2018,46301.082,106322056.0,10311435.0,2.149495,10548934.0,0.63610935
Czechia,CZE,2019,47763.617,100997496.0,10313705.0,2.847876,10554872.0,45.16157
Czechia,CZE,2020,45119.938,91661460.0,10307957.0,3.1612952,10550129.0,64.8768
Czechia,CZE,2021,47796.035,96629410.0,10288231.0,3.839845,10530683.0,22.560757
Czechia,CZE,2022,48390.66,95039670.0,10271872.0,15.100165,10673216.0,12.280167
Czechia,CZE,2023,47509.523,83232250.0,100560480.2308451,10.661261,10809722.0,82.830795
Czechia,CZE,2024,47961.81,75623000.0,100560480.2308451,2.435312,117476892.9578252,1.4189326
Democratic Republic of Congo,COD,2014,1225.7021,5065957.0,8934464.0,1.2430389,78403248.0,4435.796
Democratic Republic of Congo,COD,2015,1267.9055,3274380.0,9182911.0,0.744199,81035532.0,3472.3445
Democratic Republic of Congo,COD,2016,1253.1582,2659404.0,9439445.0,2.8858511,83956416.0,25375.6
Democratic Republic of Congo,COD,2017,1253.1874,2920246.0,9694141.0,6.6403600005775285,87083400.0,8641.001
Democratic Republic of Congo,COD,2018,1282.4823,3774205.0,9931767.0,6.6403600005775285,90047647.0,13863.731
Democratic Republic of Congo,COD,2019,1296.9476,4118092.0,10158622.0,6.6403600005775285,92947450.0,6799.508
Democratic Republic of Congo,COD,2020,1277.6328,4304789.0,10386245.0,6.6403600005775285,95990000.0,21720.736
Democratic Republic of Congo,COD,2021,1313.6182,4292237.0,10916312.0,6.6403600005775285,99148930.0,19704.584
Democratic Republic of Congo,COD,2022,1385.4647,5892366.0,11469675.0,6.6403600005775285,102396974.0,14707.616
Democratic Republic of Congo,COD,2023,1456.4824,5881086.0,100560480.2308451,6.6403600005775285,105789733.0,12323.693
Denmark,DNK,2014,61047.332,37571384.0,5559536.0,0.5640205,5643795.0,2.5749013
Denmark,DNK,2015,61893.246,35110572.0,5608777.0,0.45203415,5683698.0,1.3798257
Denmark,DNK,2016,63299.336,36916560.0,5660135.5,0.25,5728196.0,16.565922
Denmark,DNK,2017,64815.73,34664620.0,5713085.0,1.1471322,5765164.0,9.431151
Denmark,DNK,2018,65694.76,34608956.0,5762005.0,0.8136095,5793824.0,31.07716
Denmark,DNK,2019,66580.19,30950284.0,5791173.5,0.75813156,5814618.0,0.34389392
Denmark,DNK,2020,65204.55,28299676.0,5820912.0,0.42071196,5831529.0,1.1387738
Denmark,DNK,2021,69715.18,29603524.0,5849488.5,1.8530455,5856774.0,23.470627
Denmark,DNK,2022,70233.64,29094320.0,5877486.5,7.696567,5902901.0,12.997434
Denmark,DNK,2023,71454.52,28831184.0,100560480.2308451,3.3051782,5948134.0,5.0577154
Denmark,DNK,2024,73709.0,28369162.0,100560480.2308451,1.3722005,117476892.9578252,3.184196
Djibouti,DJI,2014,4705.0493,417618.0,100560480.2308451,1.341865,1002720.0,172872.32086679022
Djibouti,DJI,2015,4961.868,504921.03,100560480.2308451,-0.84738976,1020316.0,172872.32086679022
Djibouti,DJI,2016,5226.5005,427766.0,100560480.2308451,2.7384121,1037660.0,172872.32086679022
Djibouti,DJI,2017,5421.9565,413743.0,100560480.2308451,0.56811213,1054844.0,172872.32086679022
Djibouti,DJI,2018,5590.5044,471518.0,100560480.2308451,0.14797086,1071886.0,172872.32086679022
Djibouti,DJI,2019,5809.3047,540217.0,100560480.2308451,3.3192537,1088710.0,172872.32086679022
Djibouti,DJI,2020,5791.4775,463062.0,100560480.2308451,1.7774079,1105193.0,172872.32086679022
Djibouti,DJI,2021,5960.108,557615.0,100560480.2308451,1.1819178,1121251.0,172872.32086679022
Djibouti,DJI,2022,6180.68,550390.0,100560480.2308451,5.1798086,1137101.0,172872.32086679022
Djibouti,DJI,2023,6545.1035,557559.0,100560480.2308451,1.4950682,1152951.0,172872.32086679022
Dominica,DMA,2014,17520.855,168544.0,100560480.2308451,0.79925036,70387.0,172872.32086679022
Dominica,DMA,2015,16920.912,175872.0,100560480.2308451,-0.843827,70429.0,172872.32086679022
Dominica,DMA,2016,17364.078,172208.0,100560480.2308451,0.14181623,69627.0,172872.32086679022
Dominica,DMA,2017,16314.2295,153888.0,100560480.2308451,0.29625288,68514.0,141.64943
Dominica,DMA,2018,16877.125,164880.0,100560480.2308451,0.9891911,68195.0,172872.32086679022
Dominica,DMA,2019,17619.434,172208.0,100560480.2308451,1.5046235,67901.0,0.5195036
Dominica,DMA,2020,14919.531,157552.0,100560480.2308451,1.2202644,67588.0,3.1913264
Dominica,DMA,2021,15808.975,161216.0,100560480.2308451,2.2289133,67222.0,172872.32086679022
Dominica,DMA,2022,17550.8,164871.0,100560480.2308451,2.8849022,66847.0,172872.32086679022
Dominica,DMA,2023,18278.225,164537.0,100560480.2308451,5.086775,66531.0,172872.32086679022
Dominican Republic,DOM,2014,16993.588,21264210.0,4540070.5,2.9986422,10315523.0,1658.5496
Dominican Republic,DOM,2015,17973.188,22986128.0,4606854.5,0.83674634,10434826.0,2852.3083
Dominican Republic,DOM,2016,18968.975,24140366.0,4672610.0,1.614166,10551430.0,3162.0774
Dominican Republic,DOM,2017,19501.875,23455196.0,4737212.0,3.279557,10666846.0,722.5352
Dominican Republic,DOM,2018,20662.848,25203124.0,4800776.5,3.5644343,10782048.0,59.459858
Dominican Republic,DOM,2019,21451.287,28471104.0,4863043.5,1.8106037,10894043.0,941.5459
Dominican Republic,DOM,2020,19545.41,26227630.0,4925516.0,3.7810318,11008298.0,2541.8098
Dominican Republic,DOM,2021,22053.459,29362702.0,4987773.5,8.243004,11123480.0,436.0547
Dominican Republic,DOM,2022,22986.959,31224796.0,5046364.5,8.811092,11230734.0,1600.1749
Dominican Republic,DOM,2023,23282.49,31828554.0,100560480.2308451,4.7856126,11331269.0,2908.4583
Dominican Republic,DOM,2024,24229.469,33130818.0,100560480.2308451,3.3022335,117476892.9578252,586.4067
East Timor,TLS,2014,4447.4844,627080.0,100560480.2308451,0.726275,1181913.0,88.71384
East Timor,TLS,2015,4469.936,590431.0,100560480.2308451,0.552796,1205133.0,19.302607
East Timor,TLS,2016,4517.581,642966.0,100560480.2308451,-1.3385388,1228314.0,37.99801
East Timor,TLS,2017,4292.078,692847.0,100560480.2308451,0.5572155,1251711.0,55.847908
East Timor,TLS,2018,4210.4907,617024.0,100560480.2308451,2.636472,1275962.0,15.280942
East Timor,TLS,2019,5096.4517,675431.0,100560480.2308451,0.9588127,1300946.0,37.603107
East Timor,TLS,2020,6598.0347,646107.0,100560480.2308451,0.49549922,1326051.0,85.27265
East Timor,TLS,2021,6824.7925,620168.0,100560480.2308451,3.697921,1350142.0,27.276878
East Timor,TLS,2022,5347.008,669585.0,100560480.2308451,7.0053096,1369299.0,8.507513
East Timor,TLS,2023,4330.464,636717.0,100560480.2308451,8.420351,1384292.0,18.465103
East Timor,TLS,2024,4186.215,668112.0,100560480.2308451,2.0628414,117476892.9578252,17.480244
Ecuador,ECU,2014,14064.799,43759816.0,10359172.0,3.58922,16035127.0,57.467487
Ecuador,ECU,2015,13881.57,41297732.0,10587856.0,3.9666462,16266229.0,85.15682
Ecuador,ECU,2016,13586.516,39374516.0,10822436.0,1.7282647,16505142.0,152.7753
Ecuador,ECU,2017,14179.153,39195870.0,11050234.0,0.4173356,16759515.0,67.64964
Ecuador,ECU,2018,14083.507,38451190.0,11297504.0,-0.22410324,17049542.0,61.041065
Ecuador,ECU,2019,13870.489,40082630.0,11552640.0,0.26601252,17340017.0,147.9543
Ecuador,ECU,2020,12440.326,32473266.0,11753872.0,-0.3388724,17546058.0,279.7263
Ecuador,ECU,2021,13507.444,38184976.0,11932475.0,0.13325138,17682454.0,53.084118
Ecuador,ECU,2022,14186.639,42065652.0,12076783.0,3.4661698,17823900.0,86.25925
Ecuador,ECU,2023,14343.019,44599590.0,100560480.2308451,2.2156878,17980079.0,981.87286
Ecuador,ECU,2024,13935.539,45979548.0,100560480.2308451,1.5473251,117476892.9578252,1415.184
Egypt,EGY,2014,13136.365,227254100.0,100560480.2308451,10.070215,97528655.0,172872.32086679022
Egypt,EGY,2015,13425.912,226653970.0,100560480.2308451,10.37049,99597334.0,172872.32086679022
Egypt,EGY,2016,13727.32,245163580.0,100560480.2308451,13.813606,101644583.0,172872.32086679022
Egypt,EGY,2017,14018.36,253363890.0,100560480.2308451,29.506609,103696055.0,172872.32086679022
Egypt,EGY,2018,14488.209,241903180.0,100560480.2308451,14.401465,105682092.0,172872.32086679022
Egypt,EGY,2019,15026.568,234060160.0,100560480.2308451,9.1528,107553159.0,172872.32086679022
Egypt,EGY,2020,15309.236,246323300.0,100560480.2308451,5.044933,109315118.0,172872.32086679022
Egypt,EGY,2021,15579.016,266838990.0,100560480.2308451,5.2140493,110957005.0,172872.32086679022
Egypt,EGY,2022,16360.391,249898670.0,100560480.2308451,13.895661,112618252.0,172872.32086679022
Egypt,EGY,2023,16691.387,250230190.0,100560480.2308451,33.884777,114535772.0,172872.32086679022
El Salvador,SLV,2014,9451.744,6120198.0,100560480.2308451,1.1413447,6162952.0,172872.32086679022
El Salvador,SLV,2015,9646.154,6637128.0,100560480.2308451,-0.7313845,6183675.0,172872.32086679022
El Salvador,SLV,2016,9863.761,6572031.0,100560480.2308451,0.6040491,6200808.0,75.447685
El Salvador,SLV,2017,10064.794,5941629.0,100560480.2308451,1.012354,6213538.0,2.467072
El Salvador,SLV,2018,10297.203,6452162.0,100560480.2308451,1.09033,6219803.0,38.44927
El Salvador,SLV,2019,10543.938,7634155.0,100560480.2308451,0.07532413,6222316.0,0.5235985
El Salvador,SLV,2020,9692.449,6134854.0,100560480.2308451,-0.37159023,6234679.0,1.1957258
El Salvador,SLV,2021,10809.714,6976691.0,100560480.2308451,3.4669259,6255780.0,0.4482707
El Salvador,SLV,2022,11085.618,7912706.0,100560480.2308451,7.198616,6280316.0,2.7673602
El Salvador,SLV,2023,11424.6455,8669882.0,100560480.2308451,4.045547,6309629.0,172872.32086679022
El Salvador,SLV,2024,11669.082,8972291.0,100560480.2308451,0.8537823,117476892.9578252,0.6717408
Equatorial Guinea,GNQ,2014,31765.9,7641309.0,100560480.2308451,4.3099985,1399829.0,19.58852
Equatorial Guinea,GNQ,2015,27797.795,7009905.0,100560480.2308451,1.6766309,1453925.0,0.15378651
Equatorial Guinea,GNQ,2016,24435.064,7537713.0,100560480.2308451,1.4119391,1508192.0,1.8454417
Equatorial Guinea,GNQ,2017,22250.44,6815631.0,100560480.2308451,0.7443547,1562401.0,14.13195
Equatorial Guinea,GNQ,2018,20165.48,7034368.0,100560480.2308451,1.0600741,1616425.0,2.1527972
Equatorial Guinea,GNQ,2019,18446.592,5513671.0,100560480.2308451,1.5302753,1670184.0,0.5376066
Equatorial Guinea,GNQ,2020,17089.154,6389506.0,100560480.2308451,4.766695,1716479.0,8.753631
Equatorial Guinea,GNQ,2021,16821.45,7087588.0,100560480.2308451,-0.097100765,1758796.0,21.732227
Equatorial Guinea,GNQ,2022,16932.771,7496825.0,100560480.2308451,4.786717,1803549.0,33.709167
Equatorial Guinea,GNQ,2023,15688.238,6913363.0,100560480.2308451,6.6403600005775285,1847556.0,1.7660521
Estonia,EST,2014,36090.492,18783952.0,1270823.5,-0.10617515,1314457.0,25.673819
Estonia,EST,2015,36729.81,15779627.0,1273194.0,-0.49232602,1314580.0,9.1466255
Estonia,EST,2016,37854.844,17432910.0,1274842.1,0.1486849,1315850.0,6.6194105
Estonia,EST,2017,39939.457,18616038.0,1276837.4,3.4172356,1317430.0,4.0029564
Estonia,EST,2018,41273.2,17800688.0,1281726.5,3.436327,1321972.0,16.843796
Estonia,EST,2019,42652.535,12288094.0,1286909.5,2.2772593,1326822.0,47.285946
Estonia,EST,2020,41340.766,9198245.0,1289539.2,-0.44453108,1329675.0,90.18613
Estonia,EST,2021,44251.54,10390915.0,1288955.2,4.653167,1331750.0,17.28552
Estonia,EST,2022,43690.414,11966227.0,1286537.2,19.398264,1350093.0,11.827549
Estonia,EST,2023,41706.52,8744257.0,100560480.2308451,9.159225,1367195.0,70.0349
Estonia,EST,2024,41546.12,8306777.0,100560480.2308451,3.5205605,117476892.9578252,1.8268344
Eswatini,SWZ,2014,9119.664,762112.0,100560480.2308451,5.681349,1136305.0,170.91896
Eswatini,SWZ,2015,9253.291,850048.0,100560480.2308451,4.951245,1142822.0,97.32138
Eswatini,SWZ,2016,9629.556,1022256.0,100560480.2308451,7.847275,1149516.0,166.04352
Eswatini,SWZ,2017,9696.552,970960.0,100560480.2308451,6.2213755,1158198.0,758.6922
Eswatini,SWZ,2018,9632.162,1014928.0,100560480.2308451,4.8150616,1168933.0,41.848076
Eswatini,SWZ,2019,10123.316,1099200.0,100560480.2308451,2.5980163,1179885.0,389.16776
Eswatini,SWZ,2020,9727.514,989280.0,100560480.2308451,6.6403600005775285,1192734.0,47.38641
Eswatini,SWZ,2021,9946.041,989280.0,100560480.2308451,6.6403600005775285,1206598.0,58.84234
Eswatini,SWZ,2022,9955.709,1028234.94,100560480.2308451,6.6403600005775285,1218921.0,30.479765
Eswatini,SWZ,2023,10201.638,1029613.0,100560480.2308451,6.6403600005775285,1230507.0,333.7799
Ethiopia,ETH,2014,1821.3916,11543205.0,9366705.0,6.8900194,101115615.0,52.289677
Ethiopia,ETH,2015,1957.4146,12563614.0,10084787.0,9.568899,103867140.0,2.3657665
Ethiopia,ETH,2016,2084.8406,14323219.0,10854676.0,6.6281333,106718163.0,11.462831
Ethiopia,ETH,2017,2222.8281,14602656.0,11676667.0,10.687115,109666482.0,16.329327
Ethiopia,ETH,2018,2311.165,16117197.0,12547709.0,13.833035,112664157.0,10.004503
Ethiopia,ETH,2019,2437.9705,17177142.0,13473137.0,15.809632,115737384.0,8.854392
Ethiopia,ETH,2020,2516.549,16735016.0,14456910.0,20.356346,118917670.0,24.616093
Ethiopia,ETH,2021,2588.413,17905590.0,15494273.0,26.839521,122138588.0,45.87077
Ethiopia,ETH,2022,2655.5928,16959748.0,16332908.0,33.88988,125384285.0,19.955675
Ethiopia,ETH,2023,2757.9592,17570662.0,100560480.2308451,30.218828,128691695.0,811.6077
Ethiopia,ETH,2024,2884.2646,17837292.0,100560480.2308451,21.037746,117476892.9578252,1105.8788
Fiji,FJI,2014,11621.13,1179808.0,373856.28,0.5193065,917589.0,31.722855
Fiji,FJI,2015,12131.092,1461936.0,375721.75,1.3748854,918585.0,6.0378666
Fiji,FJI,2016,12419.826,1344688.0,377397.75,3.8632255,919167.0,120.26426
Fiji,FJI,2017,13090.501,1454608.0,378857.84,3.3475783,918762.0,34.7596
Fiji,FJI,2018,13612.952,1480256.0,380041.12,4.081476,917185.0,2.7766755
Fiji,FJI,2019,13567.474,1509456.0,381005.62,1.7731018,914906.0,7.6386986
Fiji,FJI,2020,11254.97,1370240.0,382993.56,-2.5952432,914971.0,1.9903389
Fiji,FJI,2021,10685.197,1088327.0,385909.62,0.15585572,916718.0,66.10175
Fiji,FJI,2022,12762.347,1388656.0,389233.34,4.3201184,919428.0,2.139117
Fiji,FJI,2023,13652.491,1382096.0,100560480.2308451,2.344083,924150.0,7.6848664
Fiji,FJI,2024,14104.443,1445316.0,100560480.2308451,4.5113826,117476892.9578252,49.409504
Finland,FIN,2014,52710.734,47622000.0,5426994.5,1.0411962,5461686.0,170.61739
Finland,FIN,2015,52782.49,44192000.0,5459221.0,-0.20792884,5479719.0,111.354034
Finland,FIN,2016,53984.633,47252000.0,5474990.0,0.3566845,5495468.0,252.4028
Finland,FIN,2017,55637.227,44657000.0,5487932.5,0.754015,5508398.0,276.56302
Finland,FIN,2018,56226.336,45736000.0,5495304.5,1.0838209,5515730.0,172.25522
Finland,FIN,2019,56922.49,42444000.0,5501447.5,1.024094,5521754.0,141.92824
Finland,FIN,2020,55424.86,37720000.0,5509447.0,0.29055455,5529616.0,213.2605
Finland,FIN,2021,56790.375,37820000.0,5516057.0,2.1945744,5541069.0,325.46313
Finland,FIN,2022,57068.305,36337000.0,5520910.5,7.1235075,5569300.0,150.19342
Finland,FIN,2023,56246.44,31799000.0,100560480.2308451,6.2506433,5601185.0,242.7222
Finland,FIN,2024,55628.68,29775000.0,100560480.2308451,1.5656891,117476892.9578252,239.11438
France,FRA,2014,50326.566,327808770.0,62773572.0,0.5077588,64692495.0,839.2513
France,FRA,2015,50682.895,332131000.0,63074810.0,0.03751438,64916337.0,550.0881
France,FRA,2016,50984.074,335496400.0,63335852.0,0.18333486,65086853.0,2250.2617
France,FRA,2017,51895.566,338368030.0,63573360.0,1.0322827,65284775.0,6070.7144
France,FRA,2018,52560.953,323101730.0,63790940.0,1.850815,65519537.0,3891.4893
France,FRA,2019,53448.555,316320800.0,63997736.0,1.1082549,65729460.0,4645.659
France,FRA,2020,49311.332,281515500.0,64163960.0,0.47649884,65905273.0,3772.0645
France,FRA,2021,52517.336,307271840.0,64302172.0,1.6423314,66083547.0,3777.55
France,FRA,2022,53691.617,295303800.0,64435428.0,5.2223673,66277412.0,4952.0347
France,FRA,2023,54017.875,270262660.0,100560480.2308451,4.8783574,66438828.0,3377.0337
France,FRA,2024,54464.98,264155620.0,100560480.2308451,1.9990494,117476892.9578252,1533.0474
Gabon,GAB,2014,20008.99,5663490.0,100560480.2308451,4.6904573,1978400.0,27.995953
Gabon,GAB,2015,20147.71,5772070.0,100560480.2308451,-0.33879519,2040990.0,15.536554
Gabon,GAB,2016,19988.176,5613028.0,100560480.2308451,2.106707,2100310.0,23.691895
Gabon,GAB,2017,19555.707,5500517.0,100560480.2308451,2.6519258,2156902.0,106.53595
Gabon,GAB,2018,19225.598,5563362.0,100560480.2308451,4.7490664,2212320.0,4.1530757
Gabon,GAB,2019,19491.406,5607272.0,100560480.2308451,2.4645677,2267711.0,15.613695
Gabon,GAB,2020,18681.484,5636101.0,100560480.2308451,1.3527611,2322538.0,11.69121
Gabon,GAB,2021,18523.58,5545125.0,100560480.2308451,1.0869075,2376729.0,149.85272
Gabon,GAB,2022,18662.049,5783253.0,100560480.2308451,4.231248,2430750.0,53.67055
Gabon,GAB,2023,18702.691,5320944.0,100560480.2308451,3.6290154,2484790.0,31.532562
Gabon,GAB,2024,18923.09,5398794.0,100560480.2308451,1.17312,117476892.9578252,198.21617
Gambia,GMB,2014,2465.1096,505631.97,894326.2,5.9479995,2164535.0,172872.32086679022
Gambia,GMB,2015,2495.9575,582576.0,954175.06,6.808455,2224530.0,172872.32086679022
Gambia,GMB,2016,2478.4604,589904.0,1016263.44,7.2287927,2283775.0,172872.32086679022
Gambia,GMB,2017,2533.1868,597232.0,1063465.6,8.03419,2342191.0,172872.32086679022
Gambia,GMB,2018,2651.4329,648528.0,1107084.0,6.5209684,2399633.0,172872.32086679022
Gambia,GMB,2019,2750.8213,710816.0,1151386.9,7.1156764,2456847.0,172872.32086679022
Gambia,GMB,2020,2702.319,699824.0,1196786.9,5.9312763,2515744.0,172872.32086679022
Gambia,GMB,2021,2777.7961,725472.0,1243115.0,7.3703475,2576015.0,172872.32086679022
Gambia,GMB,2022,2863.1804,807998.0,1290072.2,11.51312,2636472.0,172872.32086679022
Gambia,GMB,2023,2932.2805,772635.0,100560480.2308451,16.974213,2697846.0,172872.32086679022
Georgia,GEO,2014,14475.313,9058119.0,2533472.0,3.0688121,3792921.0,13.644809
Georgia,GEO,2015,14936.844,9790616.0,2540549.5,4.003578,3791570.0,0.22933653
Georgia,GEO,2016,15442.956,10042935.0,2549821.5,2.134927,3792061.0,15.358434
Georgia,GEO,2017,16237.624,10059788.0,2559717.0,6.0353174,3792860.0,45.755505
Georgia,GEO,2018,17228.68,9888335.0,2569474.5,2.6152446,3794881.0,97.727646
Georgia,GEO,2019,18186.88,10517087.0,2577997.8,4.852898,3796722.0,0.4574448
Georgia,GEO,2020,17031.145,10377979.0,2584296.5,5.202465,3795680.0,10.71459
Georgia,GEO,2021,18915.654,10749759.0,2588551.8,9.566915,3788450.0,6.290501
Georgia,GEO,2022,20966.527,11999864.0,2588937.2,11.898166,3794782.0,13.273294
Georgia,GEO,2023,22590.53,11922203.0,100560480.2308451,2.4877605,3807494.0,344.83102
Georgia,GEO,2024,25000.633,11784258.0,100560480.2308451,1.1097176,117476892.9578252,13.799234
Germany,DEU,2014,59239.34,792583600.0,81771860.0,0.906794,81376078.0,24.088472
Germany,DEU,2015,59699.34,800822500.0,81988504.0,0.5144261,82077546.0,12.632918
Germany,DEU,2016,60578.285,797988300.0,82248960.0,0.49174702,82760102.0,123.78433
Germany,DEU,2017,61991.496,784595140.0,82544184.0,1.5094949,83104010.0,160.86694
Germany,DEU,2018,62495.5,758771400.0,82818860.0,1.7321688,83368507.0,144.50787
Germany,DEU,2019,62970.715,708648960.0,83072770.0,1.4456598,83559184.0,964.2237
Germany,DEU,2020,60342.664,647176800.0,83256200.0,0.14487793,83628711.0,577.0468
Germany,DEU,2021,62530.766,677997700.0,83338530.0,3.0666666,83697080.0,275.81665
Germany,DEU,2022,62931.97,667843000.0,83300150.0,6.8725743,84086227.0,306.13177
Germany,DEU,2023,62686.54,593766000.0,100560480.2308451,5.946437,84548233.0,340.08392
Germany,DEU,2024,62829.797,572319170.0,100560480.2308451,2.256498,117476892.9578252,275.82507
Ghana,GHA,2014,5619.0723,13256576.0,8885941.0,15.489616,28041592.0,11.463593
Ghana,GHA,2015,5607.366,14568119.0,9599472.0,17.14997,28696071.0,172872.32086679022
Ghana,GHA,2016,5666.078,13913649.0,10347791.0,17.454636,29356736.0,611.25244
Ghana,GHA,2017,5993.631,12437270.0,11122822.0,12.371922,30008364.0,34.693867
Ghana,GHA,2018,6234.512,15189658.0,11922571.0,7.808765,30637592.0,76.09959
Ghana,GHA,2019,6508.2466,16415195.0,12755510.0,7.14364,31258943.0,6.8776007
Ghana,GHA,2020,6412.6855,19164054.0,13623719.0,9.88729,31887802.0,338.55728
Ghana,GHA,2021,6607.503,20556058.0,14314563.0,9.971088,32518662.0,42.641327
Ghana,GHA,2022,6728.454,20745210.0,14886077.0,31.255896,33149152.0,529.4831
Ghana,GHA,2023,6808.5376,20135648.0,100560480.2308451,38.106964,33787916.0,15.817485
Ghana,GHA,2024,7061.934,21021874.0,100560480.2308451,22.848328,117476892.9578252,74.808556
Greece,GRC,2014,31213.377,78635700.0,10779701.0,-1.312261,10893169.0,1566.4677
Greece,GRC,2015,31347.977,74926664.0,10718506.0,-1.735888,10820902.0,1756.8129
Greece,GRC,2016,31468.62,71359610.0,10656610.0,-0.825654,10775506.0,3496.0764
Greece,GRC,2017,31995.41,74841750.0,10594162.0,1.1212546,10753532.0,6172.7944
Greece,GRC,2018,32722.33,71778090.0,10530346.0,0.62562144,10730846.0,4036.8804
Greece,GRC,2019,33502.75,65736330.0,10466300.0,0.25300753,10718581.0,3916.588
Greece,GRC,2020,30487.113,55576930.0,10399798.0,-1.2479836,10699370.0,2453.551
Greece,GRC,2021,33531.156,57527910.0,10328340.0,1.223825,10579561.0,46208.863
Greece,GRC,2022,35906.613,57609050.0,10268622.0,9.64526,10412481.0,6767.061
Greece,GRC,2023,36854.504,51988224.0,100560480.2308451,3.4648013,10242910.0,41303.473
Greece,GRC,2024,37752.633,53360840.0,100560480.2308451,2.7414904,117476892.9578252,9415.325
Grenada,GRD,2014,14296.709,241824.0,106077.68,-0.98360306,114148.0,172872.32086679022
Grenada,GRD,2015,15145.972,260144.0,106984.055,-0.51544803,114691.0,172872.32086679022
Grenada,GRD,2016,15650.412,274800.0,107870.64,1.6503899,115147.0,172872.32086679022
Grenada,GRD,2017,16301.473,293120.0,108729.35,0.90845823,115448.0,172872.32086679022
Grenada,GRD,2018,16975.248,307776.0,100560480.2308451,0.8041023,115703.0,172872.32086679022
Grenada,GRD,2019,17047.355,333424.0,100560480.2308451,0.5981498,115995.0,172872.32086679022
Grenada,GRD,2020,14656.721,289456.0,100560480.2308451,-0.7407326,116353.0,172872.32086679022
Grenada,GRD,2021,15298.123,311440.0,100560480.2308451,1.219512,116696.0,172872.32086679022
Grenada,GRD,2022,16386.463,342393.0,100560480.2308451,2.5805392,116928.0,172872.32086679022
Grenada,GRD,2023,17128.697,362973.0,100560480.2308451,2.6961226,117094.0,172872.32086679022
Guatemala,GTM,2014,10553.563,13424808.0,8436841.0,3.4183617,15681725.0,974.1088
Guatemala,GTM,2015,10785.958,15449177.0,8673562.0,2.3887203,15971745.0,999.8129
Guatemala,GTM,2016,10872.594,16523710.0,8915438.0,4.448442,16268761.0,17885.5
Guatemala,GTM,2017,11005.459,16992724.0,9115876.0,4.4245367,16567363.0,1825.8579
Guatemala,GTM,2018,11192.372,18338418.0,9308999.0,3.7518618,16845688.0,1239.1287
Guatemala,GTM,2019,11466.376,19258856.0,9495149.0,3.699984,17103803.0,7931.155
Guatemala,GTM,2020,11097.15,17156898.0,9682883.0,3.2144406,17357331.0,20308.12
Guatemala,GTM,2021,11825.141,19984124.0,9866120.0,4.261051,17598652.0,1308.6774
Guatemala,GTM,2022,12147.931,18913354.0,10044925.0,6.885128,17847877.0,1479.7172
Guatemala,GTM,2023,12384.948,19736068.0,100560480.2308451,6.206576,18124841.0,7270.6743
Guatemala,GTM,2024,12640.887,19880430.0,100560480.2308451,2.8699276,117476892.9578252,50584.73
Guinea,GIN,2014,2834.9663,2370608.0,100560480.2308451,6.1505055,11472921.0,0.5324852
Guinea,GIN,2015,2869.8516,2454399.0,100560480.2308451,11.780083,11767077.0,0.30217496
Guinea,GIN,2016,3099.7888,2699814.0,100560480.2308451,8.172681,12073031.0,3.0229833
Guinea,GIN,2017,3332.7659,4847472.0,100560480.2308451,8.914359,12385668.0,2.7125454
Guinea,GIN,2018,3455.645,3770256.0,100560480.2308451,9.827617,12704776.0,172872.32086679022
Guinea,GIN,2019,3557.4624,4104165.0,100560480.2308451,9.470011,13034349.0,3.717038
Guinea,GIN,2020,3630.9934,4430248.0,100560480.2308451,10.601621,13371185.0,85.873825
Guinea,GIN,2021,3738.8052,4067529.2,100560480.2308451,12.597288,13710515.0,11.886492
Guinea,GIN,2022,3792.0107,4052384.0,100560480.2308451,10.493041,14055136.0,20.602266
Guinea,GIN,2023,3904.824,3875027.0,100560480.2308451,7.804976,14405469.0,4.467172
Guinea,GIN,2024,4028.4834,4026185.0,100560480.2308451,8.123139,117476892.9578252,8.7039995
Guinea-Bissau,GNB,2014,2130.1912,142896.0,381432.47,-1.5092446,1741126.0,0.0
Guinea-Bissau,GNB,2015,2203.485,153888.0,396443.03,1.4767205,1786461.0,0.60267454
Guinea-Bissau,GNB,2016,2265.5718,168544.0,411659.2,1.5031205,1831898.0,0.60296404
Guinea-Bissau,GNB,2017,2314.158,183200.0,426985.28,1.6911147,1877074.0,2.5616457
Guinea-Bissau,GNB,2018,2344.8694,197856.0,442462.75,0.3813247,1922167.0,172872.32086679022
Guinea-Bissau,GNB,2019,2418.104,256480.02,458195.84,0.24660027,1967704.0,4.0680923
Guinea-Bissau,GNB,2020,2413.6792,311440.0,474058.28,1.1400094,2013259.0,8.514644
Guinea-Bissau,GNB,2021,2483.8506,340752.0,489955.34,2.2424889,2058841.0,5.5008326
Guinea-Bissau,GNB,2022,2564.424,344416.0,502632.28,9.390759,2105535.0,172872.32086679022
Guinea-Bissau,GNB,2023,2619.4136,329342.0,100560480.2308451,7.102209,2153343.0,0.30133033
Guinea-Bissau,GNB,2024,2685.6174,342189.0,100560480.2308451,3.7655582,117476892.9578252,1.0546534
Guyana,GUY,2014,12030.053,1974896.0,100560480.2308451,0.8526305,754231.0,352.224
Guyana,GUY,2015,12040.083,1963904.0,100560480.2308451,-1.0017344,758783.0,1107.0725
Guyana,GUY,2016,12420.473,2209158.0,100560480.2308451,0.8360081,763553.0,6163.79
Guyana,GUY,2017,12801.641,2158096.0,100560480.2308451,1.9046562,768483.0,776.3784
Guyana,GUY,2018,12980.357,2319312.0,100560480.2308451,1.2828429,791563.0,572.64703
Guyana,GUY,2019,13402.422,2645206.0,100560480.2308451,2.087231,807668.0,5867.0015
Guyana,GUY,2020,19234.13,3100269.0,100560480.2308451,0.99333704,807486.0,1692.71
Guyana,GUY,2021,22865.928,2932778.0,100560480.2308451,5.0328555,815484.0,244.15738
Guyana,GUY,2022,37068.2,4396635.0,100560480.2308451,6.1150556,821638.0,668.63995
Guyana,GUY,2023,49312.36,4378933.0,100560480.2308451,2.8211033,826357.0,5209.3916
Guyana,GUY,2024,70297.41,4510330.0,100560480.2308451,2.9039524,117476892.9578252,71294.79
Haiti,HTI,2014,3423.653,2698433.0,100560480.2308451,3.4381666,10373241.0,40.198166
Haiti,HTI,2015,3422.0974,2654465.0,100560480.2308451,6.7318406,10523249.0,62.183083
Haiti,HTI,2016,3435.7312,2976897.0,100560480.2308451,11.502908,10671462.0,483.99512
Haiti,HTI,2017,3474.347,3133482.0,100560480.2308451,10.680089,10817759.0,86.87328
Haiti,HTI,2018,3485.6968,3400954.0,100560480.2308451,12.481411,10962373.0,30.384623
Haiti,HTI,2019,3381.5847,3118826.0,100560480.2308451,18.703783,11105165.0,8.111754
Haiti,HTI,2020,3229.4756,3265386.0,100560480.2308451,22.79631,11243846.0,44.781376
Haiti,HTI,2021,3134.9502,3507210.0,100560480.2308451,16.841524,11374592.0,18.753471
Haiti,HTI,2022,3047.6519,2870341.0,100560480.2308451,33.983932,11503603.0,16.063883
Haiti,HTI,2023,2956.4622,2864751.0,100560480.2308451,36.813515,11637402.0,149.85431
Haiti,HTI,2024,2800.6611,2970693.0,100560480.2308451,26.949057,117476892.9578252,44.116947
High-income countries,,2014,50113.035,15294128000.0,1126484700.0,1.0411962,1208317570.0,5950706.0
High-income countries,,2015,50871.79,15215525000.0,1133684700.0,0.33002716,1216633405.0,4586516.0
High-income countries,,2016,51469.168,15070386000.0,1140842600.0,0.3947693,1224780418.0,6032443.5
High-income countries,,2017,52524.293,15069183000.0,1147815000.0,1.5890942,1231575713.0,6043139.5
High-income countries,,2018,53620.7,15204227000.0,1154514700.0,1.881108,1237400292.0,5753126.0
High-income countries,,2019,54478.742,14916665000.0,1160875900.0,1.6151999,1243293722.0,6132936.0
High-income countries,,2020,52198.977,13694959000.0,1164819000.0,0.5989863,1246978172.0,7647623.5
High-income countries,,2021,55348.598,14370719000.0,1149280600.0,2.518371,1248780609.0,8184706.5
High-income countries,,2022,56725.566,14274797000.0,1155132700.0,7.3516517,1254316691.0,5811542.5
High-income countries,,2023,57349.35,13890804000.0,100560480.2308451,4.8337235,1261155607.0,10742586.0
Honduras,HND,2014,5705.1626,9503222.0,5544528.0,6.129249,9063127.0,675.1664
Honduras,HND,2015,5812.5347,10897808.0,5775414.5,3.1578312,9237306.0,2296.1409
Honduras,HND,2016,5926.49,9938747.0,5922160.0,2.7246122,9412380.0,25432.363
Honduras,HND,2017,6099.6074,10197924.0,6069896.0,3.9343607,9588144.0,6011.1504
Honduras,HND,2018,6219.28,9876190.0,6218704.0,4.347349,9765209.0,1269.7794
Honduras,HND,2019,6264.019,10962543.0,6368570.5,4.3658714,9943637.0,2069.5
Honduras,HND,2020,5603.264,9976783.0,6517534.5,3.4684117,10119638.0,2585.1223
Honduras,HND,2021,6202.981,11059747.0,6663360.0,4.48088,10289881.0,950.8947
Honduras,HND,2022,6352.587,11742019.0,6802934.0,9.089639,10463880.0,778.3967
Honduras,HND,2023,6467.88,12404354.0,100560480.2308451,6.663252,10644853.0,4404.3877
Honduras,HND,2024,6585.8555,12854842.0,100560480.2308451,4.606211,117476892.9578252,6700.9644
Hong Kong,HKG,2014,61839.777,45491750.0,7341911.5,4.4236455,7319502.0,172872.32086679022
Hong Kong,HKG,2015,62779.72,42403520.0,7398655.0,2.9908483,7366411.0,172872.32086679022
Hong Kong,HKG,2016,63749.383,43365844.0,7435927.0,2.4093075,7408006.0,172872.32086679022
Hong Kong,HKG,2017,65662.81,42431172.0,7461519.0,1.4938724,7444889.0,172872.32086679022
Hong Kong,HKG,2018,66993.93,42597024.0,7481555.0,2.4061344,7471190.0,172872.32086679022
Hong Kong,HKG,2019,65388.332,41896590.0,7496122.0,2.8832085,7485817.0,172872.32086679022
Hong Kong,HKG,2020,61328.54,33512996.0,7500958.0,0.25096202,7490240.0,172872.32086679022
Hong Kong,HKG,2021,65884.94,33636996.0,7494578.0,1.5687584,7484604.0,172872.32086679022
Hong Kong,HKG,2022,64036.668,30763800.0,7488865.0,1.8813671,7465913.0,172872.32086679022
Hong Kong,HKG,2023,64428.73,32957054.0,100560480.2308451,2.096605,7442738.0,172872.32086679022
Hungary,HUN,2014,30264.95,43638876.0,8892363.0,-0.22756627,9862843.0,10.888364
Hungary,HUN,2015,31485.568,46566910.0,9019605.0,-0.06164468,9839211.0,7.290764
Hungary,HUN,2016,32378.967,47039120.0,9140479.0,0.3947693,9810529.0,12.744038
Hungary,HUN,2017,33828.715,49423524.0,9262731.0,2.3482428,9785608.0,0.74344367
Hungary,HUN,2018,35798.043,49366230.0,9399322.0,2.8502479,9774395.0,0.47701666
Hungary,HUN,2019,37662.676,49158950.0,9540160.0,3.3385863,9770346.0,172872.32086679022
Hungary,HUN,2020,36119.52,47105320.0,9663743.0,3.3267438,9749459.0,1.1600366
Hungary,HUN,2021,38887.19,48326284.0,9709786.0,5.1109653,9707848.0,172872.32086679022
Hungary,HUN,2022,40656.97,45267340.0,9967308.0,14.608144,9684308.0,4.3096967
Hungary,HUN,2023,40368.59,40343864.0,100560480.2308451,17.124966,9686465.0,10.125065
Hungary,HUN,2024,40702.152,40017292.0,100560480.2308451,3.7037036,117476892.9578252,224.32755
Iceland,ISL,2014,58031.86,3445281.0,319939.03,2.0446148,327517.0,172872.32086679022
Iceland,ISL,2015,59978.332,3541014.0,325046.5,1.6330556,330962.0,172872.32086679022
Iceland,ISL,2016,62880.26,3493663.0,331374.2,1.6969277,335571.0,172872.32086679022
Iceland,ISL,2017,63999.16,3610949.0,341068.34,1.7604156,343537.0,172872.32086679022
Iceland,ISL,2018,65354.26,3665355.0,352201.84,2.6829176,352860.0,172872.32086679022
Iceland,ISL,2019,65122.754,3552640.0,360774.0,3.0139718,360709.0,172872.32086679022
Iceland,ISL,2020,59627.242,3338906.0,366669.0,2.847924,366626.0,172872.32086679022
Iceland,ISL,2021,61610.215,3490635.0,370335.0,4.4442396,372647.0,172872.32086679022
Iceland,ISL,2022,65475.41,3597685.0,372899.0,8.308755,380368.0,172872.32086679022
Iceland,ISL,2023,67177.2,3508235.0,100560480.2308451,8.736303,387559.0,172872.32086679022
India,IND,2014,6079.8438,2148052000.0,100560480.2308451,6.6656566,1312277184.0,275.47015
India,IND,2015,6488.146,2231817500.0,100560480.2308451,4.9069734,1328024494.0,78.0739
India,IND,2016,6940.626,2352540200.0,100560480.2308451,4.9482164,1343944296.0,91.363396
India,IND,2017,7326.607,2425721900.0,100560480.2308451,3.3281734,1359657398.0,145.18872
India,IND,2018,7714.34,2595227100.0,100560480.2308451,3.9388266,1374659067.0,272.94937
India,IND,2019,7930.0913,2611174700.0,100560480.2308451,3.7295058,1389030307.0,318.06058
India,IND,2020,7399.531,2422732000.0,100560480.2308451,6.623437,1402617694.0,231.65834
India,IND,2021,8050.0186,2675778000.0,100560480.2308451,5.1314073,1414203896.0,197.81233
India,IND,2022,8594.392,2831131600.0,100560480.2308451,6.699034,1425423209.0,256.65225
India,IND,2023,9301.756,3062756400.0,100560480.2308451,5.649143,1438069597.0,441.6113
India,IND,2024,9817.071,3193478100.0,100560480.2308451,4.9530354,117476892.9578252,1853.5201
Indonesia,IDN,2014,10504.387,498028800.0,71736620.0,6.3949256,258877395.0,152202.88
Indonesia,IDN,2015,10893.662,551160060.0,73295090.0,6.363121,261799249.0,286901.9
Indonesia,IDN,2016,11319.663,547968900.0,74834776.0,3.5258052,264627429.0,725432.56
Indonesia,IDN,2017,11772.574,570928200.0,76351810.0,3.808798,267346654.0,43657.39
Indonesia,IDN,2018,12262.231,607378370.0,77854150.0,3.1983464,269951847.0,39086.035
Indonesia,IDN,2019,12757.785,665049340.0,79348790.0,3.0305867,272489381.0,82901.94
Indonesia,IDN,2020,12388.545,623304000.0,80779640.0,1.920968,274814861.0,76855.51
Indonesia,IDN,2021,12757.074,632946050.0,82102020.0,1.5601299,276758056.0,28666.137
Indonesia,IDN,2022,13334.266,758020500.0,83383700.0,4.2094636,278830527.0,28864.07
Indonesia,IDN,2023,13889.975,762357570.0,100560480.2308451,3.6701314,281190068.0,67934.6
Iran,IRN,2014,14299.571,644227600.0,74411810.0,16.606554,81502045.0,18.041567
Iran,IRN,2015,13905.192,641958700.0,76243240.0,12.484681,82619365.0,172872.32086679022
Iran,IRN,2016,14915.594,644680500.0,77784536.0,7.2454257,83812230.0,172872.32086679022
Iran,IRN,2017,15108.109,696407500.0,79031400.0,8.044925,85026761.0,15.240006
Iran,IRN,2018,14642.498,664523260.0,80197730.0,18.014118,86117999.0,40.606976
Iran,IRN,2019,14040.665,727268540.0,81208460.0,39.907345,87051649.0,85.83683
Iran,IRN,2020,14397.153,745595800.0,82011464.0,30.59414,87723448.0,172872.32086679022
Iran,IRN,2021,14951.895,779525250.0,82725950.0,43.389015,88455490.0,1.1128616
Iran,IRN,2022,15331.333,767178500.0,83433460.0,43.488464,89524247.0,1.1545451
Iran,IRN,2023,15912.03,789675840.0,100560480.2308451,44.579185,90608708.0,172872.32086679022
Iraq,IRQ,2014,13536.823,137512700.0,20925872.0,2.235974,36550058.0,172872.32086679022
Iraq,IRQ,2015,13516.027,142530000.0,21684332.0,1.3933303,37560535.0,172872.32086679022
Iraq,IRQ,2016,15016.092,153132140.0,22411114.0,0.5565214,38469628.0,172872.32086679022
Iraq,IRQ,2017,14417.631,167472350.0,23136854.0,0.1840589,39337358.0,172872.32086679022
Iraq,IRQ,2018,14456.235,186156450.0,23898414.0,0.36744148,40265629.0,172872.32086679022
Iraq,IRQ,2019,14910.225,191777620.0,24670704.0,-0.19896539,41192172.0,172872.32086679022
Iraq,IRQ,2020,12827.635,172098030.0,25391396.0,0.57416266,42116602.0,172872.32086679022
Iraq,IRQ,2021,12731.754,193115150.0,25990768.0,6.041865,43071208.0,172872.32086679022
Iraq,IRQ,2022,13433.397,217643900.0,26583152.0,4.9947658,44070556.0,172872.32086679022
Iraq,IRQ,2023,13202.323,227909700.0,100560480.2308451,4.3583536,45074055.0,172872.32086679022
Ireland,IRL,2014,65660.18,36849876.0,4400285.5,0.1909164,4658236.0,9.757878
Ireland,IRL,2015,81053.35,38715396.0,4445915.5,-0.3309598,4702497.0,2.4689565
Ireland,IRL,2016,80997.586,40369024.0,4497736.5,0.020124774,4753506.0,26.34695
Ireland,IRL,2017,87942.445,39040450.0,4555377.5,0.36217305,4810258.0,64.95882
Ireland,IRL,2018,93214.336,38922364.0,4619375.0,0.4711307,4872559.0,60.593403
Ireland,IRL,2019,96369.65,37199836.0,4685584.5,0.93784297,4933493.0,30.028292
Ireland,IRL,2020,101970.81,35052570.0,4741030.0,-0.32618365,4982602.0,10.563546
Ireland,IRL,2021,116903.61,37473684.0,4786857.0,2.340341,5028428.0,26.533556
Ireland,IRL,2022,124489.375,36675670.0,4821752.5,7.8294573,5110015.0,1.5582243
Ireland,IRL,2023,115505.336,33567940.0,100560480.2308451,6.2994246,5196629.0,6.3238683
Ireland,IRL,2024,115337.164,33310624.0,100560480.2308451,2.11345,117476892.9578252,2.577421
Israel,ISR,2014,40872.582,60278816.0,7831303.0,0.47978675,7897173.0,14.389289
Israel,ISR,2015,40967.37,62935624.0,7973490.0,-0.601291,8052916.0,13.750752
Israel,ISR,2016,41963.676,61164350.0,8122902.5,-0.55155236,8210006.0,15.329276
Israel,ISR,2017,42947.06,58849100.0,8271292.0,0.25941497,8361796.0,42.792454
Israel,ISR,2018,43814.297,59985932.0,8416630.0,0.79407567,8510067.0,16.541088
Israel,ISR,2019,44580.81,58950148.0,8566114.0,0.8497831,8657466.0,3.5734582
Israel,ISR,2020,42915.94,59285372.0,8713698.0,-0.61441237,8800380.0,2.2191257
Israel,ISR,2021,46162.082,58950084.0,8854274.0,1.53022,8942925.0,6.532768
Israel,ISR,2022,48098.188,62267304.0,8990510.0,4.4099784,9103143.0,59.014683
Israel,ISR,2023,47527.152,55381996.0,100560480.2308451,4.2058167,9256311.0,3.889418
Israel,ISR,2024,47338.844,52637136.0,100560480.2308451,3.057106,117476892.9578252,13.005436
Italy,ITA,2014,46825.652,349388960.0,57009950.0,0.24104743,60664169.0,2164.716
Italy,ITA,2015,47311.824,361243700.0,56770332.0,0.0387904,60575314.0,1213.3512
Italy,ITA,2016,47987.84,358133150.0,56508230.0,-0.09401666,60478103.0,3442.6714
Italy,ITA,2017,48849.22,352666240.0,56246430.0,1.2265332,60390317.0,10550.051
Italy,ITA,2018,49133.145,349048350.0,55973990.0,1.1374876,60277496.0,7782.8887
Italy,ITA,2019,49690.63,339637950.0,55680864.0,0.61124694,60130136.0,2562.6343
Italy,ITA,2020,45505.07,302600100.0,55316110.0,-0.13770758,59912763.0,1557.3536
Italy,ITA,2021,49825.395,335930430.0,54922036.0,1.8737832,59729353.0,7105.1167
Italy,ITA,2022,52333.33,340114720.0,54733970.0,8.20129,59619106.0,4981.579
Italy,ITA,2023,52725.746,312290660.0,100560480.2308451,5.6221943,59499452.0,3013.1426
Italy,ITA,2024,53115.137,301929760.0,100560480.2308451,0.982373,117476892.9578252,2466.8508
Jamaica,JAM,2014,9719.304,7675470.0,100560480.2308451,8.274079,2793756.0,0.36627153
Jamaica,JAM,2015,9778.118,7966219.0,100560480.2308451,3.6915424,2802536.0,42.49668
Jamaica,JAM,2016,9886.552,8134120.0,100560480.2308451,2.351022,2809919.0,48.05844
Jamaica,JAM,2017,9964.391,7768234.0,100560480.2308451,4.3783984,2815765.0,6.6664653
Jamaica,JAM,2018,10137.111,8060650.0,100560480.2308451,3.7366388,2820103.0,0.2930111
Jamaica,JAM,2019,10216.065,9439483.0,100560480.2308451,3.9051,2823275.0,0.3662678
Jamaica,JAM,2020,9178.32,6865834.0,100560480.2308451,5.226778,2830745.0,0.14649945
Jamaica,JAM,2021,9577.164,7312535.0,100560480.2308451,5.8627825,2837680.0,1.318441
Jamaica,JAM,2022,10072.049,7907611.0,100560480.2308451,10.349568,2839150.0,0.95214444
Jamaica,JAM,2023,10332.055,8068915.5,100560480.2308451,6.4741373,2839785.0,0.43944845
Jamaica,JAM,2024,10259.995,8401763.0,100560480.2308451,5.4119444,117476892.9578252,16.406448
Japan,JPN,2014,42674.7,1260272400.0,125344170.0,2.7592268,127486601.0,37.942726
Japan,JPN,2015,43386.71,1219982500.0,125182370.0,0.7952796,127275868.0,0.12811147
Japan,JPN,2016,43736.13,1199932900.0,124989580.0,-0.12725884,127159950.0,41.482056
Japan,JPN,2017,44505.277,1184391700.0,124723400.0,0.4841998,127064686.0,103.62176
Japan,JPN,2018,44848.49,1138549800.0,124382790.0,0.9890946,126913432.0,124.43134
Japan,JPN,2019,44730.91,1102063000.0,123985080.0,0.46877617,126699421.0,42.501747
Japan,JPN,2020,42992.48,1037284700.0,123505330.0,-0.024995834,126304533.0,19.886475
Japan,JPN,2021,44355.348,1058501800.0,122940910.0,-0.23335278,125679342.0,18.787786
Japan,JPN,2022,44972.344,1029644900.0,122288936.0,2.4977028,124997585.0,4.683907
Japan,JPN,2023,45858.66,986910140.0,100560480.2308451,3.2681336,124370947.0,17.513073
Japan,JPN,2024,46097.43,961867300.0,100560480.2308451,2.7385368,117476892.9578252,152.96988
Jordan,JOR,2014,10148.998,26164846.0,6288603.0,2.8994792,8791715.0,172872.32086679022
Jordan,JOR,2015,9581.689,25799390.0,7102715.5,-0.8768514,9544730.0,172872.32086679022
Jordan,JOR,2016,9321.904,24949460.0,7671738.5,-0.77843046,10006369.0,172872.32086679022
Jordan,JOR,2017,9339.811,26079932.0,8087469.5,3.3238945,10234227.0,172872.32086679022
Jordan,JOR,2018,9311.531,25419166.0,8509186.0,4.4623113,10462310.0,172872.32086679022
Jordan,JOR,2019,9288.527,24569784.0,8936958.0,0.76151407,10671893.0,0.32639357
Jordan,JOR,2020,9022.64,20621556.0,9367754.0,0.33329436,10865232.0,172872.32086679022
Jordan,JOR,2021,9182.496,21190126.0,9555515.0,1.3460938,11066356.0,172872.32086679022
Jordan,JOR,2022,9266.575,22427682.0,9673020.0,4.2291555,11256269.0,172872.32086679022
Jordan,JOR,2023,9381.3545,23119264.0,100560480.2308451,2.0848699,11439220.0,0.3918948
Jordan,JOR,2024,9520.251,23219138.0,100560480.2308451,1.5565962,117476892.9578252,1.1103652
Kazakhstan,KAZ,2014,30986.438,299137340.0,14863506.0,6.8494496,17816285.0,86.98302
Kazakhstan,KAZ,2015,30893.76,303052300.0,15353409.0,6.678286,18084175.0,4.999499
Kazakhstan,KAZ,2016,30758.322,301738800.0,15852255.0,14.361094,18363600.0,318.00903
Kazakhstan,KAZ,2017,31524.441,317720420.0,16355207.0,7.442663,18651931.0,275.0466
Kazakhstan,KAZ,2018,32330.227,329572130.0,16556342.0,6.1636624,18932725.0,338.67682
Kazakhstan,KAZ,2019,33298.21,296039600.0,16751541.0,5.333561,19209556.0,161.42085
Kazakhstan,KAZ,2020,32011.549,281789200.0,16955038.0,6.7181544,19482116.0,386.41302
Kazakhstan,KAZ,2021,32945.85,244903710.0,17152036.0,8.0414715,19743607.0,126.504105
Kazakhstan,KAZ,2022,33506.26,274345570.0,100560480.2308451,15.027864,20034612.0,2368.9053
Kazakhstan,KAZ,2023,34703.234,286174900.0,100560480.2308451,14.72499,20330109.0,15918.819
Kazakhstan,KAZ,2024,35905.44,287005950.0,100560480.2308451,8.839439,117476892.9578252,1393.5492
Kenya,KEN,2014,4558.552,13214406.0,100560480.2308451,6.8781548,46051441.0,12.38329
Kenya,KEN,2015,4679.622,15212208.0,100560480.2308451,6.5821543,47088528.0,299.6408
Kenya,KEN,2016,4770.3105,16288698.0,100560480.2308451,6.2972493,48139683.0,17.922262
Kenya,KEN,2017,4846.8623,16181103.0,100560480.2308451,8.00565,49197757.0,169.75557
Kenya,KEN,2018,5017.668,17002858.0,100560480.2308451,4.6898065,50207109.0,42.073414
Kenya,KEN,2019,5171.7124,18158882.0,100560480.2308451,5.239638,51202829.0,310.48886
Kenya,KEN,2020,5057.4014,19989572.0,100560480.2308451,5.405162,52217327.0,62.297512
Kenya,KEN,2021,5338.8525,20589818.0,100560480.2308451,6.107936,53219167.0,7.4586673
Kenya,KEN,2022,5491.694,20544366.0,100560480.2308451,7.6598625,54252458.0,81.270355
Kenya,KEN,2023,5682.9893,21185722.0,100560480.2308451,7.6713963,55339007.0,103.749695
Kenya,KEN,2024,5823.4077,21225434.0,100560480.2308451,4.4897885,117476892.9578252,87.20035
Kiribati,KIR,2014,2381.3484,54960.0,14536.082,2.1039853,115339.0,172872.32086679022
Kiribati,KIR,2015,2615.8413,58624.0,15014.567,0.57201576,116826.0,172872.32086679022
Kiribati,KIR,2016,2761.9336,54960.0,15511.578,1.917311,118488.0,172872.32086679022
Kiribati,KIR,2017,2822.6692,69616.0,16021.515,0.35552087,120288.0,172872.32086679022
Kiribati,KIR,2018,2877.6016,69616.0,16545.824,0.56403047,122097.0,172872.32086679022
Kiribati,KIR,2019,2927.4849,69616.0,17089.002,-1.81308,123928.0,172872.32086679022
Kiribati,KIR,2020,2834.6858,69616.0,17673.64,2.5532455,126110.0,172872.32086679022
Kiribati,KIR,2021,3020.494,69616.0,18293.86,2.0536168,128387.0,172872.32086679022
Kiribati,KIR,2022,3107.7761,69616.0,18915.879,5.3459544,130483.0,172872.32086679022
Kiribati,KIR,2023,3140.5833,69287.0,100560480.2308451,9.283073,132540.0,172872.32086679022
Kosovo,OWID_KOS,2014,9150.75,7129107.0,100560480.2308451,0.42895782,1808983.0,70.38316
Kosovo,OWID_KOS,2015,9824.991,8290589.5,100560480.2308451,-0.53692937,1779019.0,16.292221
Kosovo,OWID_KOS,2016,10434.889,8793503.0,100560480.2308451,0.27316943,1761765.0,90.568115
Kosovo,OWID_KOS,2017,10856.29,8022662.0,100560480.2308451,1.4882343,1768125.0,16.354767
Kosovo,OWID_KOS,2018,11188.225,8044655.0,100560480.2308451,1.0537977,1767748.0,24.19613
Kosovo,OWID_KOS,2019,11774.118,8385858.5,100560480.2308451,2.675992,1755048.0,12.403171
Kosovo,OWID_KOS,2020,11137.503,8451526.0,100560480.2308451,0.19822793,1751413.0,70.65215
Kosovo,OWID_KOS,2021,12362.421,8815831.0,100560480.2308451,3.3536913,1741449.0,38.099243
Kosovo,OWID_KOS,2022,13022.463,8569356.0,100560480.2308451,11.58051,1717950.0,128.20068
Kosovo,OWID_KOS,2023,14240.203,8220213.0,100560480.2308451,4.9443245,1700039.0,32.86646
Kosovo,OWID_KOS,2024,16380.868,8049940.0,100560480.2308451,1.61945,117476892.9578252,103.165146
Kuwait,KWT,2014,60065.656,74993736.0,3761584.0,2.9089267,3665769.0,172872.32086679022
Kuwait,KWT,2015,57763.516,93317470.0,3908743.0,3.2717016,3834465.0,172872.32086679022
Kuwait,KWT,2016,56936.62,104018830.0,4048085.0,3.1983979,4003976.0,172872.32086679022
Kuwait,KWT,2017,52285.586,100010360.0,4124903.8,2.171833,4154686.0,172872.32086679022
Kuwait,KWT,2018,51623.81,102453010.0,4317185.0,0.54313314,4323389.0,172872.32086679022
Kuwait,KWT,2019,51380.645,104654216.0,4441100.0,1.091848,4442201.0,172872.32086679022
Kuwait,KWT,2020,49372.574,90102610.0,4360444.0,2.1017296,4400146.0,172872.32086679022
Kuwait,KWT,2021,50651.957,87868850.0,4250114.0,3.4236295,4360748.0,172872.32086679022
Kuwait,KWT,2022,51379.883,115848890.0,4268873.0,3.9806497,4589514.0,172872.32086679022
Kuwait,KWT,2023,47777.402,123168720.0,100560480.2308451,3.642164,4838781.0,172872.32086679022
Kyrgyzstan,KGZ,2014,5513.7544,10236388.0,3786976.8,7.5342474,5898322.0,8.329619
Kyrgyzstan,KGZ,2015,5600.2144,10264781.0,3959191.8,6.5033183,6001876.0,172872.32086679022
Kyrgyzstan,KGZ,2016,5715.0103,9621676.0,4138094.2,0.3888383,6108460.0,172872.32086679022
Kyrgyzstan,KGZ,2017,5861.222,9364119.0,4316819.5,3.17531,6220148.0,4.7157164
Kyrgyzstan,KGZ,2018,5951.8286,11174909.0,4500122.5,1.5426614,6341733.0,11.42582
Kyrgyzstan,KGZ,2019,6087.602,9046661.0,4686870.5,1.1336225,6494036.0,4.722917
Kyrgyzstan,KGZ,2020,5537.7954,8348490.5,4904655.0,6.325423,6664143.0,4.6672187
Kyrgyzstan,KGZ,2021,5736.479,10338292.0,4987834.0,11.90504,6820483.0,12.066882
Kyrgyzstan,KGZ,2022,6139.778,11512894.0,5071575.0,13.92291,6955792.0,18.041267
Kyrgyzstan,KGZ,2023,6575.7754,11144427.0,100560480.2308451,10.753277,7073523.0,79.46881
Laos,LAO,2014,6341.2124,4383017.0,1033768.5,4.129243,6703170.0,6.861122
Laos,LAO,2015,6703.741,9184793.0,1077625.5,1.2773542,6801647.0,20.505123
Laos,LAO,2016,7063.2554,16406527.0,1123622.2,1.5969123,6908800.0,160.12056
Laos,LAO,2017,7432.4595,19624934.0,1170932.2,0.8254786,7018150.0,76.98502
Laos,LAO,2018,7775.086,20481498.0,1219231.1,2.0403926,7128043.0,10.447017
Laos,LAO,2019,8075.275,18339868.0,1268434.0,3.3225589,7237635.0,52.1445
Laos,LAO,2020,7995.595,18293558.0,1294209.1,5.1040726,7346534.0,58.847824
Laos,LAO,2021,8080.4355,21836638.0,1319930.1,3.7556205,7453192.0,220.1962
Laos,LAO,2022,8183.0327,22548782.0,1345673.5,22.956223,7559008.0,16.580809
Laos,LAO,2023,8372.156,24157068.0,100560480.2308451,31.230135,7665001.0,32.810337
Laos,LAO,2024,8610.901,24399926.0,100560480.2308451,23.13057,117476892.9578252,150.02573
Latvia,LVA,2014,29243.742,7172200.0,1907230.5,0.6204906,1994153.0,7.382372
Latvia,LVA,2015,30599.613,7262421.0,1894727.1,0.17424224,1977874.0,19.618181
Latvia,LVA,2016,31668.516,7210682.0,1882721.8,0.14063333,1959863.0,9.854577
Latvia,LVA,2017,33036.39,7215320.0,1870506.5,2.9303632,1942599.0,10.489062
Latvia,LVA,2018,34729.707,7843189.0,1857610.2,2.5344543,1927586.0,457.46994
Latvia,LVA,2019,35208.195,7633452.0,1844768.8,2.8114092,1914267.0,522.5648
Latvia,LVA,2020,34225.9,6999268.0,1831413.2,0.2190649,1901119.0,30.153091
Latvia,LVA,2021,36912.01,7218349.0,1814434.6,3.2758293,1885593.0,21.877176
Latvia,LVA,2022,37681.047,6607997.0,1797190.8,17.310284,1881059.0,82.38608
Latvia,LVA,2023,38796.55,6589883.0,100560480.2308451,8.938046,1882399.0,15.49493
Latvia,LVA,2024,38936.047,6461889.0,100560480.2308451,1.2657988,117476892.9578252,5.66145
Lebanon,LBN,2014,15205.873,23992028.0,2927329.0,1.8546042,6346993.0,44.65431
Lebanon,LBN,2015,14980.0205,25731236.0,2999979.8,-3.7491453,6472470.0,34.978188
Lebanon,LBN,2016,15572.361,26437870.0,2948394.0,-0.78335965,6323061.0,78.78101
Lebanon,LBN,2017,16128.584,27820720.0,2891889.2,4.321352,6160129.0,69.72447
Lebanon,LBN,2018,16290.052,25812102.0,2830404.5,6.076989,5984120.0,69.3343
Lebanon,LBN,2019,15659.566,25141072.0,2757969.8,3.0053895,5794601.0,123.185814
Lebanon,LBN,2020,12507.437,23693950.0,2701214.2,84.864334,5702400.0,278.38217
Lebanon,LBN,2021,11599.775,19474380.0,2667685.0,154.7561,5718129.0,495.18118
Lebanon,LBN,2022,11474.751,15360705.0,2618605.5,171.20549,5744492.0,361.68185
Lebanon,LBN,2023,11330.269,15558805.0,100560480.2308451,221.34164,5773494.0,269.9028
Lesotho,LSO,2014,2930.6172,2242368.0,462823.1,5.37029,2080091.0,0.3379638
Lesotho,LSO,2015,2986.9587,2044512.0,486432.38,3.218445,2104614.0,172872.32086679022
Lesotho,LSO,2016,3057.261,2026192.0,511187.44,6.5965047,2130424.0,1.073093
Lesotho,LSO,2017,2924.681,2286336.0,536999.1,4.4476995,2157117.0,172872.32086679022
Lesotho,LSO,2018,2846.4182,2165424.0,563808.6,4.751803,2183611.0,2.144986
Lesotho,LSO,2019,2773.2864,2187408.0,591540.25,5.1870837,2209414.0,0.8719998
Lesotho,LSO,2020,2517.1104,1985888.0,620366.25,4.978097,2235727.0,0.33487546
Lesotho,LSO,2021,2544.7825,3096080.0,635743.9,6.0477457,2261549.0,1.0119718
Lesotho,LSO,2022,2577.5454,2551344.0,650645.9,8.271804,2286112.0,0.1333335
Lesotho,LSO,2023,2595.8296,2493633.0,100560480.2308451,6.3422174,2311476.0,172872.32086679022
Liberia,LBR,2014,1750.1438,733526.0,100560480.2308451,9.861113,4564299.0,0.53486377
Liberia,LBR,2015,1714.0905,698691.0,100560480.2308451,7.748697,4659436.0,172872.32086679022
Liberia,LBR,2016,1653.3105,646650.0,100560480.2308451,8.834249,4755607.0,1.5253172
Liberia,LBR,2017,1661.3029,667364.0,100560480.2308451,12.419632,4848927.0,3.821747
Liberia,LBR,2018,1647.9745,608632.0,100560480.2308451,23.563515,4944728.0,1.7588282
Liberia,LBR,2019,1575.7666,931662.0,100560480.2308451,26.966276,5043719.0,0.30600706
Liberia,LBR,2020,1497.377,776749.0,100560480.2308451,16.955725,5149470.0,1.2219263
Liberia,LBR,2021,1539.2089,782557.0,100560480.2308451,7.8155937,5259327.0,4.1267385
Liberia,LBR,2022,1578.9984,863766.0,100560480.2308451,7.5929847,5373297.0,23.3299
Liberia,LBR,2023,1616.9237,834001.0,100560480.2308451,10.094454,5493035.0,92.1889
Libya,LBY,2014,12495.793,68348400.0,100560480.2308451,2.4329414,6427260.0,0.7136072
Libya,LBY,2015,12192.139,60866180.0,100560480.2308451,10.402293,6531825.0,172872.32086679022
Libya,LBY,2016,11828.711,57378880.0,100560480.2308451,25.853874,6632130.0,172872.32086679022
Libya,LBY,2017,15424.056,67092250.0,100560480.2308451,25.80362,6738771.0,1.9485586
Libya,LBY,2018,16380.852,62644524.0,100560480.2308451,13.170204,6849058.0,172872.32086679022
Libya,LBY,2019,14333.423,73778310.0,100560480.2308451,-2.1621788,6951040.0,0.1298956
Libya,LBY,2020,9976.037,36110628.0,100560480.2308451,1.4470366,7045403.0,0.58592385
Libya,LBY,2021,12641.51,56312464.0,100560480.2308451,2.8683302,7135179.0,0.129931
Libya,LBY,2022,11456.077,58974004.0,100560480.2308451,4.5103016,7223804.0,172872.32086679022
Libya,LBY,2023,12478.144,64219084.0,100560480.2308451,2.3731754,7305659.0,2.3378232
Libya,LBY,2024,12275.91,65260070.0,100560480.2308451,2.1261578,117476892.9578252,2.076977
Lithuania,LTU,2014,33975.086,12845803.0,2705556.2,0.10375801,2933171.0,4.8960543
Lithuania,LTU,2015,35251.297,13045220.0,2736610.0,-0.8840974,2905771.0,1.1101867
Lithuania,LTU,2016,36618.15,13101518.0,2757444.0,0.9055251,2869109.0,4.0825143
Lithuania,LTU,2017,38774.49,13277398.0,2743029.5,3.7228887,2829317.0,14.376733
Lithuania,LTU,2018,41019.79,13414424.0,2728676.2,2.6979277,2802485.0,8.326829
Lithuania,LTU,2019,43062.324,13647340.0,2703708.0,2.3345094,2795057.0,12.705507
Lithuania,LTU,2020,43091.797,13499604.0,2677104.2,1.1998944,2795766.0,4.686
Lithuania,LTU,2021,45873.527,13778095.0,2645973.8,4.683544,2794490.0,0.62632805
Lithuania,LTU,2022,46651.215,12895064.0,2612043.2,19.705046,2816923.0,5.209337
Lithuania,LTU,2023,46159.707,12507402.0,100560480.2308451,9.11732,2854104.0,133.01332
Lithuania,LTU,2024,47169.008,12541509.0,100560480.2308451,0.71573585,117476892.9578252,7.28464
Low-income countries,,2014,2383.3347,174600210.0,134608000.0,3.7405295,577586378.0,53971.508
Low-income countries,,2015,2394.1177,152336100.0,140776500.0,4.3771267,592175407.0,30695.018
Low-income countries,,2016,2389.6448,159129780.0,147860060.0,5.706375,607867477.0,57900.566
Low-income countries,,2017,2390.0938,201243520.0,155455950.0,8.156863,624556994.0,54333.8
Low-income countries,,2018,2395.3025,199088300.0,163982450.0,2.791808,642186193.0,39910.707
Low-income countries,,2019,2406.662,214494140.0,173287200.0,2.8351455,660718366.0,56604.375
Low-income countries,,2020,2322.3682,207230480.0,182881280.0,4.464144,679560744.0,45123.035
Low-income countries,,2021,2275.678,199590140.0,192493680.0,5.1332035,698215207.0,48221.125
Low-income countries,,2022,2291.6523,202699650.0,201286940.0,9.621476,716865785.0,42883.465
Low-income countries,,2023,2221.1392,209172480.0,100560480.2308451,7.114592,736466395.0,46657.742
Lower-middle-income countries,,2014,6234.2397,3487512000.0,1622434000.0,5.1659026,2887643098.0,37736.78
Lower-middle-income countries,,2015,6523.305,3632174000.0,1675889900.0,3.3940153,2931203433.0,56886.395
Lower-middle-income countries,,2016,6822.7656,3854897000.0,1729321700.0,3.523173,2974455448.0,224859.31
Lower-middle-income countries,,2017,7109.1885,4009564000.0,1782961200.0,3.738884,3017492200.0,118335.17
Lower-middle-income countries,,2018,7409.393,4202011600.0,1836493200.0,4.1763773,3059616821.0,38849.89
Lower-middle-income countries,,2019,7616.2646,4329724400.0,1889451300.0,3.3934197,3101052514.0,532260.8
Lower-middle-income countries,,2020,7248.349,4174302700.0,1941928400.0,4.9248853,3141910136.0,223538.27
Lower-middle-income countries,,2021,7652.7197,4500257300.0,1993572100.0,4.31528,3180608692.0,305783.16
Lower-middle-income countries,,2022,8042.731,4626043000.0,2035308400.0,7.6553273,3216231050.0,213358.11
Lower-middle-income countries,,2023,8449.213,4879772000.0,100560480.2308451,7.2487864,3253459082.0,401466.3
Luxembourg,LUX,2014,130247.664,9806854.0,554257.8,0.628544,556285.0,172872.32086679022
Luxembourg,LUX,2015,130097.26,9333977.0,567289.0,0.47474316,569540.0,172872.32086679022
Luxembourg,LUX,2016,133661.66,9077205.0,580925.75,0.29083332,583511.0,172872.32086679022
Luxembourg,LUX,2017,132169.83,9251006.0,593559.4,1.7307996,596506.0,172872.32086679022
Luxembourg,LUX,2018,131733.89,9556162.0,604901.44,1.5281953,608109.0,172872.32086679022
Luxembourg,LUX,2019,132724.75,9749969.0,616950.8,1.7433207,620167.0,172872.32086679022
Luxembourg,LUX,2020,129865.63,8069083.0,627373.5,0.8199573,630597.0,172872.32086679022
Luxembourg,LUX,2021,136772.44,8409505.0,636298.44,2.52692,640276.0,172872.32086679022
Luxembourg,LUX,2022,132574.0,7274379.0,644581.75,6.336008,653315.0,172872.32086679022
Luxembourg,LUX,2023,129021.65,6840733.0,100560480.2308451,3.7414036,665101.0,172872.32086679022
Macao,MAC,2014,162582.45,1293392.0,604135.75,6.0482345,610308.0,172872.32086679022
Macao,MAC,2015,123396.17,1773376.0,615220.44,4.5605636,622185.0,172872.32086679022
Macao,MAC,2016,120754.93,1780704.0,626682.56,2.3689575,634317.0,172872.32086679022
Macao,MAC,2017,133500.28,1927264.0,638609.0,1.228124,646558.0,172872.32086679022
Macao,MAC,2018,139787.66,1242096.0,650991.0,3.004463,658777.0,172872.32086679022
Macao,MAC,2019,133549.16,1212784.0,663653.0,2.7519307,670982.0,172872.32086679022
Macao,MAC,2020,59791.473,1033247.94,676283.0,0.8114105,683069.0,172872.32086679022
Macao,MAC,2021,74177.78,1029584.06,686607.0,0.026454365,694404.0,172872.32086679022
Macao,MAC,2022,60089.832,1048775.0,695168.0,1.045028,704360.0,172872.32086679022
Macao,MAC,2023,104961.92,1042865.06,100560480.2308451,0.4763845,713916.0,172872.32086679022
Madagascar,MDG,2014,1620.3579,2971004.0,4059326.0,6.080408,24764356.0,44023.72
Madagascar,MDG,2015,1627.5806,3121228.0,4320638.5,7.404192,25426703.0,14837.659
Madagascar,MDG,2016,1648.9122,3256796.0,4597156.0,6.0357585,26099950.0,15242.064
Madagascar,MDG,2017,1669.7277,3803787.0,4889634.5,8.609051,26788379.0,37665.473
Madagascar,MDG,2018,1678.7863,3604454.0,5197442.5,8.59423,27494930.0,22293.133
Madagascar,MDG,2019,1707.8315,4146515.0,5521099.5,5.6105146,28219559.0,28120.322
Madagascar,MDG,2020,1545.7272,3788076.0,5860544.0,4.201793,28953560.0,13819.751
Madagascar,MDG,2021,1577.4325,4246076.0,6214589.0,5.812251,29691087.0,20261.71
Madagascar,MDG,2022,1602.7136,4209640.0,6585415.5,8.16059,30437261.0,23810.174
Madagascar,MDG,2023,1629.4609,4446771.0,100560480.2308451,9.874327,31195937.0,27467.34
Malawi,MWI,2014,1597.5648,1015111.0,2150916.2,23.792065,16621534.0,64.988174
Malawi,MWI,2015,1597.6914,1049909.0,2301609.8,21.867348,17085587.0,18.571278
Malawi,MWI,2016,1593.5955,1172440.0,2460513.2,21.711113,17557741.0,122.311775
Malawi,MWI,2017,1613.0593,1193033.0,2628614.5,11.543394,18039714.0,134.28087
Malawi,MWI,2018,1638.9166,1690049.0,2806651.8,12.420178,18528086.0,160.60101
Malawi,MWI,2019,1687.2894,1695354.0,2995233.2,9.370836,19025748.0,122.34153
Malawi,MWI,2020,1656.4398,1868050.0,3194580.8,8.625515,19533885.0,199.41235
Malawi,MWI,2021,1687.5936,1682495.0,3403808.8,9.330144,20047264.0,282.09003
Malawi,MWI,2022,1659.9594,1801388.0,3623388.5,20.95397,20568731.0,176.58984
Malawi,MWI,2023,1648.4365,1852568.0,100560480.2308451,28.789743,21104480.0,236.85498
Malawi,MWI,2024,1635.8569,1881479.0,100560480.2308451,32.17965,117476892.9578252,342.17532
Malaysia,MYS,2014,26818.432,245053380.0,28623976.0,3.1429906,30696133.0,10129.225
Malaysia,MYS,2015,27699.627,235941760.0,29072298.0,2.10439,31232796.0,5444.765
Malaysia,MYS,2016,28425.371,237293890.0,29516696.0,2.0905666,31789692.0,15204.139
Malaysia,MYS,2017,29551.545,244457090.0,29953440.0,3.8712013,32355642.0,6172.72
Malaysia,MYS,2018,30459.965,262647070.0,30365960.0,0.8847092,32910963.0,3378.7688
Malaysia,MYS,2019,31300.508,277672900.0,30760940.0,0.66289186,33440590.0,3569.551
Malaysia,MYS,2020,29200.453,262158820.0,31147642.0,-1.1387022,33889554.0,1977.5059
Malaysia,MYS,2021,29822.85,273332160.0,31513570.0,2.4771025,34282404.0,1132.0378
Malaysia,MYS,2022,32079.152,281883800.0,31882216.0,3.3786986,34695494.0,1029.7163
Malaysia,MYS,2023,32812.3,276296770.0,100560480.2308451,2.4888656,35126295.0,1819.7844
Malaysia,MYS,2024,34071.945,290223840.0,100560480.2308451,1.8341002,117476892.9578252,4250.561
Maldives,MDV,2014,18765.36,1319040.0,100560480.2308451,2.1200018,413623.0,172872.32086679022
Maldives,MDV,2015,18829.447,1282400.0,100560480.2308451,0.95320666,428165.0,172872.32086679022
Maldives,MDV,2016,19345.18,1432624.0,100560480.2308451,0.5025094,443316.0,172872.32086679022
Maldives,MDV,2017,20036.717,1513232.0,100560480.2308451,2.8174734,458297.0,172872.32086679022
Maldives,MDV,2018,21072.58,1736736.0,100560480.2308451,-0.13337338,473106.0,172872.32086679022
Maldives,MDV,2019,21855.502,1993216.0,100560480.2308451,0.22002973,487737.0,172872.32086679022
Maldives,MDV,2020,14242.975,1678112.0,100560480.2308451,-1.3697742,502127.0,172872.32086679022
Maldives,MDV,2021,19052.623,1996880.0,100560480.2308451,0.5431497,516163.0,172872.32086679022
Maldives,MDV,2022,21357.81,2215800.0,100560480.2308451,2.3331435,524116.0,172872.32086679022
Maldives,MDV,2023,22286.98,2205334.0,100560480.2308451,2.9274654,526009.0,172872.32086679022
Mali,MLI,2014,2615.6704,3139313.0,100560480.2308451,0.8838146,18020267.0,172872.32086679022
Mali,MLI,2015,2686.5598,3399103.0,100560480.2308451,1.4506906,18593022.0,172872.32086679022
Mali,MLI,2016,2759.1096,4286165.0,100560480.2308451,-1.7996471,19191298.0,172872.32086679022
Mali,MLI,2017,2816.1934,4766551.0,100560480.2308451,1.7598574,19813016.0,172872.32086679022
Mali,MLI,2018,2862.4062,5198325.0,100560480.2308451,0.2995465,20442031.0,172872.32086679022
Mali,MLI,2019,2916.1707,5594037.0,100560480.2308451,-1.6582669,21068405.0,172872.32086679022
Mali,MLI,2020,2796.4104,6330056.0,100560480.2308451,0.43808895,21713837.0,172872.32086679022
Mali,MLI,2021,2796.228,7393170.0,100560480.2308451,3.925603,22388637.0,172872.32086679022
Mali,MLI,2022,2808.5225,7019715.0,100560480.2308451,9.621476,23072641.0,172872.32086679022
Mali,MLI,2023,2854.8271,6743016.0,100560480.2308451,2.0588024,23769130.0,172872.32086679022
Malta,MLT,2014,43121.61,2417320.0,446054.78,0.31030646,434494.0,172872.32086679022
Malta,MLT,2015,46127.62,1697468.0,456103.5,1.1005483,444978.0,172872.32086679022
Malta,MLT,2016,46922.188,1375879.0,467135.44,0.64270276,455276.0,172872.32086679022
Malta,MLT,2017,51578.98,1537206.0,478828.53,1.3643545,467902.0,172872.32086679022
Malta,MLT,2018,53367.95,1547703.0,490813.94,1.1578237,484560.0,172872.32086679022
Malta,MLT,2019,53342.215,1649196.0,502755.25,1.64206,504017.0,172872.32086679022
Malta,MLT,2020,50392.96,1600889.0,514366.88,0.638545,518212.0,172872.32086679022
Malta,MLT,2021,56802.01,1611409.0,525642.06,1.4978921,524383.0,172872.32086679022
Malta,MLT,2022,57781.5,1774245.0,532072.4,6.153756,528194.0,172872.32086679022
Malta,MLT,2023,59293.297,1768002.0,100560480.2308451,5.0939674,532964.0,172872.32086679022
Mauritania,MRT,2014,5837.852,2562746.0,100560480.2308451,3.5343685,3848511.0,172872.32086679022
Mauritania,MRT,2015,5969.5425,3002486.0,100560480.2308451,3.254727,3965959.0,172872.32086679022
Mauritania,MRT,2016,5866.2812,2623861.0,100560480.2308451,1.4717104,4086655.0,172872.32086679022
Mauritania,MRT,2017,6050.6216,3581137.0,100560480.2308451,2.2542765,4210603.0,172872.32086679022
Mauritania,MRT,2018,6153.6377,4444432.0,100560480.2308451,3.06736,4337685.0,172872.32086679022
Mauritania,MRT,2019,6162.2104,4613280.0,100560480.2308451,2.3000927,4467714.0,172872.32086679022
Mauritania,MRT,2020,5963.2354,4781520.0,100560480.2308451,2.385695,4600136.0,172872.32086679022
Mauritania,MRT,2021,5836.566,4499685.0,100560480.2308451,3.5651648,4734874.0,172872.32086679022
Mauritania,MRT,2022,6053.2617,5267432.0,100560480.2308451,9.525267,4875644.0,172872.32086679022
Mauritania,MRT,2023,6258.711,5036898.0,100560480.2308451,4.95305,5022442.0,172872.32086679022
Mauritius,MUS,2014,21568.865,4206272.0,100560480.2308451,3.217692,1292006.0,172872.32086679022
Mauritius,MUS,2015,22335.283,4209936.0,100560480.2308451,1.2865497,1292283.0,172872.32086679022
Mauritius,MUS,2016,23182.043,4341840.0,100560480.2308451,0.97767514,1291807.0,172872.32086679022
Mauritius,MUS,2017,24073.232,4539696.0,100560480.2308451,3.666997,1290654.0,172872.32086679022
Mauritius,MUS,2018,25024.135,4455424.0,100560480.2308451,3.2160537,1288836.0,172872.32086679022
Mauritius,MUS,2019,25739.355,4525040.0,100560480.2308451,0.40565518,1286269.0,172872.32086679022
Mauritius,MUS,2020,21994.666,3799568.0,100560480.2308451,2.5808008,1283231.0,172872.32086679022
Mauritius,MUS,2021,22737.572,3968112.0,100560480.2308451,4.0285287,1279628.0,172872.32086679022
Mauritius,MUS,2022,24788.766,4316741.0,100560480.2308451,10.773751,1276134.0,172872.32086679022
Mauritius,MUS,2023,26060.732,4587621.0,100560480.2308451,7.0529823,1273591.0,172872.32086679022
Mexico,MEX,2014,21069.766,484044500.0,49880990.0,4.018616,119784265.0,4102.633
Mexico,MEX,2015,21408.928,479433730.0,50657796.0,2.7206407,121072310.0,17843.39
Mexico,MEX,2016,21578.264,478827740.0,51426640.0,2.821708,122251344.0,14945.504
Mexico,MEX,2017,21777.523,464406620.0,52176836.0,6.041457,123400052.0,21324.34
Mexico,MEX,2018,21997.773,468420600.0,52867136.0,4.89935,124573713.0,16162.311
Mexico,MEX,2019,21704.186,468235840.0,53514930.0,3.6359615,125762978.0,34264.39
Mexico,MEX,2020,19728.482,428936830.0,54043320.0,3.3968341,126799053.0,45458.586
Mexico,MEX,2021,20782.588,446837570.0,54440184.0,5.6892085,127648151.0,27339.082
Mexico,MEX,2022,21392.111,453799100.0,54875070.0,7.896276,128613116.0,20502.416
Mexico,MEX,2023,21905.178,458253860.0,100560480.2308451,5.527961,129739761.0,26717.738
Mexico,MEX,2024,22033.275,460987650.0,100560480.2308451,4.7222557,117476892.9578252,122734.17
Micronesia (country),FSM,2014,3632.2415,139232.0,100560480.2308451,0.6502849,108407.0,172872.32086679022
Micronesia (country),FSM,2015,3788.934,142896.0,100560480.2308451,-0.29811585,108727.0,172872.32086679022
Micronesia (country),FSM,2016,3794.7454,142896.0,100560480.2308451,-1.0374681,109088.0,172872.32086679022
Micronesia (country),FSM,2017,3811.7896,142896.0,100560480.2308451,0.58225375,109495.0,172872.32086679022
Micronesia (country),FSM,2018,3796.946,142896.0,100560480.2308451,1.4984002,109925.0,172872.32086679022
Micronesia (country),FSM,2019,3938.5571,142896.0,100560480.2308451,1.9238517,110293.0,172872.32086679022
Micronesia (country),FSM,2020,3850.5305,142896.0,100560480.2308451,0.55459464,110930.0,172872.32086679022
Micronesia (country),FSM,2021,3944.7058,142896.0,100560480.2308451,3.1912842,111635.0,172872.32086679022
Micronesia (country),FSM,2022,3813.3384,144721.0,100560480.2308451,5.408744,112122.0,172872.32086679022
Moldova,MDA,2014,11641.121,4755152.0,2418578.5,5.0887856,3342715.0,0.85257417
Moldova,MDA,2015,11691.08,4785084.0,2385077.8,9.67624,3287168.0,172872.32086679022
Moldova,MDA,2016,12377.366,4907333.0,2357756.5,6.359309,3237798.0,0.99953157
Moldova,MDA,2017,13118.822,5090404.0,2335905.0,6.57023,3193500.0,2.5845728
Moldova,MDA,2018,13895.504,5351240.0,2318336.8,3.045054,3153779.0,1.2881076
Moldova,MDA,2019,14621.24,5378353.0,2305368.0,4.8377833,3112561.0,1.6634015
Moldova,MDA,2020,13559.26,5113134.0,2298085.8,3.7659712,3069135.0,7.7131143
Moldova,MDA,2021,15682.07,5760043.0,2291769.2,5.1064115,3023780.0,17.86036
Moldova,MDA,2022,15358.016,5173479.0,2462089.8,28.737297,3039986.0,5.770762
Moldova,MDA,2023,15990.4795,5329303.0,100560480.2308451,13.41701,3067072.0,5.615585
Moldova,MDA,2024,16465.928,5326843.0,100560480.2308451,4.6777353,117476892.9578252,8.698321
Mongolia,MNG,2014,13943.428,29629786.0,932131.06,12.253981,2913041.0,388.7556
Mongolia,MNG,2015,13974.597,23278636.0,977230.25,5.735683,2976528.0,7069.696
Mongolia,MNG,2016,13898.1455,25629114.0,1024657.8,0.73327225,3040815.0,3792.469
Mongolia,MNG,2017,14401.537,34138988.0,1074074.4,4.301431,3104371.0,25011.062
Mongolia,MNG,2018,15230.241,45319308.0,1125678.1,6.824248,3167714.0,9138.057
Mongolia,MNG,2019,15790.696,47118988.0,1179176.6,7.3010697,3232118.0,2371.9016
Mongolia,MNG,2020,14801.342,42477500.0,1231995.0,3.7960403,3290786.0,308.8985
Mongolia,MNG,2021,14792.251,35971700.0,1283222.1,7.3528123,3339676.0,82.58868
Mongolia,MNG,2022,15310.435,40443170.0,1334883.4,15.147956,3386015.0,56.609043
Mongolia,MNG,2023,16222.864,44183664.0,100560480.2308451,10.347583,3431938.0,710.5578
Mongolia,MNG,2024,16801.307,44693890.0,100560480.2308451,6.802849,117476892.9578252,2478.186
Montenegro,MNE,2014,20475.518,2106800.0,536758.4,-0.71051407,631377.0,515.71
Montenegro,MNE,2015,21138.977,2238704.0,537045.94,1.5486916,628145.0,15.104492
Montenegro,MNE,2016,21737.994,2015199.9,537012.9,-0.271385,624246.0,125.414536
Montenegro,MNE,2017,22740.387,2103136.0,536870.94,2.380236,620112.0,747.969
Montenegro,MNE,2018,23877.725,2403584.0,536443.6,2.6112237,615798.0,922.76013
Montenegro,MNE,2019,24835.375,2476864.0,535919.94,0.3615637,611671.0,74.46067
Montenegro,MNE,2020,21039.322,2403584.0,535144.94,-0.2556557,607934.0,237.0276
Montenegro,MNE,2021,23842.062,2410912.0,534280.1,2.410802,603854.0,96.91221
Montenegro,MNE,2022,25429.025,2495184.0,533765.4,13.040303,614649.0,382.8716
Montenegro,MNE,2023,27043.328,2406849.0,100560480.2308451,8.584769,633553.0,247.36777
Montenegro,MNE,2024,27852.041,2376258.0,100560480.2308451,3.33675,117476892.9578252,33.688965
Morocco,MAR,2014,7951.7983,57174916.0,22486516.0,0.44231007,34204784.0,749.1202
Morocco,MAR,2015,8198.809,58498840.0,23680826.0,1.5579071,34607590.0,361.72443
Morocco,MAR,2016,8141.9404,58457476.0,24540362.0,1.6353111,35023459.0,1060.1686
Morocco,MAR,2017,8450.009,61103764.0,25411598.0,0.7546632,35446395.0,1410.3088
Morocco,MAR,2018,8611.75,62314932.0,26282456.0,1.8039167,35839760.0,1091.8082
Morocco,MAR,2019,8768.176,68743490.0,26714262.0,0.30338603,36210907.0,735.6751
Morocco,MAR,2020,8054.563,64541824.0,27117472.0,0.7059687,36584208.0,3001.257
Morocco,MAR,2021,8623.266,70275310.0,27656430.0,1.4019588,36954443.0,1021.27734
Morocco,MAR,2022,8666.079,69779460.0,28027626.0,6.657042,37329068.0,11436.3955
Morocco,MAR,2023,8868.712,68961176.0,100560480.2308451,6.0911417,37712516.0,3439.2205
Morocco,MAR,2024,9065.914,69062344.0,100560480.2308451,0.9852566,117476892.9578252,812.452
Mozambique,MOZ,2014,1449.9293,8118426.5,100560480.2308451,2.5597486,25788473.0,2018.2992
Mozambique,MOZ,2015,1512.5997,6730549.0,100560480.2308451,3.5507598,26547576.0,3411.524
Mozambique,MOZ,2016,1537.9086,8547749.0,100560480.2308451,17.418041,27337107.0,4313.142
Mozambique,MOZ,2017,1532.0073,6905362.0,100560480.2308451,15.113208,28166397.0,3586.5488
Mozambique,MOZ,2018,1538.8351,7010116.0,100560480.2308451,3.9113345,29018647.0,1152.9834
Mozambique,MOZ,2019,1528.8899,7097435.0,100560480.2308451,2.8027031,29884378.0,4676.9014
Mozambique,MOZ,2020,1466.1248,6340353.0,100560480.2308451,3.4839356,30783685.0,2581.4636
Mozambique,MOZ,2021,1457.2354,7722039.0,100560480.2308451,6.4084764,31707798.0,1713.9684
Mozambique,MOZ,2022,1476.6656,9295686.0,100560480.2308451,10.279402,32656242.0,2008.7079
Mozambique,MOZ,2023,1511.6365,9093456.0,100560480.2308451,7.126975,33635163.0,1006.24146
Mozambique,MOZ,2024,1495.3224,8612630.0,100560480.2308451,4.0785685,117476892.9578252,2284.078
Myanmar,MMR,2014,5006.507,15849346.0,24853820.0,4.953299,50681635.0,153.0751
Myanmar,MMR,2015,5313.886,21879816.0,25758076.0,9.454172,51089060.0,381.0943
Myanmar,MMR,2016,5580.9897,21144082.0,26681906.0,6.9288254,51495701.0,554.4825
Myanmar,MMR,2017,5877.8745,23633410.0,27620046.0,4.5725365,51894939.0,735.9406
Myanmar,MMR,2018,6201.263,34016840.0,28568650.0,6.8723288,52272250.0,111.13107
Myanmar,MMR,2019,6562.989,33616924.0,29534746.0,8.825067,52640718.0,109.04476
Myanmar,MMR,2020,5926.8345,34587800.0,30328900.0,6.6403600005775285,53016525.0,288.94406
Myanmar,MMR,2021,5178.4473,29284832.0,30840010.0,6.6403600005775285,53387103.0,197.55597
Myanmar,MMR,2022,5350.4766,31638664.0,31097026.0,6.6403600005775285,53756791.0,189.39838
Myanmar,MMR,2023,5364.138,31792970.0,100560480.2308451,6.6403600005775285,54133800.0,602.20544
Namibia,NAM,2014,11982.696,3099139.0,100560480.2308451,5.3501697,2312143.0,172872.32086679022
Namibia,NAM,2015,12166.565,3393660.0,100560480.2308451,3.3940153,2374305.0,172872.32086679022
Namibia,NAM,2016,11846.788,3582204.0,100560480.2308451,6.7285824,2439219.0,172872.32086679022
Namibia,NAM,2017,11408.726,3589609.0,100560480.2308451,6.1457996,2506854.0,172872.32086679022
Namibia,NAM,2018,11214.386,3635037.0,100560480.2308451,4.291591,2577327.0,172872.32086679022
Namibia,NAM,2019,10813.305,3730077.0,100560480.2308451,3.7223942,2650499.0,172872.32086679022
Namibia,NAM,2020,9652.248,3440421.0,100560480.2308451,2.2093823,2728760.0,172872.32086679022
Namibia,NAM,2021,9709.1,3607799.0,100560480.2308451,3.6169052,2810552.0,172872.32086679022
Namibia,NAM,2022,9953.098,3413848.0,100560480.2308451,6.081281,2889668.0,0.4250719
Namibia,NAM,2023,10137.673,3442664.0,100560480.2308451,5.879935,2963102.0,172872.32086679022
Nepal,NPL,2014,3621.7317,7587670.0,7408283.5,8.364155,27672373.0,40.97122
Nepal,NPL,2015,3745.2617,6904651.0,7039036.0,7.868909,27823631.0,24.941057
Nepal,NPL,2016,3743.7446,10088048.0,6682939.0,8.790343,27955471.0,126.770645
Nepal,NPL,2017,4071.7043,12421580.0,6328201.5,3.6270962,28011258.0,785.90924
Nepal,NPL,2018,4371.3857,14038992.0,5956724.0,4.0611634,28079688.0,109.236465
Nepal,NPL,2019,4607.5244,12750490.0,5568576.0,5.5686855,28414066.0,61.00644
Nepal,NPL,2020,4412.542,15630800.0,5196795.5,5.0523667,28966580.0,34.420788
Nepal,NPL,2021,4546.2295,15486231.0,4828695.0,4.14968,29475016.0,202.10146
Nepal,NPL,2022,4763.3877,17608968.0,4923242.5,7.6507916,29715435.0,131.76567
Nepal,NPL,2023,4861.2305,18347820.0,100560480.2308451,7.1147594,29694614.0,204.60295
Netherlands,NLD,2014,62045.855,157502820.0,16950238.0,0.97603506,17030085.0,8.256224
Netherlands,NLD,2015,63081.395,163958100.0,17037044.0,0.60024816,17107429.0,2.7446628
Netherlands,NLD,2016,64267.74,164811760.0,17120220.0,0.31666666,17204693.0,0.80531603
Netherlands,NLD,2017,65666.0,162295740.0,17202688.0,1.3814588,17315376.0,13.216673
Netherlands,NLD,2018,66758.266,158264260.0,17281310.0,1.703498,17421285.0,13.443384
Netherlands,NLD,2019,67847.85,152727100.0,17358302.0,2.6336992,17537505.0,12.299132
Netherlands,NLD,2020,64862.19,136974140.0,17429372.0,1.2724603,17636732.0,10.163148
Netherlands,NLD,2021,68573.56,139885680.0,17496284.0,2.67572,17730565.0,14.269565
Netherlands,NLD,2022,71324.04,127503144.0,17558372.0,10.001208,17904421.0,21.15909
Netherlands,NLD,2023,70673.97,117016380.0,100560480.2308451,3.8383934,18092526.0,43.154083
Netherlands,NLD,2024,70901.836,114784730.0,100560480.2308451,3.347543,117476892.9578252,15.411024
New Caledonia,NCL,2014,24608.759996487803,5009068.0,267136.28,0.17885107,281233.0,1113.517
New Caledonia,NCL,2015,24608.759996487803,4876909.0,270303.44,0.5705081,283179.0,121.08476
New Caledonia,NCL,2016,24608.759996487803,5481737.0,271631.53,0.57831746,283432.0,971.4475
New Caledonia,NCL,2017,24608.759996487803,5583765.0,272852.62,6.6403600005775285,283554.0,718.568
New Caledonia,NCL,2018,24608.759996487803,5913008.0,274009.06,6.6403600005775285,283551.0,2567.5032
New Caledonia,NCL,2019,24608.759996487803,5672867.0,275132.25,6.6403600005775285,283616.0,500.044
New Caledonia,NCL,2020,24608.759996487803,5109173.0,276774.72,6.6403600005775285,284187.0,3702.5571
New Caledonia,NCL,2021,24608.759996487803,4536780.0,278778.28,6.6403600005775285,285227.0,379.1351
New Caledonia,NCL,2022,24608.759996487803,5115597.0,280860.9,6.6403600005775285,287130.0,264.8642
New Zealand,NZL,2014,44255.504,35399336.0,4208132.5,1.2275075,4522976.0,1919.4539
New Zealand,NZL,2015,44963.832,35805096.0,4324368.5,0.29270464,4614035.0,1315.1097
New Zealand,NZL,2016,45626.684,34134956.0,4443146.5,0.6462403,4714768.0,4120.3877
New Zealand,NZL,2017,46193.29,35661264.0,4564097.5,1.8507876,4812749.0,1944.0095
New Zealand,NZL,2018,46947.938,35686796.0,4700282.5,1.598297,4900840.0,1866.5502
New Zealand,NZL,2019,47277.664,36710612.0,4865981.5,1.6196319,4989410.0,1821.5038
New Zealand,NZL,2020,46104.605,34108960.0,5015799.5,1.7145617,5069895.0,1670.5316
New Zealand,NZL,2021,47996.68,34596516.0,5129727.0,3.9411206,5107694.0,1527.7386
New Zealand,NZL,2022,49618.523,31965866.0,5185288.0,7.172225,5131731.0,2703.366
New Zealand,NZL,2023,49083.508,31559814.0,100560480.2308451,5.733163,5172837.0,1928.631
New Zealand,NZL,2024,48162.86,32479432.0,100560480.2308451,2.922798,117476892.9578252,1472.6554
Nicaragua,NIC,2014,6712.2173,4719788.0,3419788.0,6.035969,6066493.0,305.94852
Nicaragua,NIC,2015,6939.0327,5408233.0,3474782.0,3.99738,6149417.0,213.74529
Nicaragua,NIC,2016,7158.758,5378534.0,3530376.0,3.523173,6232664.0,1833.112
Nicaragua,NIC,2017,7391.197,5440822.0,3584437.2,3.8506718,6316235.0,14265.555
Nicaragua,NIC,2018,7049.0273,5177981.0,3639373.0,4.9472375,6400074.0,729.50037
Nicaragua,NIC,2019,6756.5938,5208109.0,3694708.2,5.37629,6483660.0,1649.537
Nicaragua,NIC,2020,6523.3696,4641018.0,3750597.2,3.6818135,6565267.0,31841.293
Nicaragua,NIC,2021,7119.1694,5132574.0,100560480.2308451,4.928414,6644745.0,18490.58
Nicaragua,NIC,2022,7277.8228,5131236.0,100560480.2308451,10.467424,6730662.0,917.5762
Nicaragua,NIC,2023,7496.5293,5428299.0,100560480.2308451,8.387658,6823619.0,9205.931
Nicaragua,NIC,2024,7661.602,5630346.0,100560480.2308451,4.624738,117476892.9578252,23055.256
Niger,NER,2014,1462.8213,2256260.0,100560480.2308451,-0.93028724,19215917.0,172872.32086679022
Niger,NER,2015,1471.6614,2198770.0,100560480.2308451,-0.5760904,19939496.0,172872.32086679022
Niger,NER,2016,1500.0085,2141519.0,100560480.2308451,1.6538892,20685758.0,172872.32086679022
Niger,NER,2017,1520.0016,2242503.0,100560480.2308451,2.7963731,21435449.0,172872.32086679022
Niger,NER,2018,1574.3384,1803409.0,100560480.2308451,2.9676037,22188074.0,172872.32086679022
Niger,NER,2019,1612.6373,2513365.0,100560480.2308451,-2.4897926,22947765.0,172872.32086679022
Niger,NER,2020,1615.6927,3040036.0,100560480.2308451,2.8981938,23717615.0,172872.32086679022
Niger,NER,2021,1585.5992,2588205.0,100560480.2308451,3.837868,24502145.0,172872.32086679022
Niger,NER,2022,1717.5189,3200732.0,100560480.2308451,4.2262177,25311978.0,172872.32086679022
Niger,NER,2023,1689.5642,3133399.0,100560480.2308451,3.7009733,26159863.0,172872.32086679022
Nigeria,NGA,2014,5980.192,123971240.0,43732264.0,8.047411,185896917.0,1.1477783
Nigeria,NGA,2015,5985.094,110524590.0,45936170.0,9.009435,190671883.0,0.0
Nigeria,NGA,2016,5744.558,116396000.0,48202920.0,15.696813,195443698.0,2.4495068
Nigeria,NGA,2017,5651.7344,112540370.0,50560508.0,16.502266,200254580.0,252.75624
Nigeria,NGA,2018,5628.7407,106785730.0,52984996.0,12.095106,204938752.0,45.032856
Nigeria,NGA,2019,5628.1777,127859300.0,55466212.0,11.396422,209485637.0,4.2890706
Nigeria,NGA,2020,5410.6934,124899300.0,58026456.0,13.246023,213996185.0,20.678127
Nigeria,NGA,2021,5491.7,147776620.0,60650856.0,16.952847,218529286.0,30.837446
Nigeria,NGA,2022,5552.838,131440936.0,63343916.0,18.847187,223150906.0,176.95828
Nigeria,NGA,2023,5593.0566,129376100.0,100560480.2308451,24.65955,227882949.0,167.46555
Nigeria,NGA,2024,5665.4517,135824000.0,100560480.2308451,33.242096,117476892.9578252,166.01143
North Korea,PRK,2014,24608.759996487803,39824550.0,16868378.0,6.6403600005775285,25451263.0,2061.2068
North Korea,PRK,2015,24608.759996487803,31277754.0,16912816.0,6.6403600005775285,25575355.0,6647.4385
North Korea,PRK,2016,24608.759996487803,34236420.0,16957892.0,6.6403600005775285,25698325.0,3113.989
North Korea,PRK,2017,24608.759996487803,69707920.0,17000458.0,6.6403600005775285,25817710.0,1223.6829
North Korea,PRK,2018,24608.759996487803,62608284.0,17040658.0,6.6403600005775285,25931153.0,1301.4022
North Korea,PRK,2019,24608.759996487803,69512190.0,17078796.0,6.6403600005775285,26037633.0,15143.61
North Korea,PRK,2020,24608.759996487803,65576750.0,17171058.0,6.6403600005775285,26136312.0,3009.0112
North Korea,PRK,2021,24608.759996487803,53969788.0,17259456.0,6.6403600005775285,26232530.0,698.0051
North Korea,PRK,2022,24608.759996487803,56289484.0,17344348.0,6.6403600005775285,26328843.0,733.47064
North Macedonia,MKD,2014,18451.19,7166784.0,1691889.6,-0.28170502,1997842.0,135.74069
North Macedonia,MKD,2015,19214.016,6719776.0,1694342.8,-0.29992047,1980366.0,31.548487
North Macedonia,MKD,2016,19824.68,6606192.0,1696509.9,-0.23929079,1961268.0,93.37775
North Macedonia,MKD,2017,20119.943,7090023.0,1698376.9,1.3516189,1940877.0,225.91081
North Macedonia,MKD,2018,20804.775,6653824.0,1697636.1,1.458313,1919730.0,362.91776
North Macedonia,MKD,2019,21765.686,7624613.0,1698755.9,0.76643956,1897643.0,142.7714
North Macedonia,MKD,2020,20970.287,6979920.0,1696890.2,1.2000735,1872021.0,195.44618
North Macedonia,MKD,2021,22142.973,6518256.0,1691354.8,3.2307491,1851109.0,1119.5875
North Macedonia,MKD,2022,22820.977,7352171.0,1684238.4,14.204718,1840236.0,843.1209
North Macedonia,MKD,2023,23343.602,7338385.0,100560480.2308451,9.361873,1831800.0,214.83763
North Macedonia,MKD,2024,24463.984,6619636.0,100560480.2308451,3.4897408,117476892.9578252,816.7129
Norway,NOR,2014,84830.26,44975000.0,5099768.0,2.041703,5137397.0,232.35576
Norway,NOR,2015,85550.3,45523000.0,5148994.5,2.1711366,5189777.0,68.526436
Norway,NOR,2016,85787.62,44708000.0,5192017.0,3.55,5235974.0,86.567505
Norway,NOR,2017,87194.11,44197000.0,5229607.0,1.8751006,5276807.0,120.20159
Norway,NOR,2018,87338.47,44472000.0,5261334.5,2.7648313,5311751.0,229.75262
Norway,NOR,2019,87725.73,42866000.0,5294045.5,2.16773,5347733.0,504.24725
Norway,NOR,2020,86096.055,41275000.0,5322365.0,1.2865849,5379275.0,324.41534
Norway,NOR,2021,88984.14,41058000.0,5342366.5,3.4838805,5408082.0,285.6229
Norway,NOR,2022,91051.086,40833000.0,5370363.0,5.764123,5456796.0,232.50793
Norway,NOR,2023,90085.555,38869000.0,100560480.2308451,5.51785,5519167.0,157.51317
Norway,NOR,2024,91108.234,37183000.0,100560480.2308451,3.1453013,117476892.9578252,215.89873
Oman,OMN,2014,39639.99,66190040.0,3532112.8,1.0140148,4002444.0,172872.32086679022
Oman,OMN,2015,39813.79,67883224.0,3712880.5,0.06529013,4184898.0,172872.32086679022
Oman,OMN,2016,39860.99,66239816.0,3915882.5,1.1092081,4390880.0,172872.32086679022
Oman,OMN,2017,38691.11,66343720.0,4063818.0,1.5890942,4537397.0,172872.32086679022
Oman,OMN,2018,38673.605,70677940.0,4136122.8,0.8893124,4597878.0,172872.32086679022
Oman,OMN,2019,38292.387,72034904.0,4154815.5,0.49081537,4591248.0,172872.32086679022
Oman,OMN,2020,37560.6,71845150.0,4114373.5,-0.40640292,4522502.0,172872.32086679022
Oman,OMN,2021,38719.457,75041400.0,4100549.2,1.6822119,4500429.0,172872.32086679022
Oman,OMN,2022,39780.21,77993790.0,4157646.5,2.5061426,4730229.0,172872.32086679022
Oman,OMN,2023,37709.066,79810640.0,100560480.2308451,0.950783,5049267.0,172872.32086679022
Pakistan,PAK,2014,4520.235,150809500.0,88427680.0,7.189384,214264649.0,3.1696591
Pakistan,PAK,2015,4645.286,144895550.0,91705480.0,2.529328,217290884.0,172872.32086679022
Pakistan,PAK,2016,4886.6123,176740980.0,94971010.0,3.765119,220138863.0,172872.32086679022
Pakistan,PAK,2017,5031.5605,211980740.0,98428990.0,4.085374,223273974.0,133.35696
Pakistan,PAK,2018,5255.0635,203499680.0,102185000.0,5.0780573,226928893.0,14.564242
Pakistan,PAK,2019,5295.953,190825870.0,106117640.0,10.5783615,230800908.0,4.9350877
Pakistan,PAK,2020,5135.0146,215509550.0,110296820.0,9.739993,235001745.0,2.6695447
Pakistan,PAK,2021,5367.2734,243552350.0,114712900.0,9.49621,239477805.0,8.380467
Pakistan,PAK,2022,5526.2793,211969710.0,119331576.0,19.87386,243700667.0,3.8959138
Pakistan,PAK,2023,5439.1797,186860880.0,100560480.2308451,30.768127,247504505.0,17.037436
Pakistan,PAK,2024,5530.996,179800380.0,100560480.2308451,12.632532,117476892.9578252,17.46684
Palau,PLW,2014,18561.441,219840.0,14346.616,4.1917453,17740.0,172872.32086679022
Palau,PLW,2015,20021.314,201520.0,14560.795,0.94904065,17791.0,172872.32086679022
Palau,PLW,2016,19902.982,208848.0,14795.863,-1.0423054,17824.0,172872.32086679022
Palau,PLW,2017,19237.926,216176.0,15031.4795,1.4179882,17838.0,172872.32086679022
Palau,PLW,2018,19256.928,212512.0,15273.502,2.1097047,17843.0,172872.32086679022
Palau,PLW,2019,19312.791,216176.0,15538.484,0.26737967,17821.0,172872.32086679022
Palau,PLW,2020,18160.254,208848.0,15808.934,0.21818182,17817.0,172872.32086679022
Palau,PLW,2021,15663.172,212512.0,16077.666,2.6124818,17809.0,172872.32086679022
Palau,PLW,2022,15477.553,217235.0,16329.096,12.352664,17784.0,172872.32086679022
Palau,PLW,2023,15796.535,216209.0,100560480.2308451,12.819975,17751.0,172872.32086679022
Palestine,PSE,2014,5990.427,2835936.0,3405572.0,1.7329851,4415887.0,0.06512209
Palestine,PSE,2015,6072.6504,3000816.0,3501185.2,1.4316114,4521564.0,172872.32086679022
Palestine,PSE,2016,6464.1333,3235312.0,3601457.5,-0.2191066,4632743.0,172872.32086679022
Palestine,PSE,2017,6426.7954,3264624.0,3700746.8,0.21257094,4742747.0,0.52483815
Palestine,PSE,2018,6342.9375,2956848.0,3798737.8,-0.19510777,4850593.0,0.26246002
Palestine,PSE,2019,6269.891,3264624.0,3897096.5,1.5801834,4957773.0,172872.32086679022
Palestine,PSE,2020,5423.6826,3326912.0,4000409.5,-0.735332,5069692.0,172872.32086679022
Palestine,PSE,2021,5663.1216,3634688.0,4107904.2,1.237481,5185341.0,172872.32086679022
Palestine,PSE,2022,5753.084,4702034.0,4217392.5,3.7412238,5305274.0,172872.32086679022
Palestine,PSE,2023,5361.131,4755358.0,100560480.2308451,5.871102,5409201.0,172872.32086679022
Panama,PAN,2014,28931.805,10688621.0,100560480.2308451,2.626527,3892100.0,30.113659
Panama,PAN,2015,29933.156,10652060.0,100560480.2308451,0.13749206,3960034.0,43.217316
Panama,PAN,2016,30765.236,10333790.0,100560480.2308451,0.73973405,4029085.0,2090.4658
Panama,PAN,2017,31979.812,9567928.0,100560480.2308451,0.8755859,4098704.0,98.824486
Panama,PAN,2018,32681.447,9121047.0,100560480.2308451,0.7615784,4167860.0,131.4831
Panama,PAN,2019,33163.727,12448774.0,100560480.2308451,-0.35508382,4234698.0,359.69775
Panama,PAN,2020,26881.799,6557340.0,100560480.2308451,-1.5502754,4293258.0,173.76894
Panama,PAN,2021,30932.764,10144616.0,100560480.2308451,1.6307033,4345410.0,115.07945
Panama,PAN,2022,33833.027,11707350.0,100560480.2308451,2.8596513,4400775.0,81.21668
Panama,PAN,2023,35863.88,13002121.0,100560480.2308451,1.4864136,4458758.0,145.23595
Panama,PAN,2024,36426.008,12664428.0,100560480.2308451,0.69322556,117476892.9578252,100.93003
Papua New Guinea,PNG,2014,3998.6182,6124890.0,100560480.2308451,5.2221174,8523440.0,1531.4995
Papua New Guinea,PNG,2015,4154.5234,6316259.0,100560480.2308451,5.995958,8743247.0,32426.377
Papua New Guinea,PNG,2016,4275.7485,7024071.0,100560480.2308451,6.673729,8961717.0,54573.355
Papua New Guinea,PNG,2017,4322.2227,6550140.0,100560480.2308451,5.4220457,9178717.0,3008.5383
Papua New Guinea,PNG,2018,4211.1455,7595904.0,100560480.2308451,4.3744893,9394518.0,1407.1057
Papua New Guinea,PNG,2019,4301.6113,7582732.0,100560480.2308451,3.9286728,9609014.0,1489.9435
Papua New Guinea,PNG,2020,4077.6313,7910788.0,100560480.2308451,4.871674,9815743.0,1291.4989
Papua New Guinea,PNG,2021,3976.9038,7873085.0,100560480.2308451,4.48359,10012898.0,1990.349
Papua New Guinea,PNG,2022,4125.493,8436025.0,100560480.2308451,5.253239,10203177.0,3099.4524
Papua New Guinea,PNG,2023,4205.8477,8357750.0,100560480.2308451,2.2986999,10389638.0,1397.5303
Papua New Guinea,PNG,2024,4300.726,8345442.0,100560480.2308451,0.60240394,117476892.9578252,4651.331
Paraguay,PRY,2014,14219.3545,5451217.0,3719059.8,5.0288277,6069819.0,5371.915
Paraguay,PRY,2015,14427.601,6045473.0,3816935.0,3.1290028,6159106.0,2352.135
Paraguay,PRY,2016,14826.664,7186516.0,3916608.8,4.086823,6249129.0,7965.559
Paraguay,PRY,2017,15320.337,7939465.0,4017238.2,3.6024773,6338658.0,27267.195
Paraguay,PRY,2018,15592.984,8503592.0,4118363.2,3.9756103,6427382.0,2496.393
Paraguay,PRY,2019,15321.324,8268412.5,4180452.8,2.7570972,6515059.0,109343.46
Paraguay,PRY,2020,14991.66,7443761.0,4241539.0,1.7675159,6603741.0,37734.64
Paraguay,PRY,2021,15406.167,8186967.0,4300584.5,4.787983,6684184.0,39558.21
Paraguay,PRY,2022,15259.1455,7533381.0,4354634.5,9.765567,6760460.0,13474.153
Paraguay,PRY,2023,15826.088,7645687.0,100560480.2308451,4.632023,6844150.0,7130.322
Paraguay,PRY,2024,16296.283,7936718.0,100560480.2308451,3.8354027,117476892.9578252,93184.1
Peru,PER,2014,14244.566,49388020.0,15081751.0,3.4119458,30115825.0,1074.2404
Peru,PER,2015,14542.793,49204056.0,15347962.0,3.398092,30457598.0,1031.4496
Peru,PER,2016,14917.449,52697668.0,15647371.0,3.5571766,30866497.0,4623.2744
Peru,PER,2017,15069.522,54726350.0,15974946.0,2.9949005,31324639.0,13449.213
Peru,PER,2018,15386.26,56013570.0,16369568.0,1.5091542,31897590.0,1022.37103
Peru,PER,2019,15463.543,58668280.0,16779394.0,2.252122,32449302.0,2883.2126
Peru,PER,2020,13609.6,47236736.0,17120714.0,2.002412,32838577.0,2972.0637
Peru,PER,2021,15280.551,59961856.0,17429318.0,4.2716637,33155883.0,5663.4766
Peru,PER,2022,15559.821,64784804.0,17700750.0,8.333706,33475436.0,7127.714
Peru,PER,2023,15327.582,66064750.0,100560480.2308451,6.4556136,33845616.0,12872.73
Peru,PER,2024,15661.75,70246650.0,100560480.2308451,2.0077074,117476892.9578252,41994.21
Philippines,PHL,2014,7340.362,100073816.0,46710660.0,3.5978234,103767127.0,732.3786
Philippines,PHL,2015,7691.763,111046296.0,47718600.0,0.67419255,105312988.0,118.26558
Philippines,PHL,2016,8131.825,120215624.0,48797480.0,1.2536988,106735721.0,993.12463
Philippines,PHL,2017,8584.136,133575610.0,49897520.0,2.8531878,108119691.0,307.01816
Philippines,PHL,2018,9016.286,139856770.0,50995064.0,5.3093467,109465284.0,133.40134
Philippines,PHL,2019,9452.294,142601220.0,52096620.0,2.3920653,110804685.0,251.44112
Philippines,PHL,2020,8455.185,131457416.0,53210080.0,2.3931625,112081270.0,364.47247
Philippines,PHL,2021,8857.79,140269500.0,54278850.0,3.9271803,113100947.0,77.64854
Philippines,PHL,2022,9457.104,150963020.0,55354964.0,5.821158,113964343.0,2763.123
Philippines,PHL,2023,9898.533,160980460.0,100560480.2308451,5.978025,114891199.0,176.21864
Philippines,PHL,2024,10375.94,174878000.0,100560480.2308451,3.2126048,117476892.9578252,750.87177
Poland,POL,2014,30334.879,309415360.0,35509560.0,0.053821314,38265113.0,49.214157
Poland,POL,2015,31700.37,312548860.0,35357650.0,-0.8741259,38266314.0,22.29526
Poland,POL,2016,32675.305,323300480.0,35210036.0,-0.6647673,38263260.0,41.642017
Poland,POL,2017,34354.598,336505100.0,35079550.0,2.0759356,38254964.0,8.448186
Poland,POL,2018,36500.41,335718620.0,34935336.0,1.8129516,38241070.0,13.8327465
Poland,POL,2019,38181.62,317444060.0,34773572.0,2.2274787,38225884.0,45.271408
Poland,POL,2020,37852.8,302102430.0,34439188.0,3.3744698,38171005.0,50.926277
Poland,POL,2021,41059.586,330693730.0,34057936.0,5.055027,38040303.0,2.6958644
Poland,POL,2022,43405.023,314891970.0,35438780.0,14.429451,38385734.0,4.8505607
Poland,POL,2023,43672.766,283243460.0,100560480.2308451,11.528913,38762847.0,1.679301
Poland,POL,2024,45112.598,272861820.0,100560480.2308451,3.790609,117476892.9578252,1.939178
Portugal,PRT,2014,35097.41,47942332.0,9839961.0,-0.27815336,10406203.0,26757.23
Portugal,PRT,2015,35803.355,52233050.0,9808121.0,0.4879386,10370264.0,20470.71
Portugal,PRT,2016,36636.297,50310916.0,9785704.0,0.6073971,10346377.0,52328.316
Portugal,PRT,2017,37943.113,55165156.0,9770091.0,1.3686141,10330838.0,143246.19
Portugal,PRT,2018,39123.613,51340276.0,9761363.0,0.9937157,10325355.0,63808.68
Portugal,PRT,2019,40188.285,47583050.0,9769284.0,0.3381784,10343218.0,13395.724
Portugal,PRT,2020,36852.227,41738144.0,9784770.0,-0.01243833,10370519.0,25310.766
Portugal,PRT,2021,38657.668,40299850.0,9784507.0,1.2656572,10390957.0,11151.045
Portugal,PRT,2022,41070.86,40722496.0,9773419.0,7.832691,10417074.0,23769.527
Portugal,PRT,2023,41571.02,37622040.0,100560480.2308451,4.3112817,10430735.0,13030.275
Portugal,PRT,2024,41883.85,35538852.0,100560480.2308451,2.416132,117476892.9578252,19582.81
Puerto Rico,PRI,2014,41593.68,549818582.7308774,3307100.2,6.6403600005775285,3565367.0,3.216929
Puerto Rico,PRI,2015,41737.605,549818582.7308774,3348086.2,6.6403600005775285,3521811.0,1.6084746
Puerto Rico,PRI,2016,41858.26,549818582.7308774,3383899.0,6.6403600005775285,3476008.0,1.0960612
Puerto Rico,PRI,2017,41479.996,549818582.7308774,3347762.8,6.6403600005775285,3371878.0,412.73688
Puerto Rico,PRI,2018,41119.31,549818582.7308774,3310677.8,6.6403600005775285,3290068.0,2.9968138
Puerto Rico,PRI,2019,41656.33,549818582.7308774,3288708.5,6.6403600005775285,3288027.0,2.119997
Puerto Rico,PRI,2020,40171.387,549818582.7308774,3267412.5,6.6403600005775285,3275800.0,0.14617287
Qatar,QAT,2014,128013.984,91641640.0,2157382.2,3.349721,2218378.0,172872.32086679022
Qatar,QAT,2015,123070.89,93310370.0,2348540.8,1.8140773,2427340.0,172872.32086679022
Qatar,QAT,2016,120054.41,91378344.0,2520119.5,2.6765916,2599382.0,172872.32086679022
Qatar,QAT,2017,115064.945,105656584.0,2629078.0,0.39487892,2706716.0,172872.32086679022
Qatar,QAT,2018,114909.945,102621410.0,2678033.0,0.2558154,2761144.0,172872.32086679022
Qatar,QAT,2019,113160.98,101429576.0,2712827.5,-0.6666411,2797927.0,172872.32086679022
Qatar,QAT,2020,103061.914,101329230.0,2667717.0,-2.540315,2803375.0,172872.32086679022
Qatar,QAT,2021,116832.57,104385690.0,2598149.0,2.3044658,2814988.0,172872.32086679022
Qatar,QAT,2022,114740.125,109594410.0,2604965.2,4.9952755,2892466.0,172872.32086679022
Qatar,QAT,2023,116159.14,119544360.0,100560480.2308451,3.027649,2979086.0,172872.32086679022
Romania,ROU,2014,28153.107,79335350.0,16377712.0,1.0683099,19968179.0,116.898476
Romania,ROU,2015,29178.744,78045990.0,16303464.0,-0.59415644,19871018.0,4.3445826
Romania,ROU,2016,30185.906,76586910.0,16215527.0,-1.5447967,19777049.0,64.31325
Romania,ROU,2017,32849.11,79432344.0,16136475.0,1.3390212,19689405.0,5.117525
Romania,ROU,2018,35065.18,79874424.0,16064495.0,4.6254845,19597874.0,6.6143503
Romania,ROU,2019,36633.363,76690350.0,16001594.0,3.8278544,19501542.0,7.269498
Romania,ROU,2020,35482.195,73946380.0,15940299.0,2.631073,19392467.0,42.940712
Romania,ROU,2021,37730.37,77501260.0,15854645.0,5.0523286,19248159.0,13.697898
Romania,ROU,2022,39377.973,73186024.0,16134819.0,13.795488,19166776.0,79.90906
Romania,ROU,2023,40301.5,67866024.0,100560480.2308451,10.397187,19118482.0,240.39896
Romania,ROU,2024,40608.418,68551400.0,100560480.2308451,5.7214055,117476892.9578252,13.648849
Russia,RUS,2014,35853.246,1637311200.0,108990440.0,7.823412,144925639.0,3627336.5
Russia,RUS,2015,35037.152,1635243500.0,109388770.0,15.534405,145307612.0,1495586.1
Russia,RUS,2016,35005.45,1629328400.0,109836370.0,7.0424476,145778668.0,3870042.8
Russia,RUS,2017,35570.39,1661012200.0,110216040.0,3.6833293,146186798.0,3553219.0
Russia,RUS,2018,36536.695,1709909600.0,110492000.0,2.8782973,146430146.0,3700898.8
Russia,RUS,2019,37319.32,1704458600.0,110689550.0,4.4703665,146533063.0,2586253.8
Russia,RUS,2020,36376.336,1631901600.0,110728350.0,3.3816593,146371295.0,4267667.5
Russia,RUS,2021,38638.43,1674524300.0,110474710.0,6.694459,145836172.0,5408222.5
Russia,RUS,2022,38214.496,1675460900.0,110319460.0,6.6403600005775285,145579889.0,3174097.8
Russia,RUS,2023,39887.34,1733134600.0,100560480.2308451,6.6403600005775285,145440502.0,2363272.2
Rwanda,RWA,2014,2106.2146,829804.0,100560480.2308451,2.3544905,11364758.0,7.99815
Rwanda,RWA,2015,2238.5393,966782.0,100560480.2308451,2.528503,11640026.0,19.531425
Rwanda,RWA,2016,2316.6372,1051997.0,100560480.2308451,7.174343,11919183.0,0.07689405
Rwanda,RWA,2017,2351.597,1169724.0,100560480.2308451,8.279536,12202062.0,0.23068622
Rwanda,RWA,2018,2493.44,1313075.0,100560480.2308451,-0.31121016,12488000.0,0.30750406
Rwanda,RWA,2019,2667.4646,1413492.0,100560480.2308451,3.3478765,12776102.0,172872.32086679022
Rwanda,RWA,2020,2520.3174,1394311.0,100560480.2308451,9.850399,13065838.0,3.8444748
Rwanda,RWA,2021,2733.4355,1699049.0,100560480.2308451,-0.39134675,13355260.0,1.5381764
Rwanda,RWA,2022,2892.4597,1957226.0,100560480.2308451,17.689209,13651025.0,0.15381117
Rwanda,RWA,2023,3062.999,2016015.0,100560480.2308451,19.789547,13954473.0,3.383442
Rwanda,RWA,2024,3264.6445,2033550.0,100560480.2308451,1.7702924,117476892.9578252,0.9224394
Saint Kitts and Nevis,KNA,2014,28530.307,227168.0,100560480.2308451,0.2478654,47112.0,172872.32086679022
Saint Kitts and Nevis,KNA,2015,28729.566,230832.0,100560480.2308451,-2.3018756,47108.0,172872.32086679022
Saint Kitts and Nevis,KNA,2016,29867.027,238160.0,100560480.2308451,-0.6870371,47099.0,172872.32086679022
Saint Kitts and Nevis,KNA,2017,29948.92,241824.0,100560480.2308451,0.6949167,47075.0,172872.32086679022
Saint Kitts and Nevis,KNA,2018,30576.248,249152.0,100560480.2308451,-1.0371221,47032.0,172872.32086679022
Saint Kitts and Nevis,KNA,2019,31512.193,260144.0,100560480.2308451,-0.32956207,46976.0,172872.32086679022
Saint Kitts and Nevis,KNA,2020,26736.928,241824.0,100560480.2308451,-1.167245,46896.0,172872.32086679022
Saint Kitts and Nevis,KNA,2021,26896.617,234496.0,100560480.2308451,1.1956888,46786.0,172872.32086679022
Saint Kitts and Nevis,KNA,2022,29712.686,250654.02,100560480.2308451,2.6681752,46732.0,172872.32086679022
Saint Kitts and Nevis,KNA,2023,30966.332,250147.02,100560480.2308451,3.5571122,46783.0,172872.32086679022
Saint Lucia,LCA,2014,21214.477,487312.0,100560480.2308451,3.5169556,174145.0,172872.32086679022
Saint Lucia,LCA,2015,21142.973,479984.0,100560480.2308451,-0.983601,174919.0,172872.32086679022
Saint Lucia,LCA,2016,21775.475,472656.0,100560480.2308451,-3.0782177,175651.0,172872.32086679022
Saint Lucia,LCA,2017,22422.598,494640.0,100560480.2308451,0.10426208,176352.0,172872.32086679022
Saint Lucia,LCA,2018,22981.918,509296.0,100560480.2308451,1.9356189,177032.0,172872.32086679022
Saint Lucia,LCA,2019,22738.248,501968.03,100560480.2308451,0.53908753,177675.0,172872.32086679022
Saint Lucia,LCA,2020,17142.045,487312.0,100560480.2308451,-1.7558084,178261.0,172872.32086679022
Saint Lucia,LCA,2021,19101.166,505631.97,100560480.2308451,2.4107032,178540.0,172872.32086679022
Saint Lucia,LCA,2022,22962.281,518094.0,100560480.2308451,6.378147,178794.0,172872.32086679022
Saint Lucia,LCA,2023,23403.744,517045.97,100560480.2308451,4.070608,179291.0,172872.32086679022
Saint Vincent and the Grenadines,VCT,2014,14054.756,256480.02,100560480.2308451,0.19385856,107555.0,172872.32086679022
Saint Vincent and the Grenadines,VCT,2015,14523.581,234496.0,100560480.2308451,-1.733612,106975.0,172872.32086679022
Saint Vincent and the Grenadines,VCT,2016,15212.62,241824.0,100560480.2308451,-0.14964165,106365.0,172872.32086679022
Saint Vincent and the Grenadines,VCT,2017,15533.222,212512.0,100560480.2308451,2.1533365,105674.0,172872.32086679022
Saint Vincent and the Grenadines,VCT,2018,16139.066,241824.0,100560480.2308451,2.3241448,104939.0,172872.32086679022
Saint Vincent and the Grenadines,VCT,2019,16365.325,219840.0,100560480.2308451,0.9130697,104183.0,172872.32086679022
Saint Vincent and the Grenadines,VCT,2020,15763.705,238160.0,100560480.2308451,-0.62813133,103540.0,172872.32086679022
Saint Vincent and the Grenadines,VCT,2021,16200.899,234496.0,100560480.2308451,1.5727293,102848.0,172872.32086679022
Saint Vincent and the Grenadines,VCT,2022,16835.023,246698.0,100560480.2308451,5.6600976,102063.0,172872.32086679022
Saint Vincent and the Grenadines,VCT,2023,17858.244,246199.0,100560480.2308451,4.564577,101331.0,172872.32086679022
Samoa,WSM,2014,6247.905,201520.0,124312.74,-0.4068161,200051.0,172872.32086679022
Samoa,WSM,2015,6432.36,227168.0,125633.695,0.72447014,201794.0,172872.32086679022
Samoa,WSM,2016,6887.305,238160.0,127054.445,1.3047187,203509.0,172872.32086679022
Samoa,WSM,2017,6919.0156,234496.0,128548.336,1.7498968,205423.0,172872.32086679022
Samoa,WSM,2018,6805.0454,234496.0,130047.88,4.1974587,207595.0,172872.32086679022
Samoa,WSM,2019,7033.521,260144.0,131541.38,0.98232657,209794.0,172872.32086679022
Samoa,WSM,2020,6745.306,234496.0,133486.1,-1.5689125,211957.0,172872.32086679022
Samoa,WSM,2021,6214.017,267472.0,135952.34,3.1332047,213792.0,172872.32086679022
Samoa,WSM,2022,5843.772,235959.0,138303.17,10.961883,215270.0,172872.32086679022
Samoa,WSM,2023,6340.608,234845.0,100560480.2308451,7.921647,216673.0,172872.32086679022
San Marino,SMR,2014,58743.586,549818582.7308774,33389.0,1.1129631,33753.0,172872.32086679022
San Marino,SMR,2015,59647.66,549818582.7308774,33570.0,0.14568608,33927.0,172872.32086679022
San Marino,SMR,2016,60669.82,549818582.7308774,33834.0,0.64407533,34188.0,172872.32086679022
San Marino,SMR,2017,59524.56,549818582.7308774,34056.0,1.0141331,34405.0,172872.32086679022
San Marino,SMR,2018,59194.043,549818582.7308774,34156.0,1.1633352,34557.0,172872.32086679022
San Marino,SMR,2019,60171.047,549818582.7308774,34178.0,0.47265196,34674.0,172872.32086679022
San Marino,SMR,2020,55998.07,549818582.7308774,34007.0,-0.1333689,34796.0,172872.32086679022
San Marino,SMR,2021,64745.133,549818582.7308774,33745.0,1.6155142,34599.0,172872.32086679022
San Marino,SMR,2022,70887.57,549818582.7308774,33660.0,5.3254533,34113.0,172872.32086679022
Sao Tome and Principe,STP,2014,5223.0957,128240.01,65188.52,6.9984994,196780.0,172872.32086679022
Sao Tome and Principe,STP,2015,5210.2036,135568.0,67458.93,5.245878,200308.0,172872.32086679022
Sao Tome and Principe,STP,2016,5388.5093,146560.0,69724.31,5.4305196,203702.0,172872.32086679022
Sao Tome and Principe,STP,2017,5521.2026,139232.0,71987.76,5.690296,206986.0,172872.32086679022
Sao Tome and Principe,STP,2018,5674.7236,139232.0,74250.19,7.868596,210198.0,172872.32086679022
Sao Tome and Principe,STP,2019,5702.0835,146560.0,76263.18,7.7202454,213405.0,172872.32086679022
Sao Tome and Principe,STP,2020,5742.9473,142896.0,78418.62,9.819328,217450.0,172872.32086679022
Sao Tome and Principe,STP,2021,5732.6943,142896.0,80738.43,8.137771,221975.0,172872.32086679022
Sao Tome and Principe,STP,2022,5632.1387,135568.0,82540.52,18.005634,226313.0,172872.32086679022
Sao Tome and Principe,STP,2023,5541.302,139838.0,100560480.2308451,21.258913,230882.0,172872.32086679022
Saudi Arabia,SAU,2014,58872.266,585109100.0,100560480.2308451,2.239166,28998127.0,172872.32086679022
Saudi Arabia,SAU,2015,58498.54,624547000.0,100560480.2308451,1.2046939,29974944.0,172872.32086679022
Saudi Arabia,SAU,2016,57308.465,641174200.0,100560480.2308451,2.0674078,30717804.0,172872.32086679022
Saudi Arabia,SAU,2017,57942.547,644486500.0,100560480.2308451,-0.83641034,30782400.0,172872.32086679022
Saudi Arabia,SAU,2018,61359.465,652204160.0,100560480.2308451,2.4571984,30365119.0,172872.32086679022
Saudi Arabia,SAU,2019,62647.715,708334700.0,100560480.2308451,-2.093349,30472809.0,172872.32086679022
Saudi Arabia,SAU,2020,57420.734,653564700.0,100560480.2308451,3.445467,30991206.0,172872.32086679022
Saudi Arabia,SAU,2021,62690.496,695394500.0,100560480.2308451,3.0632899,31328374.0,172872.32086679022
Saudi Arabia,SAU,2022,67178.59,666993540.0,100560480.2308451,2.4740736,32175351.0,172872.32086679022
Saudi Arabia,SAU,2023,64481.844,677441900.0,100560480.2308451,2.3270853,33264289.0,172872.32086679022
Senegal,SEN,2014,3484.0122,8724360.0,3379796.0,-1.090255,14152103.0,172872.32086679022
Senegal,SEN,2015,3593.7947,9845416.0,3517346.5,0.13521193,14593335.0,172872.32086679022
Senegal,SEN,2016,3710.0554,10012805.0,3659758.0,0.8372849,15034517.0,172872.32086679022
Senegal,SEN,2017,3871.4514,10757183.0,3807706.0,1.3181531,15475001.0,172872.32086679022
Senegal,SEN,2018,3998.2864,11330392.0,3961074.0,0.46098563,15914495.0,172872.32086679022
Senegal,SEN,2019,4070.6123,12711456.0,4119520.0,1.7601116,16352926.0,172872.32086679022
Senegal,SEN,2020,4018.0413,10819990.0,4283276.5,2.5431468,16789217.0,172872.32086679022
Senegal,SEN,2021,4173.6772,12319014.0,4451381.5,2.180323,17220866.0,172872.32086679022
Senegal,SEN,2022,4228.734,14132717.0,4622209.0,9.696819,17651099.0,172872.32086679022
Senegal,SEN,2023,4304.7617,14081857.0,100560480.2308451,5.939478,18077573.0,172872.32086679022
Serbia,SRB,2014,17921.436,37331040.0,5646177.5,2.082448,7227203.0,301.88828
Serbia,SRB,2015,18246.79,43896996.0,5629557.5,1.3923582,7177257.0,25.832287
Serbia,SRB,2016,18888.326,45192630.0,5611630.0,1.122314,7126083.0,213.5314
Serbia,SRB,2017,19437.904,45672508.0,5592243.0,3.1310625,7073507.0,66.94245
Serbia,SRB,2018,20453.082,44478060.0,5571052.5,1.9598408,7020014.0,116.892746
Serbia,SRB,2019,21539.922,44444510.0,5548767.5,1.8492298,6966155.0,20.213213
Serbia,SRB,2020,21477.877,45356156.0,5518941.0,1.5755329,6907814.0,72.14925
Serbia,SRB,2021,23404.998,43886132.0,5475647.0,4.085103,6835429.0,108.81499
Serbia,SRB,2022,24633.07,44462404.0,5421458.0,11.981512,6791215.0,176.77
Serbia,SRB,2023,25740.203,42907320.0,100560480.2308451,12.371904,6773204.0,46.963375
Serbia,SRB,2024,26884.463,42019440.0,100560480.2308451,4.67053,117476892.9578252,86.79176
Seychelles,SYC,2014,25379.418,458000.0,100560480.2308451,1.3858346,104663.0,172872.32086679022
Seychelles,SYC,2015,27032.209,498304.0,100560480.2308451,4.041944,107247.0,172872.32086679022
Seychelles,SYC,2016,29905.135,553264.0,100560480.2308451,-1.015482,109836.0,172872.32086679022
Seychelles,SYC,2017,31595.668,575248.0,100560480.2308451,2.8567958,112443.0,172872.32086679022
Seychelles,SYC,2018,32841.426,597232.0,100560480.2308451,3.7029183,115053.0,172872.32086679022
Seychelles,SYC,2019,34346.07,589904.0,100560480.2308451,1.807094,117662.0,172872.32086679022
Seychelles,SYC,2020,30056.2,597232.0,100560480.2308451,1.2026646,120299.0,172872.32086679022
Seychelles,SYC,2021,29979.828,611888.0,100560480.2308451,9.769099,123000.0,172872.32086679022
Seychelles,SYC,2022,27978.178,628936.0,100560480.2308451,2.6260364,125533.0,172872.32086679022
Seychelles,SYC,2023,28635.355,641309.0,100560480.2308451,-1.0353009,127961.0,172872.32086679022
Sierra Leone,SLE,2014,2815.0586,1128512.0,581975.5,4.639312,6876385.0,172872.32086679022
Sierra Leone,SLE,2015,2630.535,1084145.0,614558.1,6.6894355,7037660.0,1.524895
Sierra Leone,SLE,2016,2734.719,1139504.0,648727.06,10.886061,7205339.0,2.4419396
Sierra Leone,SLE,2017,2755.9043,1095536.0,684509.5,18.22151,7379300.0,34.204918
Sierra Leone,SLE,2018,2769.8696,1036911.94,721545.7,16.029545,7554568.0,8.312476
Sierra Leone,SLE,2019,2855.229,1117520.0,760002.7,14.804999,7731994.0,10.414366
Sierra Leone,SLE,2020,2755.1025,1187136.0,799873.6,13.446871,7912557.0,8.227473
Sierra Leone,SLE,2021,2851.9521,1483613.0,840964.75,11.873959,8094603.0,19.04606
Sierra Leone,SLE,2022,2937.3735,1443616.0,883154.75,27.208288,8276809.0,9.98144
Sierra Leone,SLE,2023,3037.6765,1380435.0,100560480.2308451,47.64287,8460523.0,13.704319
Sierra Leone,SLE,2024,3092.8306,1434283.0,100560480.2308451,28.63375,117476892.9578252,17.740063
Singapore,SGP,2014,107066.86,47600000.0,5570502.0,1.0331695,5457899.0,172872.32086679022
Singapore,SGP,2015,108953.73,49400000.0,5650018.0,-0.52197564,5525343.0,172872.32086679022
Singapore,SGP,2016,111579.74,49100000.0,5711933.0,-0.5298098,5577936.0,172872.32086679022
Singapore,SGP,2017,116471.82,50100000.0,5764487.0,0.5767632,5604087.0,0.61528647
Singapore,SGP,2018,119927.766,50300000.0,5814537.0,0.4387842,5634366.0,0.07691072
Singapore,SGP,2019,120114.13,49000000.0,5866405.0,0.56782997,5669562.0,7.8448954
Singapore,SGP,2020,115893.04,46700000.0,5909869.0,-0.17211187,5620151.0,172872.32086679022
Singapore,SGP,2021,132617.36,50100000.0,5941060.0,2.3161032,5546291.0,172872.32086679022
Singapore,SGP,2022,133571.97,48933884.0,5975689.0,6.1309543,5649888.0,172872.32086679022
Singapore,SGP,2023,129555.24,51067616.0,100560480.2308451,4.8337235,5789092.0,172872.32086679022
Sint Maarten (Dutch part),SXM,2014,52439.473,725472.0,100560480.2308451,1.8867546,36695.0,172872.32086679022
Sint Maarten (Dutch part),SXM,2015,51375.6,743792.0,100560480.2308451,0.33002716,37490.0,172872.32086679022
Sint Maarten (Dutch part),SXM,2016,50817.68,747456.0,100560480.2308451,0.11168265,38274.0,172872.32086679022
Sint Maarten (Dutch part),SXM,2017,46088.36,703488.0,100560480.2308451,2.1920102,39012.0,172872.32086679022
Slovakia,SVK,2014,31888.742,33708172.0,5359949.5,-0.076165326,5415238.0,5.763292
Slovakia,SVK,2015,33507.727,34527856.0,5366702.5,-0.32521978,5420278.0,172872.32086679022
Slovakia,SVK,2016,34116.383,34977550.0,5375323.0,-0.5200102,5427262.0,0.10201485
Slovakia,SVK,2017,35042.72,36183944.0,5385389.0,1.3119459,5435702.0,172872.32086679022
Slovakia,SVK,2018,36415.723,36184068.0,5394583.0,2.5140371,5443229.0,172872.32086679022
Slovakia,SVK,2019,37194.137,33853190.0,5403634.5,2.6645613,5450627.0,172872.32086679022
Slovakia,SVK,2020,36201.414,31176160.0,5408309.5,1.9369413,5455028.0,0.35616413
Slovakia,SVK,2021,38346.094,35251324.0,5401270.0,3.1496062,5442766.0,172872.32086679022
Slovakia,SVK,2022,38623.67,31589464.0,5597443.5,12.774146,5473195.0,172872.32086679022
Slovakia,SVK,2023,39497.535,30766244.0,100560480.2308451,10.531948,5518057.0,7.395927
Slovakia,SVK,2024,40346.574,29090958.0,100560480.2308451,2.7576091,117476892.9578252,0.10201711
Slovenia,SVN,2014,37664.652,13568340.0,1960909.6,0.19934383,2058395.0,9.123552
Slovenia,SVN,2015,38537.094,13658673.0,1980678.9,-0.5255523,2059946.0,1.569056
Slovenia,SVN,2016,39677.418,14468012.0,2003608.8,-0.05499954,2061379.0,1.2426071
Slovenia,SVN,2017,41703.305,14637193.0,2025904.8,1.4291074,2062410.0,6.425055
Slovenia,SVN,2018,43371.98,14563352.0,2047497.9,1.7386086,2069484.0,5.628276
Slovenia,SVN,2019,44580.777,14053007.0,2068649.5,1.6305226,2083438.0,9.600206
Slovenia,SVN,2020,42474.227,12872991.0,2081097.4,-0.054856814,2102421.0,25.127737
Slovenia,SVN,2021,45914.06,13076158.0,2082835.6,1.917065,2113495.0,6.4789205
Slovenia,SVN,2022,47064.152,12727840.0,2083262.2,8.833699,2115231.0,816.61053
Slovenia,SVN,2023,47868.387,12012164.0,100560480.2308451,7.446877,2118394.0,317.66937
Slovenia,SVN,2024,48495.89,12751194.0,100560480.2308451,1.9656266,117476892.9578252,26.147942
Solomon Islands,SLB,2014,2716.418,329760.0,100560480.2308451,5.1659026,616915.0,23.899925
Solomon Islands,SLB,2015,2664.7305,296784.0,100560480.2308451,-0.57446927,639423.0,48.66729
Solomon Islands,SLB,2016,2715.234,293120.0,100560480.2308451,0.5124856,662387.0,404.55286
Solomon Islands,SLB,2017,2703.6606,289456.0,100560480.2308451,0.48868677,685677.0,23.784575
Solomon Islands,SLB,2018,2686.12,293120.0,100560480.2308451,3.461475,709109.0,26.238567
Solomon Islands,SLB,2019,2661.5999,296784.0,100560480.2308451,1.6348554,728156.0,22.943645
Solomon Islands,SLB,2020,2515.1284,293120.0,100560480.2308451,2.9635499,744505.0,19.481915
Solomon Islands,SLB,2021,2518.4216,289456.0,100560480.2308451,-0.115437895,762594.0,4.2622714
Solomon Islands,SLB,2022,2517.9255,283097.0,100560480.2308451,5.5181293,781075.0,26.271635
Solomon Islands,SLB,2023,2523.619,281760.0,100560480.2308451,5.885859,800014.0,9.392356
Somalia,SOM,2018,1504.4391,1033247.94,100560480.2308451,6.6403600005775285,15452489.0,1.209034
Somalia,SOM,2019,1491.1075,1069888.0,100560480.2308451,6.6403600005775285,16030969.0,1.2846515
Somalia,SOM,2022,1387.8137,1271408.0,100560480.2308451,6.6403600005775285,17801895.0,0.52891004
Somalia,SOM,2023,1402.47,1296419.0,100560480.2308451,6.6403600005775285,18358622.0,0.30223364
South Africa,ZAF,2014,14661.263,481637860.0,100560480.2308451,6.1328297,55594840.0,7341.9136
South Africa,ZAF,2015,14559.475,457473250.0,100560480.2308451,4.518691,56723536.0,15033.499
South Africa,ZAF,2016,14519.031,457049760.0,100560480.2308451,6.6029086,57259550.0,8874.671
South Africa,ZAF,2017,14591.437,440010270.0,100560480.2308451,5.186187,57635158.0,25152.416
South Africa,ZAF,2018,14571.376,453765980.0,100560480.2308451,4.5098724,58613001.0,10963.694
South Africa,ZAF,2019,14370.238,470727420.0,100560480.2308451,4.102851,59587880.0,21998.38
South Africa,ZAF,2020,13266.786,435297660.0,100560480.2308451,3.2323883,60562374.0,11888.496
South Africa,ZAF,2021,13711.294,439464400.0,100560480.2308451,4.6187453,61502602.0,7933.7573
South Africa,ZAF,2022,13777.192,428782180.0,100560480.2308451,7.0398726,62378417.0,8637.819
South Africa,ZAF,2023,13690.39,436604200.0,100560480.2308451,6.075244,63212386.0,5758.6377
South Africa,ZAF,2024,13598.789,439830500.0,100560480.2308451,4.3611526,117476892.9578252,16149.251
South Korea,KOR,2014,41518.094,629366460.0,49765972.0,1.2747744,50539055.0,72.78514
South Korea,KOR,2015,42459.902,634177300.0,50272200.0,0.7063318,50983909.0,49.975086
South Korea,KOR,2016,43538.02,637914050.0,50639210.0,0.97168577,51297836.0,253.23375
South Korea,KOR,2017,44787.65,654537300.0,50894370.0,1.9443324,51486268.0,261.2391
South Korea,KOR,2018,45890.43,670168700.0,51113988.0,1.4758394,51640894.0,207.88095
South Korea,KOR,2019,46757.26,646102200.0,51296040.0,0.3830003,51767844.0,1171.3916
South Korea,KOR,2020,46361.598,597634300.0,51393080.0,0.537288,51858481.0,1240.6353
South Korea,KOR,2021,48419.645,616075000.0,51420796.0,2.4983332,51848401.0,336.7963
South Korea,KOR,2022,49777.93,606877250.0,51442796.0,5.089514,51782515.0,5293.124
South Korea,KOR,2023,50414.207,589178500.0,100560480.2308451,3.5974562,51748744.0,2062.99
South Sudan,SSD,2014,24608.759996487803,1498576.0,100560480.2308451,1.6742991,11235071.0,32.500618
South Sudan,SSD,2015,24608.759996487803,1912608.0,100560480.2308451,52.76633,11107569.0,0.4603603
South Sudan,SSD,2016,24608.759996487803,1703760.0,100560480.2308451,379.99957,10830108.0,1.4573636
South Sudan,SSD,2017,24608.759996487803,1454608.0,100560480.2308451,187.85162,10259150.0,2.3016956
South Sudan,SSD,2018,24608.759996487803,1736736.0,100560480.2308451,83.501526,10122983.0,3.7601583
South Sudan,SSD,2019,24608.759996487803,1769712.0,100560480.2308451,87.24136,10423382.0,5.294519
South Sudan,SSD,2020,24608.759996487803,1707424.0,100560480.2308451,29.675844,10698471.0,6.982903
South Sudan,SSD,2021,24608.759996487803,1740400.0,100560480.2308451,10.516716,10865786.0,49.553486
South Sudan,SSD,2022,24608.759996487803,1634144.0,100560480.2308451,-6.6873207,11021175.0,8.127906
South Sudan,SSD,2023,24608.759996487803,1666291.0,100560480.2308451,2.3828044,11483370.0,89.28307
Spain,ESP,2014,41339.41,253657840.0,46253108.0,-0.15111484,46720187.0,13840.77
Spain,ESP,2015,43053.76,270248030.0,46221310.0,-0.50036573,46683683.0,13888.078
Spain,ESP,2016,44274.668,259554690.0,46264356.0,-0.202598,46732768.0,26542.836
Spain,ESP,2017,45446.25,273483870.0,46375990.0,1.9560764,46868594.0,41241.72
Spain,ESP,2018,46325.21,268520600.0,46584230.0,1.6749814,47092817.0,32787.43
Spain,ESP,2019,46896.418,250673650.0,46923370.0,0.699519,47435121.0,11520.48
Spain,ESP,2020,41553.45,211764740.0,47156108.0,-0.322753,47679482.0,19849.203
Spain,ESP,2021,44251.664,228805710.0,47280028.0,3.093135,47735670.0,23159.498
Spain,ESP,2022,46649.562,234223470.0,47352770.0,8.390576,47828386.0,82819.1
Spain,ESP,2023,47341.17,215460750.0,100560480.2308451,3.5323613,47911583.0,33048.87
Spain,ESP,2024,48373.047,220341280.0,100560480.2308451,2.7741783,117476892.9578252,14604.965
Sri Lanka,LKA,2014,12909.966,17076016.0,9997540.0,3.1790023,21547454.0,48.53237
Sri Lanka,LKA,2015,13329.779,19178976.0,10089836.0,3.7683678,21729975.0,12.767999
Sri Lanka,LKA,2016,13845.614,22339186.0,10180550.0,3.9588885,21910763.0,11.333201
Sri Lanka,LKA,2017,14572.485,22167978.0,10270258.0,7.704138,22087525.0,3.7305944
Sri Lanka,LKA,2018,14759.825,20136762.0,10359110.0,2.1350377,22253116.0,14.860457
Sri Lanka,LKA,2019,14637.444,21105576.0,10354015.0,3.5283935,22410552.0,26.56698
Sri Lanka,LKA,2020,13886.651,20412408.0,10334515.0,6.153945,22561808.0,0.07595443
Sri Lanka,LKA,2021,14316.135,20823088.0,10311749.0,7.0147805,22700377.0,12.470653
Sri Lanka,LKA,2022,13249.065,18376960.0,10288950.0,49.721104,22834965.0,10.1117935
Sri Lanka,LKA,2023,13024.94,19166020.0,100560480.2308451,16.541174,22971615.0,33.29579
Sri Lanka,LKA,2024,13752.837,20825544.0,100560480.2308451,-0.42936006,117476892.9578252,14.702655
Sudan,SDN,2014,4207.5005,13094856.0,100560480.2308451,36.906643,38823324.0,172872.32086679022
Sudan,SDN,2015,4159.1943,14246501.0,100560480.2308451,16.90957,40024433.0,172872.32086679022
Sudan,SDN,2016,4174.561,19737254.0,100560480.2308451,17.750254,41259892.0,172872.32086679022
Sudan,SDN,2017,4061.0183,20306166.0,100560480.2308451,32.351627,42714311.0,172872.32086679022
Sudan,SDN,2018,3816.66,20515954.0,100560480.2308451,63.292507,44230597.0,172872.32086679022
Sudan,SDN,2019,3625.5232,22007006.0,100560480.2308451,50.994053,45548179.0,172872.32086679022
Sudan,SDN,2020,3401.2498,19799938.0,100560480.2308451,163.25778,46789237.0,172872.32086679022
Sudan,SDN,2021,3248.9756,19208158.0,100560480.2308451,359.09305,48066930.0,172872.32086679022
Sudan,SDN,2022,3132.0771,17528614.0,100560480.2308451,138.80846,49383344.0,172872.32086679022
Suriname,SUR,2014,24414.355,3200926.0,310265.03,3.3834128,575380.0,80.886635
Suriname,SUR,2015,23327.525,2713620.0,314604.2,6.8939037,581634.0,295.6861
Suriname,SUR,2016,21950.412,2913528.0,319094.75,55.412388,587765.0,714.7722
Suriname,SUR,2017,22070.514,2430184.0,323705.84,21.996943,593720.0,147.95963
Suriname,SUR,2018,22938.535,2093096.0,328395.88,6.6403600005775285,599519.0,192.73607
Suriname,SUR,2019,22966.74,2632313.0,333372.66,6.6403600005775285,605779.0,1040.2087
Suriname,SUR,2020,19091.361,2921822.0,338502.06,34.889786,612320.0,649.0902
Suriname,SUR,2021,18458.234,2646994.0,341900.06,59.119663,617905.0,143.85794
Suriname,SUR,2022,18742.588,2827580.0,344842.53,52.446026,623172.0,135.48538
Suriname,SUR,2023,19043.705,2868587.0,100560480.2308451,51.587315,628892.0,3000.0925
Suriname,SUR,2024,19413.297,2987768.0,100560480.2308451,16.229616,117476892.9578252,14965.8
Sweden,SWE,2014,57085.387,43384748.0,9709591.0,-0.17963849,9696438.0,9017.651
Sweden,SWE,2015,58975.977,43310144.0,9813043.0,-0.046784744,9799483.0,1018.93005
Sweden,SWE,2016,59608.086,43308376.0,9918623.0,0.98426926,9923281.0,1059.3444
Sweden,SWE,2017,59883.668,42355424.0,10025113.0,1.794499,10057864.0,552.3837
Sweden,SWE,2018,60318.46,41856004.0,10130849.0,1.9535353,10175400.0,3278.8826
Sweden,SWE,2019,61232.484,40772480.0,10238105.0,1.784151,10279120.0,4451.7017
Sweden,SWE,2020,59572.477,36622220.0,10340773.0,0.49736732,10353682.0,514.18744
Sweden,SWE,2021,62731.7,38567984.0,10439720.0,2.1631973,10416134.0,256.82898
Sweden,SWE,2022,63215.438,36342156.0,10521800.0,8.369291,10487335.0,258.8808
Sweden,SWE,2023,62845.484,36708596.0,100560480.2308451,8.548625,10551493.0,267.04694
Sweden,SWE,2024,63258.906,38096652.0,100560480.2308451,2.8358166,117476892.9578252,152.75893
Switzerland,CHE,2014,76189.6,39244148.0,7917593.5,-0.013202539,8190238.0,1.1243993
Switzerland,CHE,2015,76566.08,38756060.0,8008435.0,-1.1439086,8283940.0,0.10580628
Switzerland,CHE,2016,77301.21,39224776.0,8096593.5,-0.43461865,8374903.0,0.26753616
Switzerland,CHE,2017,77626.91,38234000.0,8172780.5,0.53378785,8453630.0,3.6958265
Switzerland,CHE,2018,79261.36,36945068.0,8233458.0,0.93633544,8516341.0,6.481102
Switzerland,CHE,2019,79596.7,36822244.0,8292593.0,0.3628862,8577525.0,1.2851555
Switzerland,CHE,2020,77324.89,34343256.0,8353538.5,-0.72587496,8640582.0,1.6061546
Switzerland,CHE,2021,81001.414,35902450.0,8404589.0,0.58181417,8707019.0,7.143417
Switzerland,CHE,2022,82777.3,32950562.0,8452037.0,2.835028,8792180.0,8.992072
Switzerland,CHE,2023,82302.05,31977486.0,100560480.2308451,2.1354008,8870564.0,25.242952
Switzerland,CHE,2024,82026.41,32071708.0,100560480.2308451,1.0623404,117476892.9578252,10.540402
Syria,SYR,2014,5301.6255,34869310.0,100560480.2308451,10.9271145,20273661.0,856.3198
Syria,SYR,2015,5302.074,31115404.0,100560480.2308451,38.461143,19424615.0,2116.6455
Syria,SYR,2016,5022.113,29162014.0,100560480.2308451,47.705162,19193835.0,1666.3478
Syria,SYR,2017,4977.792,34473470.0,100560480.2308451,18.07527,19224671.0,1848.6564
Syria,SYR,2018,4956.093,31771348.0,100560480.2308451,0.94098383,19577849.0,772.56696
Syria,SYR,2019,4825.4062,33491608.0,100560480.2308451,13.417565,20353536.0,1030.9568
Syria,SYR,2020,4633.3496,32344418.0,100560480.2308451,6.6403600005775285,21049431.0,2865.592
Syria,SYR,2021,4592.8384,32508500.0,100560480.2308451,6.6403600005775285,21628837.0,2742.5474
Syria,SYR,2022,4454.8535,31423332.0,100560480.2308451,6.6403600005775285,22462170.0,373.81775
Syria,SYR,2023,4189.8374,31673644.0,100560480.2308451,6.6403600005775285,23594623.0,2370.3071
Tajikistan,TJK,2014,2943.0886,4606222.0,4250556.0,6.104428,8425559.0,172872.32086679022
Tajikistan,TJK,2015,3041.4448,5306567.0,4422904.0,5.7145596,8643839.0,172872.32086679022
Tajikistan,TJK,2016,3169.9668,6015884.0,4600236.5,6.004581,8865623.0,172872.32086679022
Tajikistan,TJK,2017,3312.712,6879488.0,4780146.5,6.6403600005775285,9085942.0,172872.32086679022
Tajikistan,TJK,2018,3479.6924,8080877.5,4964432.0,6.6403600005775285,9307345.0,172872.32086679022
Tajikistan,TJK,2019,3649.8838,8714168.0,5155268.0,6.6403600005775285,9529970.0,172872.32086679022
Tajikistan,TJK,2020,3724.749,9423311.0,5271368.5,6.6403600005775285,9749312.0,172872.32086679022
Tajikistan,TJK,2021,3985.9126,9384338.0,5388194.5,6.6403600005775285,9966912.0,172872.32086679022
Tajikistan,TJK,2022,4213.7563,10520923.0,5503105.0,6.6403600005775285,10182228.0,0.0
Tajikistan,TJK,2023,4472.324,10264285.0,100560480.2308451,6.6403600005775285,10389807.0,13.543705
Tanzania,TZA,2014,3027.569,10997434.0,4520736.0,6.131614,50351506.0,371.59174
Tanzania,TZA,2015,3111.4446,12782672.0,4829010.0,5.5881696,52020958.0,481.62366
Tanzania,TZA,2016,3214.2468,13529452.0,5161552.5,5.174766,53824012.0,183.18762
Tanzania,TZA,2017,3319.3767,13513487.0,5507652.0,5.318716,55652888.0,379.5545
Tanzania,TZA,2018,3392.6887,14233063.0,5862588.0,3.4944584,57437134.0,221.80084
Tanzania,TZA,2019,3484.6326,16190849.0,6225957.0,3.4642806,59174889.0,117.88634
Tanzania,TZA,2020,3449.8215,15952437.0,6607556.0,3.2902906,60972803.0,604.1415
Tanzania,TZA,2021,3493.083,17677692.0,7007836.5,3.6909196,62830410.0,817.83417
Tanzania,TZA,2022,3546.981,19702384.0,7424597.0,4.350272,64711822.0,627.71216
Tanzania,TZA,2023,3620.7935,20309608.0,100560480.2308451,3.799233,66617607.0,765.4065
Tanzania,TZA,2024,3713.263,20018364.0,100560480.2308451,3.0569468,117476892.9578252,1697.5973
Thailand,THA,2014,18324.615,272487650.0,100560480.2308451,1.8951418,70216362.0,84.09971
Thailand,THA,2015,18811.998,277098720.0,100560480.2308451,-0.90042496,70540787.0,173.3354
Thailand,THA,2016,19370.61,284045470.0,100560480.2308451,0.1881497,70859835.0,554.06195
Thailand,THA,2017,20094.678,283347620.0,100560480.2308451,0.6656319,71160183.0,31.96439
Thailand,THA,2018,20879.902,288304900.0,100560480.2308451,1.0638975,71376081.0,12.081108
Thailand,THA,2019,21277.84,281877440.0,100560480.2308451,0.7067286,71522264.0,26.708422
Thailand,THA,2020,19957.258,271923300.0,100560480.2308451,-0.84593713,71641484.0,87.12511
Thailand,THA,2021,20242.77,267141810.0,100560480.2308451,1.2303954,71727338.0,57.41051
Thailand,THA,2022,20762.795,272573380.0,100560480.2308451,-1.6106803,71735321.0,20.969612
Thailand,THA,2023,21191.453,264733680.0,100560480.2308451,8.478052,71702436.0,32.58398
Thailand,THA,2024,21737.178,267760200.0,100560480.2308451,1.3658054,117476892.9578252,213.88411
Togo,TGO,2014,2253.4854,1490602.0,1169827.1,0.19087508,7472457.0,0.3055892
Togo,TGO,2015,2317.5479,1798361.0,1233164.5,2.5839052,7663199.0,172872.32086679022
Togo,TGO,2016,2355.2683,2292640.0,1299170.8,1.2852466,7858297.0,7.028567
Togo,TGO,2017,2389.2124,1911982.0,1367919.9,-0.9802895,8057138.0,172872.32086679022
Togo,TGO,2018,2442.647,2033828.0,1439342.4,0.9281705,8258782.0,172872.32086679022
Togo,TGO,2019,2501.0308,2363701.0,1513531.4,0.6858976,8463070.0,172872.32086679022
Togo,TGO,2020,2490.053,2751282.0,1590667.9,1.8275404,8669721.0,172872.32086679022
Togo,TGO,2021,2577.202,2620181.0,1653706.9,4.558773,8878382.0,172872.32086679022
Togo,TGO,2022,2662.2593,2738667.0,1718221.9,7.6171255,9089742.0,172872.32086679022
Togo,TGO,2023,2767.5166,2671013.0,100560480.2308451,5.302548,9304346.0,172872.32086679022
Tonga,TON,2014,6096.869,106256.0,31422.59,2.5108764,106627.0,172872.32086679022
Tonga,TON,2015,6194.639,106256.0,31273.91,-1.0539984,106110.0,172872.32086679022
Tonga,TON,2016,6639.1367,139232.0,31151.414,2.578155,105536.0,172872.32086679022
Tonga,TON,2017,6862.6685,142896.0,31065.125,7.5170627,105373.0,172872.32086679022
Tonga,TON,2018,6896.042,131904.0,30991.086,5.032097,105590.0,172872.32086679022
Tonga,TON,2019,6875.0254,161216.0,30940.494,1.1795434,105688.0,172872.32086679022
Tonga,TON,2020,6995.3174,139232.0,31042.521,-0.3497377,105721.0,172872.32086679022
Tonga,TON,2021,7034.925,139232.0,31284.154,5.6405115,105504.0,172872.32086679022
Tonga,TON,2022,6901.7383,146560.0,31553.78,10.971365,105053.0,172872.32086679022
Tonga,TON,2023,7075.556,145868.0,100560480.2308451,6.35113,104613.0,172872.32086679022
Trinidad and Tobago,TTO,2014,39299.086,46865816.0,100560480.2308451,5.684418,1421135.0,172872.32086679022
Trinidad and Tobago,TTO,2015,38951.926,45533676.0,100560480.2308451,4.661216,1429190.0,172872.32086679022
Trinidad and Tobago,TTO,2016,35955.5,39867356.0,100560480.2308451,3.0706675,1437031.0,172872.32086679022
Trinidad and Tobago,TTO,2017,34153.883,40296896.0,100560480.2308451,1.8803844,1445265.0,172872.32086679022
Trinidad and Tobago,TTO,2018,33753.594,40307356.0,100560480.2308451,1.0185694,1470522.0,172872.32086679022
Trinidad and Tobago,TTO,2019,33793.707,40754536.0,100560480.2308451,1.0005429,1484898.0,172872.32086679022
Trinidad and Tobago,TTO,2020,30723.404,35043070.0,100560480.2308451,0.5989863,1481026.0,172872.32086679022
Trinidad and Tobago,TTO,2021,30424.664,36388812.0,100560480.2308451,2.0592275,1487715.0,172872.32086679022
Trinidad and Tobago,TTO,2022,30793.4,37492890.0,100560480.2308451,5.8283863,1495923.0,172872.32086679022
Trinidad and Tobago,TTO,2023,31193.916,35535900.0,100560480.2308451,4.6293025,1502938.0,172872.32086679022
Tunisia,TUN,2014,12823.989,29874574.0,8682574.0,4.625551,11274295.0,2180.0127
Tunisia,TUN,2015,12802.761,31380538.0,8828130.0,4.4373713,11402270.0,1765.2675
Tunisia,TUN,2016,12803.874,30971484.0,8964413.0,3.6293993,11528676.0,1305.0098
Tunisia,TUN,2017,12953.523,31676916.0,8980339.0,5.3088484,11650504.0,8261.368
Tunisia,TUN,2018,13163.591,31121710.0,8989914.0,7.307592,11765515.0,790.3617
Tunisia,TUN,2019,13249.224,30578564.0,8992231.0,6.720075,11875084.0,339.03024
Tunisia,TUN,2020,11955.566,28844812.0,8988356.0,5.634151,11974058.0,889.93134
Tunisia,TUN,2021,12444.326,31526714.0,9087613.0,5.7063503,12048625.0,1981.4849
Tunisia,TUN,2022,12702.453,30784934.0,9181023.0,8.306461,12119338.0,2847.9897
Tunisia,TUN,2023,12622.96,31737824.0,100560480.2308451,9.328996,12200434.0,3244.1018
Tunisia,TUN,2024,12713.55,32663696.0,100560480.2308451,7.2066164,117476892.9578252,1417.1711
Turkey,TUR,2014,24595.7,367271650.0,100560480.2308451,8.854572,78036154.0,2424.846
Turkey,TUR,2015,25746.432,387703900.0,100560480.2308451,7.6708536,80014222.0,1365.7225
Turkey,TUR,2016,26246.494,405552260.0,100560480.2308451,7.775134,81652087.0,2463.0715
Turkey,TUR,2017,27851.982,430621660.0,100560480.2308451,11.144311,83083667.0,5428.033
Turkey,TUR,2018,28305.46,423818300.0,100560480.2308451,16.332464,84415966.0,3604.7979
Turkey,TUR,2019,28132.053,406567740.0,100560480.2308451,15.176822,85357670.0,5460.7866
Turkey,TUR,2020,28378.553,416328060.0,100560480.2308451,12.278957,86091691.0,7998.109
Turkey,TUR,2021,31338.266,457377280.0,100560480.2308451,19.596493,86686254.0,30868.506
Turkey,TUR,2022,32748.318,443602700.0,100560480.2308451,72.30884,87058469.0,25013.072
Turkey,TUR,2023,34282.535,486944580.0,100560480.2308451,53.85941,87270502.0,6491.1772
Turkey,TUR,2024,35294.395,513034600.0,100560480.2308451,58.50645,117476892.9578252,8373.969
Turkmenistan,TKM,2014,12544.398,62799344.0,5036997.0,6.6403600005775285,6075286.0,172872.32086679022
Turkmenistan,TKM,2015,13057.83,63091676.0,5232902.5,6.6403600005775285,6215773.0,172872.32086679022
Turkmenistan,TKM,2016,13552.848,62090924.0,5415801.5,6.6403600005775285,6360041.0,172872.32086679022
Turkmenistan,TKM,2017,14107.667,62956572.0,5591233.5,6.6403600005775285,6507065.0,172872.32086679022
Turkmenistan,TKM,2018,14648.136,61301660.0,5749108.0,6.6403600005775285,6655523.0,172872.32086679022
Turkmenistan,TKM,2019,15231.306,62254216.0,5838925.5,6.6403600005775285,6803943.0,172872.32086679022
Turkmenistan,TKM,2020,15791.178,62904970.0,5927555.5,6.6403600005775285,6949915.0,172872.32086679022
Turkmenistan,TKM,2021,16434.14,91693640.0,6015697.0,6.6403600005775285,7092042.0,172872.32086679022
Turkmenistan,TKM,2022,17119.574,102062830.0,6101549.5,6.6403600005775285,7230197.0,172872.32086679022
Turks and Caicos Islands,TCA,2016,17625.72,326096.0,18061.459,6.6403600005775285,38342.0,172872.32086679022
Turks and Caicos Islands,TCA,2017,16498.691,351744.0,18805.219,6.6403600005775285,39931.0,172872.32086679022
Turks and Caicos Islands,TCA,2018,30286.12,359072.0,19570.049,6.6403600005775285,41580.0,172872.32086679022
Turks and Caicos Islands,TCA,2019,30611.213,362736.0,20311.21,6.6403600005775285,43191.0,172872.32086679022
Turks and Caicos Islands,TCA,2020,19702.537,359072.0,20865.215,6.6403600005775285,44405.0,172872.32086679022
Turks and Caicos Islands,TCA,2021,25056.488,366400.0,21250.713,6.6403600005775285,45262.0,172872.32086679022
Turks and Caicos Islands,TCA,2022,28209.625,365566.0,21519.293,6.6403600005775285,45869.0,172872.32086679022
Tuvalu,TUV,2014,3695.9534,7328.0,909.80444,6.6403600005775285,11007.0,172872.32086679022
Tuvalu,TUV,2015,4088.7659,7328.0,913.416,6.6403600005775285,10985.0,172872.32086679022
Tuvalu,TUV,2016,4333.249,7328.0,916.5924,6.6403600005775285,10951.0,172872.32086679022
Tuvalu,TUV,2017,4464.259,7328.0,919.66425,6.6403600005775285,10892.0,172872.32086679022
Tuvalu,TUV,2018,4575.869,10992.0,927.7688,6.6403600005775285,10775.0,172872.32086679022
Tuvalu,TUV,2019,5292.0303,10992.0,940.3815,6.6403600005775285,10603.0,172872.32086679022
Tuvalu,TUV,2020,5154.4595,10992.0,954.80945,6.6403600005775285,10423.0,172872.32086679022
Tuvalu,TUV,2021,5352.9785,10992.0,971.08167,6.6403600005775285,10214.0,172872.32086679022
Tuvalu,TUV,2022,5498.1846,10992.0,984.94727,6.6403600005775285,10012.0,172872.32086679022
Uganda,UGA,2014,2470.504,4089666.0,4164043.8,3.0757067,36395542.0,117.703514
Uganda,UGA,2015,2520.02,4528549.0,4604296.5,5.589686,37531444.0,2.2305233
Uganda,UGA,2016,2554.2278,4817419.0,5089011.0,5.706375,38799153.0,8.846469
Uganda,UGA,2017,2543.8477,5406202.0,5619240.5,5.2097173,40177384.0,21.384377
Uganda,UGA,2018,2613.88,5548649.0,6183817.0,2.6160119,41565839.0,21.99303
Uganda,UGA,2019,2689.4102,5761237.0,6789984.0,2.867588,42999636.0,13.538583
Uganda,UGA,2020,2678.009,5571384.0,7435588.0,3.3133228,44457148.0,144.85155
Uganda,UGA,2021,2684.9204,6232327.0,8117180.5,2.204572,45910931.0,74.31199
Uganda,UGA,2022,2724.906,6128251.0,8826895.0,7.195789,47312718.0,25.231298
Uganda,UGA,2023,2791.0557,6235861.0,100560480.2308451,5.350948,48656606.0,23.694632
Uganda,UGA,2024,2881.866,6333810.0,100560480.2308451,3.3233807,117476892.9578252,119.758835
Ukraine,UKR,2014,16978.812,257703060.0,40187924.0,12.0718565,45972379.0,946.12866
Ukraine,UKR,2015,15403.71,223849810.0,39962948.0,48.699863,45784904.0,2747.2542
Ukraine,UKR,2016,15856.8125,234105650.0,39753150.0,13.91271,45616831.0,16213.364
Ukraine,UKR,2017,16310.36,223287760.0,39519640.0,14.438323,45436037.0,3474.5256
Ukraine,UKR,2018,16978.984,231899980.0,39256696.0,10.951856,45208903.0,4108.4927
Ukraine,UKR,2019,17636.555,222187900.0,38972020.0,7.8867173,44957451.0,3059.7488
Ukraine,UKR,2020,17092.54,207100640.0,38630624.0,2.7324922,44680008.0,23750.014
Ukraine,UKR,2021,17846.408,210636080.0,38207264.0,9.363139,44298642.0,16835.6
Ukraine,UKR,2022,13787.121,143039870.0,34786950.0,20.183636,41048768.0,9197.978
Ukraine,UKR,2023,15916.958,139325380.0,100560480.2308451,12.849022,37732833.0,18136.254
Ukraine,UKR,2024,16319.845,142497860.0,100560480.2308451,6.5019846,117476892.9578252,37381.18
United Arab Emirates,ARE,2014,69409.04,214530340.0,100560480.2308451,2.3462687,8236880.0,172872.32086679022
United Arab Emirates,ARE,2015,70234.734,225044830.0,100560480.2308451,4.0699663,8674633.0,172872.32086679022
United Arab Emirates,ARE,2016,70573.99,227897730.0,100560480.2308451,1.6174881,9030873.0,172872.32086679022
United Arab Emirates,ARE,2017,68871.85,196492830.0,100560480.2308451,1.9668256,9234330.0,172872.32086679022
United Arab Emirates,ARE,2018,68854.97,204104800.0,100560480.2308451,3.0686338,9346870.0,172872.32086679022
United Arab Emirates,ARE,2019,68887.84,204058080.0,100560480.2308451,-1.9310812,9377855.0,172872.32086679022
United Arab Emirates,ARE,2020,65784.68,215266180.0,100560480.2308451,-2.0794032,9448529.0,172872.32086679022
United Arab Emirates,ARE,2021,67401.125,212172960.0,100560480.2308451,0.17993534,9789055.0,172872.32086679022
United Arab Emirates,ARE,2022,68867.83,207103410.0,100560480.2308451,5.291226,10242085.0,172872.32086679022
United Arab Emirates,ARE,2023,68577.54,210425100.0,100560480.2308451,1.6267084,10642089.0,172872.32086679022
United Kingdom,GBR,2014,49250.56,438807070.0,64709484.0,1.4511201,64865914.0,308.25385
United Kingdom,GBR,2015,49983.348,422460800.0,65151990.0,0.36804685,65382107.0,29.269794
United Kingdom,GBR,2016,50540.88,399430140.0,65574384.0,1.0084174,65893359.0,86.52178
United Kingdom,GBR,2017,51601.14,387367140.0,65975476.0,2.5577557,66354473.0,105.19412
United Kingdom,GBR,2018,52071.27,379729760.0,66335104.0,2.29284,66752473.0,16.071346
United Kingdom,GBR,2019,52645.543,364753280.0,66672164.0,1.7381046,67110958.0,25.611063
United Kingdom,GBR,2020,47144.723,326263200.0,66944410.0,0.9894867,67351860.0,32.371124
United Kingdom,GBR,2021,51004.426,342365570.0,67157420.0,2.518371,67668788.0,32.67427
United Kingdom,GBR,2022,52982.176,311118000.0,67376720.0,7.922049,68179315.0,76.56597
United Kingdom,GBR,2023,52502.914,307826140.0,100560480.2308451,6.7939672,68682965.0,43.220665
United Kingdom,GBR,2024,52517.984,312905540.0,100560480.2308451,3.2715728,117476892.9578252,70.29261
United States,USA,2014,63018.805,5531385300.0,309839400.0,1.622223,323115377.0,265169.84
United States,USA,2015,64359.473,5368496600.0,312839800.0,0.11862714,326126496.0,939205.2
United States,USA,2016,65017.656,5245361700.0,315872540.0,1.2615832,329179423.0,634659.3
United States,USA,2017,66155.555,5195417600.0,318889470.0,2.13011,332204657.0,570822.25
United States,USA,2018,67719.766,5361236500.0,321685700.0,2.4425833,335056492.0,565444.0
United States,USA,2019,69112.6,5235912000.0,324321250.0,1.8122101,337790069.0,662813.2
United States,USA,2020,67342.07,4689954000.0,326417900.0,1.2335844,339436156.0,687668.44
United States,USA,2021,71307.4,5020111000.0,327963700.0,4.697859,340161438.0,862273.2
United States,USA,2022,72679.26,5055403000.0,329725660.0,8.0028,341534041.0,978021.56
United States,USA,2023,74158.72,4918406700.0,100560480.2308451,4.1163383,343477330.0,301854.8
United States,USA,2024,75491.61,4904120000.0,100560480.2308451,2.949525,117476892.9578252,530978.1
United States Virgin Islands,VIR,2017,43277.156,549818582.7308774,99748.79,6.6403600005775285,95124.0,14.473087
United States Virgin Islands,VIR,2018,44205.406,549818582.7308774,99272.82,6.6403600005775285,92317.0,0.07309498
Upper-middle-income countries,,2014,15446.363,15393135000.0,2083879600.0,2.9986422,2676850267.0,402789.06
Upper-middle-income countries,,2015,15937.895,15250372000.0,2114899700.0,2.10439,2698929422.0,596622.56
Upper-middle-income countries,,2016,16503.428,15138848000.0,2144650900.0,2.0905666,2719695289.0,2746212.2
Upper-middle-income countries,,2017,17199.842,15493024000.0,2173819000.0,3.3082807,2740416301.0,1430088.1
Upper-middle-income countries,,2018,17868.936,15891828000.0,2201020400.0,2.8301494,2759864864.0,519164.56
Upper-middle-income countries,,2019,18448.043,16385608000.0,2225561000.0,1.8299168,2776256179.0,683443.44
Upper-middle-income countries,,2020,18191.07,16241721000.0,2246566700.0,1.7675159,2789064940.0,1191315.4
Upper-middle-income countries,,2021,19451.951,16916741000.0,2263474200.0,4.0285287,2797561838.0,719992.06
Upper-middle-income countries,,2022,20030.756,17458070000.0,2277344500.0,8.811092,2804740302.0,658766.56
Upper-middle-income countries,,2023,20882.412,18031050000.0,100560480.2308451,5.077195,2811308942.0,763763.25
Uruguay,URY,2014,28935.098,6683819.0,100560480.2308451,8.877354,3356343.0,39.36896
Uruguay,URY,2015,28941.629,6738132.0,100560480.2308451,8.66627,3368022.0,2.3609366
Uruguay,URY,2016,29332.566,6520387.0,100560480.2308451,9.639414,3379279.0,8.333135
Uruguay,URY,2017,29762.434,6151027.0,100560480.2308451,6.218094,3388444.0,29.201883
Uruguay,URY,2018,29757.94,6570397.0,100560480.2308451,7.6065335,3394538.0,9.885015
Uruguay,URY,2019,30010.574,6408476.0,100560480.2308451,7.8819885,3397206.0,4.5309477
Uruguay,URY,2020,27788.186,6476821.0,100560480.2308451,9.756407,3398966.0,63.12761
Uruguay,URY,2021,29431.885,7829208.0,100560480.2308451,7.747914,3396693.0,25.911064
Uruguay,URY,2022,30804.703,7500855.0,100560480.2308451,9.10438,3390913.0,13.661465
Uruguay,URY,2023,31059.254,7626940.0,100560480.2308451,5.8691034,3388083.0,349.90042
Uruguay,URY,2024,32038.773,7973270.0,100560480.2308451,4.8491435,117476892.9578252,37.43853
Uzbekistan,UZB,2014,7145.11,107495624.0,21693656.0,9.283093,30222994.0,82.26766
Uzbekistan,UZB,2015,7529.7637,103373576.0,22387420.0,8.751882,30749349.0,172872.32086679022
Uzbekistan,UZB,2016,7839.978,109837336.0,23096548.0,8.130887,31284565.0,172872.32086679022
Uzbekistan,UZB,2017,8047.0537,108882870.0,23811328.0,13.875743,31819172.0,172872.32086679022
Uzbekistan,UZB,2018,8348.961,102330270.0,24551908.0,17.52418,32373489.0,172872.32086679022
Uzbekistan,UZB,2019,8755.126,107947210.0,25317908.0,14.525736,32964700.0,172872.32086679022
Uzbekistan,UZB,2020,8727.411,108138824.0,26079874.0,12.86773,33586373.0,172872.32086679022
Uzbekistan,UZB,2021,9247.644,123161640.0,26860476.0,10.849239,34243696.0,172872.32086679022
Uzbekistan,UZB,2022,9607.562,119105480.0,27648552.0,11.446644,34938953.0,5.539295
Uzbekistan,UZB,2023,10007.686,122872020.0,100560480.2308451,9.956591,35652311.0,172872.32086679022
Uzbekistan,UZB,2024,10450.205,139234180.0,100560480.2308451,9.628255,117476892.9578252,2.0250864
Vanuatu,VUT,2014,3302.2917,157552.0,100560480.2308451,0.7988638,260247.0,19.84283
Vanuatu,VUT,2015,3357.639,131904.0,100560480.2308451,2.4832687,266115.0,191.14119
Vanuatu,VUT,2016,3397.7673,150224.0,100560480.2308451,0.8420691,272097.0,396.1413
Vanuatu,VUT,2017,3465.9197,139232.0,100560480.2308451,3.0845263,278518.0,87.69552
Vanuatu,VUT,2018,3482.0227,175872.0,100560480.2308451,2.3309639,285273.0,11.821959
Vanuatu,VUT,2019,3512.072,164880.0,100560480.2308451,2.76252,291995.0,8.10108
Vanuatu,VUT,2020,3259.9954,205184.0,100560480.2308451,5.329351,298867.0,0.07342548
Vanuatu,VUT,2021,3135.8367,216176.0,100560480.2308451,2.3432837,305882.0,0.8061611
Vanuatu,VUT,2022,3222.836,189353.0,100560480.2308451,6.679306,313061.0,172872.32086679022
Vanuatu,VUT,2023,3118.396,188458.0,100560480.2308451,11.182502,320422.0,26.582167
Venezuela,VEN,2014,24608.759996487803,175991600.0,100560480.2308451,62.16865,30254080.0,3169.6963
Venezuela,VEN,2015,24608.759996487803,166328370.0,100560480.2308451,121.73808,30573968.0,3121.0608
Venezuela,VEN,2016,24608.759996487803,152733440.0,100560480.2308451,254.94853,30765719.0,82820.195
Vietnam,VNM,2014,8751.883,180047520.0,48791730.0,4.0845547,91679582.0,90.113945
Vietnam,VNM,2015,9248.024,213391310.0,49810480.0,0.6312009,92823254.0,104.288925
Vietnam,VNM,2016,9743.188,221027000.0,50826120.0,2.6682482,94000115.0,2092.9255
Vietnam,VNM,2017,10290.549,227694370.0,51832388.0,3.520257,95176978.0,196.83606
Vietnam,VNM,2018,10936.894,255468420.0,52830840.0,3.539628,96237319.0,323.86322
Vietnam,VNM,2019,11628.614,339312350.0,53824516.0,2.7958236,97173778.0,162.8133
Vietnam,VNM,2020,11851.396,362598880.0,54829136.0,3.2209344,98079196.0,160.70512
Vietnam,VNM,2021,12048.902,314196600.0,55808230.0,1.8347156,98935101.0,119.585724
Vietnam,VNM,2022,12979.764,322653150.0,56733750.0,3.1565075,99680656.0,115.77232
Vietnam,VNM,2023,13545.935,347398800.0,100560480.2308451,3.2528927,100352189.0,157.42644
Vietnam,VNM,2024,14415.216,370931330.0,100560480.2308451,3.6210928,117476892.9578252,835.53485
World,OWID_WRL,2014,17379.877,35465695000.0,5018414600.0,2.3544905,7381616239.0,6445221.5
World,OWID_WRL,2015,17746.664,35403526000.0,5128577500.0,1.4438572,7470491876.0,5270720.5
World,OWID_WRL,2016,18110.506,35392830000.0,5238561000.0,1.6055392,7558554527.0,9061417.0
World,OWID_WRL,2017,18588.984,35974610000.0,5348669000.0,2.2542765,7645617952.0,7645898.0
World,OWID_WRL,2018,19062.96,36734005000.0,5457234400.0,2.4425833,7729902779.0,6351051.5
World,OWID_WRL,2019,19424.516,37086570000.0,5563949000.0,2.206073,7811293699.0,7405245.5
World,OWID_WRL,2020,18698.06,35158230000.0,5665250000.0,1.9056636,7887001289.0,9107600.0
World,OWID_WRL,2021,19751.975,36866863000.0,5733459000.0,3.4754033,7954448387.0,9258703.0
World,OWID_WRL,2022,20281.531,37527773000.0,5815890000.0,7.922049,8021407196.0,6726551.0
World,OWID_WRL,2023,20785.27,38094040000.0,100560480.2308451,5.870103,8091734933.0,11954474.0
World,OWID_WRL,2024,21267.674,38598580000.0,100560480.2308451,3.0144758,117476892.9578252,13877225.0
Zambia,ZMB,2014,3585.5774,5283261.0,100560480.2308451,7.8068757,15895320.0,2209.507
Zambia,ZMB,2015,3576.9255,5522488.0,100560480.2308451,10.110593,16399092.0,3813.2573
Zambia,ZMB,2016,3598.1716,5977866.0,100560480.2308451,17.86973,16914428.0,9025.768
Zambia,ZMB,2017,3612.5059,7458888.0,100560480.2308451,6.5773115,17441328.0,756.06866
Zambia,ZMB,2018,3646.9597,8657801.0,100560480.2308451,7.494572,17973574.0,286.17682
Zambia,ZMB,2019,3591.5642,8846335.0,100560480.2308451,9.150316,18513839.0,1633.6459
Zambia,ZMB,2020,3391.5955,9990585.0,100560480.2308451,15.733061,19059394.0,445.39374
Zambia,ZMB,2021,3503.035,9349845.0,100560480.2308451,22.020767,19603610.0,1841.8661
Zambia,ZMB,2022,3585.1238,10938910.0,100560480.2308451,10.993204,20152935.0,1205.5848
Zambia,ZMB,2023,3673.4841,11830727.0,100560480.2308451,10.884532,20723967.0,1063.4783
Zambia,ZMB,2024,3716.0374,12043299.0,100560480.2308451,14.985626,117476892.9578252,3222.9167
Zimbabwe,ZWE,2014,3352.3813,11946148.0,3800822.8,-0.19778481,14207367.0,55.03183
Zimbabwe,ZWE,2015,3366.6338,12016794.0,3858185.0,-2.4309685,14399008.0,190.50203
Zimbabwe,ZWE,2016,3345.315,10588242.0,3915881.2,-1.5436696,14600297.0,284.86838
Zimbabwe,ZWE,2017,3453.5059,9830570.0,3974623.0,0.8939623,14812484.0,1409.6913
Zimbabwe,ZWE,2018,3572.9814,11209238.0,4035180.0,10.618866,15034457.0,134.89117
Zimbabwe,ZWE,2019,3294.804,10266795.0,4097220.2,255.305,15271377.0,579.14575
Zimbabwe,ZWE,2020,2987.2683,8490839.0,4164033.0,557.20184,15526887.0,128.51866
Zimbabwe,ZWE,2021,3184.7847,10222778.0,4234604.5,98.546104,15797220.0,89.734535
Zimbabwe,ZWE,2022,3323.1184,12231845.0,4327623.5,104.70517,16069061.0,272.28394
Zimbabwe,ZWE,2023,3442.2488,13443295.0,100560480.2308451,6.6403600005775285,16340829.0,143.11354
